entity,node_type,recon_error,gnn_score,risk_score,enhanced_risk,rank
MIAMI-LUKEN INC,distributor,0.00059766456,0.04063465,0.9815177944994624,0.6051645373670254,1
KEYSOURCE MEDICAL INC,distributor,5.604422e-05,0.0038080185,0.9290782785255542,0.5589701745227772,2
PENN PHARMACEUTICAL SERVICES INC,distributor,5.6576257e-05,0.0038441927,0.9287405646568108,0.5587820159275423,3
BELLCO DRUG CORP,distributor,0.00010885008,0.00739847,0.9237851193404242,0.5572304596796509,4
AMERISOURCEBERGEN DRUG CORP,distributor,7.559044e-06,0.00051134534,0.9193431208905888,0.551810410675032,5
MCKESSON CORPORATION,distributor,4.4235967e-06,0.00029815527,0.9166812003710731,0.550127982328371,6
HENRY SCHEIN INC,distributor,5.393314e-06,0.00036408938,0.9162402269063166,0.5498897719005703,7
HD SMITH WHOLESALE DRUG CO,distributor,1.3469382e-05,0.00091320847,0.9135902102410628,0.548519409543061,8
BURLINGTON DRUG COMPANY INC,distributor,8.6404634e-07,5.6127756e-05,0.9141295075253126,0.5485001556174555,9
MORRIS & DICKSON CO LLC,distributor,2.3395182e-06,0.00015645045,0.9119989496992512,0.5472619500035723,10
DAKOTA DRUG INC,distributor,1.3494157e-05,0.0009148929,0.908477309707498,0.5454523429765972,11
ANDA INC,distributor,3.3404242e-06,0.00022450637,0.908224442459744,0.545024468022273,12
KINRAY LLC,distributor,3.23373e-06,0.0002172522,0.9069856822982963,0.544278310266232,13
GULF COAST MEDICAL SUPPLY,distributor,1.4546058e-05,0.0009864153,0.905069859079606,0.5434364815778895,14
PRESCRIPTION SUPPLY INC,distributor,2.4530204e-05,0.0016652715,0.9029468021135504,0.5424341898908116,15
CARDINAL HEALTH INC,distributor,3.7011185e-05,0.0025138976,0.9011688783122442,0.5417068860992919,16
DIRECT RX,distributor,3.584082e-05,0.0024343194,0.8979032533813451,0.5397156797575129,17
SMITH DRUG COMPANY,distributor,4.124408e-05,0.0028017068,0.8966035089400168,0.5390827880533714,18
VALUEDRUGCO,distributor,4.705001e-05,0.0031964716,0.8940557145698755,0.5377120174066433,19
NATIONAL WHOLESALE DRUG CO INC,distributor,5.3627737e-05,0.0036437137,0.8908041638013907,0.5359399837675877,20
TUG VALLEY PHARMACY #1 (WV),retailer,0.014707339,1.0,0.1825530251157894,0.5095318210299381,21
MAIN STREET PHARMACY #1903 (WA),retailer,0.0069819726,0.47472575,0.2175715395618369,0.32043323390536843,22
COMMUNITY PHARMACY #2490 (KY),retailer,0.0011046159,0.07510401,0.3841322764056568,0.2605209710775402,23
RITE AID #9223 (WV),retailer,0.0009736615,0.06619997,0.3830433232389277,0.25630598323359405,24
WALMART PHARMACY #6240 (NC),retailer,0.0009280749,0.06310039,0.3816678586589743,0.2542408719949394,25
FAMILY CARE PHARMACY #6977 (NC),retailer,0.00089984125,0.061180685,0.3827239464463096,0.2541066417539895,26
MAIN STREET PHARMACY #8342 (MI),retailer,0.0008135009,0.055310104,0.3818384664611123,0.2512271226111711,27
PEOPLES PHARMACY #2912 (WV),retailer,0.00079720945,0.054202393,0.3817655502422809,0.25074028685177324,28
HARRIS TEETER PHARMACY #9862 (LA),retailer,0.00096346886,0.06550694,0.3728825753943156,0.24993232263720216,29
HARRIS TEETER PHARMACY #6063 (NC),retailer,0.0007109093,0.04833455,0.3812486618646531,0.24808301790884427,30
PEOPLES PHARMACY #6594 (KY),retailer,0.0006463074,0.04394205,0.3809090772890298,0.24612226565916825,31
MAIN STREET PHARMACY #2094 (KY),retailer,0.00064358825,0.04375716,0.3807517484760652,0.24595391390838442,32
HOMETOWN PHARMACY #8919 (KY),retailer,0.0006360846,0.043246962,0.3806797826234217,0.245706655543668,33
CVS PHARMACY #5523 (NC),retailer,0.0006189136,0.04207945,0.3807785907737003,0.24529893431672967,34
FAMILY CARE PHARMACY #4130 (TN),retailer,0.00078456633,0.05334275,0.3729882796552965,0.2451300671665185,35
WALGREENS #4349 (IN),retailer,0.00074832386,0.050878495,0.3730557303724148,0.24418483695968735,36
WINN-DIXIE PHARMACY #1222 (LA),retailer,0.00073925673,0.05026199,0.3730556744548733,0.24393820036727518,37
MAIN STREET PHARMACY #1667 (MI),retailer,0.00056577724,0.03846652,0.3802819526745881,0.24355578003400594,38
HOMETOWN PHARMACY #8469 (NC),retailer,0.00054795935,0.037255023,0.3802928991089588,0.2430777490940884,39
HARRIS TEETER PHARMACY #9396 (VA),retailer,0.0009811184,0.066707,0.3577188851041487,0.24131413074451033,40
WINN-DIXIE PHARMACY #2041 (MI),retailer,0.00063362723,0.043079875,0.3731055415032793,0.24109527543833784,41
PEOPLES PHARMACY #9504 (KY),retailer,0.00047777296,0.032482807,0.3794538268459426,0.2406654185585729,42
HOMETOWN PHARMACY #3315 (LA),retailer,0.0005962368,0.04053757,0.3731468889318042,0.24010316160035924,43
CORNER DRUG STORE #2273 (LA),retailer,0.0005794068,0.039393242,0.3731787984708724,0.23966457717953785,44
MEDICO PHARMACY #4938 (TN),retailer,0.00044442023,0.030215042,0.379183961664541,0.2395963940560242,45
QUALITY CARE PHARMACY #6847 (WV),retailer,0.0004248992,0.028887738,0.379295441473678,0.23913236008742764,46
WALGREENS #8038 (IN),retailer,0.0010384934,0.07060812,0.3498154767052434,0.23813253344274174,47
VILLAGE PHARMACY #4915 (OH),retailer,0.00050803425,0.034540378,0.3732776853002141,0.237782762016775,48
MEDICO PHARMACY #4307 (LA),retailer,0.00084923086,0.05773951,0.3577959272120367,0.23777336152517617,49
CVS PHARMACY #5105 (TN),retailer,0.0006939104,0.04717874,0.3645982399914808,0.23763044135774056,50
FAMILY CARE PHARMACY #7438 (PA),retailer,0.000497779,0.03384309,0.3732690385904604,0.2374986587123092,51
SUNRISE PHARMACY #7702 (NC),retailer,0.0003637204,0.024727983,0.3789974576985191,0.2372896679792017,52
WALMART PHARMACY #5079 (LA),retailer,0.0004824546,0.03280113,0.3731630394450453,0.2370182756091134,53
PUBLIX PHARMACY #6736 (TN),retailer,0.00035450043,0.024101082,0.3787248801518891,0.23687536098536333,54
PEOPLES PHARMACY #2660 (NC),retailer,0.0003583394,0.02436211,0.3783562248606694,0.23675857931579422,55
GOOD NEIGHBOR PHARMACY #6129 (NC),retailer,0.00033989316,0.023107886,0.3785954849386869,0.236400445861498,56
HARRIS TEETER PHARMACY #6758 (NC),retailer,0.00031565785,0.021460043,0.3782560743769992,0.2355376624915593,57
GOOD NEIGHBOR PHARMACY #8896 (PA),retailer,0.0006231923,0.04237037,0.364295624858223,0.2355255235231415,58
MAIN STREET PHARMACY #7456 (MI),retailer,0.00031267453,0.021257196,0.3783309880965709,0.23550147110663408,59
RITE AID #1243 (IN),retailer,0.00041942505,0.028515533,0.3733719846468208,0.23542940383321273,60
CVS PHARMACY #6803 (KY),retailer,0.00030328208,0.020618573,0.3783923277513031,0.23528282615577242,61
HEALTH MART PHARMACY #7087 (VA),retailer,0.00040469665,0.027514096,0.3733684324065937,0.23502669854254085,62
SUNRISE PHARMACY #1684 (LA),retailer,0.0004009401,0.027258676,0.3733650636422103,0.23492250840350778,63
WALGREENS #3635 (NC),retailer,0.00028904894,0.019650811,0.3782676109600771,0.23482089092157532,64
HOMETOWN PHARMACY #6513 (WV),retailer,0.00028488008,0.019367356,0.3781874112810726,0.2346593891099712,65
KROGER PHARMACY #2636 (VA),retailer,0.0007117371,0.048390836,0.3578748929582542,0.2340812703569237,66
COMMUNITY PHARMACY #5731 (WV),retailer,0.00025756337,0.017509999,0.3780010439235958,0.23380462613502098,67
KROGER PHARMACY #8019 (KY),retailer,0.00035331328,0.024020366,0.3734745221123778,0.23369286000196238,68
HOMETOWN PHARMACY #2097 (OH),retailer,0.00035224244,0.023947556,0.3734667110782971,0.23365904906196058,69
MAIN STREET PHARMACY #4010 (LA),retailer,0.00033829824,0.022999441,0.3734837818570229,0.23329004580094173,70
HEALTH MART PHARMACY #4784 (TX),retailer,0.003908085,0.26572156,0.2112886864927697,0.2330618386857085,71
COMMUNITY PHARMACY #7241 (LA),retailer,0.0003279526,0.022296008,0.3735081665921966,0.23302330360315798,72
COMMUNITY PHARMACY #6858 (LA),retailer,0.0003266558,0.022207832,0.3734984592018099,0.23298220812038012,73
HARRIS TEETER PHARMACY #3473 (WV),retailer,0.00023005564,0.015639653,0.3777578687594082,0.2329105826274005,74
PEOPLES PHARMACY #4297 (TN),retailer,0.00022829455,0.015519911,0.3777521491334094,0.2328592543287726,75
CVS PHARMACY #3187 (KY),retailer,0.00022461089,0.015269448,0.3776872702839275,0.23272014139010308,76
SUNRISE PHARMACY #2784 (IN),retailer,0.00022091423,0.015018098,0.3777434401488163,0.2326533033118163,77
COMMUNITY PHARMACY #8220 (VA),retailer,0.00065808784,0.04474304,0.3579138965637374,0.23264555454140234,78
SUNRISE PHARMACY #7243 (WV),retailer,0.00022103886,0.015026572,0.3776598961937251,0.2326065664872719,79
CVS PHARMACY #7538 (LA),retailer,0.000992677,0.06749291,0.3425821925553782,0.23254647942501921,80
VILLAGE PHARMACY #1037 (MI),retailer,0.0008538829,0.05805582,0.3487310707287183,0.23246097153223697,81
WALMART PHARMACY #1339 (NC),retailer,0.00020991825,0.0142704435,0.3776752468071812,0.2323133256582876,82
GOOD NEIGHBOR PHARMACY #6272 (NC),retailer,0.00020718294,0.01408446,0.377642031262851,0.2322190027500905,83
PUBLIX PHARMACY #1697 (MI),retailer,0.00020346584,0.013831723,0.3776407121898471,0.23211711624081366,84
CORNER DRUG STORE #4406 (KY),retailer,0.00020300782,0.01380058,0.3775696783215921,0.23206203901476388,85
WINN-DIXIE PHARMACY #2880 (MI),retailer,0.00019637356,0.013349492,0.3778381946316358,0.2320427138995228,86
VILLAGE PHARMACY #9397 (NC),retailer,0.00020830728,0.014160908,0.3772081003910403,0.231989223272419,87
CORNER DRUG STORE #1473 (PA),retailer,0.00020273612,0.013782105,0.377427399311393,0.23196928202967615,88
WINN-DIXIE PHARMACY #4694 (OH),retailer,0.00051261333,0.034851726,0.3632578759357563,0.23189541657806823,89
WALGREENS #6014 (MI),retailer,0.00019155609,0.013021937,0.3775299372747273,0.23172673730029048,90
RITE AID #3418 (WV),retailer,0.00018807048,0.012784939,0.3776299338804251,0.23169193593883908,91
HOMETOWN PHARMACY #6387 (NC),retailer,0.0001884855,0.012813157,0.3775104934216348,0.23163155929316923,92
MEDICO PHARMACY #9378 (TN),retailer,0.00018764628,0.012756094,0.3774465608320123,0.23157037442007575,93
MAIN STREET PHARMACY #8902 (TN),retailer,0.0001773621,0.01205684,0.3774695440341089,0.2313044625608059,94
KROGER PHARMACY #5322 (OH),retailer,0.00017515129,0.011906519,0.3773329525923726,0.2311623791820405,95
VILLAGE PHARMACY #7334 (PA),retailer,0.0006011635,0.040872555,0.3579701963116144,0.23113114099499077,96
MAIN STREET PHARMACY #1358 (IN),retailer,0.00018617592,0.012656121,0.3766786004959074,0.2310696086240427,97
HEALTH MART PHARMACY #4585 (MI),retailer,0.00025125974,0.017081393,0.3736282425626156,0.2310095028022848,98
PUBLIX PHARMACY #2055 (NC),retailer,0.00016555296,0.011253895,0.3773579278579462,0.23091631508938124,99
GOOD NEIGHBOR PHARMACY #2494 (WV),retailer,0.0001594579,0.01083947,0.3772013423331027,0.23065659347846773,100
HEALTH MART PHARMACY #4409 (OH),retailer,0.00023453143,0.01594398,0.3736759065898329,0.2305831361710769,101
MAIN STREET PHARMACY #9550 (WV),retailer,0.00015507442,0.010541422,0.3772211056169273,0.23054923238032468,102
MEDICO PHARMACY #6767 (NC),retailer,0.00015570247,0.010584126,0.377161464288897,0.23053052897084753,103
HARRIS TEETER PHARMACY #1096 (WV),retailer,0.00015535427,0.01056045,0.3771610978329065,0.23052083894365327,104
PUBLIX PHARMACY #2769 (WV),retailer,0.00014733958,0.010015505,0.3770139714725558,0.2302145852162089,105
WALGREENS #3100 (IN),retailer,0.00013947996,0.009481102,0.3773336978925082,0.23019265971990305,106
HOMETOWN PHARMACY #7685 (TN),retailer,0.00021090604,0.014337608,0.3736834999964217,0.22994514296848056,107
MEDICO PHARMACY #9453 (TN),retailer,0.00055570144,0.037781436,0.3579855924164509,0.2299039296621236,108
WALGREENS #7900 (VA),retailer,0.0005520574,0.037533663,0.358019765016127,0.2298253246675064,109
SUNRISE PHARMACY #9094 (PA),retailer,0.00013790057,0.009373714,0.3767120754962494,0.22977673112386943,110
HOMETOWN PHARMACY #4342 (MI),retailer,0.00043491245,0.029568575,0.3630672017128659,0.22966775171556428,111
HOMETOWN PHARMACY #4939 (MI),retailer,0.00019263754,0.013095469,0.3738021130789825,0.2295194558123951,112
WALMART PHARMACY #1108 (WV),retailer,0.00012536958,0.008521689,0.3768476636556063,0.2295172739738836,113
WALMART PHARMACY #9312 (PA),retailer,0.00074549374,0.05068606,0.3487077899803329,0.22949909891364625,114
SUNRISE PHARMACY #8440 (TN),retailer,0.00019040983,0.012944,0.3737964468670921,0.22945546796384672,115
WINN-DIXIE PHARMACY #2902 (IN),retailer,0.0001899976,0.01291597,0.3737872317908844,0.2294387271913076,116
WALMART PHARMACY #9405 (VA),retailer,0.0005317736,0.036154497,0.3580072879665908,0.22926617230467897,117
SUNRISE PHARMACY #8999 (NC),retailer,0.00011266825,0.007658081,0.3768350638661503,0.22916427072480136,118
MAIN STREET PHARMACY #7935 (KY),retailer,0.000111104084,0.0075517283,0.3764924451393659,0.22891615853616745,119
QUALITY CARE PHARMACY #3338 (WV),retailer,0.000102715676,0.0069813724,0.3768421647929298,0.22889784796249252,120
HOMETOWN PHARMACY #8707 (WV),retailer,9.165787e-05,0.006229513,0.3766377225520781,0.22847443876803347,121
HOMETOWN PHARMACY #5569 (NC),retailer,9.3806026e-05,0.006375574,0.3765079453473137,0.22845499687141751,122
SUNRISE PHARMACY #1937 (TN),retailer,9.4032715e-05,0.0063909874,0.3764818122707121,0.2284454823809005,123
QUALITY CARE PHARMACY #6507 (NC),retailer,8.812236e-05,0.005989121,0.3766163555682869,0.22836546161740545,124
CVS PHARMACY #6466 (KY),retailer,9.396645e-05,0.006386482,0.3763483677718448,0.22836361357239826,125
FAMILY CARE PHARMACY #2595 (OH),retailer,0.00039274534,0.026701488,0.3627781085876188,0.22834746056542163,126
KROGER PHARMACY #4300 (VA),retailer,0.0003874693,0.026342751,0.3630033302876234,0.22833909912841796,127
GOOD NEIGHBOR PHARMACY #5339 (PA),retailer,8.769638e-05,0.005960159,0.3765496497862409,0.22831385342667224,128
CORNER DRUG STORE #6200 (PA),retailer,8.283841e-05,0.0056298478,0.3767192042160209,0.22828346167918598,129
QUALITY CARE PHARMACY #3729 (OH),retailer,0.00014073016,0.009566107,0.3739792247980251,0.22821397775192045,130
PEOPLES PHARMACY #8170 (VA),retailer,0.00013784847,0.009370172,0.3740511514031264,0.22817875989352898,131
MAIN STREET PHARMACY #2256 (IN),retailer,0.00038354573,0.026075974,0.362693056882866,0.2280462241449641,132
HEALTH MART PHARMACY #9547 (VA),retailer,0.00013216112,0.008983469,0.3740144580909154,0.22800206240242962,133
COMMUNITY PHARMACY #3782 (NC),retailer,7.889506e-05,0.0053617256,0.3764040859703577,0.22798714195240177,134
HARRIS TEETER PHARMACY #7528 (IN),retailer,7.8732264e-05,0.005350657,0.3763617950493033,0.2279573398922494,135
WINN-DIXIE PHARMACY #1883 (IN),retailer,0.00013008402,0.008842239,0.3740007873892735,0.22793736804954412,136
MAIN STREET PHARMACY #4930 (VA),retailer,7.471379e-05,0.005077426,0.376371841999766,0.22785407549575074,137
WALGREENS #4642 (PA),retailer,6.8512556e-05,0.004655785,0.3766141620964023,0.22783081120548174,138
MEDICO PHARMACY #9532 (OH),retailer,0.00047577024,0.032346636,0.3580746412848692,0.2277834397524751,139
CORNER DRUG STORE #1213 (TN),retailer,7.384353e-05,0.005018254,0.3762550478687941,0.22776033038525634,140
PUBLIX PHARMACY #2234 (VA),retailer,6.491396e-05,0.0044111027,0.3765068868852699,0.22766857327302062,141
MAIN STREET PHARMACY #4501 (WV),retailer,6.390117e-05,0.0043422407,0.3763513913172329,0.2275477311357316,142
HOMETOWN PHARMACY #3746 (TN),retailer,0.000113231144,0.007696354,0.3740402631280017,0.22750269936239373,143
VILLAGE PHARMACY #8857 (VA),retailer,0.00011075272,0.007527838,0.3740386349370482,0.22743431611383869,144
MEDICO PHARMACY #1621 (MI),retailer,6.113337e-05,0.004154046,0.3762222130637366,0.22739494631125023,145
HEALTH MART PHARMACY #5181 (MI),retailer,9.995817e-05,0.006793879,0.3740612205788319,0.22715428388974515,146
QUALITY CARE PHARMACY #3905 (TN),retailer,5.3728138e-05,0.003650541,0.3761500809655492,0.2271502649367022,147
COMMUNITY PHARMACY #9436 (WV),retailer,5.2685846e-05,0.003579671,0.3761759329308047,0.2271374281700834,148
CORNER DRUG STORE #1453 (OH),retailer,9.493753e-05,0.006452509,0.3741693158283873,0.227082593317556,149
MAIN STREET PHARMACY #8777 (MI),retailer,8.899524e-05,0.006048471,0.3741353671882959,0.22690060893316039,150
GOOD NEIGHBOR PHARMACY #3282 (LA),retailer,8.63233e-05,0.005866797,0.3742309448156805,0.22688528580607778,151
RITE AID #3349 (TN),retailer,0.00034153604,0.02321959,0.3625258168257006,0.226803326125546,152
CVS PHARMACY #6838 (TN),retailer,4.0572377e-05,0.0027560345,0.3761346478355942,0.2267832025670941,153
HOMETOWN PHARMACY #3804 (KY),retailer,4.354932e-05,0.0029584467,0.3759775600250409,0.22676991475803232,154
HEALTH MART PHARMACY #6078 (KY),retailer,3.8191378e-05,0.0025941434,0.3760289010645831,0.22665499801605993,155
RITE AID #1901 (TN),retailer,7.41245e-05,0.0050373594,0.3742291291990372,0.22655242138361886,156
FAMILY CARE PHARMACY #1847 (OH),retailer,7.157143e-05,0.004863767,0.3742279027887045,0.22648224845456233,157
FAMILY CARE PHARMACY #3467 (KY),retailer,6.776229e-05,0.00460477,0.3742767499217707,0.226407957924601,158
WALMART PHARMACY #8931 (VA),retailer,3.2299275e-05,0.0021935191,0.375839354209116,0.22638102019595632,159
VILLAGE PHARMACY #4294 (PA),retailer,6.736536e-05,0.004577782,0.3742285256744462,0.22636822818341332,160
CORNER DRUG STORE #4739 (MI),retailer,0.00042179966,0.02867699,0.3581141338954333,0.2263392768776395,161
PEOPLES PHARMACY #4809 (WV),retailer,2.8652894e-05,0.001945588,0.3759121000582134,0.2263254952389802,162
CORNER DRUG STORE #6232 (MI),retailer,2.8160499e-05,0.0019121079,0.3759097962266565,0.22631072092887672,163
HEALTH MART PHARMACY #7378 (OH),retailer,0.0004196947,0.028533867,0.3581326752086647,0.22629315233559416,164
WALMART PHARMACY #7653 (PA),retailer,6.086604e-05,0.00413587,0.3742749058472956,0.22621929149529157,165
HEALTH MART PHARMACY #5260 (PA),retailer,2.6524542e-05,0.0018008738,0.3757950961219526,0.22619740722109044,166
PUBLIX PHARMACY #8653 (MI),retailer,5.8483467e-05,0.003973872,0.3742829607165778,0.22615932520401025,167
MEDICO PHARMACY #8538 (LA),retailer,0.00041154516,0.027979752,0.3581719375435402,0.22609506334566415,168
HARRIS TEETER PHARMACY #6061 (MI),retailer,5.097802e-05,0.0034635488,0.374452839264157,0.2260571230715931,169
HOMETOWN PHARMACY #8152 (WV),retailer,5.4369968e-05,0.003694181,0.3742870683473629,0.22604991349405243,170
COMMUNITY PHARMACY #4205 (PA),retailer,5.4575554e-05,0.0037081589,0.3742540742639484,0.2260357081226651,171
CORNER DRUG STORE #2236 (KY),retailer,2.1027652e-05,0.0014271223,0.3757545620264949,0.226023586149318,172
GOOD NEIGHBOR PHARMACY #9442 (VA),retailer,5.141727e-05,0.003493416,0.3743463941611435,0.22600520289935686,173
KROGER PHARMACY #3100 (MI),retailer,1.7326709e-05,0.0011754815,0.375885312256587,0.2260013799621429,174
HOMETOWN PHARMACY #4482 (KY),retailer,2.0702586e-05,0.0014050178,0.3757264847262056,0.225997897967244,175
QUALITY CARE PHARMACY #4985 (TN),retailer,1.9543246e-05,0.0013261924,0.3756736962644125,0.2259346947315739,176
MEDICO PHARMACY #5392 (NC),retailer,1.8554729e-05,0.0012589786,0.3757171382079203,0.22593387436117926,177
HOMETOWN PHARMACY #6061 (MI),retailer,4.5822217e-05,0.0031129883,0.3744722941687184,0.22592857189654425,178
COMMUNITY PHARMACY #2313 (LA),retailer,4.832658e-05,0.00328327,0.3743406866644749,0.22591772001973862,179
WALGREENS #7469 (WV),retailer,4.681456e-05,0.0031804626,0.3743385722203411,0.22587532845573022,180
FAMILY CARE PHARMACY #2731 (OH),retailer,1.851691e-05,0.0012564078,0.375616680609354,0.22587257150550177,181
HOMETOWN PHARMACY #2172 (WV),retailer,1.7489883e-05,0.0011865768,0.3756624302437854,0.22587208885577592,182
PEOPLES PHARMACY #8476 (PA),retailer,4.351037e-05,0.0029557992,0.3744222083504391,0.22583564472308856,183
PEOPLES PHARMACY #2021 (TN),retailer,1.4031096e-05,0.0009514009,0.3757046730552655,0.22580336421053918,184
WALMART PHARMACY #2083 (MI),retailer,3.803161e-05,0.0025832783,0.3745806507971736,0.22578170183881982,185
MAIN STREET PHARMACY #4198 (PA),retailer,4.188783e-05,0.002845477,0.3743714815026702,0.22576107975687423,186
QUALITY CARE PHARMACY #3071 (KY),retailer,1.3298436e-05,0.00090158504,0.3756195100774651,0.2257323400788831,187
HARRIS TEETER PHARMACY #7348 (TN),retailer,4.5321194e-05,0.003078922,0.3741644360878512,0.22573023040177345,188
VILLAGE PHARMACY #2822 (WV),retailer,1.39057365e-05,0.00094287645,0.3755880893468076,0.22573000418068812,189
WALGREENS #6656 (TN),retailer,1.3091056e-05,0.0008874839,0.3755434634041669,0.2256810716070425,190
PUBLIX PHARMACY #1973 (TN),retailer,3.361997e-05,0.0022833154,0.3745927733527485,0.225668990174494,191
KROGER PHARMACY #1497 (PA),retailer,1.1866351e-05,0.00080421474,0.3755460469223151,0.225649314042892,192
GOOD NEIGHBOR PHARMACY #7697 (PA),retailer,3.491254e-05,0.0023712039,0.3744650572636892,0.22562751591098204,193
SUNRISE PHARMACY #2009 (VA),retailer,3.3062497e-05,0.0022454127,0.3745146921612758,0.22560698040121055,194
GOOD NEIGHBOR PHARMACY #4375 (OH),retailer,1.1015915e-05,0.0007463886,0.3755095485813848,0.2256042845944554,195
WINN-DIXIE PHARMACY #5889 (PA),retailer,3.2467182e-05,0.0022049344,0.3745304768990916,0.225600259909902,196
MEDICO PHARMACY #1464 (KY),retailer,3.2624877e-05,0.0022156562,0.374477601552667,0.22557282344250337,197
WALGREENS #4408 (TN),retailer,2.8544275e-05,0.0019382024,0.3746368461527769,0.225557388682304,198
SUNRISE PHARMACY #2882 (KY),retailer,8.711291e-06,0.00058968924,0.3755346004434421,0.22555663597074024,199
PEOPLES PHARMACY #6564 (IN),retailer,8.211056e-06,0.0005556776,0.3754567433675584,0.2254963170523515,200
PUBLIX PHARMACY #7101 (VA),retailer,6.3530083e-06,0.00042934183,0.3755335374813816,0.22549185923015103,201
RITE AID #8791 (VA),retailer,2.6357693e-05,0.0017895296,0.3745630787737731,0.2254536591175609,202
CVS PHARMACY #2504 (VA),retailer,0.00029904983,0.020330807,0.362187376864225,0.22544474880991597,203
WINN-DIXIE PHARMACY #3112 (LA),retailer,5.591672e-06,0.00037757633,0.3754819364216721,0.22544019238310858,204
CVS PHARMACY #6755 (TN),retailer,7.1139575e-06,0.00048108175,0.3754117256293597,0.22543946808560633,205
KROGER PHARMACY #2038 (MI),retailer,6.0263897e-06,0.0004071327,0.37544158003749,0.22542780111060748,206
COMMUNITY PHARMACY #9334 (IN),retailer,5.9167855e-06,0.00039968078,0.3753892098418439,0.22539339822256016,207
MAIN STREET PHARMACY #2855 (IN),retailer,3.905857e-06,0.00026295008,0.3754697121992559,0.2253870073550152,208
WINN-DIXIE PHARMACY #9193 (KY),retailer,4.9486566e-06,0.00033385603,0.3753679824501694,0.22535433188683532,209
HEALTH MART PHARMACY #8974 (OH),retailer,0.00038370257,0.026086638,0.358187517165171,0.22534716577173883,210
KROGER PHARMACY #2900 (MI),retailer,1.8335615e-05,0.0012440819,0.3747372610068737,0.22533998938051125,211
MEDICO PHARMACY #5822 (TN),retailer,1.9903255e-05,0.0013506699,0.3746287425667821,0.2253175135072226,212
FAMILY CARE PHARMACY #9932 (MI),retailer,2.1529831e-05,0.0014612665,0.3745501984360846,0.2253146256660056,213
HEALTH MART PHARMACY #5593 (KY),retailer,3.5029939e-06,0.00023555975,0.3753413898089071,0.22529905779110643,214
CVS PHARMACY #9326 (KY),retailer,3.864373e-06,0.00026013033,0.3753077733760347,0.22528871615668505,215
GOOD NEIGHBOR PHARMACY #5677 (LA),retailer,2.6576623e-05,0.0018044148,0.3742651292584546,0.22528084347000465,216
VILLAGE PHARMACY #3873 (PA),retailer,4.701338e-06,0.0003170398,0.3752489069870254,0.22527616011710183,217
WALGREENS #8595 (PA),retailer,1.4936413e-05,0.0010129565,0.3747663940663144,0.2252650190360847,218
HOMETOWN PHARMACY #2766 (WV),retailer,3.329937e-06,0.00022379444,0.3752896495350288,0.2252633075010148,219
FAMILY CARE PHARMACY #2951 (LA),retailer,1.4628868e-05,0.0009920455,0.3747501421734386,0.22524690351769364,220
VILLAGE PHARMACY #9720 (VA),retailer,2.7179838e-06,0.00018218429,0.375265358888543,0.22523208904721473,221
MEDICO PHARMACY #2927 (MI),retailer,3.1651361e-06,0.0002125875,0.3752095941892257,0.2252107915178392,222
HARRIS TEETER PHARMACY #7234 (WV),retailer,2.645542e-06,0.000177259,0.3752243484218769,0.22520551265617186,223
SUNRISE PHARMACY #6542 (PA),retailer,0.00037872433,0.025748152,0.3581752754679416,0.22520442600882615,224
SUNRISE PHARMACY #9537 (KY),retailer,1.0388411e-05,0.00070372224,0.3748625733540517,0.22519903291366805,225
PEOPLES PHARMACY #3759 (TN),retailer,1.9768393e-06,0.00013179146,0.3752037604363402,0.22517497284481763,226
FAMILY CARE PHARMACY #3203 (KY),retailer,1.2460182e-05,0.0008445895,0.3747136313208782,0.22516601460127716,227
PUBLIX PHARMACY #9833 (MI),retailer,1.8333592e-06,0.000122036276,0.3751922777850205,0.22516418118342318,228
PEOPLES PHARMACY #8932 (PA),retailer,9.807428e-06,0.0006642199,0.3747594395328248,0.22512135168571565,229
WALGREENS #4571 (VA),retailer,1.7541921e-06,0.00011665266,0.375102157708903,0.2251079556907675,230
PEOPLES PHARMACY #6007 (WV),retailer,3.6615368e-06,0.0002463386,0.3750130914005416,0.22510639028211846,231
COMMUNITY PHARMACY #8229 (IN),retailer,6.361966e-06,0.00042994905,0.3748818676852834,0.2251011002385092,232
PUBLIX PHARMACY #8639 (OH),retailer,1.8335542e-06,0.00012204791,0.3750746944779076,0.22509363585213032,233
QUALITY CARE PHARMACY #7561 (KY),retailer,9.057901e-06,0.00061325706,0.374731573398244,0.22508424686720802,234
COMMUNITY PHARMACY #1898 (TN),retailer,4.273431e-06,0.0002879441,0.3749338037652361,0.22507545990419864,235
QUALITY CARE PHARMACY #9242 (KY),retailer,1.675697e-06,0.00011131559,0.3750512169756949,0.225075256423033,236
COMMUNITY PHARMACY #8090 (LA),retailer,4.8879365e-06,0.0003297264,0.3749045514344158,0.22507462143127793,237
HEALTH MART PHARMACY #4740 (VA),retailer,7.194526e-06,0.00048655842,0.3747974040370713,0.2250730657901037,238
GOOD NEIGHBOR PHARMACY #7994 (IN),retailer,4.2305282e-06,0.00028502662,0.3749189817913436,0.2250653997217454,239
HOMETOWN PHARMACY #9385 (MI),retailer,4.7554845e-06,0.00032072037,0.3748888000837337,0.2250615682069424,240
QUALITY CARE PHARMACY #6874 (MI),retailer,1.1132875e-05,0.00075434305,0.3744398927540682,0.2249656728743301,241
MEDICO PHARMACY #8978 (MI),retailer,0.00028060205,0.01907648,0.3622086752870674,0.2249557969186601,242
PUBLIX PHARMACY #2397 (LA),retailer,0.00027656983,0.018802313,0.3620348925165212,0.2247418607635424,243
RITE AID #3210 (VA),retailer,0.00034664563,0.02356701,0.358232564549287,0.22436634298899163,244
PUBLIX PHARMACY #1528 (VA),retailer,0.00026449168,0.017981078,0.3619052749561629,0.2243355964571155,245
VILLAGE PHARMACY #2028 (TN),retailer,0.00024767706,0.016837796,0.3620110501503943,0.22394174866190544,246
WINN-DIXIE PHARMACY #5962 (PA),retailer,0.00025007574,0.01700089,0.361874165065739,0.22392485489481892,247
COMMUNITY PHARMACY #9734 (IN),retailer,0.00032250123,0.021925349,0.3582135256905551,0.223698255302262,248
HOMETOWN PHARMACY #9646 (TN),retailer,0.0003183064,0.021640128,0.3582715475852187,0.2236189795610246,249
HOMETOWN PHARMACY #7311 (LA),retailer,0.00024837148,0.01688501,0.3613621743268698,0.22357130899262007,250
KROGER PHARMACY #9284 (VA),retailer,0.00031145432,0.021174232,0.3581947096907794,0.2233865182458579,251
CVS PHARMACY #2408 (IN),retailer,0.00020795749,0.014137125,0.3618781506213252,0.22278174041615154,252
CVS PHARMACY #7218 (LA),retailer,0.00027563938,0.01873905,0.3583585734351782,0.22251076434906172,253
MAIN STREET PHARMACY #3572 (TN),retailer,0.00027568324,0.018742032,0.3583317724714411,0.22249587632937626,254
VILLAGE PHARMACY #7158 (OH),retailer,0.00020184266,0.013721357,0.3614787297907241,0.2223757807143192,255
WALGREENS #9697 (VA),retailer,0.0005036107,0.034239605,0.3474298663836219,0.22215376241663085,256
CVS PHARMACY #5635 (IN),retailer,0.00025107563,0.017068876,0.3583833633465623,0.22185756848249166,257
GOOD NEIGHBOR PHARMACY #1784 (PA),retailer,0.00025216732,0.017143102,0.3583234708145458,0.22185132352696052,258
CORNER DRUG STORE #4480 (IN),retailer,0.0001811149,0.012312005,0.3615244770423194,0.22183948833499073,259
HOMETOWN PHARMACY #3657 (IN),retailer,0.0002463696,0.016748896,0.3583541918916733,0.22171207348246758,260
PEOPLES PHARMACY #1397 (OH),retailer,0.00017240598,0.0117198555,0.3614472538511056,0.2215562944094895,261
WINN-DIXIE PHARMACY #8378 (VA),retailer,0.00015051887,0.010231676,0.3613882665490465,0.22092563044088223,262
MEDICO PHARMACY #9833 (TN),retailer,0.00019995341,0.0135929,0.3584631596195813,0.22051505568254684,263
QUALITY CARE PHARMACY #8199 (WV),retailer,0.00013952542,0.009484193,0.3611830836715332,0.22050352751803584,264
MAIN STREET PHARMACY #5646 (FL),retailer,0.0008809969,0.05989939,0.3275312745866797,0.22047852064952977,265
CVS PHARMACY #4109 (IN),retailer,0.00013248055,0.009005188,0.3612232007577018,0.22033599561230816,266
COMMUNITY PHARMACY #6047 (VA),retailer,0.0007649389,0.052008208,0.3323228025325833,0.22019696541957248,267
CVS PHARMACY #9746 (TN),retailer,0.00012611566,0.008572417,0.3612624226853615,0.22018642058233118,268
RITE AID #2643 (LA),retailer,0.00018421399,0.012522722,0.3585287782194441,0.22012635559691343,269
MEDICO PHARMACY #3617 (VA),retailer,0.0001786414,0.012143824,0.3584840874277903,0.2199479823427411,270
SUNRISE PHARMACY #6784 (TN),retailer,0.00017461863,0.011870301,0.3585211197582079,0.21986079229323224,271
FAMILY CARE PHARMACY #5331 (IN),retailer,0.0001636095,0.011121753,0.3585161499809038,0.2195583911504335,272
HEALTH MART PHARMACY #2633 (VA),retailer,0.00050860544,0.034579214,0.3428532956320259,0.21954366267640665,273
KROGER PHARMACY #8012 (VA),retailer,0.00010912558,0.007417203,0.3608869064483055,0.21949902513298444,274
VILLAGE PHARMACY #1707 (KY),retailer,0.00010475241,0.0071198563,0.3610528106732913,0.21947962892763306,275
GOOD NEIGHBOR PHARMACY #8085 (OH),retailer,0.00010099347,0.006864272,0.3609494897090401,0.21931540274176037,276
MEDICO PHARMACY #1407 (IL),retailer,0.0020717727,0.14086434,0.271448204950004,0.21921466144055674,277
SUNRISE PHARMACY #1845 (LA),retailer,9.8360055e-05,0.006685218,0.3607605594740895,0.21913042286800372,278
FAMILY CARE PHARMACY #4012 (VA),retailer,0.00013776914,0.009364776,0.3585847471506069,0.21889675876911996,279
PEOPLES PHARMACY #5108 (MI),retailer,8.419336e-05,0.005721976,0.360869179838699,0.21881029832291715,280
HARRIS TEETER PHARMACY #7261 (KY),retailer,8.197049e-05,0.005570835,0.3607607844803518,0.21868480476863897,281
PUBLIX PHARMACY #9278 (VA),retailer,8.140924e-05,0.0055326726,0.3607756917501375,0.21867848405502052,282
HARRIS TEETER PHARMACY #4474 (IN),retailer,7.492276e-05,0.0050916355,0.3607661951796848,0.2184963712653749,283
WINN-DIXIE PHARMACY #2866 (PA),retailer,0.00012043291,0.0081860265,0.358598579858794,0.21843355864550423,284
KROGER PHARMACY #6580 (OH),retailer,0.00011834308,0.008043932,0.3586857024576124,0.2184289942865584,285
KROGER PHARMACY #3523 (OH),retailer,7.129606e-05,0.004845044,0.3606960353415714,0.21835563887221404,286
SUNRISE PHARMACY #8787 (TN),retailer,6.850355e-05,0.0046551707,0.3607327962487964,0.21830174606058914,287
FAMILY CARE PHARMACY #5152 (MI),retailer,0.000111880516,0.00760452,0.3587204866070375,0.21827409999199657,288
SUNRISE PHARMACY #4402 (PA),retailer,5.9022157e-05,0.0040104985,0.3606954623126058,0.21802147679704834,289
SUNRISE PHARMACY #6637 (LA),retailer,6.228598e-05,0.004232418,0.3604716552228674,0.21797596027383623,290
MAIN STREET PHARMACY #9832 (OH),retailer,9.368766e-05,0.0063675256,0.3588124864524845,0.2178345021852102,291
KROGER PHARMACY #6683 (OH),retailer,5.3673426e-05,0.0036468208,0.3605515815185155,0.2177896772478384,292
WALGREENS #9211 (LA),retailer,5.537548e-05,0.0037625488,0.3604615178543299,0.21778193020506767,293
GOOD NEIGHBOR PHARMACY #3396 (IN),retailer,8.954917e-05,0.0060861353,0.3587904111641855,0.21770870085832242,294
SUNRISE PHARMACY #7649 (PA),retailer,5.1439616e-05,0.0034949363,0.3604428127175385,0.21766366218683506,295
MEDICO PHARMACY #1698 (IN),retailer,8.738891e-05,0.0059392517,0.3587257765262603,0.21761116665962513,296
RITE AID #9491 (IN),retailer,8.537442e-05,0.0058022803,0.3587686216684405,0.21758208520202182,297
HARRIS TEETER PHARMACY #1893 (LA),retailer,8.42325e-05,0.005724638,0.3587733544016704,0.21755386779523342,298
MEDICO PHARMACY #9307 (VA),retailer,4.0628915e-05,0.002759879,0.3603571976466813,0.2173182701837324,299
HARRIS TEETER PHARMACY #7275 (IN),retailer,7.354859e-05,0.0049982,0.3588419684773756,0.21730446126907008,300
WINN-DIXIE PHARMACY #1912 (OH),retailer,7.434434e-05,0.005052306,0.3588022623721188,0.21730227991273557,301
CORNER DRUG STORE #5731 (IN),retailer,0.0003481678,0.023670508,0.346368928009047,0.21728956021593446,302
VILLAGE PHARMACY #9964 (OH),retailer,3.351875e-05,0.0022764357,0.3602650782001636,0.21706962119935805,303
MAIN STREET PHARMACY #6319 (OH),retailer,0.0004157065,0.028262695,0.342919654757622,0.2170568707873482,304
CORNER DRUG STORE #9661 (KY),retailer,0.00033240116,0.022598479,0.3465082120593079,0.21694431899909303,305
SUNRISE PHARMACY #8451 (IN),retailer,2.3777986e-05,0.0016141249,0.3600708341471816,0.21668815045695541,306
PUBLIX PHARMACY #8283 (OH),retailer,4.5040728e-05,0.0030598536,0.3589921211338168,0.21661921413029733,307
CVS PHARMACY #6085 (IN),retailer,4.619287e-05,0.0031381918,0.3589229620210705,0.21660905394199506,308
COMMUNITY PHARMACY #8260 (MI),retailer,4.527297e-05,0.003075644,0.3589591612360389,0.2166057543049163,309
SUNRISE PHARMACY #9538 (OH),retailer,2.0488873e-05,0.0013904863,0.3600441086673637,0.21658265971492005,310
WINN-DIXIE PHARMACY #3643 (MI),retailer,1.762755e-05,0.0011959365,0.3601183341796756,0.21654937510495617,311
FAMILY CARE PHARMACY #9427 (IN),retailer,1.648488e-05,0.0011182417,0.3601645922636696,0.2165460520411798,312
WALGREENS #5306 (TN),retailer,4.3051255e-05,0.002924583,0.3589328775823778,0.21652955978766328,313
HOMETOWN PHARMACY #3673 (VA),retailer,4.131205e-05,0.0028063273,0.3589773669712813,0.21650895108177937,314
MAIN STREET PHARMACY #7581 (LA),retailer,1.6722508e-05,0.0011343994,0.3599946361617829,0.2164505414676773,315
WINN-DIXIE PHARMACY #7583 (TN),retailer,3.8608774e-05,0.0026225212,0.3589904852321616,0.2164432997089771,316
CVS PHARMACY #1671 (OH),retailer,1.6598311e-05,0.0011259564,0.3599808300145485,0.21643888057085048,317
MAIN STREET PHARMACY #2208 (PA),retailer,3.413244e-05,0.002318161,0.3590213630739133,0.2163400822972599,318
CVS PHARMACY #7422 (NE),retailer,0.0023066294,0.15683305,0.2559736478746178,0.21631741424919618,319
CORNER DRUG STORE #3385 (IN),retailer,7.759581e-06,0.00052497885,0.3600835861445485,0.21626014323039927,320
KROGER PHARMACY #1393 (OH),retailer,0.00038572727,0.026224304,0.3429465620888735,0.21625765903582958,321
CVS PHARMACY #6965 (LA),retailer,1.4183864e-05,0.00096178893,0.3597139967674274,0.21621311364991827,322
CORNER DRUG STORE #5842 (PA),retailer,2.6800544e-05,0.001819642,0.3590572756931108,0.216162222238644,323
WALGREENS #5846 (PA),retailer,2.5743799e-05,0.0017477892,0.3590934747368722,0.21615520052637927,324
COMMUNITY PHARMACY #2294 (TN),retailer,6.1404126e-06,0.00041488706,0.3599541701299561,0.21613845690681807,325
HEALTH MART PHARMACY #9612 (IN),retailer,2.4287825e-05,0.0016487903,0.3591246752967258,0.2161343213174571,326
MEDICO PHARMACY #8971 (LA),retailer,2.2265445e-05,0.0015112825,0.3592025597602255,0.2161260488992074,327
WALGREENS #3575 (OH),retailer,0.00030536857,0.020760437,0.3463262507553353,0.21609992544266307,328
MEDICO PHARMACY #5873 (MI),retailer,7.110316e-06,0.00048083512,0.3598198984548925,0.21608427311894077,329
KROGER PHARMACY #5686 (VA),retailer,2.3483246e-05,0.0015940864,0.3590765980229854,0.21608359341290695,330
VILLAGE PHARMACY #1377 (VA),retailer,4.396242e-06,0.00029629405,0.3598074891191929,0.21600301109398382,331
KROGER PHARMACY #9142 (OH),retailer,1.9114577e-05,0.0012970455,0.3591400036499346,0.21600282040123683,332
CORNER DRUG STORE #2997 (IN),retailer,1.8810033e-05,0.0012763393,0.3591502526352806,0.21600068730795774,333
PEOPLES PHARMACY #3668 (MI),retailer,3.8176267e-06,0.00025695228,0.3597926218208705,0.21597835400465198,334
PUBLIX PHARMACY #1949 (PA),retailer,1.7327351e-05,0.0011755257,0.3591781890169097,0.21597712371346542,335
COMMUNITY PHARMACY #2590 (PA),retailer,1.5462685e-05,0.0010487409,0.3591991538121301,0.21593898867126168,336
VILLAGE PHARMACY #1845 (LA),retailer,1.5168961e-05,0.00102877,0.3591771227508684,0.21591778164422473,337
MAIN STREET PHARMACY #8644 (MI),retailer,1.545917e-05,0.0010485013,0.3591625909211973,0.21591695509778833,338
QUALITY CARE PHARMACY #6823 (IN),retailer,2.798575e-06,0.00018766329,0.3596940028892554,0.21589146705338705,339
MAIN STREET PHARMACY #9148 (LA),retailer,1.1248266e-05,0.00076218584,0.3593108140755919,0.2158913627982331,340
VILLAGE PHARMACY #8234 (IN),retailer,1.2570823e-05,0.0008521112,0.3592482245936031,0.21588977923159322,341
SUNRISE PHARMACY #5581 (TN),retailer,1.736987e-06,0.00011548242,0.3597392181985712,0.2158897238894733,342
QUALITY CARE PHARMACY #3860 (VA),retailer,9.084656e-06,0.00061507645,0.3594036831075552,0.21588824046317914,343
CORNER DRUG STORE #8237 (VA),retailer,1.2640048e-05,0.00085682014,0.3592231059263304,0.21587659163113676,344
WALMART PHARMACY #3043 (PA),retailer,1.3959528e-06,9.2296126e-05,0.359720609482777,0.21586928414234516,345
RITE AID #4372 (LA),retailer,1.2388095e-05,0.0008396898,0.359185412931415,0.21584712368655243,346
RITE AID #8167 (LA),retailer,1.0829286e-05,0.00073369965,0.3592442815099197,0.21584004875996002,347
HARRIS TEETER PHARMACY #9191 (IN),retailer,5.566451e-06,0.00037586168,0.3594452678006182,0.21581750534960772,348
MEDICO PHARMACY #3176 (VA),retailer,3.0650833e-07,1.8221454e-05,0.3596822345767472,0.21581662932744897,349
RITE AID #6549 (IN),retailer,1.9346304e-07,1.0532242e-05,0.3596656226615627,0.2158035864941758,350
CVS PHARMACY #3954 (OH),retailer,7.7324364e-07,4.995312e-05,0.3596390949058144,0.21580343819102163,351
HARRIS TEETER PHARMACY #4306 (PA),retailer,3.3637303e-07,2.0250196e-05,0.3596304887092049,0.2157863933044807,352
FAMILY CARE PHARMACY #3398 (KY),retailer,4.7984844e-07,3.0005374e-05,0.359587038679257,0.21576422535711462,353
KROGER PHARMACY #1887 (KY),retailer,5.442857e-06,0.00036745824,0.3593418216653032,0.2157520762924163,354
CVS PHARMACY #5473 (MI),retailer,3.4792567e-06,0.00023394513,0.3594253473341332,0.2157487864558645,355
HARRIS TEETER PHARMACY #8060 (MI),retailer,9.4232956e-07,6.1450875e-05,0.3595356522808685,0.21574597171975818,356
CORNER DRUG STORE #9561 (PA),retailer,5.1918396e-06,0.00035039074,0.3593395221904029,0.21574386960555053,357
MAIN STREET PHARMACY #6528 (OH),retailer,4.426356e-07,2.7476426e-05,0.3595462222012794,0.21573872389121249,358
HARRIS TEETER PHARMACY #8108 (VA),retailer,1.8764039e-06,0.00012496306,0.3594712384773464,0.2157327283113128,359
WALMART PHARMACY #6376 (OH),retailer,1.0100325e-06,6.6052766e-05,0.3595104672523138,0.2157327014580561,360
FAMILY CARE PHARMACY #5612 (LA),retailer,4.4296276e-06,0.00029856476,0.3593396388531931,0.21572320921400076,361
VILLAGE PHARMACY #8618 (LA),retailer,4.657762e-06,0.0003140758,0.359322698358215,0.2157192493370743,362
CVS PHARMACY #4509 (LA),retailer,2.267052e-06,0.00015152284,0.3594282813291627,0.2157175779318774,363
HOMETOWN PHARMACY #7488 (TN),retailer,1.361372e-06,8.994167e-05,0.3594476273685757,0.2157045530884227,364
QUALITY CARE PHARMACY #4445 (LA),retailer,1.8642522e-06,0.00012413482,0.3594205090159407,0.2157019593382913,365
QUALITY CARE PHARMACY #4665 (OH),retailer,2.261179e-06,0.000151125,0.3594009263827439,0.21570100583155713,366
MAIN STREET PHARMACY #6927 (OH),retailer,0.0003646477,0.024791032,0.3429735795694548,0.21570056038576113,367
CVS PHARMACY #2808 (IN),retailer,9.768326e-07,6.3798354e-05,0.3594427866117802,0.21569119130973916,368
GOOD NEIGHBOR PHARMACY #7746 (TN),retailer,3.3864725e-07,2.0406074e-05,0.3594573049820196,0.21568254541948834,369
KROGER PHARMACY #8280 (OH),retailer,7.650492e-06,0.00051756186,0.3590863348210459,0.2156588256354767,370
WINN-DIXIE PHARMACY #8561 (LA),retailer,5.6920653e-06,0.0003844024,0.3590400708106503,0.2155778034505575,371
WALMART PHARMACY #2320 (VA),retailer,0.000608402,0.04136473,0.3315953908797721,0.21550312628964302,372
VILLAGE PHARMACY #7086 (IN),retailer,0.00027517194,0.018707268,0.3463813435361128,0.21531171339081767,373
WINN-DIXIE PHARMACY #5077 (VA),retailer,0.00026833892,0.018242666,0.3462390016236048,0.21504046748016126,374
GOOD NEIGHBOR PHARMACY #9772 (VA),retailer,0.00091517344,0.062223174,0.316766069174947,0.21494891134866573,375
FAMILY CARE PHARMACY #4742 (OH),retailer,0.0003155311,0.021451425,0.3430221438241358,0.21439385640367004,376
COMMUNITY PHARMACY #4979 (LA),retailer,0.00028864644,0.019623445,0.3430864575686601,0.21370125305250567,377
MEDICO PHARMACY #7163 (WI),retailer,0.0006242714,0.04244374,0.327650273042501,0.21356766027067958,378
CORNER DRUG STORE #4123 (OH),retailer,0.00027592084,0.018758187,0.3430901959467215,0.21335739239622847,379
QUALITY CARE PHARMACY #5716 (LA),retailer,0.0002699567,0.018352665,0.3430618430258808,0.21317817172524198,380
MEDICO PHARMACY #6550 (VA),retailer,0.00020530388,0.013956696,0.3458557962076423,0.21309615632200582,381
GOOD NEIGHBOR PHARMACY #5688 (MI),retailer,0.00024440358,0.016615221,0.343115316961365,0.21251527896696748,382
PUBLIX PHARMACY #6343 (IN),retailer,0.0001821044,0.012379284,0.3457195497130869,0.21238344343456733,383
SUNRISE PHARMACY #8028 (LA),retailer,0.0002293015,0.015588377,0.3431189965445324,0.21210674878141425,384
HOMETOWN PHARMACY #8516 (LA),retailer,0.00022769548,0.015479178,0.3431798989192846,0.21209961071185482,385
CVS PHARMACY #7287 (MI),retailer,0.00021676435,0.014735934,0.3431284343516008,0.21177143424765324,386
HOMETOWN PHARMACY #4421 (IL),retailer,0.0005483605,0.0372823,0.327673956439917,0.21151729393662494,387
QUALITY CARE PHARMACY #1825 (OH),retailer,0.00019634534,0.013347575,0.3431747585120534,0.2112438852836332,388
QUALITY CARE PHARMACY #3706 (PA),retailer,0.00012977619,0.008821309,0.3453373412403664,0.21073092823591535,389
KROGER PHARMACY #6614 (PA),retailer,0.00012428504,0.008447947,0.3453466668265975,0.21058717902789512,390
WALMART PHARMACY #7025 (OH),retailer,0.00016359471,0.011120747,0.3432605059883665,0.21040460242355888,391
GOOD NEIGHBOR PHARMACY #8533 (OH),retailer,0.0001163617,0.007909211,0.3451683528497682,0.2102646963350395,392
GOOD NEIGHBOR PHARMACY #2790 (PA),retailer,0.00011318027,0.0076928954,0.3452875788662931,0.2102497055585146,393
WALMART PHARMACY #9266 (IN),retailer,0.00015262382,0.010374798,0.3432946679094852,0.21012672012146835,394
WALGREENS #2082 (LA),retailer,0.00014952525,0.0101641165,0.3432663487012184,0.21002545601069905,395
SUNRISE PHARMACY #9264 (RI),retailer,0.0017469886,0.11878115,0.270805294671426,0.2099956373028575,396
WINN-DIXIE PHARMACY #6027 (IN),retailer,0.0001457334,0.009906295,0.3432974511838887,0.20994098889198506,397
PUBLIX PHARMACY #1221 (MI),retailer,0.00013980774,0.009503389,0.3433419694431431,0.2098065372699682,398
CORNER DRUG STORE #3604 (VA),retailer,9.2176015e-05,0.006264744,0.3452828366304867,0.2096755995226164,399
PEOPLES PHARMACY #3726 (IN),retailer,0.00013134834,0.008928205,0.3433374385284303,0.20957374502513815,400
PUBLIX PHARMACY #3067 (WI),retailer,0.0014593377,0.09922278,0.2822137122399588,0.20901733979862805,401
WALGREENS #1373 (PA),retailer,7.3001e-05,0.0049609677,0.3449843793007936,0.20897501475099958,402
VILLAGE PHARMACY #6277 (OH),retailer,9.443251e-05,0.0064181695,0.3434195073880416,0.2086189721766956,403
WALGREENS #5346 (IN),retailer,8.809136e-05,0.005987014,0.3434230101039405,0.20844861172469825,404
CVS PHARMACY #2791 (WI),retailer,0.0011043244,0.075084195,0.2973088940312254,0.20841901423512624,405
PUBLIX PHARMACY #5454 (LA),retailer,7.7617806e-05,0.0052748807,0.3434876215313667,0.20820252518980467,406
FAMILY CARE PHARMACY #1947 (OK),retailer,0.001094367,0.07440716,0.2973064345132327,0.2081467248207936,407
MEDICO PHARMACY #9698 (PA),retailer,6.979499e-05,0.00474298,0.3435350627244855,0.208018229612751,408
SUNRISE PHARMACY #7390 (IN),retailer,6.84987e-05,0.004654843,0.3435583455678226,0.2079969445683525,409
WALGREENS #5175 (PA),retailer,3.859671e-05,0.0026217024,0.3447989724719709,0.20792806446014706,410
COMMUNITY PHARMACY #7647 (MI),retailer,3.8218604e-05,0.002595993,0.3444509007796071,0.20770893766444457,411
FAMILY CARE PHARMACY #2985 (FL),retailer,0.0010746064,0.073063575,0.2973037787008893,0.20760769674054452,412
KROGER PHARMACY #9652 (OH),retailer,5.238713e-05,0.0035593605,0.3434925704742804,0.2075192865365198,413
FAMILY CARE PHARMACY #5952 (MI),retailer,0.00033121157,0.022517594,0.3305962653550253,0.20736479683028133,414
HEALTH MART PHARMACY #4338 (LA),retailer,2.2008726e-05,0.0014938288,0.3444740239207,0.20728194591043445,415
GOOD NEIGHBOR PHARMACY #5650 (PA),retailer,1.6448623e-05,0.0011157779,0.3445594264205667,0.20718196702141115,416
MEDICO PHARMACY #6745 (VA),retailer,1.4997156e-05,0.0010170861,0.3444086486836108,0.20705202365256778,417
PEOPLES PHARMACY #3390 (LA),retailer,2.6937183e-05,0.0018289319,0.3437285467643171,0.20696870080023283,418
HOMETOWN PHARMACY #7506 (IN),retailer,2.0763908e-05,0.001409187,0.3437366453786696,0.20680566200820757,419
CVS PHARMACY #9932 (PA),retailer,6.6521666e-06,0.00044968276,0.3443675566059462,0.2068004070735957,420
RITE AID #9322 (LA),retailer,8.410678e-06,0.0005692506,0.3442863357891825,0.20679950172303427,421
WINN-DIXIE PHARMACY #1509 (PA),retailer,7.2382586e-06,0.00048953405,0.3442982829048336,0.20677478337011526,422
HEALTH MART PHARMACY #5158 (AL),retailer,0.0023013789,0.15647605,0.2402927358050896,0.20676606172917802,423
WALGREENS #1949 (IN),retailer,4.9268815e-06,0.000332374,0.3443276797518766,0.20672955745193708,424
GOOD NEIGHBOR PHARMACY #2219 (NM),retailer,0.0039677788,0.26978034,0.1646808213770513,0.20672063093066956,425
PEOPLES PHARMACY #7557 (OH),retailer,5.0432545e-06,0.00034028658,0.3442970564707851,0.20671434852484435,426
QUALITY CARE PHARMACY #6294 (VA),retailer,8.074965e-06,0.00054642494,0.3439899112005076,0.20661251670531336,427
VILLAGE PHARMACY #7454 (PA),retailer,7.2475245e-06,0.00049016223,0.3440028844844885,0.20659779558582844,428
VILLAGE PHARMACY #5883 (VA),retailer,2.544226e-06,0.00017037013,0.3442143115448375,0.20659673497928058,429
QUALITY CARE PHARMACY #5232 (TN),retailer,3.883387e-06,0.00026142388,0.3441479095276067,0.20659331527007804,430
COMMUNITY PHARMACY #4052 (OH),retailer,8.909425e-06,0.0006031622,0.3438861422469286,0.20657295023822164,431
WALMART PHARMACY #4084 (VA),retailer,2.9788073e-06,0.00019991717,0.3440924967669008,0.20653546493068448,432
CORNER DRUG STORE #2639 (VA),retailer,3.183827e-06,0.0002138578,0.3440797489508658,0.20653339249132324,433
WINN-DIXIE PHARMACY #4833 (LA),retailer,6.448346e-06,0.00043582357,0.3439200825252445,0.20652637894210119,434
SUNRISE PHARMACY #8405 (VA),retailer,3.723743e-06,0.0002505706,0.3440043444862456,0.20650283492873556,435
MAIN STREET PHARMACY #6973 (LA),retailer,5.475034e-06,0.00036964516,0.3439050399437687,0.20649088203332763,436
GOOD NEIGHBOR PHARMACY #7031 (IL),retailer,0.00035901408,0.024407985,0.3277892671195861,0.20643675451983193,437
WALMART PHARMACY #5920 (FL),retailer,0.00035208953,0.023937158,0.3278227764179666,0.20626852897914402,438
MAIN STREET PHARMACY #5473 (OH),retailer,0.00026136704,0.017768623,0.3305194105721956,0.20541909557312402,439
GOOD NEIGHBOR PHARMACY #8540 (OH),retailer,0.0005242241,0.03564118,0.3156519268634914,0.20364762788611643,440
COMMUNITY PHARMACY #5408 (OH),retailer,0.00019294942,0.0131166745,0.3279755891324838,0.20203202346484422,441
HEALTH MART PHARMACY #8159 (AL),retailer,0.00048318948,0.032851093,0.312591614427789,0.2006954058498883,442
GOOD NEIGHBOR PHARMACY #7155 (GA),retailer,0.0027424544,0.18646629,0.2099696945826575,0.20056833485843925,443
PEOPLES PHARMACY #6990 (OH),retailer,8.381759e-05,0.005696426,0.3293983057854522,0.19991755402269654,444
CVS PHARMACY #5446 (LA),retailer,8.0974634e-05,0.005503123,0.3291598056279569,0.19969713273408704,445
WALGREENS #4309 (VT),retailer,0.0023810554,0.16189352,0.2248817584253516,0.19968646176678934,446
GOOD NEIGHBOR PHARMACY #6434 (CT),retailer,0.0014430825,0.09811752,0.2671628117181589,0.19954469693408786,447
WALMART PHARMACY #2539 (MI),retailer,3.702581e-05,0.0025148909,0.3292111746320975,0.1985326611002819,448
RITE AID #9320 (LA),retailer,3.579153e-05,0.0024309692,0.3291496970948473,0.1984622059288447,449
COMMUNITY PHARMACY #7046 (MI),retailer,0.0003464704,0.023555093,0.3149435906191666,0.19838819119065995,450
WALGREENS #5645 (ND),retailer,0.00039558773,0.026894752,0.3126421110823936,0.19834316742391506,451
SUNRISE PHARMACY #6128 (IL),retailer,0.0019971703,0.13579185,0.2399998492157267,0.19831665001248158,452
PEOPLES PHARMACY #1839 (PA),retailer,4.0361065e-05,0.0027416681,0.3283581645944622,0.1981115660128836,453
PUBLIX PHARMACY #2014 (PA),retailer,0.00033380112,0.022693666,0.3148930148060358,0.19801327497662524,454
KROGER PHARMACY #9499 (WI),retailer,2.8459619e-05,0.0019324466,0.3285247709532821,0.19788784121678732,455
KROGER PHARMACY #7855 (MI),retailer,2.4456047e-05,0.0016602299,0.3285203604645489,0.1977763082387907,456
QUALITY CARE PHARMACY #4645 (VA),retailer,2.1061407e-05,0.0014294162,0.3285040695199901,0.19767420823098178,457
CVS PHARMACY #6761 (LA),retailer,1.371859e-05,0.0009301526,0.3285615681809339,0.1975090019488128,458
WALGREENS #6125 (VA),retailer,1.0907826e-05,0.0007390391,0.3286222190215194,0.19746894705151788,459
COMMUNITY PHARMACY #9245 (IN),retailer,1.05112995e-05,0.00071207917,0.3285290394676265,0.1974022553604677,460
RITE AID #3495 (IL),retailer,0.0006649002,0.04520623,0.2974026649381649,0.1965240910164077,461
KROGER PHARMACY #7901 (WI),retailer,0.0003078684,0.020930413,0.3126941728389859,0.19598866896609066,462
WALGREENS #6088 (NV),retailer,0.0012228887,0.0831458,0.2699455118442103,0.19522562600758817,463
HEALTH MART PHARMACY #8894 (WI),retailer,0.0002645474,0.017984867,0.3127492222657017,0.19484348010466765,464
FAMILY CARE PHARMACY #4962 (FL),retailer,0.00026135458,0.017767778,0.3127288436416219,0.1947444173446852,465
VILLAGE PHARMACY #2073 (WI),retailer,0.0011813106,0.08031876,0.2698876047502367,0.1940600661558156,466
HEALTH MART PHARMACY #5178 (NV),retailer,0.0005468399,0.037178908,0.2974459624506596,0.19333914030149954,467
KROGER PHARMACY #4811 (WI),retailer,0.00019053454,0.012952478,0.3127915454630746,0.19285591853259165,468
KROGER PHARMACY #2700 (FL),retailer,0.0005161624,0.03509304,0.297468875680665,0.1925185414906143,469
HEALTH MART PHARMACY #8815 (OH),retailer,0.0001243803,0.008454424,0.3141238045056809,0.19185605257474772,470
RITE AID #1394 (FL),retailer,0.00048849016,0.033211507,0.297481228722822,0.19177334036749086,471
VILLAGE PHARMACY #5217 (NV),retailer,0.00014253748,0.009688993,0.3128675538235057,0.19159612944137444,472
GOOD NEIGHBOR PHARMACY #8685 (FL),retailer,0.00012811106,0.008708091,0.3128601337464624,0.1911993167823984,473
SUNRISE PHARMACY #8943 (KS),retailer,0.0008019827,0.054526947,0.2822982711974369,0.1911897420664779,474
KROGER PHARMACY #3779 (SC),retailer,0.0013660034,0.09287666,0.2547839723185374,0.1900210457835003,475
CORNER DRUG STORE #9777 (WI),retailer,0.00040538624,0.027560987,0.2975119132838741,0.1895315429742393,476
HARRIS TEETER PHARMACY #1357 (KS),retailer,0.0004029419,0.027394785,0.2975004711328821,0.1894581970843003,477
HARRIS TEETER PHARMACY #9689 (OK),retailer,0.0013549082,0.09212226,0.2541653834199481,0.1893481327543004,478
CVS PHARMACY #4698 (OH),retailer,3.4608576e-05,0.0023505362,0.3137704283084095,0.18920247147835764,479
COMMUNITY PHARMACY #5405 (TX),retailer,0.0020044704,0.13628823,0.2244780119290982,0.1892020981628319,480
MEDICO PHARMACY #9557 (OH),retailer,4.9513703e-05,0.003363987,0.3130888762487459,0.189198920512072,481
PEOPLES PHARMACY #2093 (AR),retailer,0.00066418655,0.045157712,0.2845929988330285,0.18881888445351602,482
COMMUNITY PHARMACY #7344 (LA),retailer,2.374734e-05,0.0016120427,0.3136071823585873,0.18880912649037884,483
WINN-DIXIE PHARMACY #4022 (ND),retailer,0.001044741,0.07103292,0.267198493954061,0.1887322635957709,484
HEALTH MART PHARMACY #9088 (AL),retailer,1.5990994e-05,0.0010846604,0.3135735812163549,0.18857801288908965,485
WINN-DIXIE PHARMACY #8389 (RI),retailer,0.00065337867,0.044422843,0.2845234031330871,0.18848317927726074,486
WALGREENS #6346 (OH),retailer,2.0088823e-05,0.0013632867,0.3132223629763257,0.18847873247356528,487
CVS PHARMACY #2485 (OH),retailer,1.258567e-05,0.00085312093,0.3135020258514548,0.18844246388926333,488
WINN-DIXIE PHARMACY #2844 (IL),retailer,1.0788217e-05,0.0007309055,0.3135128062561383,0.18840004596239396,489
QUALITY CARE PHARMACY #6849 (ID),retailer,0.0013106646,0.08911398,0.2545385617665436,0.18836873001766122,490
QUALITY CARE PHARMACY #9274 (CT),retailer,9.755349e-06,0.0006606789,0.3133795530889111,0.1882920034232506,491
CVS PHARMACY #2076 (VA),retailer,8.34953e-06,0.00056509307,0.3134135566521914,0.1882741712188635,492
HEALTH MART PHARMACY #8084 (WA),retailer,0.002299829,0.15637067,0.2093810786906221,0.18817691952606072,493
GOOD NEIGHBOR PHARMACY #3769 (AL),retailer,0.0012905255,0.08774465,0.2544581723431633,0.1877727669310502,494
QUALITY CARE PHARMACY #2679 (MT),retailer,0.0006728095,0.04574401,0.2823191386900972,0.18768908656791633,495
KROGER PHARMACY #5892 (NJ),retailer,0.000613237,0.04169347,0.284573694624392,0.18742160569601526,496
GOOD NEIGHBOR PHARMACY #6030 (IL),retailer,0.0002927566,0.01990291,0.2975671788671431,0.186501471548904,497
QUALITY CARE PHARMACY #5658 (KS),retailer,0.0012282969,0.08351352,0.254362508298824,0.1860229132425009,498
VILLAGE PHARMACY #8894 (WI),retailer,0.00060198596,0.040928476,0.2823565195101556,0.18578530155706743,499
MAIN STREET PHARMACY #6441 (AR),retailer,0.00025550157,0.01736981,0.2976063702926071,0.1855117465585489,500
CVS PHARMACY #3850 (FL),retailer,0.00024535268,0.016679753,0.2976014385199673,0.1852327644386069,501
COMMUNITY PHARMACY #7816 (UT),retailer,0.00053445203,0.036336612,0.2843739214050724,0.1851589976255866,502
FAMILY CARE PHARMACY #2392 (OK),retailer,0.00090715074,0.06167768,0.2672194922022348,0.1850027674616769,503
PUBLIX PHARMACY #8281 (UT),retailer,0.00056061585,0.038115583,0.2823583989634899,0.18466127328096554,504
KROGER PHARMACY #9348 (RI),retailer,0.0011631198,0.0790819,0.2544102587500867,0.18427891765234808,505
KROGER PHARMACY #9282 (UT),retailer,0.0028000202,0.19038036,0.1792602023189392,0.18370826725394285,506
VILLAGE PHARMACY #8587 (CT),retailer,0.0018041583,0.12266831,0.2243866165545869,0.18369929582281636,507
FAMILY CARE PHARMACY #5200 (UT),retailer,0.00016127479,0.010963007,0.298829577366868,0.18368294907755214,508
HEALTH MART PHARMACY #4092 (AZ),retailer,0.0018532404,0.12600558,0.222088690557062,0.1836554458486911,509
RITE AID #7819 (CA),retailer,0.0031318997,0.21294601,0.1640658198328599,0.18361789694617894,510
WALMART PHARMACY #9460 (CT),retailer,0.0011428453,0.077703364,0.2541840575407846,0.18359178131943363,511
KROGER PHARMACY #9531 (NJ),retailer,0.0011311447,0.0769078,0.2544013920625795,0.18340395469669993,512
COMMUNITY PHARMACY #1287 (NE),retailer,0.0005117229,0.03479118,0.2823757721116405,0.18334193524004586,513
PEOPLES PHARMACY #1274 (IL),retailer,0.00014907242,0.010133327,0.2987891688406927,0.1833268322846569,514
COMMUNITY PHARMACY #9332 (IL),retailer,0.00050842337,0.034566835,0.2823718932713649,0.18324987034920343,515
PUBLIX PHARMACY #7202 (CT),retailer,0.0024512983,0.1666696,0.1942015953396712,0.18318880453914133,516
RITE AID #5178 (ND),retailer,0.00013579548,0.009230581,0.2988709018830821,0.1830147736678639,517
WALMART PHARMACY #4214 (AR),retailer,0.0017801186,0.121033765,0.2242457110152401,0.18296093424950585,518
COMMUNITY PHARMACY #7725 (ME),retailer,0.000498063,0.033862397,0.2823552577875575,0.18295811368867876,519
RITE AID #1037 (WA),retailer,0.0034301279,0.23322357,0.1490098025041749,0.1826953089617449,520
FAMILY CARE PHARMACY #8739 (NM),retailer,0.002094214,0.1423902,0.2093319463381373,0.1825552503853561,521
KROGER PHARMACY #6824 (NE),retailer,0.000117284806,0.007971977,0.2988268326147157,0.1824848903223132,522
MEDICO PHARMACY #1628 (FL),retailer,0.00011610867,0.007892008,0.2986144898705573,0.18232549723783975,523
WINN-DIXIE PHARMACY #9056 (CA),retailer,0.00046907456,0.031891372,0.2823819847108932,0.18218573964846205,524
GOOD NEIGHBOR PHARMACY #2904 (CT),retailer,0.00010468699,0.007115408,0.2986701288847001,0.18204824056269955,525
KROGER PHARMACY #8403 (NV),retailer,0.0017382058,0.11818398,0.2243985108394564,0.18191269766444806,526
MAIN STREET PHARMACY #2472 (ND),retailer,9.623288e-05,0.006540584,0.2986342800949844,0.18179680171503615,527
MAIN STREET PHARMACY #5015 (OK),retailer,0.00011066591,0.0075219357,0.2977518188451321,0.18165986555596236,528
GOOD NEIGHBOR PHARMACY #2984 (ME),retailer,0.0001042424,0.007085179,0.2977504507403346,0.18148434208226336,529
PUBLIX PHARMACY #5706 (MT),retailer,0.001726087,0.11735997,0.224210300842492,0.1814701691565324,530
GOOD NEIGHBOR PHARMACY #5698 (NY),retailer,0.0007759575,0.0527574,0.2672433655958884,0.18144898051032501,531
WALGREENS #9879 (MD),retailer,0.0023747354,0.16146381,0.1943487670249044,0.18119478948273054,532
COMMUNITY PHARMACY #2700 (OK),retailer,7.421948e-05,0.0050438168,0.2985604591186264,0.18115380212570242,533
RITE AID #5094 (NE),retailer,0.00076358055,0.051915854,0.2672478872583054,0.18111507441376104,534
PEOPLES PHARMACY #5942 (WI),retailer,7.076178e-05,0.0048087155,0.2986198562757329,0.1810954000065792,535
WALMART PHARMACY #6298 (OK),retailer,0.0004276696,0.029076107,0.2823964875460221,0.18106833545241077,536
KROGER PHARMACY #5581 (NJ),retailer,0.00041954502,0.02852369,0.2824046233621319,0.18085224948537826,537
WINN-DIXIE PHARMACY #6356 (UT),retailer,0.0010401236,0.07071897,0.2541746134362448,0.18079235574912003,538
GOOD NEIGHBOR PHARMACY #5599 (OK),retailer,0.00041669086,0.028329626,0.2823979218406915,0.18077060376724238,539
PUBLIX PHARMACY #4056 (DE),retailer,0.00041411494,0.02815448,0.282373129095543,0.18068566937947786,540
PEOPLES PHARMACY #8235 (MT),retailer,0.0013573382,0.09228747,0.2392427664566072,0.18046064922619057,541
FAMILY CARE PHARMACY #6923 (IL),retailer,4.494875e-05,0.0030535988,0.2984347479480852,0.180282288337177,542
COMMUNITY PHARMACY #7146 (NJ),retailer,4.4412947e-05,0.0030171676,0.2984219258359156,0.1802600225491349,543
PEOPLES PHARMACY #9633 (ND),retailer,5.367608e-05,0.003647,0.2978459911540024,0.1801663947409688,544
CORNER DRUG STORE #6747 (ID),retailer,5.0900453e-05,0.0034582757,0.2978899226513518,0.1801172638911091,545
QUALITY CARE PHARMACY #8930 (ID),retailer,3.654799e-05,0.002482402,0.2984871312627223,0.1800852395198659,546
MEDICO PHARMACY #2001 (NE),retailer,0.0007248406,0.04928179,0.267249731631029,0.18006255531963608,547
FAMILY CARE PHARMACY #3561 (FL),retailer,0.00038971272,0.026495289,0.282406524181587,0.1800420301319495,548
HEALTH MART PHARMACY #5901 (NE),retailer,0.00034607644,0.023528308,0.2839313046838863,0.17977010569459337,549
QUALITY CARE PHARMACY #8165 (IL),retailer,3.7749473e-05,0.0025640961,0.2978956399973326,0.1797630224250536,550
COMMUNITY PHARMACY #2371 (KS),retailer,0.00037386618,0.025417827,0.2824155921040198,0.17961648646284464,551
COMMUNITY PHARMACY #5066 (OK),retailer,0.00034506284,0.023459392,0.2824230122713905,0.17883756403020987,552
SUNRISE PHARMACY #6615 (LA),retailer,0.0006314248,0.042930126,0.2689751224947176,0.17855712509049187,553
HOMETOWN PHARMACY #8829 (MS),retailer,0.00033364884,0.022683313,0.2824366641034848,0.17853532389492788,554
FAMILY CARE PHARMACY #8358 (KS),retailer,0.00033048014,0.022467863,0.2824412045938551,0.17845186825470802,555
MEDICO PHARMACY #8303 (DE),retailer,0.0003214131,0.02185136,0.2824493181822914,0.17821013522852766,556
MAIN STREET PHARMACY #4656 (ME),retailer,0.00059872435,0.04070671,0.2689014347439015,0.177623544084728,557
WALGREENS #8885 (WI),retailer,0.0002601727,0.017687418,0.2837268099007595,0.1773110529671662,558
KROGER PHARMACY #5241 (NH),retailer,0.0006172303,0.041964993,0.2672752644746495,0.17715115658217626,559
GOOD NEIGHBOR PHARMACY #8844 (OK),retailer,0.00057637325,0.03918698,0.2689249210534875,0.17702974486222173,560
QUALITY CARE PHARMACY #4482 (RI),retailer,0.00026262534,0.01785418,0.282471599626388,0.17662463185062757,561
WALMART PHARMACY #5853 (IL),retailer,0.00024552617,0.016691549,0.2824680573479615,0.17615745381556644,562
FAMILY CARE PHARMACY #1936 (KS),retailer,0.00024310887,0.016527187,0.2824904962357052,0.17610517275936413,563
WALMART PHARMACY #2368 (DE),retailer,0.0012369462,0.08410161,0.2371281256794147,0.17591752085204196,564
QUALITY CARE PHARMACY #8690 (FL),retailer,0.00022017067,0.014967541,0.2824716868351266,0.1754700285852173,565
HOMETOWN PHARMACY #9630 (AL),retailer,0.0008513805,0.057885673,0.2538452069439532,0.17546139407027014,566
PEOPLES PHARMACY #4185 (KS),retailer,0.00021039367,0.014302769,0.2825225283117155,0.17523462457797287,567
CORNER DRUG STORE #7412 (CA),retailer,0.00020960813,0.014249358,0.2825299517784851,0.17521771458383426,568
WINN-DIXIE PHARMACY #8492 (ID),retailer,0.00020478273,0.013921263,0.2825091600911713,0.17507400131952142,569
VILLAGE PHARMACY #2199 (KS),retailer,0.00018021256,0.012250652,0.2836106104965262,0.17506662712635113,570
CORNER DRUG STORE #6277 (AR),retailer,0.00053904695,0.036649037,0.2672847908222973,0.1750304897269189,571
MEDICO PHARMACY #9907 (CT),retailer,0.00020014694,0.013606058,0.2825264814074373,0.17495831212479088,572
CVS PHARMACY #6414 (OK),retailer,0.0008293114,0.056385115,0.2537981090239919,0.17483291095746975,573
MEDICO PHARMACY #9056 (NY),retailer,0.00018653132,0.012680287,0.2825330548713612,0.17459194744631693,574
SUNRISE PHARMACY #9917 (KS),retailer,0.00015279348,0.010386335,0.2835490140316157,0.1742839424981039,575
RITE AID #5248 (NV),retailer,0.00016996323,0.011553763,0.2825661112659171,0.17416117203119363,576
RITE AID #9225 (ME),retailer,0.00016974106,0.011538658,0.2825380925780135,0.17413831886324868,577
HOMETOWN PHARMACY #8558 (MA),retailer,0.00046900383,0.031886563,0.2686729740301252,0.17395841005888465,578
RITE AID #6030 (NJ),retailer,0.00015542455,0.01056523,0.2825446228309378,0.17375286548205643,579
HARRIS TEETER PHARMACY #2399 (ID),retailer,0.00045889145,0.031198988,0.2686865794225732,0.1736915425621986,580
MAIN STREET PHARMACY #3220 (NV),retailer,0.00045675566,0.031053768,0.2686886915703838,0.1736347223305836,581
CVS PHARMACY #6802 (MT),retailer,0.0001499932,0.010195932,0.2825545843435632,0.17361112345342675,582
SUNRISE PHARMACY #3130 (NJ),retailer,0.00081860734,0.05565731,0.2521860433173363,0.17357454940987732,583
GOOD NEIGHBOR PHARMACY #5790 (MN),retailer,0.0017716724,0.12045948,0.2088371412867617,0.17348607983674474,584
VILLAGE PHARMACY #5786 (ME),retailer,0.00014381154,0.009775622,0.2825486832863733,0.17343945860529808,585
HARRIS TEETER PHARMACY #6773 (OK),retailer,0.00044157283,0.030021437,0.2687385243785148,0.1732516894183615,586
PUBLIX PHARMACY #5267 (KS),retailer,0.00011852818,0.008056518,0.2833753199286463,0.17324779903335583,587
WALGREENS #8411 (IA),retailer,0.0024148396,0.16419064,0.1789894048910206,0.17306989994888694,588
MEDICO PHARMACY #5137 (MN),retailer,0.0024174515,0.16436821,0.1788140444391979,0.1730357100626238,589
HARRIS TEETER PHARMACY #5346 (KS),retailer,0.00010935382,0.007432722,0.2833478013209076,0.17298176955433614,590
FAMILY CARE PHARMACY #5370 (RI),retailer,0.00012619831,0.008578037,0.2825794994013672,0.17297891435896842,591
HOMETOWN PHARMACY #1915 (DE),retailer,0.00079624384,0.05413674,0.2521905272211365,0.17296901160512757,592
HARRIS TEETER PHARMACY #5365 (FL),retailer,0.0004610149,0.031343367,0.2673101490909554,0.17292343660740242,593
MEDICO PHARMACY #6108 (SC),retailer,0.0034008385,0.2312321,0.1336884282951299,0.17270589816121718,594
PEOPLES PHARMACY #9606 (WI),retailer,0.00042001696,0.028555779,0.2686754349132807,0.17262757283511346,595
PEOPLES PHARMACY #5759 (KS),retailer,9.507917e-05,0.006462139,0.2833818512960723,0.1726139665483356,596
CORNER DRUG STORE #3031 (NE),retailer,0.00041839454,0.028445464,0.2686094698114607,0.1725438677104362,597
MEDICO PHARMACY #2099 (NJ),retailer,0.000105811116,0.0071918406,0.2826120656242781,0.17244397559826452,598
WALGREENS #3121 (SC),retailer,0.000742663,0.050493594,0.2536904012655666,0.17241167883547845,599
MEDICO PHARMACY #7770 (FL),retailer,0.0001011715,0.006876377,0.2826065347015798,0.1723144716833496,600
HARRIS TEETER PHARMACY #4694 (CA),retailer,0.000100008954,0.006797333,0.2826145115030748,0.17228764006133035,601
COMMUNITY PHARMACY #3567 (CT),retailer,7.862208e-05,0.0053431643,0.2833788245458864,0.17216456059415416,602
PUBLIX PHARMACY #2932 (KS),retailer,9.439882e-05,0.0064158803,0.2826245515194697,0.1721410831654616,603
HARRIS TEETER PHARMACY #4455 (CT),retailer,7.782221e-05,0.0052887793,0.2833298664006328,0.1721134316414735,604
KROGER PHARMACY #2808 (ND),retailer,0.000402502,0.027364876,0.2686066738144387,0.17210995492344075,605
COMMUNITY PHARMACY #3138 (NJ),retailer,8.871954e-05,0.006029726,0.2826356220535313,0.17199326377425342,606
GOOD NEIGHBOR PHARMACY #7534 (MS),retailer,0.00075464934,0.051308587,0.2521979821739343,0.17184222380922717,607
HEALTH MART PHARMACY #5250 (AL),retailer,8.074874e-05,0.0054877633,0.2826502472867852,0.17178525379435927,608
HARRIS TEETER PHARMACY #4342 (ME),retailer,0.00038374658,0.02608963,0.2685939915326233,0.17159224714171858,609
HOMETOWN PHARMACY #5274 (NY),retailer,0.0007078011,0.048123214,0.2536877224094483,0.1714619199482687,610
VILLAGE PHARMACY #4543 (IL),retailer,5.5002314e-05,0.0037371754,0.2826746018206322,0.17109963126426153,611
HOMETOWN PHARMACY #4303 (KS),retailer,0.00035506013,0.02413914,0.2685403912236659,0.1707798910272341,612
WINN-DIXIE PHARMACY #5194 (FL),retailer,1.3616269e-05,0.00092319626,0.2828365062569592,0.17007118226450949,613
MEDICO PHARMACY #7141 (ND),retailer,1.1536309e-05,0.00078177295,0.282771251729057,0.1699754602287826,614
CORNER DRUG STORE #2881 (AL),retailer,5.958095e-06,0.00040249125,0.2828722780715455,0.16988436333948828,615
QUALITY CARE PHARMACY #8752 (CT),retailer,3.385554e-06,0.00022757507,0.2828678224192146,0.16981172348110876,616
MEDICO PHARMACY #4635 (MT),retailer,0.000644695,0.043832414,0.2535843658169995,0.1696835846585566,617
PEOPLES PHARMACY #9540 (HI),retailer,0.0003374804,0.022943832,0.2673531519487267,0.1695894241475919,618
CVS PHARMACY #7228 (FL),retailer,0.0003131661,0.021290619,0.2684527058959337,0.16958787092181035,619
SUNRISE PHARMACY #5914 (NJ),retailer,0.0003103369,0.021098254,0.268447937186518,0.1695080638250462,620
WALGREENS #8041 (NY),retailer,0.0003347594,0.022758823,0.267339721604505,0.16950736211795733,621
MAIN STREET PHARMACY #8869 (AL),retailer,0.00033009585,0.022441732,0.267345230166509,0.16938383136504545,622
RITE AID #8476 (SD),retailer,0.00032142102,0.021851901,0.2673494608871041,0.1691504369182526,623
MAIN STREET PHARMACY #6380 (KS),retailer,0.0009508018,0.06464567,0.238726296943645,0.1690940463079335,624
PEOPLES PHARMACY #4969 (CA),retailer,0.00030916816,0.021018786,0.2673565237586646,0.16882142879753997,625
PEOPLES PHARMACY #5221 (KS),retailer,0.00030543623,0.02076504,0.2673589634269661,0.16872139427037156,626
WINN-DIXIE PHARMACY #3694 (FL),retailer,0.0003016339,0.020506505,0.267356890639219,0.16861673653903803,627
CORNER DRUG STORE #4855 (RI),retailer,0.00029956986,0.020366164,0.2673602486136737,0.1685626149242033,628
WALGREENS #7353 (OK),retailer,0.00027354172,0.018596424,0.26853246205141,0.1685580470261863,629
PEOPLES PHARMACY #5739 (CO),retailer,0.00027523658,0.018711662,0.2683730665200149,0.16850850458685726,630
PUBLIX PHARMACY #5378 (OR),retailer,0.0002924088,0.019879261,0.2673698097288881,0.1683735906225606,631
WINN-DIXIE PHARMACY #6542 (IL),retailer,0.0002828795,0.01923133,0.2673697379147123,0.16811437489703956,632
PEOPLES PHARMACY #6730 (CT),retailer,0.00028092202,0.019098233,0.2673552048274651,0.16805241645537464,633
COMMUNITY PHARMACY #3558 (DE),retailer,0.00025635358,0.017427742,0.2683853658841453,0.16800231661611212,634
QUALITY CARE PHARMACY #4119 (IL),retailer,0.0002527636,0.017183647,0.2683408476470416,0.16787796721211104,635
MAIN STREET PHARMACY #4193 (KS),retailer,0.00024388825,0.016580181,0.2683463902472391,0.167639906533744,636
GOOD NEIGHBOR PHARMACY #2130 (MS),retailer,0.002214039,0.15053752,0.1786968156673739,0.16743309691418584,637
FAMILY CARE PHARMACY #7468 (NE),retailer,0.00023089632,0.015696814,0.2684427215094337,0.16734435871228392,638
QUALITY CARE PHARMACY #4531 (MD),retailer,0.00025302707,0.017201561,0.267393753241642,0.1673168766304217,639
QUALITY CARE PHARMACY #9423 (NM),retailer,0.0018611837,0.12654567,0.1936710559281098,0.16682090210630818,640
FAMILY CARE PHARMACY #3097 (SC),retailer,0.0005351344,0.036383007,0.2535480867650098,0.1666820553064934,641
WINN-DIXIE PHARMACY #8056 (ND),retailer,0.00022725575,0.01544928,0.2674141403092196,0.1666281964326352,642
FAMILY CARE PHARMACY #2827 (CO),retailer,0.00056043355,0.038103186,0.2522305166654595,0.16657958460943748,643
GOOD NEIGHBOR PHARMACY #4363 (OK),retailer,0.0005310243,0.03610355,0.2535495378577106,0.1665711430387731,644
PUBLIX PHARMACY #3391 (SD),retailer,0.00020110983,0.013671529,0.2682694980042662,0.1664303104080251,645
COMMUNITY PHARMACY #9318 (AL),retailer,0.0011801433,0.08023939,0.223692737132249,0.1663113986610995,646
HEALTH MART PHARMACY #7699 (NY),retailer,0.00055029255,0.037413664,0.2522309221924619,0.16630401953913426,647
MEDICO PHARMACY #2500 (UT),retailer,0.00021510442,0.014623069,0.2674157202161514,0.16629865990457912,648
CORNER DRUG STORE #9454 (NM),retailer,0.0018355532,0.12480296,0.1937276574557482,0.16615777925166242,649
HEALTH MART PHARMACY #7354 (RI),retailer,0.00051764154,0.03519361,0.2534639817232147,0.16615583359475464,650
PEOPLES PHARMACY #1524 (OK),retailer,0.0011736219,0.07979597,0.2236417769409877,0.16610345402465235,651
HEALTH MART PHARMACY #2275 (DE),retailer,0.00020611737,0.014012009,0.2674038419000044,0.16604710870216693,652
GOOD NEIGHBOR PHARMACY #6839 (WI),retailer,0.00018753033,0.012748213,0.2682142706905664,0.16602784734263187,653
WALMART PHARMACY #4015 (SC),retailer,0.0005373408,0.03653303,0.2522306622374977,0.1659516103600815,654
MAIN STREET PHARMACY #2347 (OK),retailer,0.00020129191,0.01368391,0.2674280382102431,0.16593038683940178,655
HARRIS TEETER PHARMACY #1284 (MN),retailer,0.0021514662,0.14628299,0.1787652917834451,0.1657723693926531,656
FAMILY CARE PHARMACY #5079 (SC),retailer,0.0001768521,0.012022163,0.2681964350211492,0.16572672603460376,657
VILLAGE PHARMACY #4526 (UT),retailer,0.0005018398,0.034119196,0.2533558253995127,0.16566117354789653,658
WALGREENS #3078 (MA),retailer,0.00049408205,0.03359172,0.2533403235932822,0.16544088319752423,659
VILLAGE PHARMACY #2656 (ME),retailer,0.0001793919,0.012194852,0.2674209187190265,0.1653304924486894,660
WINN-DIXIE PHARMACY #9341 (ND),retailer,0.0004875834,0.033149853,0.2533610010053232,0.16527654231521574,661
CVS PHARMACY #8436 (AZ),retailer,0.00015673508,0.010654337,0.2682669349539058,0.16522189586775163,662
HEALTH MART PHARMACY #6840 (FL),retailer,0.0004895996,0.033286944,0.2531214002766409,0.1651876181511997,663
QUALITY CARE PHARMACY #7081 (NJ),retailer,0.00046698345,0.031749193,0.2533398973990571,0.16470361604834147,664
HOMETOWN PHARMACY #4702 (OK),retailer,0.00048735467,0.0331343,0.2522448578408304,0.16460063518172163,665
RITE AID #3370 (AR),retailer,0.00014951828,0.010163642,0.2674434260125517,0.16453151240769381,666
HEALTH MART PHARMACY #8164 (MO),retailer,0.0037754178,0.25670105,0.1030838433861428,0.1645307283973511,667
HARRIS TEETER PHARMACY #9496 (ND),retailer,0.00014844176,0.010090445,0.2674440626531475,0.16450261593861182,668
GOOD NEIGHBOR PHARMACY #6942 (ME),retailer,0.00044601897,0.030323744,0.2534349711588052,0.1641904804096238,669
GOOD NEIGHBOR PHARMACY #5849 (IL),retailer,0.00012977445,0.00882119,0.2674460444669272,0.16399610290723118,670
GOOD NEIGHBOR PHARMACY #2517 (AK),retailer,0.0021232206,0.14436245,0.1770512967834588,0.16397575792847371,671
COMMUNITY PHARMACY #9484 (NV),retailer,0.0010930243,0.07431586,0.2236770264561361,0.16393256096573983,672
HEALTH MART PHARMACY #9020 (AL),retailer,0.00012560736,0.008537856,0.2674619388802882,0.1638923057469896,673
KROGER PHARMACY #7322 (NM),retailer,0.001787767,0.12155381,0.1920654210917124,0.16386077678036504,674
RITE AID #5521 (NE),retailer,0.00043695784,0.029707646,0.2532945249870841,0.163859773577477,675
FAMILY CARE PHARMACY #2655 (IL),retailer,0.0007638616,0.051934958,0.238456409563486,0.16384782836727155,676
SUNRISE PHARMACY #1038 (NJ),retailer,0.00011312751,0.0076893093,0.2674223443686312,0.16352913039032194,677
PEOPLES PHARMACY #6853 (ND),retailer,0.00074691774,0.05078289,0.238550017973862,0.16344316755299682,678
CORNER DRUG STORE #3522 (WI),retailer,0.0004399387,0.029910328,0.2522570478291611,0.16331835984416604,679
SUNRISE PHARMACY #9599 (CT),retailer,0.0013998564,0.09517843,0.2085318352806762,0.16319047650862903,680
SUNRISE PHARMACY #3504 (AR),retailer,9.2501126e-05,0.0062868493,0.2674826746032367,0.16300434451562046,681
WINN-DIXIE PHARMACY #2552 (RI),retailer,9.20324e-05,0.006254978,0.2674963173987148,0.1629997817838447,682
PEOPLES PHARMACY #6489 (NJ),retailer,0.0017177823,0.11679531,0.1936857798730878,0.16292959222409414,683
CVS PHARMACY #9580 (KS),retailer,0.0010512981,0.071478754,0.2236248171771619,0.16276639276415428,684
SUNRISE PHARMACY #5334 (AL),retailer,0.0010487704,0.07130689,0.2235997628927333,0.16268261554897445,685
RITE AID #7142 (NJ),retailer,7.880716e-05,0.0053557497,0.267487272329547,0.16263466329569695,686
HARRIS TEETER PHARMACY #6458 (CO),retailer,0.0003929721,0.026716907,0.2532433694184642,0.162632784282018,687
GOOD NEIGHBOR PHARMACY #7171 (MA),retailer,0.0007189247,0.04887954,0.2384001723313758,0.16259192072656328,688
HARRIS TEETER PHARMACY #6283 (CA),retailer,0.0003866796,0.026289059,0.2532539099555522,0.16246796969928204,689
MEDICO PHARMACY #7114 (NJ),retailer,0.0007087021,0.048184477,0.238501538731486,0.1623747147010746,690
MEDICO PHARMACY #2821 (FL),retailer,0.00070968067,0.048251014,0.238455417514499,0.16237365730741976,691
HEALTH MART PHARMACY #3284 (CT),retailer,0.00040397575,0.02746508,0.2522749574494933,0.1623510073654398,692
CORNER DRUG STORE #5404 (NE),retailer,0.0013681815,0.09302475,0.2085382105188105,0.1623328282699903,693
VILLAGE PHARMACY #9084 (ME),retailer,6.104233e-05,0.004147856,0.2675181907383893,0.1621700568785619,694
KROGER PHARMACY #5490 (AR),retailer,0.00039425681,0.026804255,0.252260345700304,0.16207790954883114,695
CVS PHARMACY #8273 (OR),retailer,0.0006988694,0.047515918,0.2384001870411027,0.16204647999747923,696
KROGER PHARMACY #8420 (MT),retailer,0.00036700544,0.024951342,0.2532287789863212,0.16191780438911096,697
PEOPLES PHARMACY #3065 (MT),retailer,0.0020464442,0.13914217,0.1770509139147631,0.16188741731329154,698
HEALTH MART PHARMACY #8078 (NY),retailer,4.6344347e-05,0.0031484913,0.2675499890594961,0.16178938998687456,699
CORNER DRUG STORE #6823 (NY),retailer,0.0010140565,0.06894658,0.2234564349234633,0.16165249237004115,700
KROGER PHARMACY #7794 (MA),retailer,4.0319625e-05,0.0027388495,0.2675697651907574,0.16163739888826884,701
FAMILY CARE PHARMACY #3626 (OK),retailer,3.9065704e-05,0.00265359,0.2675510188642112,0.1615920473402272,702
COMMUNITY PHARMACY #4854 (WY),retailer,0.00100989,0.06866328,0.2235087979113461,0.1615705905571819,703
MEDICO PHARMACY #2352 (OK),retailer,0.0010036697,0.06824034,0.2234893451907694,0.16138974231651185,704
WALGREENS #2651 (GA),retailer,0.001666554,0.113312125,0.1934054062205361,0.1613680945597772,705
KROGER PHARMACY #6996 (NM),retailer,0.0006738669,0.04581591,0.238361207902573,0.16134308919915108,706
HARRIS TEETER PHARMACY #2468 (MN),retailer,0.0006730901,0.045763094,0.2383061934325124,0.16128895439583213,707
HARRIS TEETER PHARMACY #7186 (SC),retailer,0.00036417978,0.024759216,0.2522690478763669,0.16126511577824884,708
CVS PHARMACY #7974 (MT),retailer,0.00035863952,0.024382515,0.2522839080111252,0.16112335131711167,709
CORNER DRUG STORE #2632 (NV),retailer,0.00033868034,0.023025421,0.2531718087189086,0.16111325361536072,710
WALMART PHARMACY #7041 (OK),retailer,2.0403344e-05,0.0013846746,0.2675947101122332,0.16111069588428018,711
HEALTH MART PHARMACY #2396 (NY),retailer,1.4901738e-05,0.0010105997,0.2678259708616685,0.161099822382021,712
CORNER DRUG STORE #1602 (ND),retailer,1.881827e-05,0.0012768977,0.2676040538233112,0.1610731914217787,713
WINN-DIXIE PHARMACY #1709 (WA),retailer,0.0010199953,0.06935038,0.2221227937079078,0.1610138269148234,714
GOOD NEIGHBOR PHARMACY #6051 (NJ),retailer,1.5552063e-05,0.0010548179,0.2676358009457493,0.16100340773245678,715
COMMUNITY PHARMACY #6388 (ME),retailer,0.00035317233,0.024010783,0.252282400633788,0.16097375379109136,716
MEDICO PHARMACY #8860 (ND),retailer,9.611248e-06,0.00065088185,0.2676370283252938,0.16084256973430922,717
HARRIS TEETER PHARMACY #2619 (RI),retailer,7.3254946e-06,0.0004954644,0.2676822034043582,0.16080750782118716,718
MAIN STREET PHARMACY #3156 (NE),retailer,4.434672e-06,0.00029890676,0.2677830768541145,0.16078940881710868,719
RITE AID #8888 (NY),retailer,0.00065304147,0.044399917,0.2383474236231835,0.1607684217692489,720
HOMETOWN PHARMACY #6271 (AR),retailer,5.6835065e-06,0.00038382076,0.2676766189813442,0.16075949969695316,721
WALGREENS #4047 (WI),retailer,2.8392453e-06,0.00019042955,0.2677575640609247,0.16073071025491878,722
WALMART PHARMACY #8242 (NJ),retailer,2.4888725e-06,0.00016660578,0.2677550957364177,0.16071969975662834,723
WALGREENS #9921 (CT),retailer,1.936505e-06,0.00012904847,0.2677046123025822,0.16067438676834453,724
WINN-DIXIE PHARMACY #9226 (CT),retailer,0.0009743841,0.0662491,0.2235830303772962,0.1606494602855847,725
KROGER PHARMACY #6212 (UT),retailer,0.00063384196,0.04309448,0.2382875648045482,0.1602103306742872,726
RITE AID #2280 (MD),retailer,0.0006318392,0.042958304,0.2380603655666223,0.16001954179943267,727
WALGREENS #7193 (FL),retailer,0.00031461605,0.021389207,0.252287190168845,0.15992799740865668,728
WINN-DIXIE PHARMACY #6694 (NV),retailer,0.0006411983,0.043594662,0.2371769450596582,0.15974403299341267,729
KROGER PHARMACY #2176 (NV),retailer,0.00030039388,0.020422192,0.2522896444584436,0.1595426637775008,730
WINN-DIXIE PHARMACY #5659 (AR),retailer,0.0002973558,0.020215623,0.252296212369512,0.15946397665399936,731
GOOD NEIGHBOR PHARMACY #2150 (CA),retailer,0.00060535985,0.04115788,0.2382795735694596,0.15943089534328156,732
CVS PHARMACY #7762 (OK),retailer,0.0002935761,0.019958628,0.2522977450273649,0.1593620987255702,733
QUALITY CARE PHARMACY #3409 (ND),retailer,0.0005964664,0.040553186,0.2382912192191464,0.15919600708459508,734
WALGREENS #1233 (SC),retailer,0.0006161133,0.041889045,0.2371812654086338,0.15906437740018287,735
MAIN STREET PHARMACY #8987 (ME),retailer,0.000276098,0.018770233,0.2522956141416427,0.15888546151052096,736
PUBLIX PHARMACY #9124 (DE),retailer,0.0009084315,0.06176476,0.2234499014661077,0.15877584634693642,737
WINN-DIXIE PHARMACY #4645 (CA),retailer,0.00026563136,0.01805857,0.252303525967412,0.1586055438074546,738
SUNRISE PHARMACY #9718 (HI),retailer,0.0012305185,0.08366457,0.2085493023622252,0.15859541016389234,739
GOOD NEIGHBOR PHARMACY #6194 (NH),retailer,0.0005737334,0.03900749,0.2382103804299006,0.1585292238994699,740
RITE AID #9980 (ME),retailer,0.00057165005,0.038865834,0.2381733456415893,0.15845034136104352,741
VILLAGE PHARMACY #2291 (AK),retailer,0.0012277793,0.083478324,0.2083962925284376,0.15842910590823114,742
CVS PHARMACY #6302 (ID),retailer,0.00056842266,0.038646393,0.2382302496848017,0.15839670663431346,743
PEOPLES PHARMACY #1405 (NE),retailer,0.00025687247,0.017463023,0.2523147460945447,0.1583740570733249,744
KROGER PHARMACY #8452 (WA),retailer,0.0015550343,0.10572951,0.1934572112117997,0.1583661318752045,745
GOOD NEIGHBOR PHARMACY #2848 (MT),retailer,0.0008852182,0.060186412,0.2233465242726576,0.15808248018282484,746
KROGER PHARMACY #4771 (NV),retailer,0.0005567569,0.0378532,0.2382223782248786,0.15807470730289763,747
CVS PHARMACY #5032 (RI),retailer,0.00022895767,0.015565,0.2523200785260542,0.15761804702601692,748
QUALITY CARE PHARMACY #8298 (CO),retailer,0.0005392078,0.036659975,0.238227015028108,0.1576001986725383,749
MAIN STREET PHARMACY #5515 (NV),retailer,0.00022325026,0.015176933,0.2523162159709592,0.15746050316548105,750
MEDICO PHARMACY #6577 (CA),retailer,0.00022082326,0.015011913,0.2523109347694949,0.15739132602580402,751
RITE AID #2593 (ID),retailer,0.00086005166,0.05847525,0.2233228624220197,0.15738381685945418,752
WALGREENS #8617 (GA),retailer,0.002176026,0.14795288,0.1635264824908752,0.15729704326878657,753
PUBLIX PHARMACY #6448 (NE),retailer,0.00054368685,0.03696452,0.2371998300037953,0.15710570651335554,754
VILLAGE PHARMACY #4087 (DE),retailer,0.0008483618,0.05768042,0.22331781573444,0.15706285767167444,755
COMMUNITY PHARMACY #9849 (AK),retailer,0.0011752535,0.07990692,0.2083723430134227,0.15698617305143892,756
QUALITY CARE PHARMACY #2379 (SD),retailer,0.0002025554,0.013769818,0.2523314911873647,0.15690682163471034,757
WALMART PHARMACY #2043 (NH),retailer,0.00020235669,0.013756308,0.2523181073503494,0.15689338779892323,758
HOMETOWN PHARMACY #8574 (OR),retailer,0.0011718719,0.07967698,0.2083579402188499,0.15688555768251652,759
PEOPLES PHARMACY #8504 (ND),retailer,0.00019616557,0.013335352,0.2523276830620743,0.156730750570129,760
CORNER DRUG STORE #6667 (AL),retailer,0.00018973388,0.012898039,0.2523350767754682,0.15656026160124945,761
WINN-DIXIE PHARMACY #1109 (AL),retailer,0.0001733572,0.011784532,0.2529445894287022,0.15648056650018644,762
QUALITY CARE PHARMACY #5230 (NM),retailer,0.00018569232,0.01262324,0.2523390495595972,0.15645272592485784,763
VILLAGE PHARMACY #3656 (WA),retailer,0.0018150959,0.123412006,0.1783698537357259,0.15638671373770285,764
PEOPLES PHARMACY #6398 (AR),retailer,0.0014887248,0.1012209,0.1931501230921189,0.15637843244229793,765
QUALITY CARE PHARMACY #3676 (TX),retailer,0.0005154592,0.035045225,0.2371976115553365,0.1563366573750249,766
WINN-DIXIE PHARMACY #4828 (HI),retailer,0.001151236,0.07827388,0.2083620130090254,0.15632676029612644,767
QUALITY CARE PHARMACY #6470 (OK),retailer,0.00016560628,0.011257521,0.2529308073436547,0.156261492850055,768
MEDICO PHARMACY #9648 (MA),retailer,0.00017597993,0.011962861,0.2523449685306519,0.15619212535432994,769
HARRIS TEETER PHARMACY #8332 (SD),retailer,0.00081055093,0.05510953,0.2233882146708477,0.15607674182249953,770
WALGREENS #6172 (CT),retailer,0.0001668773,0.011343941,0.2523435202430051,0.15594368848966725,771
MAIN STREET PHARMACY #2598 (NV),retailer,0.0004772695,0.032448575,0.2381427924685809,0.1558651056276639,772
WINN-DIXIE PHARMACY #3574 (OR),retailer,0.0014567795,0.09904884,0.1933604989205964,0.15563583456010624,773
QUALITY CARE PHARMACY #2760 (MN),retailer,0.00046610436,0.03168942,0.2381195741544943,0.15554751318846827,774
WALGREENS #5730 (AR),retailer,0.0011231117,0.07636161,0.2083326773313634,0.1555442506204815,775
PEOPLES PHARMACY #6284 (NH),retailer,0.0011162778,0.07589695,0.2084186645932027,0.1554099789313691,776
COMMUNITY PHARMACY #1901 (CA),retailer,0.00081227935,0.05522705,0.22214142925714,0.15537567814990605,777
WALMART PHARMACY #6837 (MN),retailer,0.0004542886,0.030886024,0.2382583753189512,0.15530943544483589,778
WALMART PHARMACY #5220 (ME),retailer,0.00078192784,0.053163342,0.2232415704515478,0.15521027951460487,779
RITE AID #1732 (OR),retailer,0.0011079233,0.0753289,0.2083512317908047,0.15514230075611105,780
CORNER DRUG STORE #1891 (MT),retailer,0.00077915884,0.05297507,0.223221998712441,0.15512322786511223,781
HEALTH MART PHARMACY #2714 (MS),retailer,0.0008027982,0.05458239,0.2221403751086978,0.1551171810663812,782
HARRIS TEETER PHARMACY #4867 (AZ),retailer,0.00013485372,0.009166547,0.2523711090557575,0.15508928427236077,783
PEOPLES PHARMACY #6526 (WA),retailer,0.0021034714,0.14301965,0.1631048942507375,0.15507079660302808,784
MAIN STREET PHARMACY #1443 (ME),retailer,0.00012197219,0.0082906885,0.2528840597646765,0.15504671140140783,785
CVS PHARMACY #5216 (AK),retailer,0.00013030665,0.008857377,0.2523866155591216,0.1549749201780025,786
GOOD NEIGHBOR PHARMACY #1814 (OR),retailer,0.0007692644,0.05230232,0.2233477506934414,0.15492957898371276,787
CORNER DRUG STORE #4270 (SC),retailer,0.00076917605,0.052296307,0.2233491777205802,0.1549280305251084,788
VILLAGE PHARMACY #3051 (SD),retailer,0.00076816883,0.05222782,0.2232238494455087,0.1548254377752106,789
HOMETOWN PHARMACY #3142 (FL),retailer,0.0010942942,0.07440221,0.2084306884725978,0.1548192990672642,790
HEALTH MART PHARMACY #6716 (UT),retailer,0.0010954173,0.074478574,0.2083198080030704,0.15478331444070484,791
MAIN STREET PHARMACY #3283 (NV),retailer,0.00012001431,0.008157564,0.2523722121464239,0.1546863530652688,792
MAIN STREET PHARMACY #1430 (ND),retailer,0.00011821815,0.008035439,0.2523866358674032,0.15464615710051133,793
HOMETOWN PHARMACY #7541 (SC),retailer,0.00011541211,0.007844646,0.252383868355417,0.1545681795977734,794
QUALITY CARE PHARMACY #4508 (MS),retailer,0.00010902987,0.007410696,0.2524005718795338,0.154404621577956,795
HARRIS TEETER PHARMACY #8735 (WI),retailer,0.00010927975,0.0074276854,0.252368653395141,0.15439226634814726,796
WALMART PHARMACY #4965 (SC),retailer,0.0007483614,0.050881047,0.2232214108046994,0.1542852659485999,797
WALMART PHARMACY #1854 (KS),retailer,0.00043948714,0.029879622,0.2372141113278584,0.1542803156612704,798
MAIN STREET PHARMACY #6741 (AZ),retailer,0.0014115692,0.09597483,0.1930789196494727,0.15423728415390903,799
PEOPLES PHARMACY #1608 (RI),retailer,0.00010162761,0.0069073895,0.2523936760249808,0.15419916146125343,800
CORNER DRUG STORE #8437 (OK),retailer,0.0010704476,0.072780795,0.2084006987879993,0.15415273780347832,801
SUNRISE PHARMACY #7916 (MT),retailer,0.0007433309,0.050539006,0.2232212245114528,0.15414833729850547,802
FAMILY CARE PHARMACY #1694 (DE),retailer,0.00043383427,0.029495265,0.2372180417789521,0.15412893120130908,803
CVS PHARMACY #9124 (OR),retailer,9.898753e-05,0.006727883,0.2523923836461272,0.15412658339174487,804
PEOPLES PHARMACY #7922 (SC),retailer,9.709366e-05,0.0065991115,0.2523853497358697,0.1540708543879561,805
MEDICO PHARMACY #4659 (ID),retailer,0.00073924556,0.05026123,0.2232511197558397,0.1540551639366957,806
WALGREENS #5490 (WA),retailer,9.4327304e-05,0.006411017,0.2523747445100744,0.15398925342696604,807
HOMETOWN PHARMACY #7249 (UT),retailer,0.00042869203,0.029145626,0.23720522785031,0.15398138706441641,808
VILLAGE PHARMACY #1737 (NV),retailer,9.242527e-05,0.0062816916,0.2523957180925989,0.15395010749690438,809
GOOD NEIGHBOR PHARMACY #5060 (NH),retailer,0.0007293291,0.049586978,0.2233483896100861,0.1538438260075058,810
WALMART PHARMACY #2370 (MA),retailer,0.000730948,0.049697053,0.2232180624572789,0.153809658921859,811
QUALITY CARE PHARMACY #9990 (HI),retailer,0.0010580395,0.07193713,0.2082859475940886,0.15374642048957485,812
CORNER DRUG STORE #1763 (DE),retailer,0.00072669104,0.0494076,0.2232284143587286,0.15370008990289774,813
GOOD NEIGHBOR PHARMACY #4482 (NJ),retailer,0.0007261467,0.04937059,0.2232169287491077,0.15367839423347912,814
CORNER DRUG STORE #8986 (WY),retailer,0.0007204493,0.04898321,0.2231776137638901,0.15349985179238404,815
HEALTH MART PHARMACY #9121 (MD),retailer,7.46313e-05,0.005071818,0.2524084559851339,0.15347380079655054,816
FAMILY CARE PHARMACY #8944 (CA),retailer,7.4185264e-05,0.0050414903,0.252420094338703,0.15346865286649633,817
HOMETOWN PHARMACY #5198 (UT),retailer,7.524954e-05,0.005113855,0.2523714723817616,0.1534684254307812,818
WALMART PHARMACY #9182 (AZ),retailer,0.00040901272,0.027807562,0.2372166590214951,0.1534530202714314,819
VILLAGE PHARMACY #6515 (MT),retailer,0.0010469012,0.07117979,0.2082606908780318,0.15342833144080528,820
MEDICO PHARMACY #9170 (VT),retailer,7.02782e-05,0.0047758357,0.252372652706843,0.1533339259606772,821
FAMILY CARE PHARMACY #1327 (ND),retailer,5.7806898e-05,0.0039278693,0.2528096229497412,0.15325692147247905,822
VILLAGE PHARMACY #6301 (WI),retailer,6.270382e-05,0.0042608283,0.252440464572333,0.1531686101144017,823
HOMETOWN PHARMACY #9066 (SC),retailer,6.1159815e-05,0.0041558454,0.252424165299179,0.1531168373320352,824
WALGREENS #7427 (WY),retailer,0.0010345394,0.07033928,0.2082614924068795,0.15309260677132286,825
VILLAGE PHARMACY #1009 (NE),retailer,0.0007034092,0.04782459,0.2231907249342167,0.1530442718923547,826
GOOD NEIGHBOR PHARMACY #7174 (ND),retailer,0.0007255339,0.049328927,0.2221495325631147,0.15302129143573315,827
HEALTH MART PHARMACY #8336 (NE),retailer,0.001030886,0.07009087,0.2082878867669089,0.15300907871920963,828
WINN-DIXIE PHARMACY #4020 (CT),retailer,0.0010312567,0.07011607,0.2082501884369015,0.15299654221939796,829
HEALTH MART PHARMACY #1579 (AR),retailer,5.6285633e-05,0.0038244335,0.2524293567610596,0.15298738752106214,830
RITE AID #3893 (AZ),retailer,0.0003718236,0.025278946,0.2380959777585797,0.15296916539532737,831
PUBLIX PHARMACY #2532 (AZ),retailer,5.4954737e-05,0.0037339404,0.2524586855483516,0.15296878754459106,832
GOOD NEIGHBOR PHARMACY #6889 (TX),retailer,0.001688499,0.11480424,0.178310006330988,0.1529076982859261,833
MEDICO PHARMACY #6633 (ID),retailer,4.516531e-05,0.0030683235,0.2527401215025335,0.15287140227022317,834
HOMETOWN PHARMACY #4278 (NY),retailer,5.135938e-05,0.0034894806,0.2524489642581947,0.1528651707896058,835
FAMILY CARE PHARMACY #6668 (KS),retailer,4.375495e-05,0.0029724294,0.2527206230505699,0.15282134563107158,836
HEALTH MART PHARMACY #1722 (WY),retailer,0.0010213909,0.06944526,0.2082304165160423,0.15271635385726484,837
FAMILY CARE PHARMACY #6878 (OR),retailer,0.00069180696,0.047035713,0.2231578513871385,0.15270899704937657,838
QUALITY CARE PHARMACY #1048 (SD),retailer,0.0006894115,0.04687284,0.2231683513816573,0.1526501473067032,839
CORNER DRUG STORE #7024 (MA),retailer,4.0422008e-05,0.0027458116,0.2524610096522234,0.15257493045247716,840
GOOD NEIGHBOR PHARMACY #6888 (ME),retailer,2.9149958e-05,0.0019793857,0.2526261289912481,0.15236743167729414,841
WALGREENS #2585 (SD),retailer,0.00034859296,0.023699416,0.2380048154937727,0.1522826560078563,842
HEALTH MART PHARMACY #9073 (NY),retailer,2.8790737e-05,0.0019549604,0.2524876635023947,0.15227458228630544,843
HARRIS TEETER PHARMACY #5699 (AZ),retailer,0.0010048968,0.068323776,0.208226968690834,0.15226569129233453,844
GOOD NEIGHBOR PHARMACY #5417 (HI),retailer,2.8169992e-05,0.0019127547,0.252475314850968,0.1522502908365164,845
RITE AID #3474 (IL),retailer,2.2279966e-05,0.0015122714,0.252675337736598,0.15221011120608677,846
WALGREENS #2438 (VT),retailer,0.0010002141,0.06800538,0.2083333017110801,0.15220213460504867,847
KROGER PHARMACY #7113 (RI),retailer,2.1497299e-05,0.0014590564,0.2524790794653826,0.15207107022563043,848
GOOD NEIGHBOR PHARMACY #9827 (AZ),retailer,0.001657842,0.11271975,0.1782879985037525,0.15206069911498304,849
VILLAGE PHARMACY #1306 (NJ),retailer,2.0544803e-05,0.0013942901,0.2524943371538086,0.15205431835504327,850
HOMETOWN PHARMACY #6092 (RI),retailer,1.9654466e-05,0.0013337536,0.2525180084763705,0.15204430652880976,851
MEDICO PHARMACY #4332 (ID),retailer,1.8831555e-05,0.0012778004,0.2524963971956632,0.15200895850731053,852
PEOPLES PHARMACY #4568 (WA),retailer,0.0013229584,0.08994988,0.1933589671768623,0.15199533296930057,853
HEALTH MART PHARMACY #9760 (RI),retailer,1.7245457e-05,0.0011699559,0.252510900730486,0.15197452281428592,854
MEDICO PHARMACY #3356 (TX),retailer,0.00035408008,0.024072504,0.2372257948376909,0.15196447874356359,855
WINN-DIXIE PHARMACY #1281 (AZ),retailer,0.0009904393,0.06734076,0.2083221081124831,0.15192957055432132,856
FAMILY CARE PHARMACY #4281 (RI),retailer,1.2629559e-05,0.0008561059,0.2525490569991369,0.15187187656251705,857
PEOPLES PHARMACY #6646 (CA),retailer,1.2325804e-05,0.00083545316,0.2525462785897717,0.15186194842372663,858
HARRIS TEETER PHARMACY #4789 (NJ),retailer,1.10687915e-05,0.00074998545,0.2525435027866112,0.15182609586544984,859
MEDICO PHARMACY #7491 (NJ),retailer,9.807486e-06,0.00066422456,0.2525928259052463,0.1518213853718137,860
CORNER DRUG STORE #6921 (NE),retailer,9.470315e-06,0.00064129883,0.2525609329750501,0.1517930793168612,861
SUNRISE PHARMACY #1914 (OR),retailer,9.604736e-06,0.0006504375,0.2525520206810426,0.1517913874106659,862
HOMETOWN PHARMACY #2658 (AL),retailer,9.099537e-06,0.00061608845,0.2525683807716118,0.1517874638376871,863
WINN-DIXIE PHARMACY #9954 (NY),retailer,0.0003469737,0.023589317,0.2372364095216436,0.151777572973993,864
CORNER DRUG STORE #7541 (NE),retailer,8.642639e-06,0.0005850222,0.2525300293953086,0.15175202652031125,865
RITE AID #1519 (NM),retailer,0.0010106725,0.06871648,0.2071074691816382,0.15175107404018712,866
VILLAGE PHARMACY #8147 (ME),retailer,8.7608405e-06,0.00059305807,0.2525064100933135,0.15174106928256512,867
VILLAGE PHARMACY #2020 (KS),retailer,0.00067786814,0.046087965,0.2221495645532383,0.15172492450710376,868
WALGREENS #1013 (NH),retailer,0.0009775497,0.06646435,0.2083489863732917,0.15159513279256,869
MAIN STREET PHARMACY #6958 (DE),retailer,0.0009718394,0.066076085,0.2083161620686672,0.15142013085724246,870
KROGER PHARMACY #7026 (MS),retailer,0.001965183,0.13361695,0.1632656118180219,0.15140614798103952,871
WINN-DIXIE PHARMACY #9889 (WA),retailer,0.00033302009,0.022640562,0.2372384725370007,0.15139930800992232,872
VILLAGE PHARMACY #8600 (HI),retailer,0.0019619646,0.1333981,0.1633842004692457,0.15138976057505021,873
PEOPLES PHARMACY #8009 (NH),retailer,0.00033059609,0.022475744,0.2372425140299691,0.1513358064432915,874
CORNER DRUG STORE #9113 (HI),retailer,0.0009653772,0.0656367,0.2083392816134476,0.15125825083840985,875
MAIN STREET PHARMACY #7377 (IA),retailer,0.000969129,0.065891795,0.2079661924586454,0.1511364330468034,876
WALMART PHARMACY #5569 (MS),retailer,0.000985271,0.06698935,0.2071037672076711,0.15105799963260225,877
MAIN STREET PHARMACY #4612 (MS),retailer,0.00030379795,0.020653648,0.2379865228452002,0.15105337358669726,878
GOOD NEIGHBOR PHARMACY #7379 (WA),retailer,0.0009611951,0.06535234,0.2081788015282235,0.15104821849859246,879
CVS PHARMACY #3842 (ND),retailer,0.000319458,0.021718428,0.2372451519785644,0.15103446257521638,880
WALGREENS #9222 (OR),retailer,0.00031807713,0.021624537,0.2372327103042865,0.1509894410565057,881
QUALITY CARE PHARMACY #4381 (CO),retailer,0.00031636027,0.021507803,0.237248344179265,0.1509521276615693,882
HOMETOWN PHARMACY #1125 (MA),retailer,0.00031555523,0.021453066,0.2372293318879172,0.15091882582435398,883
KROGER PHARMACY #7791 (CA),retailer,0.00031214574,0.021221241,0.2372495133432273,0.15083820477143073,884
SUNRISE PHARMACY #3108 (NM),retailer,0.0012730694,0.086557746,0.1933484794421447,0.15063218529364183,885
HARRIS TEETER PHARMACY #5423 (HI),retailer,0.0012729336,0.086548515,0.1932130171680442,0.15054721616649577,886
KROGER PHARMACY #7238 (CO),retailer,0.0012629263,0.08586809,0.1933311487500748,0.15034592540650848,887
MEDICO PHARMACY #8138 (MD),retailer,0.0006243888,0.042451724,0.2221577737661508,0.1502753551413004,888
PEOPLES PHARMACY #2188 (IA),retailer,0.0015907281,0.108156465,0.1782633797893379,0.15022061387118424,889
COMMUNITY PHARMACY #3160 (TX),retailer,0.0009213655,0.06264419,0.2081366797166298,0.14993968500955285,890
RITE AID #3713 (MT),retailer,0.00027536592,0.018720457,0.2372524122748855,0.14983963057646651,891
CORNER DRUG STORE #7916 (MO),retailer,0.0015769374,0.10721877,0.1782251573388132,0.14982260327245905,892
GOOD NEIGHBOR PHARMACY #5811 (MT),retailer,0.0009204216,0.06258001,0.2079146533893925,0.1497807963751186,893
WALGREENS #4909 (KS),retailer,0.00026841543,0.018247869,0.2372518877045011,0.149650280168992,894
HARRIS TEETER PHARMACY #8566 (DE),retailer,0.0009124526,0.062038172,0.2079128370597453,0.14956297105041094,895
WALGREENS #9353 (NM),retailer,0.00090469007,0.061510373,0.2082529507623934,0.14955591962020534,896
HARRIS TEETER PHARMACY #8577 (SD),retailer,0.0015572037,0.10587701,0.1783623902064251,0.1493682404197268,897
WINN-DIXIE PHARMACY #8462 (MO),retailer,0.0002555822,0.017375294,0.2372652524740344,0.1493092691320685,898
WINN-DIXIE PHARMACY #8598 (NE),retailer,0.00025349908,0.017233655,0.2372655865023563,0.14925281393721876,899
COMMUNITY PHARMACY #6944 (CT),retailer,0.00025320516,0.017213669,0.2372653268482428,0.14924466367177017,900
WINN-DIXIE PHARMACY #6261 (VT),retailer,0.0022138362,0.15052372,0.148311565656388,0.14919642975266229,901
RITE AID #9329 (MN),retailer,0.001223264,0.083171315,0.1931889794690305,0.1491819138778981,902
MAIN STREET PHARMACY #6902 (ID),retailer,0.00089240394,0.060675,0.2081281667824341,0.14914690000568348,903
MAIN STREET PHARMACY #7917 (CO),retailer,0.0002452181,0.016670603,0.2372673168504602,0.14902863133918443,904
WALMART PHARMACY #5027 (SD),retailer,0.0012154069,0.08263709,0.1932005235573235,0.14897515022877353,905
HARRIS TEETER PHARMACY #6503 (MO),retailer,0.0018755154,0.12752013,0.1632491655948887,0.14895755248088416,906
FAMILY CARE PHARMACY #5991 (SC),retailer,0.00024265438,0.016496286,0.2372506620499888,0.14894891173472397,907
MAIN STREET PHARMACY #1955 (GA),retailer,0.0015417533,0.104826495,0.1782370527466606,0.1488728289234919,908
CVS PHARMACY #9401 (NY),retailer,0.001211489,0.08237068,0.1931663056359699,0.14884805754697386,909
WALGREENS #5199 (AK),retailer,0.00023785692,0.01617009,0.2372556130593289,0.14882140404762442,910
QUALITY CARE PHARMACY #7383 (VT),retailer,0.0008771461,0.05963756,0.2081378510162707,0.14873773555847858,911
RITE AID #3609 (ID),retailer,0.00022895043,0.015564508,0.2372763956360675,0.14859164078296166,912
VILLAGE PHARMACY #3997 (AL),retailer,0.00086786,0.059006166,0.2082254998201851,0.14853776692239784,913
HEALTH MART PHARMACY #8093 (UT),retailer,0.00086898694,0.059082795,0.2081513743215266,0.14852394331177848,914
HOMETOWN PHARMACY #9204 (AL),retailer,0.00022571468,0.015344498,0.2372686037495116,0.1484989612556624,915
PEOPLES PHARMACY #9356 (IA),retailer,0.0015275478,0.10386061,0.1782044629268517,0.14846692144946277,916
COMMUNITY PHARMACY #8195 (OK),retailer,0.00022364654,0.015203876,0.2372531430137393,0.14843343665598255,917
PUBLIX PHARMACY #9432 (NV),retailer,0.00022123451,0.015039875,0.2372778410256875,0.1483826549636407,918
HEALTH MART PHARMACY #8655 (HI),retailer,0.00022091347,0.015018047,0.2372775299926012,0.14837373672899062,919
RITE AID #4103 (MS),retailer,0.0002080587,0.014144007,0.2378581323321906,0.14837248243220133,920
KROGER PHARMACY #8228 (UT),retailer,0.00021989716,0.014948944,0.2372754720003813,0.14834486074530537,921
COMMUNITY PHARMACY #6537 (MT),retailer,0.00021815431,0.014830441,0.2372803625195778,0.14830039399740436,922
KROGER PHARMACY #2159 (MD),retailer,0.0012140109,0.08254216,0.1920830797960119,0.14826671208797434,923
CVS PHARMACY #7788 (NE),retailer,0.00020851081,0.014174747,0.2372755178381748,0.1480352095220832,924
RITE AID #4432 (ID),retailer,0.00020729912,0.01409236,0.2372870955263197,0.14800920128566739,925
COMMUNITY PHARMACY #3798 (AK),retailer,0.0008629383,0.058671527,0.2071160902394452,0.14773826590559472,926
VILLAGE PHARMACY #9112 (RI),retailer,0.00018648115,0.012676874,0.2372794801196519,0.14743843774205823,927
VILLAGE PHARMACY #3422 (SC),retailer,0.0001837715,0.012492635,0.237296011041889,0.14737466074007116,928
CORNER DRUG STORE #1656 (DE),retailer,0.00082252367,0.055923596,0.2082275525710528,0.147305970324966,929
HEALTH MART PHARMACY #7444 (AK),retailer,0.00017798576,0.012099243,0.2372503345595107,0.1471898981227759,930
CVS PHARMACY #1671 (HI),retailer,0.0014804815,0.100660406,0.1781964194891943,0.14718201485980115,931
PUBLIX PHARMACY #1993 (CO),retailer,0.0008195709,0.055722825,0.208089431509743,0.14714278974257103,932
WALGREENS #9103 (IA),retailer,0.001807255,0.12287888,0.1631836289116134,0.14706172832539022,933
HARRIS TEETER PHARMACY #1338 (NH),retailer,0.0014762571,0.100373186,0.178145260675592,0.14703643161883517,934
HOMETOWN PHARMACY #2774 (SC),retailer,0.0011413073,0.07759879,0.1932705635154898,0.14700185361949533,935
QUALITY CARE PHARMACY #5311 (NM),retailer,0.0011399015,0.077503204,0.1931415469768023,0.1468862110419497,936
GOOD NEIGHBOR PHARMACY #8292 (NE),retailer,0.00016262902,0.011055087,0.2372916127511165,0.14679700225328216,937
CVS PHARMACY #1770 (OR),retailer,0.00016223834,0.011028524,0.2372846520773596,0.1467822008554355,938
WINN-DIXIE PHARMACY #6652 (VT),retailer,0.00015969326,0.010855473,0.2372874021717007,0.14671463036168186,939
GOOD NEIGHBOR PHARMACY #7042 (MT),retailer,0.0014635307,0.099507876,0.1781805415919995,0.146711475996469,940
COMMUNITY PHARMACY #6619 (MT),retailer,0.0004866055,0.03308336,0.2221738558980064,0.14653765760941723,941
GOOD NEIGHBOR PHARMACY #6303 (MD),retailer,0.001124327,0.07644424,0.1931293156934633,0.1464552844132694,942
WALGREENS #2363 (UT),retailer,0.00014950828,0.010162963,0.2373119422925918,0.14645235069518736,943
PUBLIX PHARMACY #6189 (IA),retailer,0.0017827235,0.12121088,0.1632333461467486,0.1464243591740168,944
QUALITY CARE PHARMACY #3035 (NY),retailer,0.0004623613,0.031434916,0.223057407671804,0.14640841135954544,945
COMMUNITY PHARMACY #4828 (AR),retailer,0.0011205189,0.076185316,0.1931445736368577,0.14636087052107336,946
HOMETOWN PHARMACY #6366 (WA),retailer,0.0014484305,0.09848115,0.1781559955377237,0.14628605746023987,947
HARRIS TEETER PHARMACY #2941 (NH),retailer,0.00014275746,0.00970395,0.2372907478762814,0.14625602868925922,948
WINN-DIXIE PHARMACY #5416 (AL),retailer,0.0007876283,0.05355094,0.2080493244057992,0.1462499710187971,949
HARRIS TEETER PHARMACY #1609 (WY),retailer,0.0014458232,0.098303884,0.1781445720061549,0.1462082961657577,950
MAIN STREET PHARMACY #2581 (NE),retailer,0.00047391388,0.032220416,0.2221801878190923,0.14619627881359387,951
MEDICO PHARMACY #4239 (VT),retailer,0.0014436366,0.0981552,0.1781779376248159,0.14616884500262964,952
VILLAGE PHARMACY #8189 (MD),retailer,0.00013873992,0.009430784,0.2373150294244592,0.1461613311284217,953
FAMILY CARE PHARMACY #3942 (NM),retailer,0.0017747115,0.12066613,0.1631558464618404,0.14615995968293422,954
FAMILY CARE PHARMACY #7641 (AL),retailer,0.0011128864,0.07566635,0.1931218222703829,0.14613963534988728,955
KROGER PHARMACY #6315 (AL),retailer,0.00013730185,0.009333004,0.2373099896625533,0.1461191954484346,956
VILLAGE PHARMACY #3392 (NY),retailer,0.0011113443,0.07556151,0.193083487536533,0.1460746970540424,957
WALMART PHARMACY #3071 (ID),retailer,0.000469263,0.031904187,0.2221752695198626,0.14606683653329436,958
MEDICO PHARMACY #1437 (VT),retailer,0.00045107675,0.030667642,0.2229665926447433,0.14604701243942508,959
HARRIS TEETER PHARMACY #2079 (NH),retailer,0.00013455047,0.009145929,0.2373065379247676,0.14604229426670734,960
KROGER PHARMACY #5224 (NH),retailer,0.0020971722,0.14259134,0.148183629404892,0.14594671531998482,961
CORNER DRUG STORE #9828 (AR),retailer,0.0014293998,0.09718719,0.1781310578043045,0.14575351043670065,962
HOMETOWN PHARMACY #2945 (RI),retailer,0.0001230911,0.008366767,0.2373100134709311,0.14573271505594745,963
WALMART PHARMACY #1882 (DE),retailer,0.00011999895,0.008156521,0.2373074528995621,0.14564708028463827,964
KROGER PHARMACY #7324 (ID),retailer,0.0014300176,0.097229205,0.1778828340007407,0.14562138466438906,965
MAIN STREET PHARMACY #1380 (SD),retailer,0.00011767652,0.007998611,0.2373308961640794,0.14559798208369307,966
SUNRISE PHARMACY #6929 (SC),retailer,0.0014225461,0.09672119,0.1781520707001642,0.14557971954884263,967
COMMUNITY PHARMACY #5242 (DE),retailer,0.00045096208,0.030659843,0.2221799405366187,0.14557190217524793,968
SUNRISE PHARMACY #6972 (NM),retailer,0.0014175175,0.09637928,0.1782543967573546,0.14550435232571973,969
MAIN STREET PHARMACY #6718 (DE),retailer,0.00011408434,0.0077543664,0.237312823793693,0.1454894408279083,970
MEDICO PHARMACY #3698 (MS),retailer,0.00044790952,0.03045229,0.2221740814826988,0.14548536492330447,971
CVS PHARMACY #5523 (NY),retailer,0.000112757865,0.0076641757,0.2373354229798686,0.14546692416270204,972
WINN-DIXIE PHARMACY #2750 (NM),retailer,0.0017479912,0.11884931,0.1631445867586923,0.14542647422962143,973
PEOPLES PHARMACY #3698 (ME),retailer,0.00010873575,0.0073906966,0.2373208177281617,0.14534876925904744,974
HEALTH MART PHARMACY #2360 (NY),retailer,0.00044102367,0.029984098,0.2221836201419834,0.14530381125631353,975
VILLAGE PHARMACY #4459 (DE),retailer,0.0014067559,0.09564756,0.1782278323717799,0.14519572508620537,976
GOOD NEIGHBOR PHARMACY #3820 (AK),retailer,0.000101804384,0.0069194096,0.2373238413672271,0.14516206861939265,977
WINN-DIXIE PHARMACY #6719 (NJ),retailer,9.2698225e-05,0.0063002515,0.2377025808136581,0.14514164916744343,978
VILLAGE PHARMACY #9280 (NJ),retailer,9.938949e-05,0.0067552133,0.2373293039106274,0.14509966764765644,979
HARRIS TEETER PHARMACY #5801 (NM),retailer,9.569893e-05,0.006504278,0.2373381886623443,0.1450046245097155,980
WALGREENS #7869 (VT),retailer,0.0010686456,0.07265827,0.1931784766657553,0.14497039461096536,981
VILLAGE PHARMACY #2453 (AK),retailer,0.0013981322,0.095061205,0.1782041103942991,0.14494694762252575,982
HARRIS TEETER PHARMACY #1358 (CA),retailer,0.0010670482,0.072549656,0.1931135800773592,0.1448880104598219,983
VILLAGE PHARMACY #6654 (CA),retailer,0.00042499098,0.02889398,0.2221861156289479,0.14486926145641213,984
VILLAGE PHARMACY #5077 (CT),retailer,8.0283426e-05,0.005456126,0.237683599290958,0.14479260995288845,985
HEALTH MART PHARMACY #9423 (WY),retailer,0.0013918696,0.09463538,0.1781000431305393,0.14471417954124355,986
WALGREENS #4628 (WA),retailer,0.0017190973,0.11688472,0.1632590775558499,0.14470933734590694,987
MAIN STREET PHARMACY #2285 (CA),retailer,8.222698e-05,0.0055882744,0.2373475259743939,0.14464382550397872,988
HEALTH MART PHARMACY #5152 (RI),retailer,8.202468e-05,0.005574519,0.237336601833746,0.14463176876581915,989
GOOD NEIGHBOR PHARMACY #3644 (AR),retailer,7.048014e-05,0.0047895657,0.2377012607292883,0.14453658278336687,990
WALMART PHARMACY #9127 (AL),retailer,7.792317e-05,0.0052956436,0.2373416643172344,0.14452325616321507,991
WALGREENS #9060 (IA),retailer,0.00041183244,0.027999286,0.222177806557327,0.14450639855033723,992
FAMILY CARE PHARMACY #5859 (GA),retailer,0.0007429395,0.050512392,0.20712866046423,0.14448215385314395,993
KROGER PHARMACY #3210 (CO),retailer,6.6412715e-05,0.004513009,0.2376522697038135,0.14439656543983853,994
HOMETOWN PHARMACY #4004 (WA),retailer,7.284153e-05,0.0049501257,0.2373421163913898,0.14438532006895793,995
MEDICO PHARMACY #9569 (ND),retailer,7.247741e-05,0.004925368,0.2373475008969428,0.1443786477865232,996
COMMUNITY PHARMACY #9946 (MO),retailer,0.00040614256,0.02761241,0.2221840897587338,0.14435541804953805,997
HARRIS TEETER PHARMACY #7237 (KS),retailer,7.16414e-05,0.004868525,0.2373404633648837,0.1443516880743664,998
SUNRISE PHARMACY #8606 (MN),retailer,0.00040427255,0.027485263,0.2221912694099396,0.14430886724578437,999
RITE AID #2172 (AR),retailer,6.929666e-05,0.0047090976,0.2373631094652936,0.1443015047018841,1000
HARRIS TEETER PHARMACY #3878 (MO),retailer,6.206751e-05,0.004217564,0.2376701606417318,0.14428912203637478,1001
KROGER PHARMACY #3075 (ID),retailer,6.884646e-05,0.0046784864,0.2373559148585003,0.14428494349067367,1002
HOMETOWN PHARMACY #6892 (WY),retailer,0.002034824,0.13835207,0.1482251903703935,0.14427594073361916,1003
MAIN STREET PHARMACY #2887 (NY),retailer,5.9336937e-05,0.0040319026,0.2376531880676362,0.144204673898495,1004
MAIN STREET PHARMACY #3856 (AL),retailer,6.2134706e-05,0.004222131,0.2373676013401696,0.14410941312825226,1005
PEOPLES PHARMACY #4323 (WY),retailer,0.001368285,0.093031794,0.1781250193254997,0.14408772987346946,1006
RITE AID #3607 (MN),retailer,6.117323e-05,0.0041567576,0.2373691620693158,0.14408420035615122,1007
RITE AID #8098 (HI),retailer,0.0013678668,0.09300335,0.1781055312994645,0.14406466002127682,1008
KROGER PHARMACY #9538 (NE),retailer,6.0060058e-05,0.0040810695,0.2373583040926716,0.14404741025232443,1009
HOMETOWN PHARMACY #9431 (CA),retailer,5.875939e-05,0.0039926316,0.237353711252591,0.1440092794244325,1010
KROGER PHARMACY #4100 (MS),retailer,5.8323356e-05,0.003962985,0.2373511695264112,0.1439958956255514,1011
FAMILY CARE PHARMACY #4660 (NY),retailer,5.7072135e-05,0.0038779113,0.2373523021440251,0.14396254583339652,1012
HEALTH MART PHARMACY #7100 (MD),retailer,5.6778368e-05,0.0038579355,0.237365119658178,0.14396224605985933,1013
WINN-DIXIE PHARMACY #4662 (VT),retailer,0.0013627268,0.09265387,0.1780965221706107,0.14391946302551478,1014
WALMART PHARMACY #7726 (SD),retailer,0.0016919846,0.11504123,0.163115545796809,0.14388582315293397,1015
WALGREENS #8394 (IL),retailer,5.3565276e-05,0.0036394666,0.2373667164382116,0.14387581650088882,1016
QUALITY CARE PHARMACY #8047 (TX),retailer,0.0010293695,0.06998776,0.1930782415498551,0.14384204890008306,1017
COMMUNITY PHARMACY #4754 (ME),retailer,5.1912288e-05,0.003527075,0.2373727751010048,0.14383449512807353,1018
WINN-DIXIE PHARMACY #7277 (DE),retailer,0.00038659672,0.02628342,0.2221927685163894,0.14382902917250862,1019
PUBLIX PHARMACY #4394 (MD),retailer,4.5758767e-05,0.003108675,0.2376238217581563,0.14381776305872218,1020
CORNER DRUG STORE #8634 (AZ),retailer,0.00038560483,0.02621598,0.2222026037809996,0.14380795457290102,1021
WALMART PHARMACY #8383 (UT),retailer,5.0331924e-05,0.0034196205,0.2373785651127586,0.14379498731773876,1022
FAMILY CARE PHARMACY #9927 (AK),retailer,0.0013578605,0.09232299,0.1780702587660873,0.143771352869077,1023
PEOPLES PHARMACY #1019 (FL),retailer,4.5246612e-05,0.0030738525,0.2373914146519211,0.14366438981813978,1024
VILLAGE PHARMACY #2827 (MO),retailer,4.3232732e-05,0.0029369204,0.2373838737953529,0.1436050924773559,1025
MAIN STREET PHARMACY #6568 (HI),retailer,0.0016796853,0.11420496,0.1631303916573951,0.1435602182269352,1026
CVS PHARMACY #3927 (SD),retailer,4.166289e-05,0.0028301824,0.2373745495927256,0.14355680275291482,1027
CORNER DRUG STORE #1973 (TX),retailer,0.0016758516,0.1139443,0.1630845945951542,0.14342847656471736,1028
MEDICO PHARMACY #7110 (HI),retailer,3.1654705e-05,0.0021496906,0.2375592023427702,0.1433953976853813,1029
HOMETOWN PHARMACY #6305 (MN),retailer,3.0754647e-05,0.0020884946,0.2375980623777553,0.14339423528948245,1030
GOOD NEIGHBOR PHARMACY #1775 (CT),retailer,2.9409459e-05,0.001997029,0.2375736589926686,0.14334300700778624,1031
VILLAGE PHARMACY #1824 (WA),retailer,0.0013403827,0.091134615,0.178085333366285,0.14330504686182155,1032
HOMETOWN PHARMACY #6803 (CA),retailer,0.0013407374,0.09115873,0.1780426865804097,0.14328910729216937,1033
PUBLIX PHARMACY #2360 (UT),retailer,2.8163928e-05,0.0019123406,0.2373943350999426,0.1432015373268982,1034
COMMUNITY PHARMACY #4723 (MS),retailer,2.7718921e-05,0.001882084,0.2373887817213009,0.14318610264644072,1035
HOMETOWN PHARMACY #1142 (NE),retailer,0.00133378,0.09068568,0.1781739144912292,0.14317862164324102,1036
WALGREENS #9244 (NM),retailer,2.276155e-05,0.001545015,0.2374113132532189,0.14306479399646443,1037
WALGREENS #9259 (NY),retailer,2.2301236e-05,0.0015137184,0.2374017020544934,0.14304650861380414,1038
SUNRISE PHARMACY #1679 (NY),retailer,0.00035621258,0.024217498,0.2222023082033447,0.14300838394496748,1039
HOMETOWN PHARMACY #3267 (SD),retailer,0.00035386454,0.024057847,0.2221966980729955,0.14294115800913915,1040
CVS PHARMACY #8170 (MT),retailer,1.7238632e-05,0.001169493,0.2374296881411363,0.1429256100730029,1041
WALGREENS #2995 (TX),retailer,1.3335863e-05,0.0009041303,0.2375575843968049,0.1428962027515802,1042
HARRIS TEETER PHARMACY #5659 (RI),retailer,1.2877698e-05,0.00087297795,0.2375661871316385,0.14288890347105498,1043
HEALTH MART PHARMACY #7432 (NY),retailer,1.0814432e-05,0.00073269,0.2375680852690463,0.14283392717068455,1044
VILLAGE PHARMACY #3178 (GA),retailer,1.312744e-05,0.000889957,0.2374267422076669,0.14281202812833974,1045
HOMETOWN PHARMACY #8719 (SD),retailer,0.00034886244,0.023717737,0.2221964435223501,0.1428049614023424,1046
CORNER DRUG STORE #9790 (UT),retailer,1.01328815e-05,0.0006863476,0.2375481518641805,0.1428034301705514,1047
GOOD NEIGHBOR PHARMACY #8113 (WA),retailer,1.2535456e-05,0.00084970787,0.2374239121530835,0.14279423043865766,1048
KROGER PHARMACY #3095 (DE),retailer,1.2038079e-05,0.00081588933,0.2374172872714379,0.14277672810748165,1049
PEOPLES PHARMACY #4383 (NV),retailer,1.0090624e-05,0.00068347435,0.2374432433428578,0.14273933574749303,1050
GOOD NEIGHBOR PHARMACY #9662 (CO),retailer,1.0344881e-05,0.00070076284,0.2374188699695852,0.14273162711378815,1051
MEDICO PHARMACY #4770 (MT),retailer,0.00065970473,0.044852972,0.2079716020734538,0.14272415117391524,1052
COMMUNITY PHARMACY #3905 (NV),retailer,8.960466e-06,0.0006066311,0.2374373758820421,0.1427050779735106,1053
SUNRISE PHARMACY #5631 (AR),retailer,5.764906e-06,0.0003893556,0.2375394934960945,0.14267943834873809,1054
RITE AID #2754 (AZ),retailer,6.8287404e-06,0.00046169004,0.2374544916919367,0.14265737102846687,1055
VILLAGE PHARMACY #3387 (KS),retailer,4.9963605e-06,0.00033709922,0.2375202932687719,0.14264701565213558,1056
HARRIS TEETER PHARMACY #9796 (UT),retailer,4.8745906e-06,0.00032881906,0.2375191011928646,0.1426429883470295,1057
SUNRISE PHARMACY #4396 (HI),retailer,0.001645147,0.11185659,0.1631190814308422,0.1426140852410851,1058
WALGREENS #9345 (FL),retailer,4.8198876e-06,0.00032509892,0.2374708013971431,0.14261252040529726,1059
FAMILY CARE PHARMACY #7018 (MT),retailer,5.5986898e-06,0.0003780533,0.2374333627761424,0.14261123898595135,1060
PUBLIX PHARMACY #5099 (NY),retailer,3.570663e-06,0.00024016164,0.2374846524688168,0.14258685613884503,1061
GOOD NEIGHBOR PHARMACY #6142 (MA),retailer,3.804514e-06,0.0002560612,0.2374681330164201,0.14258330429464608,1062
WALGREENS #6166 (CA),retailer,5.228779e-06,0.00035290106,0.2373718151251111,0.14256424950673388,1063
HOMETOWN PHARMACY #9398 (ND),retailer,2.816038e-06,0.00018884982,0.2374637850305151,0.14255381094885805,1064
PEOPLES PHARMACY #8999 (NY),retailer,2.1492726e-06,0.00014351489,0.2374814292336361,0.14254626349606742,1065
PEOPLES PHARMACY #1701 (SD),retailer,2.0887098e-06,0.00013939924,0.2374820377285282,0.1425449823348329,1066
SUNRISE PHARMACY #2335 (MN),retailer,1.8248144e-06,0.00012145464,0.237478758468799,0.14253583693766964,1067
KROGER PHARMACY #4000 (NY),retailer,1.9256918e-06,0.00012831327,0.2374734408132132,0.14253538979870625,1068
MEDICO PHARMACY #2700 (ID),retailer,1.6315684e-06,0.00010831435,0.2374853251239345,0.14253452081535023,1069
MEDICO PHARMACY #3984 (MA),retailer,1.8108641e-06,0.000120505414,0.2374740856334915,0.142532653547913,1070
HARRIS TEETER PHARMACY #3820 (CA),retailer,1.159664e-06,7.622905e-05,0.2374970201039348,0.1425287036835071,1071
WALMART PHARMACY #2430 (NV),retailer,2.0795455e-06,0.00013877572,0.2374523354026569,0.14252691153039704,1072
WINN-DIXIE PHARMACY #6720 (AR),retailer,1.7372889e-06,0.00011550335,0.2374650880454467,0.14252525416858783,1073
CORNER DRUG STORE #7018 (MO),retailer,1.2220227e-06,8.0468e-05,0.2374763407851265,0.14251799167410856,1074
KROGER PHARMACY #4496 (MD),retailer,0.00067045976,0.045584247,0.2071358797910718,0.14251522759872126,1075
WALGREENS #8132 (IL),retailer,9.864326e-07,6.4449785e-05,0.237480154816486,0.14251387280461367,1076
PEOPLES PHARMACY #6878 (MD),retailer,0.00033659488,0.022883624,0.2222026277969576,0.14247502658607344,1077
MAIN STREET PHARMACY #8577 (OR),retailer,0.00032902436,0.02236888,0.2222042652041175,0.14227011130425085,1078
QUALITY CARE PHARMACY #4182 (NV),retailer,0.00031622645,0.021498704,0.2222021254514095,0.1419207568162344,1079
HOMETOWN PHARMACY #5447 (MD),retailer,0.0016176911,0.10998978,0.1630502130577823,0.1418260409527934,1080
HOMETOWN PHARMACY #2773 (SD),retailer,0.0002910041,0.01978375,0.2228121054398091,0.14160076333445734,1081
SUNRISE PHARMACY #7025 (MN),retailer,0.0009680624,0.06581927,0.1920888022959203,0.14158099011361422,1082
VILLAGE PHARMACY #3294 (MD),retailer,0.0016074016,0.10929016,0.1630862270059595,0.14156780178918896,1083
MEDICO PHARMACY #4957 (HI),retailer,0.0016081067,0.10933808,0.163037378286115,0.14155765917586782,1084
HEALTH MART PHARMACY #4286 (UT),retailer,0.00030208324,0.020537058,0.222193106629786,0.1415306869482023,1085
CVS PHARMACY #8890 (RI),retailer,0.0002847025,0.019355282,0.2222215296969494,0.14107503078628664,1086
QUALITY CARE PHARMACY #5456 (WA),retailer,0.0015895249,0.10807464,0.1630354131201923,0.14105110719442487,1087
QUALITY CARE PHARMACY #8594 (CO),retailer,0.0009089388,0.06179926,0.1930435217032673,0.14054581882714284,1088
MEDICO PHARMACY #9596 (WI),retailer,0.00026075516,0.01772702,0.2222293729247767,0.14042843164724816,1089
CORNER DRUG STORE #6054 (OR),retailer,0.00025611944,0.01741182,0.2222145634527381,0.14029346630784129,1090
CORNER DRUG STORE #9971 (WY),retailer,0.00025332635,0.017221909,0.2222238073137578,0.14022304790167073,1091
HEALTH MART PHARMACY #1614 (GA),retailer,0.00024905292,0.016931344,0.2222216619781507,0.14010553490262345,1092
PEOPLES PHARMACY #9674 (KS),retailer,0.00023656372,0.016082162,0.2226441220227837,0.14001933802866692,1093
MEDICO PHARMACY #9075 (MT),retailer,0.0002451677,0.016667176,0.2222268811277933,0.14000299899875443,1094
QUALITY CARE PHARMACY #7590 (MA),retailer,0.00024453393,0.016624084,0.2222378080568599,0.13999231823798342,1095
WALMART PHARMACY #5800 (MT),retailer,0.00024409176,0.016594019,0.2222367194815236,0.1399796393900369,1096
PEOPLES PHARMACY #1737 (CA),retailer,0.0002320979,0.015778514,0.222748414769945,0.13996045431207266,1097
MEDICO PHARMACY #5567 (DE),retailer,0.00023901966,0.016249148,0.2222212808231301,0.1398324277639262,1098
RITE AID #9426 (WY),retailer,0.0009016444,0.061303288,0.192098785934915,0.13978058703128687,1099
HARRIS TEETER PHARMACY #6004 (OK),retailer,0.000568173,0.03862942,0.2071408112830087,0.1397362551829913,1100
CORNER DRUG STORE #3431 (WY),retailer,0.00022993419,0.015631396,0.2222276749779079,0.13958916342298947,1101
SUNRISE PHARMACY #8803 (VT),retailer,0.0005606377,0.038117066,0.2071441867451347,0.1395333382711099,1102
KROGER PHARMACY #4103 (MA),retailer,0.00021962829,0.014930662,0.2222352845666786,0.13931343554022788,1103
FAMILY CARE PHARMACY #6098 (NV),retailer,0.00088382995,0.060092017,0.1920981157481948,0.1392956773883271,1104
SUNRISE PHARMACY #4284 (TX),retailer,0.001852762,0.12597305,0.148163412452994,0.13928726654723778,1105
COMMUNITY PHARMACY #4270 (AR),retailer,0.00020013159,0.013605015,0.2227765288430225,0.13910792335362857,1106
SUNRISE PHARMACY #7972 (SD),retailer,0.00020026241,0.01361391,0.2222342266458867,0.1387861001532434,1107
PEOPLES PHARMACY #1264 (WA),retailer,0.00019385279,0.013178097,0.2222421313468514,0.13861651754864443,1108
PEOPLES PHARMACY #4050 (HI),retailer,0.000524639,0.03566939,0.2071442774402498,0.13855432306780807,1109
KROGER PHARMACY #4123 (WY),retailer,0.00019132296,0.0130060855,0.2222405787796575,0.13854678175916063,1110
MEDICO PHARMACY #5021 (MT),retailer,0.00019076848,0.012968385,0.2222464303206639,0.13853521224297502,1111
PUBLIX PHARMACY #6482 (ND),retailer,0.00017757357,0.012071217,0.2227094847296234,0.13845417789501285,1112
PEOPLES PHARMACY #4186 (SD),retailer,0.00017675375,0.012015475,0.2225623378907945,0.13834359299795665,1113
FAMILY CARE PHARMACY #4923 (AL),retailer,0.0001781848,0.012112777,0.2222450822103477,0.13819216002574303,1114
RITE AID #9599 (MO),retailer,0.0011657284,0.07925927,0.1770719275225717,0.137946863344283,1115
RITE AID #8832 (DE),retailer,0.000500165,0.034005318,0.2071489146456962,0.13789147610848218,1116
QUALITY CARE PHARMACY #9337 (MA),retailer,0.00016114554,0.010954219,0.2222531519114632,0.13773357899291266,1117
CORNER DRUG STORE #3755 (NH),retailer,0.0008259519,0.056156695,0.1921049186912586,0.1377256302879697,1118
WALGREENS #6789 (NH),retailer,0.00015866612,0.010785635,0.2222446385840036,0.13766103718843803,1119
FAMILY CARE PHARMACY #1789 (WA),retailer,0.00015191491,0.010326597,0.2222471205133294,0.1374789109781739,1120
QUALITY CARE PHARMACY #7699 (IA),retailer,0.0001487718,0.010112885,0.2222529105508521,0.1373969007642087,1121
WALGREENS #4391 (MD),retailer,0.00013875043,0.009431498,0.2226524865590081,0.13736409132518143,1122
WALMART PHARMACY #4463 (AK),retailer,0.00013709019,0.009318613,0.2226480443921887,0.1373162720142128,1123
CVS PHARMACY #9218 (NH),retailer,0.00014439046,0.009814984,0.2222594405640486,0.13728165791134972,1124
HARRIS TEETER PHARMACY #7134 (SC),retailer,0.0001440408,0.009791208,0.2222247514518867,0.13725133424358188,1125
WALMART PHARMACY #1973 (MO),retailer,0.00080722274,0.05488323,0.1921073505149999,0.13721770250002852,1126
HEALTH MART PHARMACY #6267 (ID),retailer,0.00013907523,0.0094535835,0.2222626587555257,0.13713902870337352,1127
KROGER PHARMACY #2068 (MN),retailer,0.00013861046,0.009421982,0.2222679101909788,0.13712953895617078,1128
PUBLIX PHARMACY #2770 (TX),retailer,0.00013668825,0.009291284,0.222259509075172,0.13707221895962193,1129
SUNRISE PHARMACY #4698 (WA),retailer,0.00046966792,0.03193172,0.2071549430208955,0.1370656544546815,1130
VILLAGE PHARMACY #9199 (TX),retailer,0.00045986476,0.031265166,0.2071522250996339,0.1367974018812959,1131
MEDICO PHARMACY #8186 (MO),retailer,0.0001262089,0.008578757,0.2222571698509259,0.13678580464020984,1132
QUALITY CARE PHARMACY #5919 (ID),retailer,0.0001224078,0.008320307,0.2222471371926837,0.13667640521268384,1133
CVS PHARMACY #8062 (AR),retailer,0.00011305419,0.0076843235,0.2226267997854821,0.13664980921313893,1134
CVS PHARMACY #7478 (ID),retailer,0.00011902042,0.008089987,0.2222751639616677,0.13660109298234813,1135
FAMILY CARE PHARMACY #1786 (OR),retailer,0.00010899198,0.007408119,0.2226384236268196,0.13654630165223738,1136
RITE AID #7444 (MS),retailer,0.00077929784,0.052984525,0.1920969719902645,0.13645199300145927,1137
HARRIS TEETER PHARMACY #1833 (MN),retailer,0.00011323702,0.0076967543,0.2222839218613427,0.13644905478988117,1138
CVS PHARMACY #1006 (OR),retailer,0.00011270797,0.007660781,0.2222740709780732,0.136428755093311,1139
RITE AID #8560 (HI),retailer,0.00044503648,0.030256942,0.2071610719865886,0.13639942033030555,1140
HARRIS TEETER PHARMACY #7897 (ID),retailer,0.00011167596,0.007590613,0.2222718199960742,0.13639933723568043,1141
FAMILY CARE PHARMACY #7659 (ME),retailer,0.00011103137,0.0075467844,0.2222774119294325,0.1363851609467202,1142
PUBLIX PHARMACY #4858 (OR),retailer,9.740055e-05,0.006619978,0.2226392104721186,0.1362315175754498,1143
CORNER DRUG STORE #1668 (CO),retailer,0.00043775493,0.029761845,0.2071558007047285,0.13619821833495555,1144
QUALITY CARE PHARMACY #3039 (IA),retailer,0.0007675769,0.052187573,0.1920971348877538,0.13613331019853286,1145
FAMILY CARE PHARMACY #2455 (AK),retailer,0.00010113944,0.006874198,0.2222930969560376,0.13612553755092507,1146
CORNER DRUG STORE #9547 (DE),retailer,9.743105e-05,0.0066220514,0.2222843488878536,0.13601942996764346,1147
MAIN STREET PHARMACY #9116 (NJ),retailer,9.752334e-05,0.006628327,0.2222784703383997,0.13601841298514036,1148
WALGREENS #8369 (SC),retailer,9.469699e-05,0.006436154,0.2222918312572478,0.13594956026661625,1149
PEOPLES PHARMACY #3116 (WI),retailer,8.687221e-05,0.00590412,0.2226454972084932,0.1359489463426365,1150
KROGER PHARMACY #1033 (MS),retailer,0.0014230609,0.09675619,0.1620537797403402,0.13593474461388985,1151
WALMART PHARMACY #7891 (MA),retailer,9.022699e-05,0.0061322227,0.2222909156107114,0.1358274385909412,1152
FAMILY CARE PHARMACY #4540 (UT),retailer,8.75736e-05,0.005951809,0.2222884780385112,0.13575381065528186,1153
FAMILY CARE PHARMACY #5522 (MS),retailer,8.6451466e-05,0.0058755125,0.2222867244756383,0.1357222397752799,1154
PEOPLES PHARMACY #2825 (IA),retailer,7.79305e-05,0.0052961414,0.2226218548196873,0.13569156953488712,1155
HARRIS TEETER PHARMACY #3290 (NE),retailer,7.8738565e-05,0.005351085,0.2225447155358045,0.13566726354750386,1156
HOMETOWN PHARMACY #8463 (NY),retailer,8.409889e-05,0.0057155527,0.2222736407977303,0.13565040561218322,1157
MAIN STREET PHARMACY #8201 (MO),retailer,0.00040224954,0.02734771,0.207772631015333,0.1356026626026347,1158
RITE AID #1205 (SC),retailer,8.106707e-05,0.0055094073,0.2222904672265939,0.13557804333289813,1159
PUBLIX PHARMACY #5701 (MA),retailer,7.758268e-05,0.0052724923,0.2222912529244777,0.13548374872154037,1160
HARRIS TEETER PHARMACY #2883 (ME),retailer,6.992015e-05,0.0047514904,0.2225953225038108,0.13545778969718705,1161
CVS PHARMACY #4541 (WY),retailer,7.52934e-05,0.005116836,0.2222901663464479,0.13542083436814978,1162
WINN-DIXIE PHARMACY #1254 (WY),retailer,7.4974414e-05,0.005095147,0.2222988738558282,0.13541738313833412,1163
MEDICO PHARMACY #6031 (OR),retailer,7.447952e-05,0.0050614984,0.2222925874396431,0.13540015181477472,1164
WALGREENS #5348 (NE),retailer,7.367226e-05,0.0050066095,0.2223059456450704,0.13538621127399583,1165
RITE AID #6777 (MS),retailer,7.36233e-05,0.0050032805,0.222295603478777,0.13537867441576873,1166
WALMART PHARMACY #5238 (AR),retailer,0.00040673692,0.027652822,0.2071639755806864,0.1353595145086372,1167
RITE AID #1076 (RI),retailer,7.137975e-05,0.004850734,0.222293761818661,0.13531655067800952,1168
RITE AID #1322 (NH),retailer,6.776897e-05,0.004605225,0.2223127279036714,0.13522972667088945,1169
RITE AID #9844 (ID),retailer,6.7870744e-05,0.004612145,0.2222734809070384,0.13520894659643207,1170
CVS PHARMACY #5217 (GA),retailer,0.00039905365,0.027130412,0.2071418534166995,0.1351372766388883,1171
WINN-DIXIE PHARMACY #8011 (OR),retailer,5.5377834e-05,0.0037627092,0.222528159548889,0.13502197948306077,1172
HEALTH MART PHARMACY #6354 (SC),retailer,0.00038006678,0.02583943,0.2077596273983546,0.1349915487372892,1173
HEALTH MART PHARMACY #6920 (CT),retailer,5.8969108e-05,0.004006891,0.2223125196384101,0.13499026822461688,1174
HEALTH MART PHARMACY #9940 (GA),retailer,0.0003922619,0.026668618,0.2071566902985779,0.1349614611798887,1175
CVS PHARMACY #3745 (AZ),retailer,0.00038976435,0.0264988,0.2071638491053086,0.13489782952062496,1176
COMMUNITY PHARMACY #6231 (OR),retailer,5.542844e-05,0.0037661502,0.2223004868236679,0.13488675222627808,1177
SUNRISE PHARMACY #5169 (MA),retailer,4.783037e-05,0.0032495304,0.2225375080665792,0.13482231706557243,1178
CORNER DRUG STORE #4372 (CT),retailer,4.3716638e-05,0.0029698235,0.2225396195624417,0.134711701155403,1179
PUBLIX PHARMACY #1912 (NH),retailer,0.0003814825,0.025935689,0.2071705351591198,0.13467659706295063,1180
MEDICO PHARMACY #5913 (MO),retailer,4.1807507e-05,0.0028400156,0.2225591756775612,0.13467151161187943,1181
HOMETOWN PHARMACY #3994 (DE),retailer,4.6677975e-05,0.003171175,0.2223227602950912,0.13466212625483015,1182
PEOPLES PHARMACY #5481 (AK),retailer,4.14564e-05,0.002816143,0.2225526629295772,0.13465805499631617,1183
COMMUNITY PHARMACY #2995 (MA),retailer,4.437494e-05,0.0030145838,0.2223145801354316,0.1345945815936173,1184
MEDICO PHARMACY #7420 (NM),retailer,4.4075157e-05,0.0029942011,0.2223169364035873,0.13458784232386192,1185
PEOPLES PHARMACY #6894 (WA),retailer,0.00037615825,0.025573673,0.2071681392557073,0.13453035283038903,1186
WALGREENS #6424 (DE),retailer,0.00037632993,0.025585348,0.2071558676733767,0.1345276595323798,1187
COMMUNITY PHARMACY #4846 (MN),retailer,4.1788244e-05,0.0028387057,0.2223120620686606,0.13452271957759085,1188
MEDICO PHARMACY #8845 (SD),retailer,4.1017724e-05,0.0027863143,0.2223302365395677,0.1345126676395611,1189
FAMILY CARE PHARMACY #5108 (OR),retailer,4.106149e-05,0.002789291,0.2223231771600313,0.1345096227077509,1190
WALMART PHARMACY #6304 (AR),retailer,4.000411e-05,0.0027173965,0.2223280414060995,0.13448378341127157,1191
COMMUNITY PHARMACY #6115 (TX),retailer,0.00037236404,0.025315693,0.2071711790041823,0.1344289842755615,1192
WINN-DIXIE PHARMACY #8038 (SD),retailer,3.5039535e-05,0.0023798377,0.222321157235224,0.13434462941263256,1193
CVS PHARMACY #2361 (MN),retailer,3.4538007e-05,0.0023457375,0.222331662222678,0.13433729237109246,1194
PUBLIX PHARMACY #5415 (ND),retailer,3.3623797e-05,0.002283577,0.2223354809429255,0.13431471944418216,1195
FAMILY CARE PHARMACY #2252 (IA),retailer,3.2156913e-05,0.0021838385,0.2223524686119375,0.13428501657300695,1196
WALMART PHARMACY #8430 (SD),retailer,2.7970164e-05,0.0018991678,0.2225093811070739,0.1342652957990881,1197
WINN-DIXIE PHARMACY #7007 (HI),retailer,3.1635176e-05,0.0021483633,0.222323971444438,0.13425372817609912,1198
SUNRISE PHARMACY #4971 (SC),retailer,3.0787916e-05,0.0020907559,0.2223380402163594,0.13423912648148784,1199
VILLAGE PHARMACY #3378 (MN),retailer,2.6384425e-05,0.0017913466,0.2225231141902573,0.13423040714830559,1200
VILLAGE PHARMACY #2361 (VT),retailer,0.00034937504,0.02375259,0.2077729737150925,0.13416482048560724,1201
MEDICO PHARMACY #9569 (MS),retailer,0.00036239834,0.02463809,0.2071652028233905,0.1341543576208412,1202
CVS PHARMACY #8345 (MS),retailer,2.5979596e-05,0.0017638213,0.222318513639461,0.13409663672235073,1203
WINN-DIXIE PHARMACY #3668 (MS),retailer,2.5250052e-05,0.0017142172,0.222343003723084,0.13409148911969532,1204
CVS PHARMACY #1842 (CO),retailer,2.4822657e-05,0.0016851564,0.2223360598246817,0.13407569847793885,1205
WALGREENS #9451 (NE),retailer,2.1335461e-05,0.0014480519,0.2224938439042444,0.13407552710921392,1206
HEALTH MART PHARMACY #1058 (ME),retailer,2.3904917e-05,0.0016227564,0.2223419841764909,0.13405429306194808,1207
MAIN STREET PHARMACY #5125 (CO),retailer,2.2654256e-05,0.001537719,0.2223407009663574,0.13401950820864467,1208
HEALTH MART PHARMACY #5939 (KS),retailer,1.9067247e-05,0.0012938279,0.2224928913829371,0.1340132660114479,1209
MEDICO PHARMACY #7968 (WY),retailer,2.199464e-05,0.0014928703,0.2223456409387572,0.13400453270740634,1210
SUNRISE PHARMACY #9210 (IA),retailer,2.187795e-05,0.0014849368,0.2223295154988457,0.1339916840199941,1211
WALGREENS #1285 (WI),retailer,1.748159e-05,0.0011860138,0.2225081306270141,0.1339792839093769,1212
PEOPLES PHARMACY #6674 (NJ),retailer,2.011533e-05,0.0013650898,0.2223433317300077,0.13395203497690086,1213
PUBLIX PHARMACY #2003 (NM),retailer,1.5114309e-05,0.0010250545,0.2224764822467153,0.1338959111546306,1214
GOOD NEIGHBOR PHARMACY #2153 (ND),retailer,0.0003406638,0.023160284,0.2077145354109912,0.1338928355594223,1215
WALGREENS #7567 (TX),retailer,1.757415e-05,0.0011923048,0.2223584176845625,0.1338919725192949,1216
WALMART PHARMACY #8473 (RI),retailer,1.7650134e-05,0.001197472,0.222344469078144,0.13388567025127518,1217
CVS PHARMACY #7782 (NM),retailer,1.6995089e-05,0.001152935,0.2223514544994038,0.13387204670016253,1218
GOOD NEIGHBOR PHARMACY #5066 (NV),retailer,1.6917946e-05,0.0011476887,0.2223508221676879,0.13386956879854173,1219
HARRIS TEETER PHARMACY #4512 (NV),retailer,0.0003387014,0.023026852,0.2077425200601979,0.13385625318351768,1220
MAIN STREET PHARMACY #8003 (OR),retailer,1.2692043e-05,0.0008603541,0.2224883872953015,0.1338371740255647,1221
WALGREENS #4534 (NM),retailer,1.5257045e-05,0.0010347585,0.2223671133417937,0.1338341714186495,1222
KROGER PHARMACY #1191 (GA),retailer,1.4383552e-05,0.00097536657,0.2223532006871506,0.1338020670384499,1223
PUBLIX PHARMACY #4560 (NM),retailer,1.1351857e-05,0.0007692306,0.222477897742607,0.13379443088951465,1224
WALGREENS #3924 (NV),retailer,1.11303725e-05,0.0007541709,0.222464709050172,0.13378049379232954,1225
SUNRISE PHARMACY #9849 (CO),retailer,1.0396197e-05,0.0007042527,0.2224612905336617,0.13375847538835808,1226
CVS PHARMACY #4075 (CA),retailer,1.12194475e-05,0.00076022686,0.2223675969611117,0.13372464893801375,1227
VILLAGE PHARMACY #2001 (NY),retailer,7.5797266e-06,0.0005127506,0.2224791181987128,0.13369257115673597,1228
HARRIS TEETER PHARMACY #5008 (MA),retailer,7.708463e-06,0.00052150537,0.2224672836690715,0.13368897235735092,1229
FAMILY CARE PHARMACY #8561 (NM),retailer,8.449212e-06,0.00057187025,0.2224279870504706,0.1336855403341189,1230
SUNRISE PHARMACY #4355 (NH),retailer,7.720964e-06,0.00052235223,0.2224530833448987,0.1336807909023299,1231
PUBLIX PHARMACY #4667 (DE),retailer,8.165199e-06,0.00055255764,0.2224308430818996,0.13367952890870624,1232
CVS PHARMACY #1614 (NM),retailer,9.622109e-06,0.0006516194,0.2223614236513168,0.13367750195545236,1233
WALGREENS #1607 (WY),retailer,7.793567e-06,0.00052729144,0.2224404902156859,0.13367521070922897,1234
HARRIS TEETER PHARMACY #3685 (MA),retailer,9.032548e-06,0.0006115331,0.2223676993518654,0.13366523285322202,1235
VILLAGE PHARMACY #7951 (SC),retailer,8.948091e-06,0.0006057912,0.2223629859082478,0.13366010804371906,1236
FAMILY CARE PHARMACY #1129 (MS),retailer,7.0146293e-06,0.0004743278,0.2224437444314235,0.13365597777467864,1237
GOOD NEIGHBOR PHARMACY #5652 (NV),retailer,8.472054e-06,0.0005734244,0.2223589595721791,0.13364474550496255,1238
HOMETOWN PHARMACY #1997 (MS),retailer,8.162337e-06,0.00055236457,0.2223706421674445,0.1336433311330191,1239
WALMART PHARMACY #4290 (NM),retailer,8.198361e-06,0.0005548144,0.22236137175012,0.13363874882314777,1240
PEOPLES PHARMACY #4578 (MS),retailer,7.0963683e-06,0.0004798859,0.2223766619629774,0.13361795153521958,1241
PEOPLES PHARMACY #3374 (CT),retailer,7.071168e-06,0.00047817125,0.2223644978401247,0.1336099672006394,1242
KROGER PHARMACY #6846 (SC),retailer,5.176435e-06,0.00034934378,0.2224324437108937,0.1335992037428286,1243
HARRIS TEETER PHARMACY #4455 (NM),retailer,6.281673e-06,0.00042449334,0.2223773468599282,0.13359620545077694,1244
HARRIS TEETER PHARMACY #8821 (AL),retailer,6.3105367e-06,0.0004264523,0.2223725004136908,0.1335940811600138,1245
MAIN STREET PHARMACY #3509 (ME),retailer,5.238421e-06,0.00035355714,0.2223884804479055,0.13357451112964974,1246
WALMART PHARMACY #2519 (SC),retailer,5.435123e-06,0.0003669301,0.2223765382868875,0.1335726950152135,1247
VILLAGE PHARMACY #8630 (CT),retailer,5.300578e-06,0.00035778215,0.2223810027879501,0.13357171453490346,1248
MEDICO PHARMACY #2698 (GA),retailer,3.843352e-06,0.00025870182,0.222441972263356,0.1335686640862985,1249
HOMETOWN PHARMACY #4970 (CA),retailer,3.143289e-06,0.00021110316,0.2224530567887634,0.13355627533759262,1250
FAMILY CARE PHARMACY #7363 (RI),retailer,3.4714317e-06,0.00023341236,0.2223717407459596,0.13351640939016182,1251
SUNRISE PHARMACY #1077 (SC),retailer,1.648749e-06,0.0001094846,0.2224500061055108,0.1335137975030291,1252
WALMART PHARMACY #7668 (AL),retailer,2.9299013e-06,0.00019659488,0.2223894327437291,0.13351229759950303,1253
HEALTH MART PHARMACY #7749 (AZ),retailer,3.3122785e-06,0.00022259163,0.2223683305270263,0.13351003496624012,1254
RITE AID #6947 (MT),retailer,1.0852013e-06,7.116418e-05,0.222453009146661,0.1335002711587629,1255
HARRIS TEETER PHARMACY #9591 (MS),retailer,2.0609846e-06,0.00013751241,0.2224077225882746,0.1334996385192354,1256
CORNER DRUG STORE #6774 (AK),retailer,1.973574e-06,0.00013156811,0.2223894588145391,0.1334863025338914,1257
MEDICO PHARMACY #7663 (CA),retailer,1.7033826e-06,0.000113197755,0.2223962273804022,0.13348301553101963,1258
RITE AID #7590 (MO),retailer,1.7897652e-06,0.00011907227,0.2223918770211017,0.1334827551223306,1259
VILLAGE PHARMACY #5653 (NH),retailer,6.367922e-07,4.067721e-05,0.2224353276531041,0.13347746747572403,1260
HEALTH MART PHARMACY #9034 (AR),retailer,1.7502481e-06,0.00011638511,0.2223799249900565,0.13347450904103705,1261
HOMETOWN PHARMACY #3088 (ID),retailer,4.3687137e-07,2.708324e-05,0.2224300387789112,0.13346885656342025,1262
HOMETOWN PHARMACY #1995 (NJ),retailer,3.9352832e-07,2.4137842e-05,0.222419447344298,0.13346132354321566,1263
RITE AID #9137 (GA),retailer,4.1706272e-07,2.5736175e-05,0.2224182228283577,0.13346122816749956,1264
RITE AID #6336 (NE),retailer,6.545459e-07,4.1884683e-05,0.2224062654749471,0.1334605131578102,1265
CVS PHARMACY #9367 (CO),retailer,4.7983815e-07,3.0005374e-05,0.22240586029886,0.13345551832887642,1266
RITE AID #7013 (SD),retailer,4.2862203e-07,2.6522544e-05,0.2224059206772954,0.1334541614246953,1267
COMMUNITY PHARMACY #7046 (MA),retailer,4.5213957e-07,2.8120878e-05,0.222403523173131,0.13345336225513524,1268
FAMILY CARE PHARMACY #3742 (MS),retailer,0.00033298018,0.022637848,0.2071818085407089,0.13336422462134784,1269
WALGREENS #6871 (NV),retailer,0.0003313094,0.022524245,0.2071731036173939,0.1333135605762982,1270
CVS PHARMACY #2897 (TX),retailer,0.00031362983,0.021322152,0.2077566502723118,0.13318285138058783,1271
WALGREENS #2338 (MS),retailer,0.000658034,0.044739373,0.1921139293129566,0.13316410642655627,1272
HARRIS TEETER PHARMACY #7725 (HI),retailer,0.0006471183,0.04399718,0.1921130567537615,0.13286670705657416,1273
HEALTH MART PHARMACY #7845 (MO),retailer,0.0003147906,0.021401076,0.2071611373652032,0.1328571126776344,1274
CVS PHARMACY #2372 (MO),retailer,0.0006450396,0.043855842,0.1921193869573529,0.13281397017315955,1275
HEALTH MART PHARMACY #5897 (AL),retailer,0.00030741136,0.020899337,0.2071771835498877,0.13266604503022836,1276
QUALITY CARE PHARMACY #6036 (HI),retailer,0.00030474275,0.02071789,0.2071853523928512,0.1325983674364441,1277
HOMETOWN PHARMACY #2581 (TX),retailer,0.00062563445,0.04253642,0.1921087206115686,0.1322798010385253,1278
HARRIS TEETER PHARMACY #1501 (MO),retailer,0.0006188598,0.042075783,0.1921091235431307,0.13209578807665545,1279
HARRIS TEETER PHARMACY #7994 (CT),retailer,0.00028217997,0.019183768,0.2071852758359791,0.1319846725922454,1280
HEALTH MART PHARMACY #7295 (SD),retailer,0.0006132725,0.04169589,0.192117187497351,0.13194866813262307,1281
COMMUNITY PHARMACY #3871 (NH),retailer,0.0005948261,0.040441655,0.192122617339522,0.13145023188020608,1282
MAIN STREET PHARMACY #2913 (WY),retailer,0.00058400497,0.039705887,0.1921195206511461,0.13115406848302144,1283
SUNRISE PHARMACY #4372 (TX),retailer,0.00024850245,0.016893916,0.2071913840855182,0.13107239669099574,1284
WINN-DIXIE PHARMACY #5154 (MD),retailer,0.00057813927,0.039307058,0.1921191690855099,0.1309943257118984,1285
HARRIS TEETER PHARMACY #8439 (MD),retailer,0.00022799565,0.015499589,0.2076358121296085,0.13078132307739954,1286
GOOD NEIGHBOR PHARMACY #9048 (MD),retailer,0.00022431884,0.0152495885,0.2072048678454995,0.1304227562111461,1287
QUALITY CARE PHARMACY #6447 (GA),retailer,0.00022363698,0.015203227,0.2071972244193046,0.13039962566032343,1288
HOMETOWN PHARMACY #1587 (ID),retailer,0.00055343733,0.03762749,0.1921219575035244,0.13032416966573415,1289
FAMILY CARE PHARMACY #8225 (OR),retailer,0.00021043164,0.014305351,0.2076355238458326,0.13030345473517838,1290
GOOD NEIGHBOR PHARMACY #5491 (MO),retailer,0.0002146455,0.014591865,0.2072038330579767,0.1301590460245293,1291
MEDICO PHARMACY #8247 (MN),retailer,0.00021166985,0.014389542,0.2072046840865147,0.13007862750388574,1292
CORNER DRUG STORE #8278 (OR),retailer,0.0002078308,0.014128511,0.207194951321122,0.12996837540816483,1293
QUALITY CARE PHARMACY #6890 (SC),retailer,0.00020693455,0.014067572,0.207201413391891,0.12994787667921953,1294
GOOD NEIGHBOR PHARMACY #6549 (CO),retailer,0.00019031846,0.012937786,0.2076057277870789,0.12973855128154843,1295
HOMETOWN PHARMACY #5185 (UT),retailer,0.00052894483,0.03596216,0.1921264951624744,0.1296607619269653,1296
GOOD NEIGHBOR PHARMACY #8313 (AZ),retailer,0.00052774925,0.035880867,0.1921263652519858,0.12962816592165682,1297
WINN-DIXIE PHARMACY #6589 (GA),retailer,0.00019522842,0.013271633,0.207196664945335,0.1296266521951859,1298
HOMETOWN PHARMACY #5222 (UT),retailer,0.00019458246,0.0132277105,0.2072020672669168,0.12961232465342615,1299
SUNRISE PHARMACY #6475 (MA),retailer,0.00019397054,0.013186105,0.2072002590044044,0.1295945974271716,1300
HOMETOWN PHARMACY #4010 (CA),retailer,0.00051869027,0.035264917,0.1921310788256725,0.1293846145413995,1301
COMMUNITY PHARMACY #2272 (ND),retailer,0.00017583872,0.01195326,0.2075827647694465,0.12933096278897027,1302
RITE AID #9925 (TX),retailer,0.00018090052,0.012297428,0.2072093697045495,0.12924459338735045,1303
WALGREENS #5297 (MT),retailer,0.00017154294,0.011661175,0.2076248594401166,0.1292393856400481,1304
FAMILY CARE PHARMACY #2866 (NM),retailer,0.000499166,0.0339374,0.1927689722074398,0.12923634303470424,1305
COMMUNITY PHARMACY #5874 (ME),retailer,0.00017976736,0.012220381,0.207208321107223,0.12921314490231536,1306
QUALITY CARE PHARMACY #6321 (TX),retailer,0.00017797209,0.012098314,0.2072113040509756,0.12916610821994756,1307
PUBLIX PHARMACY #5703 (RI),retailer,0.00017448295,0.011861075,0.2072021348798218,0.12906571100049868,1308
HOMETOWN PHARMACY #7981 (TX),retailer,0.00016442158,0.011176968,0.2075854469299439,0.12902205563471458,1309
COMMUNITY PHARMACY #9756 (AR),retailer,0.00017103448,0.011626602,0.2072137271429556,0.12897887705284103,1310
FAMILY CARE PHARMACY #4875 (WY),retailer,0.0001690928,0.011494582,0.2072120475578497,0.12892506144915164,1311
HEALTH MART PHARMACY #2342 (HI),retailer,0.00016870745,0.01146838,0.2072042908356155,0.1289099263115564,1312
VILLAGE PHARMACY #2851 (TX),retailer,0.00016666167,0.011329281,0.2072195962296515,0.12886347047472532,1313
HEALTH MART PHARMACY #4191 (NV),retailer,0.00016595362,0.011281137,0.2072123511432356,0.12883986553467788,1314
KROGER PHARMACY #8353 (AL),retailer,0.0004852359,0.03299024,0.1926911687682018,0.12881079708516271,1315
HARRIS TEETER PHARMACY #5904 (ID),retailer,0.00015375661,0.010451821,0.2075713516268342,0.12872353943396864,1316
WINN-DIXIE PHARMACY #6602 (OR),retailer,0.0001504529,0.010227189,0.2075971495243913,0.12864916556748784,1317
MEDICO PHARMACY #5950 (CA),retailer,0.00015830177,0.010760861,0.207220913890462,0.12863689310011917,1318
WALMART PHARMACY #8109 (AK),retailer,0.00015732452,0.010694414,0.2072182555061663,0.12860871905458476,1319
WINN-DIXIE PHARMACY #3576 (NM),retailer,0.00014978783,0.010181969,0.207559591399892,0.12860854254574405,1320
WALGREENS #5840 (WY),retailer,0.00048543682,0.0330039,0.1921295921747847,0.12847931519865774,1321
GOOD NEIGHBOR PHARMACY #2241 (AZ),retailer,0.0004727194,0.032139197,0.1926376986430907,0.1284382979826226,1322
SUNRISE PHARMACY #2348 (RI),retailer,0.00014871974,0.010109346,0.2072185624278781,0.1283748762801109,1323
QUALITY CARE PHARMACY #7711 (IA),retailer,0.00079622306,0.054135326,0.1777906370061409,0.12832851309465,1324
SUNRISE PHARMACY #5547 (MT),retailer,0.0001443722,0.009813742,0.2072105803482547,0.12825184492127983,1325
PUBLIX PHARMACY #6810 (WA),retailer,0.00013749335,0.009346025,0.2072187220731905,0.12806964331631546,1326
FAMILY CARE PHARMACY #5139 (NM),retailer,0.00012950406,0.008802806,0.2075628730441458,0.12805884633051318,1327
COMMUNITY PHARMACY #3234 (AK),retailer,0.0001279279,0.008695638,0.2075813356065683,0.12802705648684098,1328
KROGER PHARMACY #7669 (MO),retailer,0.00012436675,0.008453503,0.2075392506271512,0.127904951676721,1329
HEALTH MART PHARMACY #9106 (CO),retailer,0.00046403945,0.031549018,0.1921345936238736,0.1279003633248788,1330
WINN-DIXIE PHARMACY #5364 (SD),retailer,0.00013004358,0.00883949,0.2072235244495182,0.12786991062656095,1331
HEALTH MART PHARMACY #1873 (IA),retailer,0.00012963542,0.008811737,0.2072244791057081,0.12785938252084678,1332
QUALITY CARE PHARMACY #4473 (GA),retailer,0.00012811455,0.008708329,0.2072346434663384,0.12782411760922663,1333
HARRIS TEETER PHARMACY #1935 (MT),retailer,0.00012395343,0.0084254,0.2072236381660953,0.12770434290378122,1334
SUNRISE PHARMACY #5636 (TX),retailer,0.00077359204,0.052596565,0.1777386290540051,0.12768180468438572,1335
QUALITY CARE PHARMACY #9889 (WY),retailer,0.00011962698,0.008131229,0.2072095905386579,0.12757824614379834,1336
PEOPLES PHARMACY #5096 (IA),retailer,0.000112254966,0.0076299803,0.2075337575804156,0.1275722468212075,1337
MEDICO PHARMACY #1779 (CO),retailer,0.000117697586,0.008000043,0.2072215155521389,0.1275329267127428,1338
FAMILY CARE PHARMACY #5938 (AK),retailer,0.00010366974,0.007046241,0.2075674015535543,0.12735893736428794,1339
SUNRISE PHARMACY #9786 (ID),retailer,0.00011056473,0.0075150547,0.2072432323549887,0.1273519613708377,1340
VILLAGE PHARMACY #5606 (RI),retailer,0.00010937144,0.0074339192,0.2072376185502773,0.12731613882459197,1341
FAMILY CARE PHARMACY #8587 (ID),retailer,0.0004392083,0.029860662,0.1921325107827302,0.12722377157446838,1342
FAMILY CARE PHARMACY #5054 (CO),retailer,9.680268e-05,0.006579327,0.2075085589719653,0.1271368662488663,1343
QUALITY CARE PHARMACY #6283 (MS),retailer,0.0004345579,0.029544467,0.1921330514970425,0.1270976177408101,1344
COMMUNITY PHARMACY #6124 (CA),retailer,9.5829404e-05,0.0065131495,0.2072390972579261,0.1269487182389045,1345
CVS PHARMACY #1738 (DE),retailer,9.112986e-05,0.0061936122,0.2072455346311358,0.12682476571985943,1346
QUALITY CARE PHARMACY #1416 (WY),retailer,8.999564e-05,0.006116493,0.2072464139672626,0.12679444558955782,1347
QUALITY CARE PHARMACY #3132 (HI),retailer,8.823896e-05,0.0059970496,0.2072351932800086,0.12673993586346638,1348
KROGER PHARMACY #2788 (ID),retailer,8.3275336e-05,0.0056595565,0.2072478384108408,0.12661252563929937,1349
FAMILY CARE PHARMACY #2747 (SD),retailer,8.3253e-05,0.005658037,0.2072201054236633,0.12659527815901292,1350
QUALITY CARE PHARMACY #5504 (AZ),retailer,8.034343e-05,0.0054602046,0.2072542245848137,0.12653661657352197,1351
MAIN STREET PHARMACY #2251 (SC),retailer,0.00041297008,0.028076636,0.1921459953384388,0.1265182512862556,1352
CORNER DRUG STORE #1296 (AK),retailer,7.733478e-05,0.0052556377,0.2072560496448565,0.12645588490964998,1353
QUALITY CARE PHARMACY #6071 (NY),retailer,7.08551e-05,0.004815062,0.2074823013706374,0.12641540561602965,1354
MAIN STREET PHARMACY #9676 (MN),retailer,7.429868e-05,0.0050492017,0.2072551609542207,0.12637277737617408,1355
HOMETOWN PHARMACY #8711 (MA),retailer,7.37942e-05,0.0050149015,0.2072593217412376,0.126361553604215,1356
RITE AID #6631 (TX),retailer,7.339614e-05,0.0049878345,0.2072562247433086,0.1263488687805277,1357
FAMILY CARE PHARMACY #6322 (RI),retailer,7.270801e-05,0.0049410467,0.2072510782194671,0.12632706570625524,1358
HARRIS TEETER PHARMACY #4341 (MD),retailer,7.178533e-05,0.0048783105,0.2072491346279434,0.12630080494815268,1359
MEDICO PHARMACY #4917 (OR),retailer,0.00040487043,0.027525913,0.1921400198765578,0.1262943774865855,1360
COMMUNITY PHARMACY #4316 (MA),retailer,7.086551e-05,0.0048157694,0.2072496020712567,0.1262760690420486,1361
CVS PHARMACY #7158 (NE),retailer,6.841611e-05,0.0046492266,0.2072618859424942,0.12621682221027483,1362
VILLAGE PHARMACY #6788 (NE),retailer,0.0004012404,0.027279096,0.1921420838123807,0.12619688913591198,1363
WINN-DIXIE PHARMACY #2264 (WI),retailer,6.223578e-05,0.0042290036,0.2074746469111721,0.1261763896186787,1364
PEOPLES PHARMACY #1777 (OR),retailer,6.6746e-05,0.0045356695,0.2072552110905196,0.12616739448523495,1365
PUBLIX PHARMACY #9681 (MD),retailer,6.664951e-05,0.0045291097,0.2072535711751848,0.12616378665109543,1366
PEOPLES PHARMACY #1060 (VT),retailer,0.0007312962,0.049720727,0.1770916006108283,0.1261432515019273,1367
PEOPLES PHARMACY #1040 (WA),retailer,6.6267356e-05,0.0045031244,0.2072350023354534,0.12614225120524725,1368
MEDICO PHARMACY #9929 (VT),retailer,6.507602e-05,0.004422121,0.2072316800577316,0.1261078565441667,1369
MAIN STREET PHARMACY #9305 (AZ),retailer,6.386691e-05,0.0043399096,0.2072535410490872,0.12608808848811634,1370
FAMILY CARE PHARMACY #8450 (CO),retailer,5.8541285e-05,0.0039778026,0.2074947436521923,0.12608796727071556,1371
HOMETOWN PHARMACY #3177 (NH),retailer,6.2770174e-05,0.0042653396,0.2072605388315123,0.1260624591073976,1372
CORNER DRUG STORE #7338 (MO),retailer,0.00039579283,0.026908698,0.1921407570695088,0.12604793363840613,1373
HEALTH MART PHARMACY #5047 (TX),retailer,6.214553e-05,0.004222867,0.207261122598034,0.12604582041373513,1374
QUALITY CARE PHARMACY #1232 (AZ),retailer,6.1636e-05,0.004188223,0.2072649328640685,0.1260342488426915,1375
HARRIS TEETER PHARMACY #6538 (IA),retailer,6.0895774e-05,0.0041378927,0.2072592370369587,0.12601069929557612,1376
COMMUNITY PHARMACY #8076 (MA),retailer,6.0223192e-05,0.004092161,0.2072375265815143,0.12597938044996015,1377
QUALITY CARE PHARMACY #9181 (NM),retailer,0.00072444754,0.049255066,0.1770929395717497,0.12595779036355706,1378
WALMART PHARMACY #5307 (MS),retailer,5.8152073e-05,0.003951339,0.207264812557855,0.1259394232017301,1379
WINN-DIXIE PHARMACY #7956 (DE),retailer,5.529915e-05,0.0037573583,0.2072769093503214,0.1258690889518131,1380
HOMETOWN PHARMACY #3545 (SD),retailer,5.1106734e-05,0.0034723014,0.2074514027208094,0.12585976221997314,1381
FAMILY CARE PHARMACY #9198 (MS),retailer,5.4883363e-05,0.0037290885,0.2072754819740174,0.12585692464016035,1382
WALGREENS #7531 (NY),retailer,5.1433188e-05,0.0034944988,0.2072519160368592,0.12574894920619878,1383
WINN-DIXIE PHARMACY #9978 (OR),retailer,4.6336976e-05,0.0031479888,0.2074597971969178,0.12573507382006677,1384
GOOD NEIGHBOR PHARMACY #7166 (WA),retailer,5.011689e-05,0.003404998,0.2072723367360111,0.12572540123667572,1385
QUALITY CARE PHARMACY #6423 (MN),retailer,4.9378967e-05,0.003354824,0.2072651068227238,0.12570099363646636,1386
SUNRISE PHARMACY #1031 (MS),retailer,4.5197005e-05,0.003070479,0.2072720887010093,0.1255914448775974,1387
MAIN STREET PHARMACY #7155 (VT),retailer,4.0621926e-05,0.0027594045,0.207459903399558,0.12557970387848383,1388
QUALITY CARE PHARMACY #8428 (ID),retailer,4.104275e-05,0.002788016,0.2074348201958637,0.12557609863014074,1389
SUNRISE PHARMACY #3493 (MS),retailer,4.4024135e-05,0.0029907322,0.207271964621369,0.12555947170031007,1390
WINN-DIXIE PHARMACY #7875 (TX),retailer,3.9618433e-05,0.0026911728,0.2074614083869863,0.12555331411364573,1391
MAIN STREET PHARMACY #7936 (WY),retailer,4.2521977e-05,0.0028885948,0.2072742612563405,0.12551999465542038,1392
HARRIS TEETER PHARMACY #1257 (MS),retailer,3.743616e-05,0.002542793,0.2074725017635155,0.1255006183488669,1393
MAIN STREET PHARMACY #5871 (OR),retailer,4.0163293e-05,0.0027282194,0.2072429392424254,0.1254370513660552,1394
MAIN STREET PHARMACY #3359 (NH),retailer,3.86125e-05,0.0026227748,0.2072789764340692,0.125416495827867,1395
MEDICO PHARMACY #3597 (MD),retailer,3.4027133e-05,0.0023110001,0.207441332036126,0.12538919927559394,1396
WALMART PHARMACY #9301 (NH),retailer,3.610912e-05,0.002452563,0.2072734858519169,0.12534511679251237,1397
PUBLIX PHARMACY #1146 (CO),retailer,3.585924e-05,0.0024355722,0.2072764898548346,0.12534012280956708,1398
WINN-DIXIE PHARMACY #2438 (MT),retailer,3.211805e-05,0.0021811966,0.2074325616622724,0.125332015643124,1399
QUALITY CARE PHARMACY #7550 (KS),retailer,3.1634623e-05,0.0021483249,0.2074407271908085,0.12532376625709893,1400
HARRIS TEETER PHARMACY #1323 (ND),retailer,0.0003572682,0.024289275,0.1926227427581725,0.1252893554901944,1401
PUBLIX PHARMACY #1829 (VT),retailer,0.00036700018,0.024950985,0.192139595634515,0.12526415188567336,1402
WINN-DIXIE PHARMACY #7794 (AZ),retailer,3.1550346e-05,0.0021425958,0.207277537850077,0.12522356107525753,1403
HARRIS TEETER PHARMACY #3834 (MN),retailer,3.0559077e-05,0.002075196,0.20728817795193,0.12520298521047935,1404
HEALTH MART PHARMACY #4870 (AR),retailer,3.0295085e-05,0.0020572457,0.2072842512197389,0.12519344902336038,1405
VILLAGE PHARMACY #5841 (AL),retailer,2.9288514e-05,0.001988807,0.207282659651151,0.12516511861182641,1406
FAMILY CARE PHARMACY #9533 (UT),retailer,0.0006947536,0.047236066,0.17709282899311,0.12515012392050512,1407
HARRIS TEETER PHARMACY #2154 (SC),retailer,2.8535698e-05,0.0019376196,0.2072909280475631,0.12514960469749375,1408
COMMUNITY PHARMACY #6880 (VT),retailer,2.7301181e-05,0.0018536793,0.2072945158625699,0.12511818122862245,1409
HOMETOWN PHARMACY #1893 (NH),retailer,2.5921565e-05,0.0017598756,0.2072917775757211,0.1250790167833811,1410
HOMETOWN PHARMACY #6032 (SC),retailer,2.509436e-05,0.0017036315,0.2072713462007894,0.12504426034823307,1411
CVS PHARMACY #3583 (NM),retailer,2.4585292e-05,0.0016690172,0.2072880584368046,0.125040441949956,1412
WALGREENS #7870 (SD),retailer,2.4258032e-05,0.0016467662,0.2072952845519011,0.12503587720199896,1413
MAIN STREET PHARMACY #5037 (UT),retailer,0.00034711766,0.023599105,0.1926566118587763,0.12503360965637628,1414
WALGREENS #2979 (FL),retailer,2.354029e-05,0.0015979647,0.2072977428308162,0.12501783158997642,1415
PUBLIX PHARMACY #4755 (GA),retailer,0.00035724576,0.02428775,0.1921408373007228,0.1249996021994382,1416
MAIN STREET PHARMACY #9827 (NH),retailer,1.951733e-05,0.0013244288,0.2074125433946272,0.1249772975910601,1417
QUALITY CARE PHARMACY #8648 (GA),retailer,2.0816215e-05,0.0014127466,0.2073103309232094,0.12495129721073274,1418
WALGREENS #7611 (WA),retailer,2.0534542e-05,0.0013935945,0.2073025608113843,0.12493897431696951,1419
COMMUNITY PHARMACY #1716 (UT),retailer,1.7075527e-05,0.0011584047,0.207422196768457,0.12491667997115287,1420
PUBLIX PHARMACY #2993 (RI),retailer,1.6277489e-05,0.0011041405,0.2074319056889154,0.12490079962846562,1421
MEDICO PHARMACY #1111 (SC),retailer,1.898455e-05,0.0012882047,0.2072986294026282,0.12489445950462186,1422
HEALTH MART PHARMACY #7969 (NV),retailer,1.7240453e-05,0.0011696164,0.2073115262423576,0.12485476229383213,1423
HEALTH MART PHARMACY #9773 (SD),retailer,1.4296222e-05,0.00096942694,0.2073896412081183,0.12482155551803886,1424
RITE AID #2572 (MD),retailer,1.38286405e-05,0.0009376348,0.2074092280001052,0.12482059073272057,1425
MEDICO PHARMACY #3535 (ID),retailer,1.599932e-05,0.001085228,0.2072984933170793,0.1248131872176095,1426
WINN-DIXIE PHARMACY #3033 (TX),retailer,1.3946857e-05,0.000945673,0.20739031369149,0.124812457422325,1427
HARRIS TEETER PHARMACY #4161 (CA),retailer,1.3163973e-05,0.0008924441,0.2073972873615722,0.12479535007691943,1428
GOOD NEIGHBOR PHARMACY #6877 (MS),retailer,1.499486e-05,0.0010169302,0.2072933753175033,0.12478279729249844,1429
PEOPLES PHARMACY #3168 (MT),retailer,0.00066935405,0.045509066,0.1775795122128854,0.12475133464587508,1430
RITE AID #2387 (TX),retailer,1.2954499e-05,0.0008781987,0.2073112381923661,0.1247380223946383,1431
PEOPLES PHARMACY #7736 (HI),retailer,1.0705609e-05,0.0007252892,0.20740429683872,0.12473269378727002,1432
HEALTH MART PHARMACY #6564 (NV),retailer,1.2020166e-05,0.00081467256,0.207313141233605,0.12471375378142519,1433
HARRIS TEETER PHARMACY #5940 (NM),retailer,1.1982508e-05,0.000812111,0.2073128967763206,0.12471258247759948,1434
CVS PHARMACY #5284 (WA),retailer,8.8860415e-06,0.0006015709,0.2073813914855369,0.1246694632515107,1435
QUALITY CARE PHARMACY #7874 (CO),retailer,1.0134558e-05,0.00068646396,0.2073170163219398,0.12466479538223188,1436
KROGER PHARMACY #1627 (WY),retailer,1.0238413e-05,0.0006935227,0.2073110255746034,0.12466402441283797,1437
WINN-DIXIE PHARMACY #5663 (MD),retailer,9.188906e-06,0.00062216306,0.2073147769864755,0.12463773141630631,1438
MAIN STREET PHARMACY #7184 (NH),retailer,8.366098e-06,0.0005662191,0.2073271429893557,0.12462277343204223,1439
WINN-DIXIE PHARMACY #9562 (MN),retailer,7.9467645e-06,0.00053770735,0.2073205161716106,0.12460739264163281,1440
PEOPLES PHARMACY #3971 (AK),retailer,0.00067451975,0.045860298,0.1770953459168898,0.12460132674130361,1441
PEOPLES PHARMACY #8598 (TX),retailer,7.0657547e-06,0.00047780364,0.2073411608036594,0.12459581794620876,1442
WALGREENS #7782 (CO),retailer,7.5485077e-06,0.0005106288,0.2072992141433896,0.12458378001219018,1443
CORNER DRUG STORE #4271 (CA),retailer,7.1212303e-06,0.0004815773,0.2073071755109914,0.12457693622622268,1444
PUBLIX PHARMACY #4345 (NM),retailer,6.157586e-06,0.00041605497,0.2073304193423309,0.12456467359437752,1445
WALGREENS #4384 (NY),retailer,6.1624773e-06,0.00041638766,0.2073207560239784,0.12455900868063077,1446
PUBLIX PHARMACY #6713 (MA),retailer,4.5626225e-06,0.00030760802,0.2073850951744238,0.12455410031455069,1447
KROGER PHARMACY #1010 (TX),retailer,5.914661e-06,0.00039953654,0.2073224383715658,0.12455327764204945,1448
WALMART PHARMACY #9631 (NE),retailer,4.4768317e-06,0.00030177538,0.2073639373821871,0.12453907258157182,1449
PUBLIX PHARMACY #9486 (MT),retailer,4.5608726e-06,0.00030748703,0.2073337307522328,0.12452323326156604,1450
RITE AID #9117 (NY),retailer,2.3420455e-06,0.00015662261,0.207387802686814,0.12449533065577276,1451
PEOPLES PHARMACY #8239 (WY),retailer,2.4745693e-06,0.00016563329,0.2073749601557614,0.12449122941371261,1452
CVS PHARMACY #5669 (TX),retailer,2.6508023e-06,0.0001776173,0.2073571558923257,0.12448534046025424,1453
WALGREENS #5783 (DE),retailer,2.3491252e-06,0.0001571042,0.2073565961214931,0.12447679935483401,1454
SUNRISE PHARMACY #8545 (UT),retailer,2.0455986e-06,0.00013646547,0.2073684976427026,0.12447568477687576,1455
MAIN STREET PHARMACY #3121 (MN),retailer,1.6976148e-06,0.0001128069,0.2073589971252671,0.12446052103579931,1456
QUALITY CARE PHARMACY #7002 (NJ),retailer,2.2764743e-06,0.00015216495,0.2073306067245222,0.12445923001767283,1457
CORNER DRUG STORE #7216 (CO),retailer,1.7502529e-06,0.00011638511,0.2073540984504345,0.12445901311726386,1458
COMMUNITY PHARMACY #9384 (NH),retailer,1.3133409e-06,8.667754e-05,0.2073647099224563,0.12445349696834708,1459
WALMART PHARMACY #2030 (GA),retailer,1.3569594e-06,8.964387e-05,0.207338037245544,0.1244386798962636,1460
SUNRISE PHARMACY #8868 (TX),retailer,1.3256467e-06,8.7515094e-05,0.2073358117247859,0.12443649307485118,1461
SUNRISE PHARMACY #8246 (MA),retailer,1.6442416e-06,0.0001091775,0.2073153536525175,0.12443288319124073,1462
PUBLIX PHARMACY #3500 (IA),retailer,0.00033461236,0.022748824,0.1921321944827851,0.12437884674579001,1463
PUBLIX PHARMACY #6344 (VT),retailer,0.00066398893,0.045144275,0.1770924485264858,0.12431317867568972,1464
MEDICO PHARMACY #2284 (GA),retailer,0.00033097615,0.022501588,0.1921515771039569,0.1242915819682624,1465
WALGREENS #8524 (OR),retailer,0.0003272753,0.022249954,0.1921386133821386,0.1241831501165973,1466
HEALTH MART PHARMACY #1584 (GA),retailer,0.0009893876,0.06726925,0.1620724549133536,0.12415117399328689,1467
HEALTH MART PHARMACY #1381 (MS),retailer,0.00031984184,0.021744527,0.1921492967677219,0.12398738864344974,1468
HARRIS TEETER PHARMACY #5982 (VT),retailer,0.0026374147,0.17932428,0.0870267297555364,0.1239457500415657,1469
MAIN STREET PHARMACY #2532 (MN),retailer,0.00030674358,0.020853931,0.1926382995501654,0.12392455197754482,1470
RITE AID #4531 (AK),retailer,0.0006362064,0.043255247,0.1771028121511974,0.1235637869060539,1471
WALMART PHARMACY #2428 (AK),retailer,0.00029381178,0.019974655,0.1921532356709192,0.12328180340498385,1472
MEDICO PHARMACY #7458 (TX),retailer,0.000623295,0.042377353,0.1770973694562251,0.12320936238702145,1473
PUBLIX PHARMACY #4058 (WA),retailer,0.00028539746,0.019402536,0.1921596927216332,0.12305682979274873,1474
KROGER PHARMACY #2134 (MD),retailer,0.0006158144,0.04186872,0.177103798215719,0.1230097666383576,1475
PEOPLES PHARMACY #4114 (MN),retailer,0.00027339943,0.018586747,0.1921543917365918,0.12272733426067527,1476
WALGREENS #6629 (WY),retailer,0.00025928914,0.01762734,0.1925605326471529,0.12258725569860944,1477
MEDICO PHARMACY #3471 (AK),retailer,0.000256166,0.017414987,0.1925481291050958,0.12249487229795739,1478
COMMUNITY PHARMACY #2018 (MT),retailer,0.0002645758,0.017986799,0.1921538897144298,0.12248705357164144,1479
VILLAGE PHARMACY #3724 (MS),retailer,0.00025465185,0.017312035,0.1925473258448203,0.12245320958584902,1480
CVS PHARMACY #3495 (GA),retailer,0.000262389,0.01783811,0.1921689681042816,0.12243662448329244,1481
MAIN STREET PHARMACY #3730 (AZ),retailer,0.0009223562,0.06271155,0.1620713834728514,0.12232745042536944,1482
VILLAGE PHARMACY #8237 (VT),retailer,0.00091542123,0.06224002,0.1620688521078413,0.12213732015855225,1483
CORNER DRUG STORE #8392 (NM),retailer,0.00056771154,0.038598042,0.1776392247066968,0.12202275180286605,1484
MAIN STREET PHARMACY #7611 (NM),retailer,0.00023858096,0.01621932,0.1921682911882437,0.12178870280949095,1485
FAMILY CARE PHARMACY #5978 (AR),retailer,0.00023799723,0.016179629,0.1921597347106423,0.12176769220133936,1486
CVS PHARMACY #7874 (MN),retailer,0.00023631465,0.016065227,0.1921623295467568,0.12172348856830432,1487
CVS PHARMACY #8517 (NV),retailer,0.00023298964,0.015839148,0.192153503593276,0.12162776157422067,1488
QUALITY CARE PHARMACY #7120 (DE),retailer,0.00022341796,0.015188335,0.1925265326071896,0.12159125383386718,1489
MEDICO PHARMACY #8944 (WY),retailer,0.00023032271,0.015657812,0.1921537177111189,0.12155535584884763,1490
MEDICO PHARMACY #6092 (NY),retailer,0.0008734922,0.059389126,0.1627577043513121,0.1214102735781468,1491
WALGREENS #3709 (RI),retailer,0.00021139998,0.014371192,0.1925571567978577,0.1212827709118197,1492
WINN-DIXIE PHARMACY #6849 (MD),retailer,0.00086865836,0.05906045,0.1626877542211662,0.12123683241749109,1493
WALGREENS #8803 (MD),retailer,0.0005440017,0.036985926,0.1771059324285776,0.12105793054797594,1494
MAIN STREET PHARMACY #4485 (HI),retailer,0.0008751672,0.05950301,0.1620751045972114,0.12104626843810111,1495
CORNER DRUG STORE #6778 (SC),retailer,0.0008704976,0.059185505,0.1620707055607848,0.12091662641939,1496
SUNRISE PHARMACY #6582 (GA),retailer,0.0005371062,0.036517076,0.1771058593207836,0.12087034625644921,1497
COMMUNITY PHARMACY #9405 (MN),retailer,0.00018789037,0.012772692,0.1925348504453123,0.12062998712102892,1498
FAMILY CARE PHARMACY #3933 (MO),retailer,0.00052511756,0.03570193,0.177108212082318,0.12054570001735182,1499
FAMILY CARE PHARMACY #7793 (MO),retailer,0.00017734601,0.012055744,0.1925242979007497,0.12033687669351903,1500
MAIN STREET PHARMACY #1044 (MO),retailer,0.00017523915,0.011912493,0.1924902881512848,0.1202591702911143,1501
MAIN STREET PHARMACY #5756 (WY),retailer,0.00017834759,0.012123846,0.1921852690873873,0.1201607001251478,1502
VILLAGE PHARMACY #7556 (AK),retailer,0.00017835341,0.012124241,0.1921827363947054,0.12015933836871506,1503
MAIN STREET PHARMACY #8562 (MO),retailer,0.00051085214,0.034731977,0.177107450408944,0.12015726147932321,1504
MEDICO PHARMACY #2444 (MN),retailer,0.00049840397,0.03388558,0.1776049614661328,0.1201172090746994,1505
MEDICO PHARMACY #3872 (CT),retailer,0.00048105157,0.03270573,0.1776414603456973,0.11966716906965488,1506
WALMART PHARMACY #3189 (ID),retailer,0.00015914612,0.010818272,0.1921834931983533,0.11963740477123751,1507
KROGER PHARMACY #6438 (KS),retailer,0.00015834524,0.010763817,0.1921855509428015,0.11961685717987003,1508
HOMETOWN PHARMACY #7107 (WY),retailer,0.00048622562,0.033057533,0.1771123500700535,0.11949042388264784,1509
WINN-DIXIE PHARMACY #3205 (WA),retailer,0.00015353352,0.010436651,0.1921825832980365,0.11948421040445509,1510
SUNRISE PHARMACY #4386 (VT),retailer,0.00014959591,0.01016892,0.1921871488923231,0.11937985744383331,1511
CVS PHARMACY #8191 (VT),retailer,0.00048041734,0.032662608,0.1771063307395118,0.11932884134921655,1512
CVS PHARMACY #6632 (MA),retailer,0.00014500324,0.009856649,0.1921842185146313,0.11925319069917208,1513
VILLAGE PHARMACY #4574 (ID),retailer,0.00014117111,0.00959609,0.192185396167426,0.11914967368001561,1514
CORNER DRUG STORE #7798 (VT),retailer,0.00047132355,0.03204429,0.1771120182182851,0.11908492808827534,1515
KROGER PHARMACY #9640 (HI),retailer,0.0001264479,0.0085950075,0.1921857928747323,0.11874947885323386,1516
MAIN STREET PHARMACY #2672 (WY),retailer,0.00012330864,0.008381558,0.1922073104960115,0.11867700949765093,1517
MAIN STREET PHARMACY #1180 (AK),retailer,0.0007874598,0.05353948,0.1620789389821321,0.11866315579488458,1518
WALMART PHARMACY #3747 (NH),retailer,0.00012245272,0.008323361,0.1921960438562509,0.11864697087321141,1519
KROGER PHARMACY #8125 (MN),retailer,0.00011655323,0.007922234,0.1921989528673463,0.11848826546557682,1520
MEDICO PHARMACY #7647 (CO),retailer,0.00010811003,0.0073481514,0.1924664511404361,0.11841913124900612,1521
MAIN STREET PHARMACY #4431 (CO),retailer,0.00011041249,0.007504704,0.1921978479932515,0.11832059032645931,1522
VILLAGE PHARMACY #8072 (ME),retailer,0.00011067694,0.007522686,0.1921709690600692,0.11831165580362431,1523
VILLAGE PHARMACY #8014 (WY),retailer,0.00010302274,0.00700225,0.1924339928916954,0.11826129575844782,1524
COMMUNITY PHARMACY #8059 (OR),retailer,0.00010749308,0.0073062037,0.1921900188395323,0.11823649292812893,1525
VILLAGE PHARMACY #2264 (SD),retailer,0.000107244494,0.0072893016,0.1922004070587974,0.11823596492345757,1526
PEOPLES PHARMACY #2207 (MD),retailer,0.000101576574,0.00690392,0.1924471084572676,0.11822983301715868,1527
WALGREENS #8516 (MO),retailer,0.00043921755,0.029861292,0.1771056047794593,0.118207879429601,1528
CORNER DRUG STORE #1362 (ME),retailer,0.00010471209,0.0071171145,0.1922078475556556,0.11817155442472002,1529
SUNRISE PHARMACY #1142 (MA),retailer,0.00010312911,0.0070094815,0.1922058801836533,0.11812732082153932,1530
WALGREENS #6633 (WY),retailer,0.00010305836,0.0070046717,0.1921985799644296,0.11812101681039658,1531
HEALTH MART PHARMACY #1220 (IA),retailer,0.000101777194,0.0069175614,0.1922043593571459,0.11808964017605034,1532
HOMETOWN PHARMACY #8980 (OR),retailer,0.0007636373,0.051919706,0.1620792731502074,0.11801544635644066,1533
VILLAGE PHARMACY #1999 (AZ),retailer,9.588529e-05,0.0065169497,0.1921997840966403,0.11792665049340542,1534
HARRIS TEETER PHARMACY #9336 (HI),retailer,9.532083e-05,0.0064785713,0.1922005579745409,0.11791176336448711,1535
GOOD NEIGHBOR PHARMACY #9998 (DE),retailer,0.000427116,0.029038467,0.1771195726059492,0.11788713072762583,1536
PEOPLES PHARMACY #3486 (MS),retailer,0.00042629425,0.028982595,0.1771121216704669,0.11786031121851338,1537
VILLAGE PHARMACY #9368 (VT),retailer,9.3042574e-05,0.0063236644,0.1922153817935438,0.11785869490235454,1538
COMMUNITY PHARMACY #9741 (SC),retailer,8.578113e-05,0.0058299336,0.1924429042790865,0.11779771608662815,1539
PUBLIX PHARMACY #1430 (ID),retailer,8.997997e-05,0.0061154263,0.1922050741153172,0.1177692151326514,1540
PUBLIX PHARMACY #2516 (UT),retailer,8.6721186e-05,0.0058938502,0.192211573817745,0.11768448447714158,1541
WINN-DIXIE PHARMACY #5772 (NH),retailer,8.087798e-05,0.005496551,0.192451915807083,0.11766976995076522,1542
WALGREENS #2534 (AK),retailer,0.00041904487,0.028489683,0.1771130978484048,0.11766373221093973,1543
WALMART PHARMACY #3506 (WY),retailer,8.581327e-05,0.0058321194,0.1922046758332946,0.11765565329821992,1544
PEOPLES PHARMACY #1278 (SD),retailer,7.760904e-05,0.0052742837,0.1924345063498831,0.11757041742950476,1545
GOOD NEIGHBOR PHARMACY #5019 (OR),retailer,7.7814264e-05,0.0052882396,0.1924230104187968,0.11756910221836522,1546
QUALITY CARE PHARMACY #6709 (MD),retailer,7.8128716e-05,0.005309619,0.1922027131103449,0.11744547547000485,1547
WALGREENS #3936 (MN),retailer,7.678505e-05,0.005218258,0.1922167171539452,0.11741733349682905,1548
HEALTH MART PHARMACY #4238 (WY),retailer,7.518106e-05,0.0051091984,0.1922088602560817,0.11736899551022402,1549
MEDICO PHARMACY #6344 (MA),retailer,0.00040648613,0.02763577,0.177111359317136,0.11732112374397051,1550
FAMILY CARE PHARMACY #4495 (MO),retailer,0.0007246568,0.04926929,0.1626191279741271,0.11727919192326924,1551
WINN-DIXIE PHARMACY #7409 (MO),retailer,6.628224e-05,0.0045041353,0.1924011775205609,0.11724236062672447,1552
HOMETOWN PHARMACY #6982 (NM),retailer,6.976257e-05,0.004740777,0.1922148184508471,0.11722520190099706,1553
HARRIS TEETER PHARMACY #7622 (RI),retailer,6.942249e-05,0.004717652,0.1922267499420095,0.11722311089988341,1554
WALGREENS #9787 (UT),retailer,6.919186e-05,0.0047019715,0.1921994076697553,0.11720043319540618,1555
VILLAGE PHARMACY #3551 (WY),retailer,0.0003913963,0.02660976,0.1775447750581806,0.1171707691322866,1556
WINN-DIXIE PHARMACY #1823 (NE),retailer,6.759395e-05,0.004593323,0.192218263883751,0.11716828757076642,1557
QUALITY CARE PHARMACY #1509 (MO),retailer,6.141701e-05,0.004173332,0.1923872748270473,0.1171016976305375,1558
GOOD NEIGHBOR PHARMACY #5885 (GA),retailer,0.0003976863,0.02703744,0.17711631477484,0.11708476481204565,1559
HARRIS TEETER PHARMACY #4182 (WY),retailer,6.01069e-05,0.004084253,0.1924066284131377,0.11707767831180953,1560
FAMILY CARE PHARMACY #8858 (NH),retailer,0.00039715745,0.027001482,0.1771203637151006,0.11707281083035964,1561
RITE AID #3760 (TX),retailer,5.9180395e-05,0.0040212576,0.1924043802405805,0.11705113119545046,1562
KROGER PHARMACY #8702 (CA),retailer,5.690334e-05,0.0038664334,0.1924017747259072,0.11698763819506355,1563
RITE AID #9075 (AR),retailer,0.00038354265,0.026075765,0.1775483913471457,0.11695934100450019,1564
MAIN STREET PHARMACY #2440 (AZ),retailer,5.9632068e-05,0.004051968,0.1922139280534258,0.11694914402791681,1565
PUBLIX PHARMACY #6658 (DE),retailer,5.4815417e-05,0.0037244668,0.1922295252772727,0.11682750194680293,1566
VILLAGE PHARMACY #3549 (UT),retailer,5.4735847e-05,0.0037190577,0.1922196104019992,0.11681938932646735,1567
HEALTH MART PHARMACY #2027 (VT),retailer,5.3143474e-05,0.0036107874,0.1922266234876321,0.11678028904831296,1568
WINN-DIXIE PHARMACY #7921 (CA),retailer,5.2929514e-05,0.0035962383,0.1922217357278797,0.1167715367905234,1569
SUNRISE PHARMACY #8459 (GA),retailer,0.0007154116,0.04864068,0.1620821425571239,0.11670555847908233,1570
CVS PHARMACY #4032 (NM),retailer,4.9035047e-05,0.0033314398,0.1922286806550491,0.11666978431399871,1571
WALGREENS #4891 (IA),retailer,4.744701e-05,0.0032234653,0.1922328578744641,0.11662910091049587,1572
HEALTH MART PHARMACY #3835 (WA),retailer,4.3712065e-05,0.002969513,0.1923801369249279,0.11661588735774633,1573
COMMUNITY PHARMACY #4777 (AR),retailer,4.5213117e-05,0.0030715747,0.1922371908817206,0.11657094448971086,1574
WINN-DIXIE PHARMACY #8251 (MN),retailer,4.4188906e-05,0.0030019344,0.1922300854442736,0.11653882501978996,1575
SUNRISE PHARMACY #9511 (IA),retailer,4.317819e-05,0.002933212,0.1922401110294647,0.11651735145379227,1576
GOOD NEIGHBOR PHARMACY #5220 (IA),retailer,3.9752234e-05,0.0027002697,0.1923596762769778,0.116495913641355,1577
RITE AID #1211 (AZ),retailer,3.8689363e-05,0.0026280014,0.1923767616097175,0.11647725751960533,1578
KROGER PHARMACY #2209 (MA),retailer,4.1665848e-05,0.0028303848,0.1922367627613181,0.11647421156271899,1579
GOOD NEIGHBOR PHARMACY #6959 (AZ),retailer,0.00037445192,0.025457656,0.1771240846815061,0.1164575132132978,1580
QUALITY CARE PHARMACY #8576 (VT),retailer,3.559098e-05,0.0024173323,0.1924019095576526,0.11640807865020833,1581
HOMETOWN PHARMACY #5252 (IA),retailer,3.5134715e-05,0.0023863101,0.1923581920890607,0.11636943934348433,1582
RITE AID #3756 (ID),retailer,3.7353817e-05,0.0025371932,0.1922367527124484,0.11635692897101935,1583
HEALTH MART PHARMACY #3051 (MA),retailer,3.7049052e-05,0.0025164718,0.1922379782252314,0.1163493756241904,1584
PEOPLES PHARMACY #7655 (TX),retailer,3.6916532e-05,0.00250746,0.1922433838875027,0.11634901433752813,1585
HARRIS TEETER PHARMACY #6432 (MA),retailer,3.098307e-05,0.0021040242,0.1923826538534051,0.11627120198002969,1586
WINN-DIXIE PHARMACY #7110 (AR),retailer,3.0719046e-05,0.0020860715,0.1923859041946966,0.11626597116388535,1587
HEALTH MART PHARMACY #6733 (MO),retailer,3.3568893e-05,0.002279843,0.1922444562179049,0.11625861094238311,1588
FAMILY CARE PHARMACY #1713 (MD),retailer,3.0747844e-05,0.0020880315,0.1923669594482462,0.1162553882567923,1589
CVS PHARMACY #3742 (SD),retailer,3.0487261e-05,0.0020703126,0.1923673414892933,0.11624852994200474,1590
CVS PHARMACY #3117 (AZ),retailer,0.00036654793,0.024920234,0.1771273464284403,0.116244501453463,1591
GOOD NEIGHBOR PHARMACY #4408 (IA),retailer,0.00036555147,0.024852483,0.1771098566561782,0.11620690703450702,1592
VILLAGE PHARMACY #7032 (NM),retailer,2.867995e-05,0.0019474283,0.1923732259580105,0.11620290693114606,1593
PEOPLES PHARMACY #3960 (WY),retailer,2.7018146e-05,0.0018344353,0.192359149352164,0.11614926370846908,1594
QUALITY CARE PHARMACY #6630 (SD),retailer,2.9475234e-05,0.0020015007,0.1922376120482553,0.11614316750435047,1595
PUBLIX PHARMACY #5778 (SC),retailer,2.6082878e-05,0.0017708428,0.1923431557635041,0.1161142305746233,1596
KROGER PHARMACY #4294 (TX),retailer,0.00035968007,0.024453266,0.1771233141489575,0.11605529509888586,1597
HEALTH MART PHARMACY #9934 (OR),retailer,2.473224e-05,0.0016790098,0.1922485331703309,0.11602072379373139,1598
VILLAGE PHARMACY #7192 (SC),retailer,2.0671001e-05,0.0014028704,0.192361241578083,0.11597789310791834,1599
KROGER PHARMACY #8362 (MO),retailer,0.0010184209,0.06924333,0.1470584146671401,0.11593237914102712,1600
RITE AID #5067 (NM),retailer,2.1401927e-05,0.00145257,0.1922375649893865,0.11592356699175521,1601
CVS PHARMACY #9337 (AZ),retailer,1.8334717e-05,0.001244019,0.1923496795082808,0.115907415335646,1602
SUNRISE PHARMACY #7190 (WA),retailer,2.0389934e-05,0.0013837602,0.1922488411798019,0.11590280880608789,1603
PEOPLES PHARMACY #5452 (MT),retailer,1.6790736e-05,0.0011390386,0.1923638235876035,0.1158739095833996,1604
CVS PHARMACY #2027 (MA),retailer,1.6835522e-05,0.001142084,0.1923579403022692,0.1158715977821266,1605
QUALITY CARE PHARMACY #3657 (CO),retailer,1.78436e-05,0.0012106262,0.1922657097950668,0.11584367636293713,1606
GOOD NEIGHBOR PHARMACY #3848 (DE),retailer,1.611086e-05,0.0010928126,0.1923367597490848,0.11583918091830728,1607
WINN-DIXIE PHARMACY #4027 (MA),retailer,1.576607e-05,0.0010693681,0.1923393966112196,0.11583138519933839,1608
CVS PHARMACY #1951 (MO),retailer,1.5542015e-05,0.0010541339,0.192341962267288,0.1158268309202699,1609
CORNER DRUG STORE #9066 (DE),retailer,1.7060473e-05,0.0011573787,0.1922499041722269,0.11581289396209388,1610
GOOD NEIGHBOR PHARMACY #5937 (WY),retailer,1.4996536e-05,0.0010170442,0.1923312567992452,0.11580557175814207,1611
GOOD NEIGHBOR PHARMACY #2549 (SC),retailer,1.6622032e-05,0.0011275688,0.1922211197143653,0.11578369933162348,1612
HOMETOWN PHARMACY #5957 (IA),retailer,0.0003404457,0.023145454,0.1775203051689076,0.11577036488937184,1613
MAIN STREET PHARMACY #5483 (HI),retailer,1.4894115e-05,0.0010100809,0.1922671784167281,0.11576433943384945,1614
MAIN STREET PHARMACY #8826 (MA),retailer,1.2706257e-05,0.000861322,0.1923179293177042,0.11573528637815905,1615
CVS PHARMACY #3462 (VT),retailer,1.3657751e-05,0.000926016,0.1922641226561769,0.11572887999388562,1616
COMMUNITY PHARMACY #3492 (AR),retailer,1.3398596e-05,0.0009083948,0.1922706567278022,0.11572575195478546,1617
COMMUNITY PHARMACY #3088 (VT),retailer,1.317315e-05,0.00089306757,0.1922726321047348,0.11572080628443634,1618
GOOD NEIGHBOR PHARMACY #8055 (DE),retailer,1.14661e-05,0.0007769989,0.1923403191785901,0.11571499105066704,1619
RITE AID #7159 (DE),retailer,1.2778158e-05,0.00086621003,0.1922652734208496,0.11570564806448021,1620
GOOD NEIGHBOR PHARMACY #4647 (MO),retailer,1.0863405e-05,0.0007360192,0.1923308777909038,0.11569293435866541,1621
SUNRISE PHARMACY #2063 (SD),retailer,1.2003543e-05,0.0008135418,0.1922596328599787,0.11568119645462029,1622
HEALTH MART PHARMACY #2149 (CA),retailer,1.1651748e-05,0.0007896204,0.1922558780312726,0.11566937497464203,1623
HARRIS TEETER PHARMACY #6596 (GA),retailer,9.372695e-06,0.00063466124,0.1923327118465259,0.11565349161370943,1624
GOOD NEIGHBOR PHARMACY #4280 (AL),retailer,1.0898837e-05,0.0007384272,0.1922544789094086,0.1156480582501411,1625
QUALITY CARE PHARMACY #7985 (AK),retailer,1.0750888e-05,0.0007283696,0.1922339917178496,0.115631742854514,1626
HOMETOWN PHARMACY #4538 (AZ),retailer,0.0006757629,0.04594483,0.1620868761765767,0.11563005749450973,1627
CVS PHARMACY #2418 (CO),retailer,8.292149e-06,0.00056119147,0.1923265069720224,0.1156203807760615,1628
PEOPLES PHARMACY #2417 (GA),retailer,7.744406e-06,0.0005239482,0.1923361449795458,0.11561126627563924,1629
WINN-DIXIE PHARMACY #2251 (AK),retailer,7.1274903e-06,0.00048200306,0.1923494518142489,0.11560247230924109,1630
KROGER PHARMACY #7504 (MN),retailer,9.040175e-06,0.0006120519,0.1922603588270611,0.11560103607775443,1631
VILLAGE PHARMACY #1494 (NM),retailer,8.64242e-06,0.0005850059,0.1922672033833521,0.11559432439387932,1632
WALMART PHARMACY #8666 (MS),retailer,7.054154e-06,0.00047701495,0.1923199684911319,0.1155827870731701,1633
HARRIS TEETER PHARMACY #4595 (MS),retailer,6.3076304e-06,0.00042625685,0.1923314603273688,0.115569378935332,1634
MAIN STREET PHARMACY #5622 (ID),retailer,7.4863906e-06,0.0005064038,0.1922767382688953,0.11556860448626666,1635
PUBLIX PHARMACY #9580 (AK),retailer,7.3627425e-06,0.00049799803,0.1922813772804517,0.11556802558587548,1636
PUBLIX PHARMACY #8657 (GA),retailer,5.8299925e-06,0.00039378068,0.1923196003258077,0.1155492724687748,1637
QUALITY CARE PHARMACY #5967 (AL),retailer,6.635381e-06,0.00044854044,0.1922777976270365,0.11554609475611172,1638
CORNER DRUG STORE #8976 (MS),retailer,5.090985e-06,0.0003435321,0.1923162870059276,0.11552718505139119,1639
SUNRISE PHARMACY #3285 (MN),retailer,0.0006601053,0.04488021,0.1626097542577027,0.11551793709594241,1640
GOOD NEIGHBOR PHARMACY #6915 (NH),retailer,5.3165845e-06,0.00035887098,0.192272052002785,0.1155067796026272,1641
HOMETOWN PHARMACY #5854 (NH),retailer,4.5279803e-06,0.00030525122,0.192305924931992,0.11550565545236738,1642
HOMETOWN PHARMACY #8392 (NM),retailer,5.22892e-06,0.00035291037,0.1922725817557045,0.11550471321038022,1643
GOOD NEIGHBOR PHARMACY #9168 (WA),retailer,3.920896e-06,0.00026397378,0.1923161240834168,0.11549526396185436,1644
MAIN STREET PHARMACY #7080 (MN),retailer,3.954757e-06,0.00026627473,0.1923118930725911,0.1154936457348933,1645
PEOPLES PHARMACY #4773 (CA),retailer,4.414987e-06,0.000297569,0.1922854226084436,0.11549028116667936,1646
MAIN STREET PHARMACY #7456 (MD),retailer,5.0697377e-06,0.00034208733,0.1922546356873947,0.11548961634551008,1647
VILLAGE PHARMACY #8858 (AZ),retailer,3.689119e-06,0.0002482138,0.1922980374721718,0.11547810800356703,1648
CORNER DRUG STORE #5081 (AZ),retailer,3.0272188e-06,0.00020320923,0.1923141248530812,0.11546975860702961,1649
HEALTH MART PHARMACY #1807 (HI),retailer,3.3854813e-06,0.00022756809,0.192279440617183,0.11545869160592206,1650
HARRIS TEETER PHARMACY #8771 (MT),retailer,3.5256442e-06,0.00023709991,0.192271426977942,0.11545769615513454,1651
QUALITY CARE PHARMACY #4887 (UT),retailer,2.4633187e-06,0.00016486786,0.1923195626438759,0.11545768473428492,1652
PEOPLES PHARMACY #7605 (AZ),retailer,3.2275789e-06,0.00021683343,0.1922831523059025,0.11545662475642351,1653
WINN-DIXIE PHARMACY #3113 (CO),retailer,2.9317432e-06,0.00019671817,0.1922887296285274,0.11545192504682271,1654
VILLAGE PHARMACY #1378 (CT),retailer,2.2027475e-06,0.00014715127,0.1923088429655637,0.11544416628646255,1655
PEOPLES PHARMACY #4637 (MA),retailer,2.2133156e-06,0.00014787017,0.1923069355326168,0.11544330939072922,1656
VILLAGE PHARMACY #5361 (OR),retailer,2.8331103e-06,0.00019001309,0.1922773199048723,0.11544239717823773,1657
FAMILY CARE PHARMACY #6205 (CA),retailer,2.0658385e-06,0.00013784278,0.1923079944691697,0.11543993379735264,1658
MAIN STREET PHARMACY #8140 (WA),retailer,2.3256473e-06,0.0001555082,0.1922782013245847,0.11542912407689195,1659
PEOPLES PHARMACY #9183 (OR),retailer,1.7631908e-06,0.00011726455,0.1923013415514432,0.11542771075222982,1660
CVS PHARMACY #7858 (TX),retailer,1.6610672e-06,0.00011032215,0.19228860529928,0.11541729204075897,1661
MAIN STREET PHARMACY #1614 (MS),retailer,1.2472904e-06,8.218732e-05,0.19230360693846,0.11541503908962235,1662
RITE AID #3103 (CO),retailer,1.4049218e-06,9.2905684e-05,0.1922962629256067,0.1154149200290206,1663
COMMUNITY PHARMACY #5644 (RI),retailer,1.7045971e-06,0.00011328151,0.1922787127844437,0.11541254027559134,1664
KROGER PHARMACY #2810 (MT),retailer,0.0003275782,0.02227055,0.177130318983515,0.1151864110255956,1665
CORNER DRUG STORE #1737 (MS),retailer,0.00030396626,0.020665092,0.1771288178480891,0.11454332803888485,1666
HOMETOWN PHARMACY #7940 (AK),retailer,0.0002789075,0.01896126,0.1771358312006891,0.1138660030379057,1667
PEOPLES PHARMACY #1277 (WY),retailer,0.001261092,0.08574337,0.1320448287945692,0.11352424434552813,1668
CVS PHARMACY #2813 (CO),retailer,0.00025587712,0.017395345,0.1771398795457963,0.11324206592513822,1669
HARRIS TEETER PHARMACY #2715 (SD),retailer,0.00025409088,0.017273894,0.1771384457797861,0.11319262508607243,1670
GOOD NEIGHBOR PHARMACY #6452 (TX),retailer,0.00024497785,0.016654266,0.1774508949154929,0.11313224355335925,1671
HOMETOWN PHARMACY #4042 (MN),retailer,0.0002404302,0.016345058,0.1774654092813271,0.11301726880966052,1672
HARRIS TEETER PHARMACY #6415 (MD),retailer,0.00023975516,0.016299158,0.1774681316906029,0.11300054262765134,1673
SUNRISE PHARMACY #9416 (VT),retailer,0.0005764441,0.039191797,0.1620932591155026,0.11293267553716026,1674
RITE AID #2662 (GA),retailer,0.00024032239,0.016337726,0.1771385616177341,0.11281822747671728,1675
WALGREENS #1879 (VT),retailer,0.00023973342,0.016297681,0.1771365364287846,0.11280099454638676,1676
GOOD NEIGHBOR PHARMACY #1568 (VT),retailer,0.00023475438,0.015959138,0.1771480443547907,0.11267248174001232,1677
CVS PHARMACY #5811 (MT),retailer,0.00056074624,0.038124446,0.1620910436405692,0.1125044047009321,1678
CORNER DRUG STORE #6008 (HI),retailer,0.0015482886,0.10527085,0.1170350922275965,0.11232939366277364,1679
HOMETOWN PHARMACY #6572 (WA),retailer,0.000879764,0.05981556,0.1470666112934741,0.11216619133562997,1680
HARRIS TEETER PHARMACY #2691 (TX),retailer,0.0005400466,0.036717005,0.1620926883983513,0.1119424154411495,1681
QUALITY CARE PHARMACY #9369 (SD),retailer,0.00019770314,0.013439896,0.1773972797248491,0.11181432634837796,1682
WALMART PHARMACY #5916 (AK),retailer,0.00020276783,0.013784262,0.1771512218703591,0.11180443796975988,1683
WALGREENS #6001 (TX),retailer,0.00020035925,0.013620495,0.1771480302906841,0.11173701612036287,1684
WALMART PHARMACY #9083 (WA),retailer,0.00020017779,0.013608157,0.1771452503711882,0.11173041309034244,1685
PUBLIX PHARMACY #7037 (AK),retailer,0.0008630148,0.058676727,0.1470647092845461,0.1117095160446418,1686
QUALITY CARE PHARMACY #8571 (NV),retailer,0.00019868543,0.013506685,0.1771474954511278,0.1116911717035206,1687
MEDICO PHARMACY #1923 (IA),retailer,0.00051829545,0.035238072,0.1625209261189069,0.11160778476805482,1688
WALGREENS #6321 (HI),retailer,0.00019547764,0.013288577,0.1771437371812177,0.11160167323675228,1689
PUBLIX PHARMACY #2736 (ME),retailer,0.0011864325,0.08066701,0.1320458690363979,0.11149432823293302,1690
GOOD NEIGHBOR PHARMACY #7650 (AL),retailer,0.0001839084,0.012501944,0.1774336095337519,0.11146094326284223,1691
WALMART PHARMACY #3050 (MD),retailer,0.00019017715,0.0129281785,0.1771290416492442,0.11144869649624346,1692
SUNRISE PHARMACY #6210 (NH),retailer,0.00018678747,0.012697702,0.1771496767762282,0.11136888688209524,1693
WINN-DIXIE PHARMACY #3428 (NH),retailer,0.00017845604,0.01213122,0.177141044190597,0.11113711468566743,1694
SUNRISE PHARMACY #5493 (IA),retailer,0.00016710242,0.011359247,0.1774196227778774,0.11099547252519616,1695
WALMART PHARMACY #6539 (CO),retailer,0.00049804983,0.033861503,0.1620936373680206,0.11080078380908798,1696
WALGREENS #1562 (NH),retailer,0.00015885574,0.010798527,0.1774294938215848,0.11077710706408239,1697
WALGREENS #7396 (VT),retailer,0.00016366797,0.011125728,0.177161424210655,0.11074714545591909,1698
MAIN STREET PHARMACY #9320 (GA),retailer,0.00049130165,0.03340267,0.1620998255133508,0.11062096375047435,1699
RITE AID #8853 (MD),retailer,0.00015763388,0.01071545,0.1771554810364484,0.1105794688722157,1700
HEALTH MART PHARMACY #5407 (IA),retailer,0.00015119968,0.010277967,0.1774334450240294,0.11057125408130049,1701
PUBLIX PHARMACY #7128 (GA),retailer,0.00047396432,0.032223847,0.1620961783285198,0.11014724588872536,1702
WALMART PHARMACY #7336 (CO),retailer,0.0004690585,0.03189028,0.1620986002294115,0.11001527216928551,1703
VILLAGE PHARMACY #7028 (AR),retailer,0.00013435594,0.009132702,0.1771699821507322,0.10995507019157036,1704
QUALITY CARE PHARMACY #3730 (WA),retailer,0.00012611748,0.00857254,0.1774093633608397,0.1098746341148839,1705
FAMILY CARE PHARMACY #6476 (AR),retailer,0.00012922348,0.008783728,0.177163799504701,0.10981177094966989,1706
KROGER PHARMACY #2600 (VT),retailer,0.00078764546,0.053552106,0.1470679287625514,0.10966159929413571,1707
QUALITY CARE PHARMACY #6273 (HI),retailer,0.00011708149,0.007958152,0.1774128233760908,0.10963095505135147,1708
HOMETOWN PHARMACY #9525 (SC),retailer,0.00011763502,0.007995789,0.1773794924866881,0.10962601111429787,1709
CVS PHARMACY #9428 (AK),retailer,0.00011639957,0.007911786,0.1773844013635491,0.10959535548607556,1710
WALMART PHARMACY #6731 (MD),retailer,0.00111643,0.0759073,0.13204854816419,0.10959204787148306,1711
PEOPLES PHARMACY #2691 (IA),retailer,0.0001146019,0.0077895564,0.1773671647643578,0.1095361214196999,1712
WALMART PHARMACY #6498 (AK),retailer,0.00011694358,0.007948777,0.1771739353353285,0.10948387202371675,1713
QUALITY CARE PHARMACY #6882 (CA),retailer,0.00011428851,0.0077682473,0.1771630701627831,0.10940514096172156,1714
MAIN STREET PHARMACY #7706 (AK),retailer,0.00010828098,0.0073597757,0.1771731346905962,0.10924779123988661,1715
QUALITY CARE PHARMACY #9387 (IA),retailer,0.00010335793,0.00702504,0.1773855666779893,0.10924135604841514,1716
KROGER PHARMACY #8886 (NH),retailer,0.00010251261,0.0069675646,0.1773835967320102,0.10921718391741202,1717
MAIN STREET PHARMACY #3493 (MD),retailer,0.000103357874,0.007025037,0.1773417660913332,0.10921507453226827,1718
WALMART PHARMACY #6813 (SD),retailer,0.00010441069,0.007096621,0.1771659273986638,0.10913820506205382,1719
KROGER PHARMACY #6432 (NH),retailer,0.00010252186,0.0069681928,0.1771744514509764,0.10909194797305624,1720
HEALTH MART PHARMACY #9064 (MN),retailer,0.00010213213,0.0069416934,0.1771646703807803,0.10907547971588623,1721
VILLAGE PHARMACY #6857 (IA),retailer,0.000100469806,0.0068286667,0.1771785427490996,0.10903859231532376,1722
MEDICO PHARMACY #2378 (MD),retailer,0.00010046911,0.0068286187,0.1771704425318309,0.10903371309284975,1723
WALGREENS #3378 (GA),retailer,0.00043209633,0.029377097,0.1620986656740167,0.1090100381237184,1724
WALGREENS #1527 (SD),retailer,9.9199584e-05,0.006742301,0.1771705006727782,0.10899922082277877,1725
KROGER PHARMACY #9976 (WY),retailer,9.856123e-05,0.0066988966,0.1771734969007243,0.10898365684411043,1726
HOMETOWN PHARMACY #6267 (ME),retailer,9.812701e-05,0.0066693733,0.1771763646927747,0.10897356811626392,1727
MAIN STREET PHARMACY #6920 (MO),retailer,9.759587e-05,0.0066332584,0.1771824459312316,0.10896277088205256,1728
PEOPLES PHARMACY #1799 (VT),retailer,0.0007492175,0.050939254,0.1475303865680914,0.10889393447100047,1729
WALMART PHARMACY #5415 (IA),retailer,8.8342626e-05,0.006004098,0.1773570547366801,0.10881587208373326,1730
COMMUNITY PHARMACY #4168 (ME),retailer,9.0592795e-05,0.006157096,0.1771667265662413,0.10876287448332377,1731
MAIN STREET PHARMACY #9107 (MO),retailer,0.0004136266,0.028121278,0.1624769555893484,0.10873468461584707,1732
HEALTH MART PHARMACY #6276 (WY),retailer,0.00075323705,0.05121256,0.1470694805446044,0.10872671322600694,1733
PUBLIX PHARMACY #7801 (ME),retailer,8.89724e-05,0.006046919,0.1771769456857706,0.1087249350723186,1734
CVS PHARMACY #2118 (GA),retailer,8.826464e-05,0.005998796,0.1771630656340003,0.10869735776779234,1735
QUALITY CARE PHARMACY #7585 (ID),retailer,8.7486806e-05,0.005945909,0.1771592222124644,0.10867389695541906,1736
GOOD NEIGHBOR PHARMACY #7898 (NM),retailer,0.00041152997,0.027978718,0.1624698231536949,0.10867338120453383,1737
WALGREENS #3305 (IA),retailer,8.636657e-05,0.0058697406,0.1771790213201639,0.10865530913333278,1738
WALGREENS #3744 (MD),retailer,8.2365856e-05,0.0055977167,0.1771735199969545,0.1085431986633858,1739
COMMUNITY PHARMACY #3509 (MD),retailer,8.214463e-05,0.005582676,0.1771737505025256,0.10853732062289645,1740
WINN-DIXIE PHARMACY #1778 (OK),retailer,7.853585e-05,0.0053373016,0.1773101076313141,0.10852098537516791,1741
WALMART PHARMACY #2988 (IA),retailer,7.718567e-05,0.005245499,0.1773694621151471,0.10851987694767319,1742
RITE AID #1051 (HI),retailer,0.00041282523,0.028066788,0.1621032649065131,0.10848867446393216,1743
WINN-DIXIE PHARMACY #6539 (NH),retailer,7.914428e-05,0.005378672,0.1771774614704905,0.10845794565101015,1744
SUNRISE PHARMACY #1626 (MN),retailer,7.838521e-05,0.005327059,0.1771673497204597,0.10843123350781889,1745
VILLAGE PHARMACY #3493 (AK),retailer,7.378693e-05,0.005014406,0.177350528972055,0.10841607980382768,1746
HARRIS TEETER PHARMACY #2205 (IA),retailer,7.6137505e-05,0.005174231,0.1771635500811497,0.10836782240892706,1747
WALGREENS #4548 (IA),retailer,7.208448e-05,0.004898651,0.1773472426802307,0.10836780616278288,1748
COMMUNITY PHARMACY #6495 (IA),retailer,7.129571e-05,0.00484502,0.1773559563467908,0.10835158181287396,1749
QUALITY CARE PHARMACY #5531 (MN),retailer,7.077272e-05,0.0048094597,0.1773587306202064,0.10833902228724122,1750
CORNER DRUG STORE #1371 (NM),retailer,6.8402616e-05,0.0046483087,0.1773527788454771,0.10827099077813952,1751
PEOPLES PHARMACY #9692 (CO),retailer,7.1824405e-05,0.0048809685,0.1771845358834778,0.10826310892260758,1752
MAIN STREET PHARMACY #7953 (AZ),retailer,7.078898e-05,0.004810566,0.1771778836930111,0.1082309566255623,1753
WALMART PHARMACY #9392 (NM),retailer,0.00039512254,0.026863122,0.1624440091236823,0.10821165423151213,1754
GOOD NEIGHBOR PHARMACY #9924 (IA),retailer,6.875822e-05,0.004672486,0.1771784270522645,0.10817605055582677,1755
WALGREENS #6189 (OK),retailer,6.304869e-05,0.004284275,0.1773502153797809,0.10812383936644278,1756
MAIN STREET PHARMACY #4380 (MN),retailer,6.265979e-05,0.004257834,0.1773378482589082,0.10810584264551586,1757
PEOPLES PHARMACY #4802 (SD),retailer,6.188707e-05,0.004205295,0.1773227165551544,0.1080757478637061,1758
VILLAGE PHARMACY #3562 (IA),retailer,6.4406544e-05,0.0043766014,0.1771814329878099,0.10805950036380334,1759
PEOPLES PHARMACY #6983 (AZ),retailer,6.119352e-05,0.004158136,0.1773200048131735,0.10805525734543,1760
MEDICO PHARMACY #9464 (WA),retailer,0.0010542799,0.07168149,0.1320481193111406,0.10790146802640356,1761
CORNER DRUG STORE #8519 (AK),retailer,5.602723e-05,0.0038068634,0.1771858064332354,0.10783422921497361,1762
MEDICO PHARMACY #7839 (AR),retailer,4.957395e-05,0.003368083,0.1773337752345863,0.10774749833281565,1763
COMMUNITY PHARMACY #9371 (TX),retailer,5.098452e-05,0.0034639922,0.177188836002389,0.10769889853148275,1764
MEDICO PHARMACY #9904 (TX),retailer,0.00071491156,0.048606675,0.1470724172914502,0.1076861204221533,1765
HARRIS TEETER PHARMACY #8462 (AZ),retailer,5.020114e-05,0.0034107273,0.1771862445366567,0.10767603766908858,1766
CORNER DRUG STORE #5189 (WY),retailer,4.9362432e-05,0.0033537003,0.1771961993762517,0.10765919980544084,1767
CORNER DRUG STORE #5475 (IA),retailer,4.91154e-05,0.0033369036,0.1771870624921326,0.10764699899750078,1768
MEDICO PHARMACY #8540 (DE),retailer,4.5279514e-05,0.0030760881,0.1773238864762769,0.10762476721525555,1769
CORNER DRUG STORE #6467 (NY),retailer,4.7292568e-05,0.0032129632,0.1771962710705571,0.10760294798126356,1770
WINN-DIXIE PHARMACY #3650 (MT),retailer,4.6346864e-05,0.0031486612,0.1772077742381368,0.10758412908060692,1771
PEOPLES PHARMACY #1530 (NM),retailer,4.404493e-05,0.0029921443,0.1771955644497032,0.1075141964444521,1772
RITE AID #9212 (MO),retailer,3.9896346e-05,0.002710069,0.1773495770187758,0.10749377390673504,1773
COMMUNITY PHARMACY #4319 (AR),retailer,4.1137653e-05,0.00279447,0.1771845880189706,0.1074285408337664,1774
KROGER PHARMACY #5584 (MN),retailer,4.0852236e-05,0.0027750633,0.1771970152738076,0.10742823449659386,1775
WALMART PHARMACY #1998 (VT),retailer,4.020471e-05,0.0027310345,0.1772049793241251,0.10741540138406774,1776
CVS PHARMACY #1434 (NV),retailer,3.7600643e-05,0.0025539757,0.1773219115557244,0.1074147372501028,1777
WALMART PHARMACY #8865 (HI),retailer,3.9668936e-05,0.0026946056,0.1772029002309014,0.10739958245513109,1778
MEDICO PHARMACY #5268 (VT),retailer,3.8580365e-05,0.0026205904,0.1771946685764516,0.10736503729989079,1779
PEOPLES PHARMACY #5301 (NH),retailer,3.638806e-05,0.0024715278,0.1771977800357887,0.10730727915803634,1780
MEDICO PHARMACY #9746 (VT),retailer,3.1213905e-05,0.0021197202,0.1773122204940748,0.10723522041736062,1781
CVS PHARMACY #7210 (MO),retailer,3.1500364e-05,0.0021391967,0.1772869470366517,0.10722784691445109,1782
MAIN STREET PHARMACY #5887 (SC),retailer,3.3439606e-05,0.0022710522,0.1771961616083855,0.10722611785187569,1783
RITE AID #7348 (UT),retailer,2.9429706e-05,0.0019984064,0.1772043856637085,0.10712199394592073,1784
HEALTH MART PHARMACY #4339 (AZ),retailer,2.6685e-05,0.0018117853,0.1771845322303502,0.10703543347116727,1785
PEOPLES PHARMACY #5509 (MN),retailer,2.1007245e-05,0.0014257333,0.1772210449550302,0.10690292031431577,1786
FAMILY CARE PHARMACY #8150 (UT),retailer,2.104663e-05,0.0014284136,0.1772125627706029,0.1068989030723581,1787
WINN-DIXIE PHARMACY #8116 (AK),retailer,0.00035405226,0.02407061,0.1620998095278646,0.10688812946109208,1788
WINN-DIXIE PHARMACY #4030 (MO),retailer,2.025023e-05,0.0013742633,0.1772240353355706,0.10688412655118258,1789
CVS PHARMACY #9041 (MS),retailer,1.7434502e-05,0.00118281,0.1772988735305294,0.10685244815162342,1790
WALMART PHARMACY #1902 (AR),retailer,1.8294562e-05,0.0012412877,0.1772202848514646,0.10682868598376093,1791
CVS PHARMACY #2572 (VT),retailer,1.6613561e-05,0.0011269941,0.1772869690829562,0.1068229791198289,1792
GOOD NEIGHBOR PHARMACY #1123 (MD),retailer,1.8140496e-05,0.0012308136,0.1772172418069259,0.10682267054422816,1793
FAMILY CARE PHARMACY #8648 (HI),retailer,1.8001794e-05,0.0012213842,0.1772214804494599,0.10682144193152901,1794
WINN-DIXIE PHARMACY #4497 (AZ),retailer,1.587188e-05,0.0010765641,0.177213649525477,0.10675881534582883,1795
RITE AID #6858 (AK),retailer,1.5353182e-05,0.0010412937,0.1772120777089215,0.10674376411587397,1796
HOMETOWN PHARMACY #3982 (MO),retailer,1.5179287e-05,0.0010294702,0.1772076998260829,0.10673640798461775,1797
SUNRISE PHARMACY #7353 (GA),retailer,1.43590705e-05,0.0009737008,0.1772177115264598,0.10672010723894094,1798
HEALTH MART PHARMACY #9522 (AZ),retailer,1.1816366e-05,0.0008008133,0.1772098764925867,0.10664625123918882,1799
VILLAGE PHARMACY #2732 (TX),retailer,1.000774e-05,0.00067783945,0.1772866858167538,0.10664314728568093,1800
VILLAGE PHARMACY #5864 (MD),retailer,1.1329129e-05,0.00076768576,0.1772254134576657,0.1066423223860216,1801
QUALITY CARE PHARMACY #5859 (MN),retailer,1.1276356e-05,0.00076409825,0.1772243809761388,0.10664026790364096,1802
COMMUNITY PHARMACY #3304 (VT),retailer,1.06433135e-05,0.0007210526,0.177222816172705,0.10662211072982118,1803
HARRIS TEETER PHARMACY #8263 (GA),retailer,8.980845e-06,0.0006080177,0.1772890137036686,0.10661661531273542,1804
HOMETOWN PHARMACY #9978 (MA),retailer,8.487178e-06,0.0005744504,0.1772753451908835,0.10659498728385039,1805
HEALTH MART PHARMACY #4598 (NV),retailer,8.450649e-06,0.000571968,0.1772769405435056,0.1065949515163842,1806
QUALITY CARE PHARMACY #5118 (MD),retailer,7.705822e-06,0.0005213239,0.1772803846968172,0.10657676037449325,1807
VILLAGE PHARMACY #9805 (MO),retailer,8.160584e-06,0.00055224594,0.1772329622651324,0.10656067573783627,1808
WALMART PHARMACY #1775 (WY),retailer,6.578784e-06,0.00044469236,0.1772184883833015,0.10650896998103744,1809
PUBLIX PHARMACY #5797 (OR),retailer,6.140501e-06,0.0004148917,0.1772323813423949,0.10650538548237458,1810
KROGER PHARMACY #7625 (MD),retailer,6.2007625e-06,0.00041899105,0.1772280025512483,0.10650439796115029,1811
HARRIS TEETER PHARMACY #3466 (ND),retailer,4.221367e-06,0.0002844031,0.177282777446767,0.10648342770972437,1812
SUNRISE PHARMACY #8780 (OR),retailer,4.20484e-06,0.0002832794,0.1772354367426526,0.10645457380769817,1813
QUALITY CARE PHARMACY #4967 (SD),retailer,3.5474839e-06,0.00023858658,0.1772350777967016,0.10643648131040612,1814
CVS PHARMACY #7614 (TX),retailer,2.3882678e-06,0.00015976577,0.1772371580866233,0.1064062011593062,1815
CORNER DRUG STORE #5761 (HI),retailer,2.1812793e-06,0.0001456902,0.1772301505906569,0.10639636643477503,1816
FAMILY CARE PHARMACY #3692 (MD),retailer,2.0610069e-06,0.00013751474,0.1772329851787227,0.10639479700482685,1817
WALMART PHARMACY #6565 (SC),retailer,1.2254757e-06,8.070299e-05,0.177270529262055,0.10639459875108612,1818
WALMART PHARMACY #6210 (MT),retailer,1.0950131e-06,7.183189e-05,0.1772643245165288,0.10638732746653569,1819
WINN-DIXIE PHARMACY #8641 (RI),retailer,1.3181359e-06,8.700325e-05,0.1772411853762407,0.10637951252755275,1820
COMMUNITY PHARMACY #9030 (GA),retailer,9.383314e-07,6.117867e-05,0.1772582602484684,0.10637942761561243,1821
CORNER DRUG STORE #6039 (NH),retailer,8.588144e-07,5.577412e-05,0.177256278603656,0.10637607681075058,1822
PUBLIX PHARMACY #4110 (AL),retailer,1.2398904e-06,8.168246e-05,0.1772389319716697,0.10637603216898257,1823
WALGREENS #1336 (ID),retailer,1.2487815e-06,8.2287355e-05,0.1772346289397947,0.10637369230819005,1824
CVS PHARMACY #7950 (GA),retailer,9.404767e-07,6.132524e-05,0.1772430824857241,0.1063703795876323,1825
QUALITY CARE PHARMACY #5940 (HI),retailer,4.5729743e-07,2.8472185e-05,0.1772635704245194,0.10636953112835669,1826
PUBLIX PHARMACY #7790 (VT),retailer,4.658704e-07,2.905382e-05,0.1772614338888902,0.10636848186118085,1827
PUBLIX PHARMACY #9531 (IA),retailer,2.3237055e-07,1.3177517e-05,0.1772609885568893,0.10636186414114578,1828
VILLAGE PHARMACY #3118 (WA),retailer,5.2461183e-07,3.3050812e-05,0.1772453559221145,0.10636043387821369,1829
GOOD NEIGHBOR PHARMACY #9997 (IA),retailer,1.4544173e-07,7.2681078e-06,0.1772618185095937,0.1063599983489988,1830
RITE AID #1688 (CO),retailer,9.3721745e-08,3.750381e-06,0.1772571595473528,0.1063557958808051,1831
GOOD NEIGHBOR PHARMACY #3185 (WY),retailer,1.0768615e-07,4.7019353e-06,0.1772559732410426,0.10635546471873268,1832
MAIN STREET PHARMACY #9253 (MO),retailer,1.02379104e-07,4.341322e-06,0.1772532298250411,0.10635367442384051,1833
PUBLIX PHARMACY #8593 (NM),retailer,2.2374488e-07,1.2593556e-05,0.1772435633777292,0.10635117544903495,1834
QUALITY CARE PHARMACY #3505 (MN),retailer,3.8529873e-08,0.0,0.1772507884065567,0.10635047304393401,1835
CORNER DRUG STORE #5006 (NH),retailer,0.0009798402,0.06662009,0.1320507990677638,0.10587851471361416,1836
PEOPLES PHARMACY #6908 (AK),retailer,0.00031516686,0.02142666,0.1621131459465803,0.10583855119891054,1837
RITE AID #2024 (CO),retailer,0.00031333833,0.021302331,0.1621109243056419,0.10578748745150819,1838
PUBLIX PHARMACY #3384 (MT),retailer,0.00029522539,0.02007077,0.1621102623110817,0.10529446624760663,1839
WALMART PHARMACY #6000 (VT),retailer,0.00029252918,0.019887445,0.1621121794384621,0.1052222860471548,1840
WALGREENS #8149 (HI),retailer,0.0006198004,0.042139746,0.1470716480145988,0.10509888805330617,1841
PEOPLES PHARMACY #3259 (MA),retailer,0.00028778162,0.019564642,0.162110307261269,0.10509204138512653,1842
RITE AID #4521 (MD),retailer,0.00027483905,0.018684633,0.1621181801116353,0.10474476148372208,1843
WALMART PHARMACY #2304 (CA),retailer,0.00026256897,0.017850347,0.1621208239030656,0.10441263299401501,1844
MAIN STREET PHARMACY #5225 (WA),retailer,0.0002577031,0.0175195,0.1621204793574785,0.10428008765711634,1845
HOMETOWN PHARMACY #7685 (GA),retailer,0.00025539706,0.017362705,0.1621189933895418,0.10421647802021199,1846
MEDICO PHARMACY #7617 (AK),retailer,0.00025455357,0.017305354,0.1621121227443531,0.10418941529544085,1847
HARRIS TEETER PHARMACY #9419 (IA),retailer,0.0005733208,0.038979433,0.1475147034118809,0.10410059525163397,1848
HOMETOWN PHARMACY #1595 (SD),retailer,0.00023628713,0.016063355,0.162121845620362,0.10369844942911746,1849
WINN-DIXIE PHARMACY #8098 (AZ),retailer,0.00023219969,0.015785435,0.1621197193151509,0.10358600586121054,1850
CVS PHARMACY #3011 (GA),retailer,0.000230619,0.015677959,0.1621228560458377,0.10354489711825579,1851
WALMART PHARMACY #3253 (WY),retailer,0.0005544105,0.03769366,0.1473887740355828,0.10351072870386234,1852
CVS PHARMACY #1417 (IA),retailer,0.0005510933,0.03746811,0.1474740301153805,0.10347166233997022,1853
VILLAGE PHARMACY #4422 (MS),retailer,0.0002039854,0.0138670495,0.1623147223999794,0.10293565332431767,1854
HEALTH MART PHARMACY #8822 (AR),retailer,0.0005370991,0.036516596,0.1470685481756417,0.10284776771691369,1855
WALMART PHARMACY #7964 (GA),retailer,0.00019937426,0.013553522,0.1623564787520042,0.10283529616895741,1856
CORNER DRUG STORE #5511 (VT),retailer,0.00020286007,0.013790535,0.1621248523397491,0.1027911252344099,1857
HEALTH MART PHARMACY #5354 (WA),retailer,0.0005342978,0.036326125,0.1470820102112005,0.1027796562323874,1858
CVS PHARMACY #5592 (MT),retailer,0.00019663612,0.0133673465,0.1623617802883293,0.10276400667504106,1859
KROGER PHARMACY #3014 (VT),retailer,0.00020088276,0.01365609,0.1621236159050892,0.10273660554852665,1860
PEOPLES PHARMACY #2281 (TX),retailer,0.0005180869,0.03522389,0.1470792781529614,0.10233712330268553,1861
CORNER DRUG STORE #6992 (CA),retailer,0.00018445228,0.012538924,0.1621339413857657,0.10229593457050314,1862
MEDICO PHARMACY #3359 (WY),retailer,0.00018362634,0.012482766,0.1621265139095174,0.10226901504991572,1863
HARRIS TEETER PHARMACY #3530 (HI),retailer,0.00017656428,0.012002593,0.1623557875821312,0.10221450980495332,1864
VILLAGE PHARMACY #8732 (AK),retailer,0.0008412749,0.057198558,0.1320558856554605,0.10211295496688946,1865
MEDICO PHARMACY #9758 (NM),retailer,0.00017760524,0.012073371,0.162130828930577,0.10210784588896654,1866
MAIN STREET PHARMACY #4451 (TX),retailer,0.00016486635,0.01120721,0.1623742526970462,0.10190743557823634,1867
COMMUNITY PHARMACY #8157 (GA),retailer,0.00016358176,0.011119867,0.1623516337603267,0.10185892704680181,1868
KROGER PHARMACY #9281 (GA),retailer,0.00016562345,0.011258688,0.1621291307345617,0.1017809534772091,1869
VILLAGE PHARMACY #7380 (MS),retailer,0.00016563703,0.011259612,0.1621153907867692,0.10177307924359573,1870
COMMUNITY PHARMACY #3057 (VT),retailer,0.00016205713,0.0110162,0.1621353937093193,0.10168771634422388,1871
RITE AID #9216 (HI),retailer,0.0001571081,0.0106796995,0.1621401994463446,0.10155599946002021,1872
WINN-DIXIE PHARMACY #8787 (DE),retailer,0.00014816294,0.010071487,0.1621363232840418,0.10131038902308458,1873
WALMART PHARMACY #5438 (AK),retailer,0.00014119399,0.009597644,0.1621286308274467,0.10111623613384658,1874
VILLAGE PHARMACY #4822 (WA),retailer,0.00013930166,0.009468979,0.1621427834984307,0.10107326191964117,1875
RITE AID #9003 (WA),retailer,0.00013634768,0.009268127,0.1621365364438521,0.10098917291216415,1876
SUNRISE PHARMACY #6286 (AZ),retailer,0.00012975371,0.00881978,0.1623373743977813,0.10093033671709406,1877
COMMUNITY PHARMACY #4456 (HI),retailer,0.00012859449,0.008740961,0.1623282479251364,0.1008933330032193,1878
CORNER DRUG STORE #9046 (AZ),retailer,0.00013215642,0.008983148,0.1621272272657875,0.10086959561766824,1879
COMMUNITY PHARMACY #6996 (MO),retailer,0.00012837627,0.008726123,0.1621416738737616,0.10077545348645706,1880
WALMART PHARMACY #6144 (GA),retailer,0.00012392488,0.008423458,0.1623256234164343,0.1007647573309574,1881
GOOD NEIGHBOR PHARMACY #2829 (IA),retailer,0.000120722936,0.008205747,0.1623240620104874,0.10067673623872726,1882
CORNER DRUG STORE #7557 (TX),retailer,0.000117026335,0.007954402,0.1623213971552085,0.10057459919098502,1883
PEOPLES PHARMACY #6415 (WY),retailer,0.0004392847,0.02986586,0.1474108750054318,0.10039286882007588,1884
QUALITY CARE PHARMACY #8443 (AZ),retailer,0.00010995061,0.0074732993,0.162336995153875,0.10039151694394699,1885
CVS PHARMACY #2363 (AZ),retailer,0.000113380294,0.0077064955,0.1621402161050134,0.10036672798973578,1886
HARRIS TEETER PHARMACY #9075 (MD),retailer,0.0001104322,0.007506044,0.1621526897190811,0.10029403157092938,1887
SUNRISE PHARMACY #3953 (MN),retailer,0.00044090018,0.029975701,0.1470843150216048,0.10024086983488231,1888
PUBLIX PHARMACY #4778 (AK),retailer,0.00010043899,0.0068265717,0.1623201376304962,0.10012271128667519,1889
QUALITY CARE PHARMACY #9563 (GA),retailer,0.00010150405,0.0068989885,0.1621535435988987,0.10005172156092432,1890
CVS PHARMACY #9946 (WY),retailer,0.000101065474,0.006869168,0.1621466606648837,0.1000356636538103,1891
RITE AID #2098 (HI),retailer,0.0001007861,0.006850173,0.1621427767741242,0.10002573535696023,1892
FAMILY CARE PHARMACY #5262 (AZ),retailer,0.00043260638,0.029411776,0.1470873069727522,0.1000170949527086,1893
WALGREENS #1766 (IA),retailer,9.515458e-05,0.0064672665,0.1622992982046687,0.09996648546580275,1894
WINN-DIXIE PHARMACY #5755 (MN),retailer,9.570356e-05,0.0065045934,0.1621493900875422,0.09989147155904309,1895
MEDICO PHARMACY #6805 (MO),retailer,9.368552e-05,0.0063673803,0.1621424413379138,0.09983241690880688,1896
CORNER DRUG STORE #3580 (SD),retailer,0.00074597594,0.050718848,0.1324541746727837,0.09976004461361246,1897
WALGREENS #2542 (OR),retailer,8.9658264e-05,0.0060935537,0.1621480230250863,0.09972623540141629,1898
KROGER PHARMACY #7522 (GA),retailer,8.9021e-05,0.006050223,0.1621575595933106,0.09971462496357598,1899
QUALITY CARE PHARMACY #4971 (AZ),retailer,8.5814914e-05,0.0058322307,0.1622982518852154,0.09971184340002534,1900
WINN-DIXIE PHARMACY #7362 (HI),retailer,8.903339e-05,0.0060510663,0.1621515441307025,0.09971135305761379,1901
WINN-DIXIE PHARMACY #7920 (WA),retailer,8.870977e-05,0.006029062,0.1621488881730686,0.0997009577862114,1902
RITE AID #6846 (TX),retailer,8.284349e-05,0.005630194,0.1623056089599959,0.09963544305980396,1903
HEALTH MART PHARMACY #3463 (TX),retailer,8.49073e-05,0.0057705184,0.1621565402655065,0.09960213149052917,1904
CVS PHARMACY #1614 (UT),retailer,0.0004067057,0.027650699,0.1474274387210285,0.09951674302665445,1905
MEDICO PHARMACY #4572 (WA),retailer,7.8017525e-05,0.005302059,0.1621509775104748,0.09941141010568301,1906
CVS PHARMACY #3168 (CO),retailer,0.00040349245,0.02743222,0.1473936616976708,0.0994090852275282,1907
HARRIS TEETER PHARMACY #8035 (WY),retailer,7.606478e-05,0.005169286,0.1621539504998295,0.0993600847638171,1908
SUNRISE PHARMACY #9064 (MN),retailer,7.493863e-05,0.005092715,0.1621497227237484,0.09932691969265706,1909
PEOPLES PHARMACY #3633 (VT),retailer,7.248569e-05,0.00492593,0.1621621445801044,0.0992676586779913,1910
WINN-DIXIE PHARMACY #5871 (CO),retailer,7.0482194e-05,0.0047897063,0.1621607547725271,0.0992123354379106,1911
PEOPLES PHARMACY #4981 (WY),retailer,6.9236194e-05,0.0047049876,0.1621520800575122,0.09917324315645573,1912
VILLAGE PHARMACY #4138 (MN),retailer,6.8382134e-05,0.004646915,0.162156981968649,0.09915295525548176,1913
GOOD NEIGHBOR PHARMACY #9148 (MO),retailer,6.629103e-05,0.0045047333,0.1621439772785492,0.09908827971500381,1914
WINN-DIXIE PHARMACY #1725 (NM),retailer,0.00038982515,0.026502931,0.1474086999588625,0.09904639313032725,1915
VILLAGE PHARMACY #9558 (MS),retailer,6.398307e-05,0.0043478096,0.1621572435798549,0.09903346998407264,1916
HARRIS TEETER PHARMACY #9121 (AK),retailer,0.0003835096,0.026073517,0.147405121294682,0.09887248024673746,1917
MAIN STREET PHARMACY #1915 (AZ),retailer,5.7162728e-05,0.0038840685,0.162165246763373,0.09885277548755382,1918
VILLAGE PHARMACY #8476 (MD),retailer,5.614853e-05,0.003815111,0.1621644218833794,0.09882469757886528,1919
VILLAGE PHARMACY #8656 (TX),retailer,5.572854e-05,0.0037865539,0.1621581635286612,0.09880951966182605,1920
SUNRISE PHARMACY #2370 (AZ),retailer,5.280253e-05,0.0035876045,0.1621653460908982,0.09873424943139718,1921
MAIN STREET PHARMACY #9957 (MN),retailer,4.732335e-05,0.003215057,0.1622823657147909,0.09865544225962906,1922
KROGER PHARMACY #4127 (WY),retailer,4.718222e-05,0.0032054612,0.1622882669544021,0.09865514467381982,1923
RITE AID #5935 (WA),retailer,4.7659436e-05,0.0032379082,0.1621689531251037,0.09859653517122531,1924
PEOPLES PHARMACY #2132 (MO),retailer,4.4945416e-05,0.0030533732,0.1622836089966544,0.0985915147444441,1925
WINN-DIXIE PHARMACY #2725 (MO),retailer,4.348612e-05,0.0029541508,0.1622625897056873,0.09853921415985467,1926
PUBLIX PHARMACY #3479 (AR),retailer,4.451259e-05,0.0030239436,0.1621665308162799,0.09850949591887627,1927
WALMART PHARMACY #8317 (MO),retailer,4.2466814e-05,0.0028848443,0.1621683997233111,0.09845497760776568,1928
COMMUNITY PHARMACY #6367 (UT),retailer,3.8869526e-05,0.0026402518,0.1622868795949283,0.09842822846445815,1929
HEALTH MART PHARMACY #8461 (GA),retailer,0.00036615,0.02489318,0.147404519429618,0.09839998328585259,1930
RITE AID #6273 (NE),retailer,3.9521274e-05,0.0026845678,0.1621674293203598,0.09837428474435632,1931
MEDICO PHARMACY #6616 (WY),retailer,0.0010348213,0.07035844,0.117041917805186,0.09836852679509585,1932
MEDICO PHARMACY #4569 (IA),retailer,3.789431e-05,0.0025739444,0.1621693357508352,0.09833117925523045,1933
WALMART PHARMACY #3675 (TX),retailer,3.5773723e-05,0.0024297582,0.1622629810347765,0.09832969188864807,1934
VILLAGE PHARMACY #3411 (VT),retailer,3.537621e-05,0.0024027284,0.1622535557716268,0.09831322483236657,1935
HARRIS TEETER PHARMACY #4515 (HI),retailer,3.6101796e-05,0.0024520638,0.1621835985554998,0.09829098464596986,1936
HARRIS TEETER PHARMACY #6352 (IA),retailer,3.0815067e-05,0.002092602,0.1622773596445292,0.09820345656077606,1937
KROGER PHARMACY #6796 (MS),retailer,3.084867e-05,0.0020948856,0.1621688685919684,0.09813927538206231,1938
RITE AID #9460 (WA),retailer,3.05493e-05,0.0020745306,0.162170530954787,0.09813213082856022,1939
KROGER PHARMACY #2883 (MA),retailer,2.8164108e-05,0.0019123534,0.1621746452434284,0.09806972853526383,1940
QUALITY CARE PHARMACY #9347 (UT),retailer,2.795868e-05,0.001898386,0.1621800789375448,0.09806740180581622,1941
SUNRISE PHARMACY #4273 (OR),retailer,2.703292e-05,0.0018354404,0.1621813759746581,0.09804300178048712,1942
PUBLIX PHARMACY #1683 (WA),retailer,2.5995298e-05,0.0017648892,0.1621886947653739,0.0980191725839219,1943
WINN-DIXIE PHARMACY #8102 (GA),retailer,2.373582e-05,0.0016112609,0.1622566874290857,0.09799851684112344,1944
WALMART PHARMACY #8760 (TX),retailer,2.3893677e-05,0.0016219909,0.1621823503122879,0.09795820657112987,1945
GOOD NEIGHBOR PHARMACY #3166 (NH),retailer,2.1490529e-05,0.0014585934,0.1622391265353273,0.09792691330902788,1946
CVS PHARMACY #2875 (GA),retailer,2.146716e-05,0.0014570043,0.1621789961993335,0.09789019947977444,1947
HOMETOWN PHARMACY #9978 (FL),retailer,1.8967781e-05,0.0012870646,0.1622509488071349,0.09786539514851028,1948
MAIN STREET PHARMACY #4342 (VT),retailer,1.8924651e-05,0.0012841308,0.162251895160537,0.09786478943589988,1949
HOMETOWN PHARMACY #1799 (WA),retailer,2.0039794e-05,0.0013599528,0.1621828493903672,0.09785369078447866,1950
SUNRISE PHARMACY #8418 (IA),retailer,1.9663366e-05,0.0013343586,0.1621909916296078,0.09784833844820622,1951
KROGER PHARMACY #1528 (NY),retailer,1.9651925e-05,0.0013335815,0.1621834059282513,0.09784347619848306,1952
MAIN STREET PHARMACY #1922 (VT),retailer,1.7132883e-05,0.0011623016,0.1622474331838729,0.09781338056335402,1953
WALMART PHARMACY #9893 (RI),retailer,1.6065682e-05,0.0010897416,0.1622512730094389,0.09778666046004382,1954
CORNER DRUG STORE #6481 (MD),retailer,1.592309e-05,0.0010800445,0.1622572834193174,0.09778638786386297,1955
QUALITY CARE PHARMACY #5369 (AK),retailer,1.489208e-05,0.0010099437,0.1622355845669087,0.09774532820502974,1956
WINN-DIXIE PHARMACY #3929 (HI),retailer,1.465308e-05,0.0009936928,0.1622409511897879,0.09774204783822475,1957
CORNER DRUG STORE #8030 (TX),retailer,1.4537594e-05,0.0009858407,0.1622450307265421,0.0977413547039982,1958
CVS PHARMACY #2048 (GA),retailer,1.4320372e-05,0.00097106944,0.1622352030967578,0.09772954964109128,1959
KROGER PHARMACY #4602 (WY),retailer,1.100962e-05,0.0007459605,0.1622457484153413,0.09764583324789089,1960
WINN-DIXIE PHARMACY #7481 (NV),retailer,1.1696153e-05,0.0007926402,0.1621907244576705,0.09763149075586006,1961
PEOPLES PHARMACY #7931 (CA),retailer,1.0899285e-05,0.00073845976,0.1622044274168639,0.09761804036402648,1962
WINN-DIXIE PHARMACY #9579 (CO),retailer,9.460494e-06,0.00064063113,0.1621916977890168,0.09757127111938911,1963
HEALTH MART PHARMACY #4887 (IA),retailer,8.668842e-06,0.000586802,0.1622076915841044,0.09755933575693743,1964
KROGER PHARMACY #5346 (MA),retailer,7.003119e-06,0.00047354374,0.162229604656978,0.09752718028713434,1965
HEALTH MART PHARMACY #9633 (FL),retailer,6.912845e-06,0.00046740868,0.1622195945507928,0.09751872020299102,1966
RITE AID #4586 (MO),retailer,7.3522447e-06,0.00049728376,0.1621947862751529,0.09751578527039262,1967
SUNRISE PHARMACY #6167 (AZ),retailer,6.179385e-06,0.00041753697,0.1622158673852279,0.09749653522148637,1968
WALGREENS #4605 (IA),retailer,5.6453036e-06,0.00038122202,0.1622365923869694,0.09749444423881586,1969
PEOPLES PHARMACY #7819 (AK),retailer,5.6259196e-06,0.00037990522,0.1622200955855571,0.09748401943684487,1970
HOMETOWN PHARMACY #5351 (TX),retailer,5.2636146e-06,0.0003552695,0.1622252825824017,0.09747727735444536,1971
CVS PHARMACY #2402 (NV),retailer,5.4771604e-06,0.00036978943,0.1622135631930124,0.09747605369576963,1972
HOMETOWN PHARMACY #3383 (VT),retailer,5.08448e-06,0.00034309007,0.1622242969467914,0.09747181419558755,1973
FAMILY CARE PHARMACY #4054 (MO),retailer,5.125643e-06,0.0003458889,0.1622144915794612,0.09746705051223559,1974
VILLAGE PHARMACY #3423 (AK),retailer,4.8809848e-06,0.00032925414,0.1622238813052997,0.09746603044084477,1975
SUNRISE PHARMACY #4395 (WA),retailer,4.898988e-06,0.0003304779,0.1622115664045503,0.09745913099771959,1976
CORNER DRUG STORE #8413 (MA),retailer,4.283072e-06,0.0002886002,0.1622270032756304,0.09745164203967444,1977
HARRIS TEETER PHARMACY #1274 (WA),retailer,4.7665903e-06,0.00032147652,0.1621948270094974,0.09744548680940672,1978
HARRIS TEETER PHARMACY #3659 (AK),retailer,0.0003379451,0.02297543,0.1470902114259619,0.09744429881259313,1979
WALMART PHARMACY #1514 (HI),retailer,4.61538e-06,0.0003111932,0.1621982898255022,0.09744345118189157,1980
MEDICO PHARMACY #7007 (WY),retailer,4.0763593e-06,0.00027454557,0.1621960091048269,0.09742742369578217,1981
HEALTH MART PHARMACY #5956 (HI),retailer,0.0009826116,0.06680852,0.1170427282340276,0.09694904601198123,1982
GOOD NEIGHBOR PHARMACY #2493 (HI),retailer,0.00030145093,0.020494066,0.1470969737339418,0.09645581127067808,1983
WALMART PHARMACY #6144 (AZ),retailer,0.0003010327,0.02046563,0.1471013276623723,0.09644704845381004,1984
QUALITY CARE PHARMACY #5421 (WA),retailer,0.00029162125,0.019825712,0.1473516617463386,0.09634128234513735,1985
QUALITY CARE PHARMACY #2945 (MO),retailer,0.00029434558,0.020010948,0.1470940564159395,0.09626081330828916,1986
HARRIS TEETER PHARMACY #1401 (HI),retailer,0.0002914886,0.019816691,0.1471000393917577,0.09618670005741217,1987
FAMILY CARE PHARMACY #9324 (MD),retailer,0.00027786594,0.01889044,0.1470987153057201,0.09581540546217222,1988
GOOD NEIGHBOR PHARMACY #1581 (OR),retailer,0.00026467026,0.017993221,0.1470992486131144,0.09545683749851301,1989
HOMETOWN PHARMACY #8828 (WY),retailer,0.00026440067,0.01797489,0.1471028646078185,0.0954516752583668,1990
WALMART PHARMACY #6353 (HI),retailer,0.00025225818,0.01714928,0.1471011078514417,0.0951203770135498,1991
MAIN STREET PHARMACY #7321 (WY),retailer,0.00025144668,0.017094105,0.1471005586648713,0.09509797748489561,1992
KROGER PHARMACY #6480 (MD),retailer,0.00023563481,0.016019,0.1471025948836754,0.0946691568263978,1993
RITE AID #2497 (VT),retailer,0.00022622333,0.015379082,0.1473167629305976,0.09454169062983735,1994
RITE AID #5277 (TX),retailer,0.00022261582,0.015133795,0.1473481447419881,0.09446240488343591,1995
WALGREENS #4290 (MD),retailer,0.00022069077,0.015002904,0.1471029467770495,0.09426292994329559,1996
CVS PHARMACY #5901 (GA),retailer,0.00021413548,0.014557187,0.1473123284801481,0.09421027215940582,1997
COMMUNITY PHARMACY #9193 (MD),retailer,0.00021336065,0.014504503,0.1471034388392207,0.09406386487329225,1998
COMMUNITY PHARMACY #2840 (VT),retailer,0.00054425444,0.03700311,0.1320596832254661,0.0940370541867097,1999
PEOPLES PHARMACY #3058 (DE),retailer,0.0002101844,0.014288539,0.1471054915014684,0.09397871071390985,2000
WALGREENS #2968 (NH),retailer,0.00018779599,0.012766276,0.1472426531189122,0.09345210200017322,2001
HEALTH MART PHARMACY #3683 (MO),retailer,0.00018246843,0.012404036,0.1473092383570038,0.09334715751120821,2002
KROGER PHARMACY #5987 (NM),retailer,0.00018462985,0.0125509985,0.1471096742760595,0.09328620414355136,2003
CORNER DRUG STORE #3405 (VT),retailer,0.00017392008,0.011822804,0.1471036331986461,0.09299130137697303,2004
MAIN STREET PHARMACY #7262 (MO),retailer,0.00016686179,0.011342886,0.147113906861184,0.0928054985714483,2005
KROGER PHARMACY #4710 (NH),retailer,0.00014987511,0.010187904,0.1471108252474235,0.09234165679550567,2006
CVS PHARMACY #5795 (HI),retailer,0.00014842252,0.010089138,0.1471163012494117,0.0923054356930834,2007
QUALITY CARE PHARMACY #1459 (NH),retailer,0.00014695039,0.009989042,0.1471155657921319,0.09226495639557152,2008
MAIN STREET PHARMACY #4716 (MS),retailer,0.00014062999,0.009559296,0.1472912595418022,0.09219847424682533,2009
FAMILY CARE PHARMACY #4016 (NH),retailer,0.00012983802,0.008825513,0.1472752255977999,0.09189534035328394,2010
CORNER DRUG STORE #2658 (AK),retailer,0.00079,0.0537122,0.1173404032340678,0.09188912171727612,2011
KROGER PHARMACY #7125 (AK),retailer,0.00012490925,0.008490389,0.1472919403129272,0.09177131996607496,2012
PUBLIX PHARMACY #3388 (WA),retailer,0.0004598527,0.031264346,0.1320696500440794,0.09174752902241692,2013
GOOD NEIGHBOR PHARMACY #9173 (MA),retailer,0.00012392491,0.008423461,0.1472649970217713,0.09172838242548216,2014
QUALITY CARE PHARMACY #8747 (MN),retailer,0.00012256402,0.008330928,0.1472833818864078,0.09170240048967306,2015
HOMETOWN PHARMACY #4200 (VT),retailer,0.00010621586,0.007219361,0.1471273717778744,0.09116416752325426,2016
PEOPLES PHARMACY #1635 (SD),retailer,0.00010031938,0.0068184403,0.1472656143935968,0.09108674470044371,2017
HOMETOWN PHARMACY #2775 (ID),retailer,9.634926e-05,0.0065484964,0.1472543195194267,0.09097199023664072,2018
WALMART PHARMACY #6480 (NM),retailer,9.530199e-05,0.0064772894,0.1472724356457674,0.09095437727414568,2019
HEALTH MART PHARMACY #5534 (VT),retailer,9.2452894e-05,0.006283569,0.1471288199511373,0.09079071972368383,2020
HEALTH MART PHARMACY #6466 (NM),retailer,0.0004142753,0.028165383,0.1323350093536317,0.090667158917948,2021
CVS PHARMACY #8908 (HI),retailer,8.449434e-05,0.0057424405,0.1472544376310609,0.09064963885810388,2022
COMMUNITY PHARMACY #1313 (NH),retailer,8.61479e-05,0.00585487,0.147125242159008,0.09061709351218582,2023
HOMETOWN PHARMACY #9727 (AK),retailer,8.289807e-05,0.0056339037,0.1472440977124761,0.09060002014098407,2024
WALMART PHARMACY #3667 (AK),retailer,8.521683e-05,0.0057915654,0.1471385854402968,0.09059977751864723,2025
QUALITY CARE PHARMACY #6762 (GA),retailer,7.65712e-05,0.005203719,0.1471394576344199,0.09036516214129668,2026
CVS PHARMACY #5439 (SD),retailer,6.866566e-05,0.004666194,0.1471334367591022,0.09014653959708682,2027
PEOPLES PHARMACY #7683 (AK),retailer,6.592779e-05,0.004480037,0.1471352445297392,0.09007316152716885,2028
WINN-DIXIE PHARMACY #9620 (WA),retailer,6.5308246e-05,0.004437912,0.1471387816154933,0.09005843370852476,2029
RITE AID #6586 (RI),retailer,5.8330283e-05,0.003963456,0.1471378617419496,0.08986809943128048,2030
CORNER DRUG STORE #4176 (MO),retailer,0.00039019823,0.0265283,0.1320714747645934,0.0898542057045388,2031
GOOD NEIGHBOR PHARMACY #8856 (IA),retailer,5.524926e-05,0.0037539662,0.1471352948731839,0.08978276344495471,2032
CORNER DRUG STORE #4161 (MN),retailer,5.19574e-05,0.0035301426,0.1472391187230072,0.08975552831876706,2033
VILLAGE PHARMACY #1474 (RI),retailer,4.9279915e-05,0.0033480898,0.147226866089041,0.08967535557854024,2034
GOOD NEIGHBOR PHARMACY #6661 (MS),retailer,4.8025446e-05,0.0032627953,0.1472387336344802,0.08964835826743595,2035
HARRIS TEETER PHARMACY #3996 (HI),retailer,4.991539e-05,0.0033912982,0.1471408282546676,0.08964101624584059,2036
KROGER PHARMACY #6848 (HI),retailer,5.001746e-05,0.0033982382,0.1471269249858384,0.08963545032430736,2037
CVS PHARMACY #9632 (HI),retailer,4.6902685e-05,0.0031864545,0.1471411638542487,0.08955928019472055,2038
MAIN STREET PHARMACY #2760 (CA),retailer,4.3612767e-05,0.0029627602,0.1472303203735853,0.08952329635864376,2039
PUBLIX PHARMACY #9368 (GA),retailer,0.00037364292,0.025402647,0.1320774386940683,0.08940752219368726,2040
COMMUNITY PHARMACY #4559 (VT),retailer,3.8441947e-05,0.0026111794,0.1471373788446568,0.08932689905496731,2041
CVS PHARMACY #8013 (MD),retailer,3.189997e-05,0.0021663685,0.1472136024547602,0.08919470887438492,2042
CVS PHARMACY #1577 (AR),retailer,3.1837266e-05,0.002162104,0.1471797731931295,0.08917270554190343,2043
CORNER DRUG STORE #3499 (SD),retailer,2.2891936e-05,0.0015538814,0.1471654721989608,0.08892083589848139,2044
WALMART PHARMACY #9226 (MS),retailer,2.3009085e-05,0.0015618452,0.1471534585012809,0.08891681321053224,2045
HARRIS TEETER PHARMACY #2691 (WY),retailer,2.0875903e-05,0.0014168042,0.1471982803568312,0.08888568987511505,2046
CVS PHARMACY #5479 (WA),retailer,1.8163564e-05,0.0012323817,0.147158292453298,0.08878792817780541,2047
CVS PHARMACY #6846 (NH),retailer,1.7864799e-05,0.0012120687,0.1471655515119897,0.08878415840563351,2048
SUNRISE PHARMACY #6324 (HI),retailer,1.5675356e-05,0.0010632004,0.1471570226093195,0.08871949372469819,2049
PEOPLES PHARMACY #9817 (GA),retailer,1.2862582e-05,0.0008719496,0.147185324598756,0.08865997459778581,2050
MEDICO PHARMACY #7495 (VT),retailer,1.2628968e-05,0.0008560663,0.1471628144193913,0.08864011518218594,2051
CORNER DRUG STORE #9365 (IA),retailer,1.098936e-05,0.0007445832,0.1471743819431408,0.08860246245816387,2052
HARRIS TEETER PHARMACY #2772 (OR),retailer,1.12877215e-05,0.00076487067,0.1471527413515119,0.08859759309512895,2053
WINN-DIXIE PHARMACY #1894 (WA),retailer,1.10672545e-05,0.00074988074,0.1471553186508713,0.0885931435035939,2054
MEDICO PHARMACY #6788 (TX),retailer,1.1025107e-05,0.0007470145,0.1471537910561639,0.08859108043047245,2055
FAMILY CARE PHARMACY #3405 (WA),retailer,0.0006293015,0.04278575,0.1170522688431913,0.08734566158672417,2056
WINN-DIXIE PHARMACY #1542 (VT),retailer,0.0009573387,0.065090135,0.1020372876355904,0.08725842647730456,2057
HARRIS TEETER PHARMACY #5905 (MO),retailer,0.00025823948,0.01755597,0.1322747919025754,0.08638726342098325,2058
GOOD NEIGHBOR PHARMACY #1038 (OR),retailer,0.00025491318,0.017329803,0.1320801818373974,0.08618003010396216,2059
MEDICO PHARMACY #1782 (MN),retailer,0.0002482236,0.016874956,0.1322699832589719,0.08611197243534287,2060
HARRIS TEETER PHARMACY #9763 (MN),retailer,0.00021243803,0.014441772,0.1320886739193736,0.08502991329725614,2061
HARRIS TEETER PHARMACY #2529 (HI),retailer,0.00020595347,0.014000866,0.132268268753036,0.08496130750414378,2062
KROGER PHARMACY #2920 (MT),retailer,0.00017546999,0.011928189,0.1320922255183847,0.08402661075684972,2063
WALGREENS #3665 (WY),retailer,0.0001712934,0.011644207,0.1322360807031775,0.08399933138462212,2064
SUNRISE PHARMACY #4061 (MN),retailer,0.00016940279,0.011515657,0.1320901261756277,0.08386033895176387,2065
RITE AID #9871 (MO),retailer,0.00012278925,0.008346243,0.1322290687245438,0.08267593836678919,2066
HEALTH MART PHARMACY #8816 (AR),retailer,0.00011433644,0.007771507,0.132213320425649,0.08243659497104557,2067
PEOPLES PHARMACY #5036 (IA),retailer,0.00011566008,0.007861505,0.1320880587677954,0.08239743731913259,2068
WINN-DIXIE PHARMACY #6825 (IA),retailer,0.00043904915,0.029849842,0.1172624241685861,0.08229739174997767,2069
PUBLIX PHARMACY #4758 (VT),retailer,0.00010721736,0.0072874567,0.1320999564540688,0.08217495648748004,2070
HEALTH MART PHARMACY #7050 (UT),retailer,0.00010320139,0.0070143975,0.1321052039281981,0.08206888132305186,2071
KROGER PHARMACY #6532 (TX),retailer,9.156788e-05,0.006223394,0.1322155025165826,0.08181865923101007,2072
COMMUNITY PHARMACY #4144 (GA),retailer,7.6868215e-05,0.005223914,0.1322090887194638,0.0814150188515046,2073
WALGREENS #7433 (SD),retailer,6.904446e-05,0.00469195,0.1321928919746083,0.0811925152495415,2074
HOMETOWN PHARMACY #2625 (KS),retailer,6.740694e-05,0.00458061,0.1321153610051591,0.08110146058952325,2075
MAIN STREET PHARMACY #1103 (AK),retailer,5.5452834e-05,0.0037678077,0.132186104317883,0.08081878570806493,2076
PEOPLES PHARMACY #4074 (HI),retailer,5.5019325e-05,0.003738333,0.1321144496456734,0.08076400305943647,2077
CORNER DRUG STORE #3383 (OR),retailer,3.855262e-05,0.0026187047,0.1321910923800949,0.08036213732720666,2078
QUALITY CARE PHARMACY #6888 (MO),retailer,4.0080595e-05,0.0027225974,0.1321205071902777,0.08036134333999487,2079
CORNER DRUG STORE #2806 (IA),retailer,3.9869068e-05,0.0027082148,0.1321172914006604,0.0803536607374351,2080
VILLAGE PHARMACY #1823 (TX),retailer,3.4543165e-05,0.0023460877,0.1321817546856139,0.08024748789648616,2081
QUALITY CARE PHARMACY #2449 (MD),retailer,3.369367e-05,0.002288328,0.1321876678531963,0.08022793195405815,2082
PEOPLES PHARMACY #4886 (MD),retailer,3.4738587e-05,0.0023593758,0.1321171083647887,0.08021401533654736,2083
COMMUNITY PHARMACY #1653 (HI),retailer,3.2759275e-05,0.0022247948,0.1321867849606473,0.08020198892839693,2084
MEDICO PHARMACY #8884 (GA),retailer,3.064512e-05,0.002081046,0.1321725830788098,0.08013596829278363,2085
FAMILY CARE PHARMACY #2266 (CO),retailer,2.727611e-05,0.0018519751,0.1321682495919574,0.080041739796338,2086
FAMILY CARE PHARMACY #1314 (MO),retailer,2.7207987e-05,0.0018473429,0.1321693841464807,0.08004056766278977,2087
HARRIS TEETER PHARMACY #3549 (MO),retailer,2.7103413e-05,0.001840233,0.1321710649350856,0.08003873216784815,2088
FAMILY CARE PHARMACY #3071 (GA),retailer,2.6281e-05,0.0017843135,0.1321146229289194,0.07998249915704325,2089
QUALITY CARE PHARMACY #1376 (GA),retailer,2.2286553e-05,0.001512718,0.132129184715908,0.07988259803298413,2090
WALGREENS #8194 (VT),retailer,1.9074596e-05,0.0012943258,0.1321603419069346,0.07981393545425437,2091
MAIN STREET PHARMACY #6506 (GA),retailer,1.3228506e-05,0.0008968296,0.1321527706090365,0.07965039420057111,2092
QUALITY CARE PHARMACY #3743 (DE),retailer,1.1675387e-05,0.000791228,0.1321506149906885,0.07960686019942552,2093
CORNER DRUG STORE #7186 (NM),retailer,1.0988757e-05,0.0007445437,0.1321591944023066,0.07959333413028342,2094
MAIN STREET PHARMACY #9801 (GA),retailer,1.1221152e-05,0.0007603432,0.1321376800357444,0.07958674531981827,2095
MAIN STREET PHARMACY #1302 (GA),retailer,0.0003109241,0.02113818,0.1170597759958476,0.0786911374301535,2096
PUBLIX PHARMACY #2623 (MD),retailer,0.00030285952,0.02058984,0.1170658579969332,0.07847545085125716,2097
HOMETOWN PHARMACY #2224 (MN),retailer,0.000570486,0.038786687,0.1020482536773977,0.0767436268029271,2098
HEALTH MART PHARMACY #3485 (MD),retailer,0.00023866133,0.016224785,0.1170727757008738,0.07673357933115164,2099
PUBLIX PHARMACY #4907 (MD),retailer,0.0005394873,0.036678977,0.1020454086441079,0.07589883629699225,2100
MAIN STREET PHARMACY #2648 (MO),retailer,0.00079592556,0.054115098,0.0870405632558493,0.07387037751394679,2101
WALMART PHARMACY #2686 (MN),retailer,0.00013013065,0.008845409,0.1171606599809249,0.07383455983305094,2102
FAMILY CARE PHARMACY #4323 (MN),retailer,0.00012756044,0.008670652,0.1171617989504099,0.07376534023776711,2103
WINN-DIXIE PHARMACY #9398 (MS),retailer,0.00011855218,0.00805815,0.1170903236384788,0.07347745434921078,2104
VILLAGE PHARMACY #9734 (MT),retailer,0.000112946036,0.007676968,0.1170978380759939,0.07332949013943281,2105
VILLAGE PHARMACY #5123 (IA),retailer,0.000107889224,0.0073331394,0.1170994216755954,0.07319290886780187,2106
GOOD NEIGHBOR PHARMACY #2962 (NM),retailer,0.000100947975,0.00686118,0.1170952905706011,0.07300164646231787,2107
SUNRISE PHARMACY #1866 (GA),retailer,9.158954e-05,0.006224868,0.1171052198801724,0.07275307917635368,2108
KROGER PHARMACY #6620 (WA),retailer,7.560495e-05,0.0051380196,0.1171144438004275,0.07232387424615203,2109
HEALTH MART PHARMACY #4578 (MN),retailer,0.00023991878,0.016310284,0.1020621801642216,0.06776142157108406,2110
HOMETOWN PHARMACY #5099 (MD),retailer,0.00021694112,0.014747952,0.1020618164062345,0.06713627096756362,2111
JANSSEN PHARMACEUTICALS INC,manufacturer,0.00046025924,0.031291988,0.0720178523079039,0.05572750704231747,2112
LANNETT COMPANY INC,manufacturer,2.1042444e-05,0.0014281274,0.0720178523079039,0.043781962358477346,2113
VINTAGE PHARMACEUTICALS LLC,manufacturer,1.2285336e-05,0.00083270087,0.0720178523079039,0.043543791744011275,2114
AMNEAL PHARMACEUTICALS LLC,manufacturer,5.0744493e-06,0.00034240837,0.0720178523079039,0.04334767473846749,2115
PURDUE PHARMA LP,manufacturer,4.603142e-06,0.00031036264,0.0720178523079039,0.043334856436556025,2116
MYLAN PHARMACEUTICALS INC,manufacturer,4.293582e-06,0.00028931443,0.0720178523079039,0.04332643715679022,2117
IMPAX LABORATORIES INC,manufacturer,2.5978757e-06,0.00017401582,0.0720178523079039,0.0432803177136493,2118
ACTAVIS PHARMA INC,manufacturer,2.3565467e-06,0.00015760906,0.0720178523079039,0.043273755010884075,2119
ABBOTT LABORATORIES,manufacturer,1.9895076e-06,0.00013265228,0.0720178523079039,0.04326377229517401,2120
CADISTA PHARMACEUTICALS INC,manufacturer,1.1126284e-06,7.303006e-05,0.0720178523079039,0.0432399234086888,2121
MALLINCKRODT LLC,manufacturer,9.924823e-07,6.486158e-05,0.0720178523079039,0.04323665601804986,2122
SANDOZ INC,manufacturer,9.715851e-07,6.3440064e-05,0.0720178523079039,0.04323608741105726,2123
WATSON LABORATORIES INC,manufacturer,9.468484e-07,6.175798e-05,0.0720178523079039,0.04323541457597183,2124
QUALITEST PHARMACEUTICALS,manufacturer,6.3111776e-07,4.0291005e-05,0.0720178523079039,0.043226827787290846,2125
HIKMA PHARMACEUTICALS,manufacturer,3.4526428e-07,2.0855095e-05,0.0720178523079039,0.04321905342294211,2126
RHODES TECHNOLOGIES,manufacturer,2.0494566e-07,1.13139595e-05,0.0720178523079039,0.04321523696853272,2127
TEVA PHARMACEUTICALS USA INC,manufacturer,1.9727396e-07,1.07928145e-05,0.0720178523079039,0.04321502851052809,2128
SUN PHARMA GLOBAL INC,manufacturer,1.3073377e-07,6.2676963e-06,0.0720178523079039,0.04321321846327645,2129
PAR PHARMACEUTICAL INC,manufacturer,1.2169525e-07,5.65349e-06,0.0720178523079039,0.04321297278079054,2130
ENDO PHARMACEUTICALS INC,manufacturer,9.626525e-08,3.924871e-06,0.0720178523079039,0.0432122813332371,2131
