entity,type,in_volume,out_volume,in_degree,out_degree,total_transactions,betweenness_centrality,pagerank,composite_risk
MIAMI-LUKEN INC,distributor,4762842.0,4762842.0,20,1147,5260,0.00046241982090927333,0.001274165367690975,0.98151654638502
KEYSOURCE MEDICAL INC,distributor,2350811.0,2350811.0,20,1173,5036,0.0004778745465729835,0.0008375565310031456,0.8905126471289619
PENN PHARMACEUTICAL SERVICES INC,distributor,2320192.0,2320192.0,20,1171,5240,0.00047723819962080074,0.0008396265034954757,0.8903577691055073
BELLCO DRUG CORP,distributor,1925176.0,1925176.0,20,1174,5114,0.00048016898460622685,0.0007886135604953138,0.8808964970944839
AMERISOURCEBERGEN DRUG CORP,distributor,2240353.0,2240353.0,20,1138,4928,0.00046943581551676944,0.0008315175838031553,0.8802441056904493
MCKESSON CORPORATION,distributor,2408149.0,2408149.0,20,1149,5094,0.00046486627793627906,0.0008448729985340374,0.8787618388294818
HENRY SCHEIN INC,distributor,2253348.0,2253348.0,20,1146,5032,0.0004656150420297401,0.000837096375030921,0.8776339778981097
BURLINGTON DRUG COMPANY INC,distributor,2342294.0,2342294.0,20,1142,5076,0.00046149286507587555,0.0008509956321085336,0.8767509471697705
HD SMITH WHOLESALE DRUG CO,distributor,2118864.0,2118864.0,20,1155,5024,0.0004656540152711665,0.0008199550314961208,0.8734699176567642
MORRIS & DICKSON CO LLC,distributor,2219091.0,2219091.0,20,1137,4942,0.00046385520121200853,0.0008217506151100749,0.8720372595340566
DAKOTA DRUG INC,distributor,2371348.0,2371348.0,20,1131,4830,0.0004546753206300327,0.0008602136561874287,0.8719129645714914
KINRAY LLC,distributor,2353341.0,2353341.0,20,1148,4968,0.00045680502854009494,0.0008365823965049998,0.8683340542130543
ANDA INC,distributor,2299458.0,2299458.0,20,1146,4858,0.00046087959258275037,0.0008174438995431377,0.8678823594712494
CARDINAL HEALTH INC,distributor,2387970.0,2387970.0,20,1120,4994,0.00044656853027621795,0.0008674328861221737,0.8652422036964691
GULF COAST MEDICAL SUPPLY,distributor,2030854.0,2030854.0,20,1143,4858,0.00045843496127490686,0.0008135641385347146,0.8643850937326457
PRESCRIPTION SUPPLY INC,distributor,1957868.0,1957868.0,20,1150,5034,0.00045817107131913566,0.0008017891410205064,0.8612219871051412
DIRECT RX,distributor,2260001.0,2260001.0,20,1120,4918,0.000449348255098672,0.0008281876206165433,0.8585101560768504
SMITH DRUG COMPANY,distributor,2010413.0,2010413.0,20,1120,4920,0.0004516109056082824,0.0008048968805386163,0.8551532054739114
VALUEDRUGCO,distributor,2037458.0,2037458.0,20,1125,4924,0.0004484337788809161,0.0008097421997122049,0.8530333905119944
NATIONAL WHOLESALE DRUG CO INC,distributor,1908690.0,1908690.0,20,1129,4950,0.00044852920220997254,0.0007883940999345923,0.8478962258762357
COMMUNITY PHARMACY #2490 (KY),retailer,244277.0,0.0,20,0,102,0.0,0.0005359921645054623,0.31893140480719645
RITE AID #9223 (WV),retailer,224751.0,0.0,20,0,117,0.0,0.0005290546324450442,0.3172296802295019
FAMILY CARE PHARMACY #6977 (NC),retailer,213907.0,0.0,20,0,163,0.0,0.0005270199382030528,0.31673058499368373
MAIN STREET PHARMACY #8342 (MI),retailer,201351.0,0.0,20,0,85,0.0,0.0005213786985484433,0.3153468312199627
PEOPLES PHARMACY #2912 (WV),retailer,198995.0,0.0,20,0,124,0.0,0.0005209141619445539,0.31523288387540377
WALMART PHARMACY #6240 (NC),retailer,218042.0,0.0,20,0,142,0.0,0.000520291785783733,0.3150802196714453
HARRIS TEETER PHARMACY #6063 (NC),retailer,186572.0,0.0,20,0,138,0.0,0.0005176211555958773,0.31442513411810613
PEOPLES PHARMACY #6594 (KY),retailer,177319.0,0.0,20,0,104,0.0,0.0005154577210675709,0.3138944598557042
CVS PHARMACY #5523 (NC),retailer,173402.0,0.0,20,0,125,0.0,0.0005146264140736533,0.3136905464855261
MAIN STREET PHARMACY #2094 (KY),retailer,176930.0,0.0,20,0,109,0.0,0.000514455406443474,0.31364859959652935
HOMETOWN PHARMACY #8919 (KY),retailer,175857.0,0.0,20,0,115,0.0,0.0005139969244580003,0.3135361374044536
HOMETOWN PHARMACY #8469 (NC),retailer,163259.0,0.0,20,0,166,0.0,0.0005115321565807042,0.312931548331772
MAIN STREET PHARMACY #1667 (MI),retailer,165807.0,0.0,20,0,61,0.0,0.0005114624187428304,0.31291444216322795
PEOPLES PHARMACY #9504 (KY),retailer,153197.0,0.0,20,0,97,0.0,0.0005061865724880779,0.31162031664976564
QUALITY CARE PHARMACY #6847 (WV),retailer,145567.0,0.0,20,0,106,0.0,0.0005051775267076355,0.3113728052884279
MEDICO PHARMACY #4938 (TN),retailer,148391.0,0.0,20,0,78,0.0,0.00050446730814764,0.3111985940028362
SUNRISE PHARMACY #7702 (NC),retailer,136640.0,0.0,20,0,138,0.0,0.0005032791236754297,0.31090714126408325
PUBLIX PHARMACY #6736 (TN),retailer,135282.0,0.0,20,0,70,0.0,0.0005015425793257989,0.310481179960512
GOOD NEIGHBOR PHARMACY #6129 (NC),retailer,133122.0,0.0,20,0,143,0.0,0.0005007182248287623,0.3102789719856697
CVS PHARMACY #6803 (KY),retailer,127654.0,0.0,20,0,110,0.0,0.0004994239455669532,0.3099614949908192
PEOPLES PHARMACY #2660 (NC),retailer,135848.0,0.0,20,0,159,0.0,0.0004991939403023576,0.30990507642462695
MAIN STREET PHARMACY #7456 (MI),retailer,129065.0,0.0,20,0,63,0.0,0.0004990331612483233,0.3098656385286366
WALGREENS #3635 (NC),retailer,125504.0,0.0,20,0,146,0.0,0.0004986293964862041,0.30976659806102913
HARRIS TEETER PHARMACY #6758 (NC),retailer,129512.0,0.0,20,0,156,0.0,0.0004985558989131079,0.3097485696576359
HOMETOWN PHARMACY #6513 (WV),retailer,124871.0,0.0,20,0,113,0.0,0.0004981184582187669,0.3096412687364494
COMMUNITY PHARMACY #5731 (WV),retailer,120686.0,0.0,20,0,122,0.0,0.0004969311440559416,0.3093500294780606
WINN-DIXIE PHARMACY #2880 (MI),retailer,110997.0,0.0,20,0,66,0.0,0.0004958936594161,0.3090955422778252
HARRIS TEETER PHARMACY #3473 (WV),retailer,116393.0,0.0,20,0,132,0.0,0.0004953819171934895,0.30897001574907174
PEOPLES PHARMACY #4297 (TN),retailer,116115.0,0.0,20,0,80,0.0,0.0004953454784466707,0.3089610775977952
SUNRISE PHARMACY #2784 (IN),retailer,114945.0,0.0,20,0,63,0.0,0.0004952899950138894,0.30894746792790156
CVS PHARMACY #3187 (KY),retailer,115532.0,0.0,20,0,92,0.0,0.0004949321465311438,0.30885969037921773
WALMART PHARMACY #1339 (NC),retailer,113188.0,0.0,20,0,169,0.0,0.0004948555470427965,0.3088409010992801
SUNRISE PHARMACY #7243 (WV),retailer,114965.0,0.0,20,0,119,0.0,0.0004947577509426036,0.30881691244944737
GOOD NEIGHBOR PHARMACY #6272 (NC),retailer,112748.0,0.0,20,0,149,0.0,0.0004946439365615236,0.30878899463546217
PUBLIX PHARMACY #1697 (MI),retailer,112148.0,0.0,20,0,126,0.0,0.0004946355329758286,0.3087869332989244
RITE AID #3418 (WV),retailer,109638.0,0.0,20,0,128,0.0,0.0004945668662328899,0.30877008986193394
CORNER DRUG STORE #4406 (KY),retailer,112074.0,0.0,20,0,87,0.0,0.0004941829885015107,0.30867592753379935
WALGREENS #6014 (MI),retailer,110210.0,0.0,20,0,74,0.0,0.0004939298051735557,0.308613823562518
HOMETOWN PHARMACY #6387 (NC),retailer,109706.0,0.0,20,0,149,0.0,0.0004938059317524311,0.3085834383414603
MAIN STREET PHARMACY #8902 (TN),retailer,107865.0,0.0,20,0,72,0.0,0.0004935450502953625,0.30851944607684917
MEDICO PHARMACY #9378 (TN),retailer,109568.0,0.0,20,0,80,0.0,0.0004933986282946122,0.3084835298583406
CORNER DRUG STORE #1473 (PA),retailer,112030.0,0.0,20,0,68,0.0,0.0004932765535647851,0.3084535858427666
PUBLIX PHARMACY #2055 (NC),retailer,105881.0,0.0,20,0,138,0.0,0.0004928339629646595,0.30834502168831934
WALGREENS #3100 (IN),retailer,101372.0,0.0,20,0,57,0.0,0.0004926795980505526,0.30830715713274226
KROGER PHARMACY #5322 (OH),retailer,107496.0,0.0,20,0,59,0.0,0.0004926748498724458,0.3083059924402676
MAIN STREET PHARMACY #9550 (WV),retailer,104092.0,0.0,20,0,102,0.0,0.0004919622921594794,0.30813120737799754
VILLAGE PHARMACY #9397 (NC),retailer,112929.0,0.0,20,0,139,0.0,0.0004918794381173582,0.308110883902933
GOOD NEIGHBOR PHARMACY #2494 (WV),retailer,104844.0,0.0,20,0,97,0.0,0.0004918363837004734,0.3081003229774118
MEDICO PHARMACY #6767 (NC),retailer,104200.0,0.0,20,0,146,0.0,0.0004915823275861826,0.30803800491818883
HARRIS TEETER PHARMACY #1096 (WV),retailer,104140.0,0.0,20,0,108,0.0,0.0004915799929585231,0.30803743225153546
PUBLIX PHARMACY #2769 (WV),retailer,102752.0,0.0,20,0,121,0.0,0.0004906426763933565,0.3078075155286817
WALMART PHARMACY #1108 (WV),retailer,98841.0,0.0,20,0,134,0.0,0.0004895831580896901,0.3075476236359792
QUALITY CARE PHARMACY #3338 (WV),retailer,94603.0,0.0,20,0,119,0.0,0.0004895481257877701,0.3075390304750869
SUNRISE PHARMACY #8999 (NC),retailer,96495.0,0.0,20,0,144,0.0,0.0004895028870128649,0.30752793374292764
CORNER DRUG STORE #6200 (PA),retailer,90647.0,0.0,20,0,67,0.0,0.0004887647652443262,0.3073468780095754
SUNRISE PHARMACY #9094 (PA),retailer,101092.0,0.0,20,0,72,0.0,0.0004887193494050824,0.30733573784486196
MAIN STREET PHARMACY #1358 (IN),retailer,109326.0,0.0,20,0,57,0.0,0.0004885060859744864,0.30728342592497343
HOMETOWN PHARMACY #8707 (WV),retailer,92435.0,0.0,20,0,124,0.0,0.00048824565967283816,0.3072195453065729
QUALITY CARE PHARMACY #6507 (NC),retailer,91725.0,0.0,20,0,141,0.0,0.00048810953431904357,0.30718615477832995
WALGREENS #4642 (PA),retailer,87604.0,0.0,20,0,63,0.0,0.0004880955600894919,0.3071827270046382
GOOD NEIGHBOR PHARMACY #5339 (PA),retailer,91639.0,0.0,20,0,61,0.0,0.0004876845633325052,0.3070819125829352
HOMETOWN PHARMACY #5569 (NC),retailer,92862.0,0.0,20,0,136,0.0,0.0004874188715737047,0.30701674038739013
PUBLIX PHARMACY #2234 (VA),retailer,86807.0,0.0,20,0,57,0.0,0.0004874121282953091,0.3070150863117794
MAIN STREET PHARMACY #7935 (KY),retailer,96201.0,0.0,20,0,90,0.0,0.00048732012243291007,0.3069925179638463
SUNRISE PHARMACY #1937 (TN),retailer,92907.0,0.0,20,0,59,0.0,0.00048725238226791993,0.3069759018094766
COMMUNITY PHARMACY #3782 (NC),retailer,89828.0,0.0,20,0,125,0.0,0.00048675720146756853,0.3068544376733801
MAIN STREET PHARMACY #4930 (VA),retailer,88945.0,0.0,20,0,67,0.0,0.00048655178071434457,0.30680404950342494
HARRIS TEETER PHARMACY #7528 (IN),retailer,89794.0,0.0,20,0,61,0.0,0.0004864877733326924,0.3067883489728093
MAIN STREET PHARMACY #4501 (WV),retailer,86580.0,0.0,20,0,124,0.0,0.00048642149295719813,0.30677209089385343
CVS PHARMACY #6466 (KY),retailer,92894.0,0.0,20,0,106,0.0,0.00048640223047309214,0.30676736595098536
CORNER DRUG STORE #1213 (TN),retailer,88759.0,0.0,20,0,74,0.0,0.0004858077055301749,0.30662153344187354
MEDICO PHARMACY #1621 (MI),retailer,85953.0,0.0,20,0,68,0.0,0.00048559852067287874,0.30657022196542305
COMMUNITY PHARMACY #9436 (WV),retailer,83974.0,0.0,20,0,112,0.0,0.0004853036779599091,0.30649789925947446
QUALITY CARE PHARMACY #3905 (TN),retailer,84224.0,0.0,20,0,72,0.0,0.0004851389795658327,0.3064574999787698
CVS PHARMACY #6838 (TN),retailer,80917.0,0.0,20,0,87,0.0,0.000485040657767314,0.30643338237908085
HEALTH MART PHARMACY #6078 (KY),retailer,80277.0,0.0,20,0,80,0.0,0.0004843669634004763,0.3062681302041117
HOMETOWN PHARMACY #3804 (KY),retailer,81697.0,0.0,20,0,88,0.0,0.00048403987852784717,0.30618789873823915
PEOPLES PHARMACY #4809 (WV),retailer,77534.0,0.0,20,0,114,0.0,0.00048362284441433773,0.3060856033982659
CORNER DRUG STORE #6232 (MI),retailer,77383.0,0.0,20,0,57,0.0,0.0004836081671024241,0.3060820031637444
KROGER PHARMACY #3100 (MI),retailer,73702.0,0.0,20,0,67,0.0,0.00048345218396879305,0.3060437416710559
WALMART PHARMACY #8931 (VA),retailer,78621.0,0.0,20,0,69,0.0,0.0004831593932065224,0.3059719222932226
HEALTH MART PHARMACY #5260 (PA),retailer,76873.0,0.0,20,0,65,0.0,0.000482877432597003,0.30590275947062484
CORNER DRUG STORE #2236 (KY),retailer,75051.0,0.0,20,0,95,0.0,0.0004826191968937885,0.305839416189589
HOMETOWN PHARMACY #4482 (KY),retailer,74937.0,0.0,20,0,98,0.0,0.0004824403212755541,0.3057955393421382
MEDICO PHARMACY #5392 (NC),retailer,74163.0,0.0,20,0,137,0.0,0.0004823807762260156,0.30578093338811924
PEOPLES PHARMACY #2021 (TN),retailer,72383.0,0.0,20,0,68,0.0,0.0004823013628969371,0.30576145389415615
QUALITY CARE PHARMACY #4985 (TN),retailer,74524.0,0.0,20,0,85,0.0,0.00048210401512640194,0.3057130459663011
HOMETOWN PHARMACY #2172 (WV),retailer,73764.0,0.0,20,0,125,0.0,0.00048203224125982757,0.3056954403751886
QUALITY CARE PHARMACY #3071 (KY),retailer,72070.0,0.0,20,0,98,0.0,0.00048175880431232377,0.3056283683429494
FAMILY CARE PHARMACY #2731 (OH),retailer,74149.0,0.0,20,0,51,0.0,0.0004817407782609433,0.3056239466877547
VILLAGE PHARMACY #2822 (WV),retailer,72330.0,0.0,20,0,102,0.0,0.0004815586282781669,0.30557926666324203
KROGER PHARMACY #1497 (PA),retailer,71433.0,0.0,20,0,85,0.0,0.00048129078327185666,0.3055135662922338
WALGREENS #6656 (TN),retailer,71980.0,0.0,20,0,68,0.0,0.0004812743241251003,0.30550952898699046
SUNRISE PHARMACY #2882 (KY),retailer,69872.0,0.0,20,0,98,0.0,0.0004812178597370466,0.3054956786961264
PUBLIX PHARMACY #7101 (VA),retailer,68486.0,0.0,20,0,56,0.0,0.00048121108778982337,0.3054940175882673
GOOD NEIGHBOR PHARMACY #4375 (OH),retailer,71036.0,0.0,20,0,64,0.0,0.00048105825866189895,0.3054565297495212
WINN-DIXIE PHARMACY #3112 (LA),retailer,67973.0,0.0,20,0,60,0.0,0.0004808823463737332,0.30541337978470906
MAIN STREET PHARMACY #2855 (IN),retailer,66638.0,0.0,20,0,59,0.0,0.00048080446796948503,0.30539427679629383
PEOPLES PHARMACY #6564 (IN),retailer,69598.0,0.0,20,0,57,0.0,0.0004807218457884432,0.305374010195013
KROGER PHARMACY #2038 (MI),retailer,68271.0,0.0,20,0,68,0.0,0.000480625242838283,0.30535031421593367
CVS PHARMACY #6755 (TN),retailer,68962.0,0.0,20,0,73,0.0,0.00048043504557372056,0.30530366025355954
COMMUNITY PHARMACY #9334 (IN),retailer,68197.0,0.0,20,0,50,0.0,0.00048029160139032517,0.3052684744713123
WINN-DIXIE PHARMACY #9193 (KY),retailer,67503.0,0.0,20,0,98,0.0,0.00048015636535373525,0.3052353020859091
HEALTH MART PHARMACY #5593 (KY),retailer,66254.0,0.0,20,0,117,0.0,0.000479986948241076,0.30519374533893
CVS PHARMACY #9326 (KY),retailer,66600.0,0.0,20,0,96,0.0,0.0004797727837683193,0.30514121240015796
HOMETOWN PHARMACY #2766 (WV),retailer,66077.0,0.0,20,0,111,0.0,0.00047965731991562305,0.3051128899831576
VILLAGE PHARMACY #9720 (VA),retailer,65367.0,0.0,20,0,56,0.0,0.0004795025684130684,0.30507493060033397
VILLAGE PHARMACY #3873 (PA),retailer,67311.0,0.0,20,0,70,0.0,0.00047939775619733593,0.30504922094998554
HARRIS TEETER PHARMACY #7234 (WV),retailer,65271.0,0.0,20,0,119,0.0,0.0004792412978313739,0.30501084288637087
MEDICO PHARMACY #2927 (MI),retailer,65900.0,0.0,20,0,65,0.0,0.0004791473011700189,0.30498778621038636
PEOPLES PHARMACY #3759 (TN),retailer,61243.0,0.0,20,0,64,0.0,0.0004791101353405669,0.3049786697111936
PUBLIX PHARMACY #9833 (MI),retailer,61612.0,0.0,20,0,64,0.0,0.00047903698135736317,0.3049607255878238
WALGREENS #4571 (VA),retailer,61889.0,0.0,20,0,73,0.0,0.0004784628419577501,0.30481989349957744
PUBLIX PHARMACY #8639 (OH),retailer,63748.0,0.0,20,0,68,0.0,0.00047828787846865414,0.30477697626806044
QUALITY CARE PHARMACY #9242 (KY),retailer,62988.0,0.0,20,0,92,0.0,0.00047813830736745703,0.3047402875988329
PEOPLES PHARMACY #6007 (WV),retailer,59142.0,0.0,20,0,121,0.0,0.00047789541593003926,0.30468070815110343
COMMUNITY PHARMACY #1898 (TN),retailer,58655.0,0.0,20,0,79,0.0,0.0004773902881350773,0.30455680409183894
GOOD NEIGHBOR PHARMACY #7994 (IN),retailer,58687.0,0.0,20,0,66,0.0,0.0004772958599060043,0.3045336415555303
COMMUNITY PHARMACY #8090 (LA),retailer,58224.0,0.0,20,0,62,0.0,0.00047720392660079977,0.3045110910053328
HOMETOWN PHARMACY #9385 (MI),retailer,58313.0,0.0,20,0,80,0.0,0.0004771035774731325,0.3044864761170102
COMMUNITY PHARMACY #8229 (IN),retailer,57344.0,0.0,20,0,74,0.0,0.00047705941236303044,0.30447564274677386
SUNRISE PHARMACY #9537 (KY),retailer,55527.0,0.0,20,0,109,0.0,0.0004769364915197899,0.304445491185926
HEALTH MART PHARMACY #4740 (VA),retailer,56913.0,0.0,20,0,63,0.0,0.00047652130908612723,0.3043436500491301
WALGREENS #8595 (PA),retailer,53981.0,0.0,20,0,51,0.0,0.00047632374993216895,0.30429519027050694
PEOPLES PHARMACY #8932 (PA),retailer,55755.0,0.0,20,0,67,0.0,0.0004762794438035651,0.3042843223094898
FAMILY CARE PHARMACY #2951 (LA),retailer,54075.0,0.0,20,0,74,0.0,0.00047622021193686066,0.3042697931768709
KROGER PHARMACY #2900 (MI),retailer,53017.0,0.0,20,0,63,0.0,0.0004761381482551981,0.3042496635712986
QUALITY CARE PHARMACY #7561 (KY),retailer,56063.0,0.0,20,0,83,0.0,0.00047610191348549356,0.3042407754540782
FAMILY CARE PHARMACY #3203 (KY),retailer,54777.0,0.0,20,0,95,0.0,0.0004759876076174739,0.3042127370820333
WALGREENS #4408 (TN),retailer,50678.0,0.0,20,0,68,0.0,0.00047549842260773855,0.30409274366840194
MEDICO PHARMACY #5822 (TN),retailer,52611.0,0.0,20,0,85,0.0,0.00047544679606459556,0.30408008006460696
PUBLIX PHARMACY #1973 (TN),retailer,49715.0,0.0,20,0,65,0.0,0.0004752176424304717,0.3040238703969816
WALMART PHARMACY #2083 (MI),retailer,48952.0,0.0,20,0,71,0.0,0.00047514041172806455,0.30400492628496967
RITE AID #8791 (VA),retailer,51127.0,0.0,20,0,58,0.0,0.00047502846340977866,0.303977466202191
FAMILY CARE PHARMACY #9932 (MI),retailer,52211.0,0.0,20,0,76,0.0,0.000474946405008745,0.30395733789191737
WINN-DIXIE PHARMACY #5889 (PA),retailer,49925.0,0.0,20,0,71,0.0,0.000474820762511574,0.3039265187297749
SUNRISE PHARMACY #2009 (VA),retailer,49816.0,0.0,20,0,53,0.0,0.000474720200680259,0.30390185166684297
MEDICO PHARMACY #1464 (KY),retailer,49896.0,0.0,20,0,97,0.0,0.0004744839028354794,0.3038438895779307
HOMETOWN PHARMACY #6061 (MI),retailer,47735.0,0.0,20,0,58,0.0,0.0004744500904113782,0.3038355956439174
GOOD NEIGHBOR PHARMACY #7697 (PA),retailer,49485.0,0.0,20,0,62,0.0,0.0004744039853425904,0.3038242864163665
HARRIS TEETER PHARMACY #6061 (MI),retailer,47003.0,0.0,20,0,60,0.0,0.0004743261465832588,0.3038051931525519
QUALITY CARE PHARMACY #6874 (MI),retailer,55247.0,0.0,20,0,77,0.0,0.00047424366660932005,0.3037849614336068
PEOPLES PHARMACY #8476 (PA),retailer,48081.0,0.0,20,0,67,0.0,0.00047413100233605846,0.3037573257324428
MAIN STREET PHARMACY #4198 (PA),retailer,48331.0,0.0,20,0,65,0.0,0.0004738078303728617,0.30367805407390425
GOOD NEIGHBOR PHARMACY #9442 (VA),retailer,46943.0,0.0,20,0,66,0.0,0.00047364800326415784,0.3036388496829631
COMMUNITY PHARMACY #2313 (LA),retailer,47373.0,0.0,20,0,56,0.0,0.00047361164179120127,0.30362993048638537
WALGREENS #7469 (WV),retailer,47590.0,0.0,20,0,110,0.0,0.0004735981710337653,0.30362662621062714
HOMETOWN PHARMACY #8152 (WV),retailer,46548.0,0.0,20,0,111,0.0,0.0004732700487775112,0.30354614028233257
PUBLIX PHARMACY #8653 (MI),retailer,46021.0,0.0,20,0,57,0.0,0.0004732438797730632,0.30353972122182876
FAMILY CARE PHARMACY #3467 (KY),retailer,44918.0,0.0,20,0,71,0.0,0.00047320431187481825,0.3035300155131784
WALMART PHARMACY #7653 (PA),retailer,45727.0,0.0,20,0,58,0.0,0.00047319256359566015,0.30352713374842183
GOOD NEIGHBOR PHARMACY #5677 (LA),retailer,51081.0,0.0,20,0,55,0.0,0.0004731302786410831,0.3035118557162483
COMMUNITY PHARMACY #4205 (PA),retailer,46521.0,0.0,20,0,61,0.0,0.00047305984918538386,0.30349457989903933
GOOD NEIGHBOR PHARMACY #3282 (LA),retailer,42990.0,0.0,20,0,57,0.0,0.0004729124954756002,0.3034584351392934
RITE AID #1901 (TN),retailer,44220.0,0.0,20,0,79,0.0,0.00047290092849636085,0.3034555978460471
VILLAGE PHARMACY #4294 (PA),retailer,44963.0,0.0,20,0,61,0.0,0.0004728970835456987,0.30345465470848965
FAMILY CARE PHARMACY #1847 (OH),retailer,44495.0,0.0,20,0,55,0.0,0.00047289311524849846,0.30345368131495165
CORNER DRUG STORE #1453 (OH),retailer,42193.0,0.0,20,0,48,0.0,0.00047251986786932574,0.3033621265324776
HARRIS TEETER PHARMACY #7348 (TN),retailer,47809.0,0.0,20,0,78,0.0,0.0004724887798873536,0.3033545008836832
MAIN STREET PHARMACY #8777 (MI),retailer,42737.0,0.0,20,0,64,0.0,0.0004723035869619028,0.3033090744481568
HEALTH MART PHARMACY #5181 (MI),retailer,41752.0,0.0,20,0,63,0.0,0.00047183121175234903,0.3031932043524238
PEOPLES PHARMACY #8170 (VA),retailer,38855.0,0.0,20,0,58,0.0,0.0004717670627775233,0.3031774690900648
HOMETOWN PHARMACY #3746 (TN),retailer,40658.0,0.0,20,0,84,0.0,0.00047169769546213453,0.3031604538079071
VILLAGE PHARMACY #8857 (VA),retailer,40855.0,0.0,20,0,64,0.0,0.0004716873225395099,0.3031579094077921
HEALTH MART PHARMACY #9547 (VA),retailer,39249.0,0.0,20,0,58,0.0,0.00047153329603929746,0.30312012786260495
WINN-DIXIE PHARMACY #1883 (IN),retailer,39396.0,0.0,20,0,58,0.0,0.000471446202366377,0.30309876443790584
QUALITY CARE PHARMACY #3729 (OH),retailer,38660.0,0.0,20,0,50,0.0,0.000471308830831345,0.3030650682307527
HOMETOWN PHARMACY #4939 (MI),retailer,35580.0,0.0,20,0,62,0.0,0.00047018048273826294,0.3027882929069819
SUNRISE PHARMACY #8440 (TN),retailer,35698.0,0.0,20,0,76,0.0,0.00047014438428347963,0.3027794382267892
WINN-DIXIE PHARMACY #2902 (IN),retailer,35720.0,0.0,20,0,65,0.0,0.00047008567662865775,0.3027650376794131
HOMETOWN PHARMACY #7685 (TN),retailer,34651.0,0.0,20,0,72,0.0,0.0004694248193284933,0.30260293434061125
HEALTH MART PHARMACY #4409 (OH),retailer,33541.0,0.0,20,0,66,0.0,0.00046937644305000237,0.302591068002356
HEALTH MART PHARMACY #4585 (MI),retailer,32809.0,0.0,20,0,68,0.0,0.0004690727837861773,0.30251658266261333
COMMUNITY PHARMACY #7241 (LA),retailer,29902.0,0.0,20,0,72,0.0,0.0004683078005711784,0.30232893801792554
COMMUNITY PHARMACY #6858 (LA),retailer,29946.0,0.0,20,0,67,0.0,0.00046824595646797134,0.3023137681232863
MAIN STREET PHARMACY #4010 (LA),retailer,29556.0,0.0,20,0,56,0.0,0.0004681524496458854,0.30229083160120035
KROGER PHARMACY #8019 (KY),retailer,29070.0,0.0,20,0,72,0.0,0.00046809345741618316,0.30227636124974067
HOMETOWN PHARMACY #2097 (OH),retailer,29104.0,0.0,20,0,58,0.0,0.00046804369467062535,0.3022641548215135
RITE AID #1243 (IN),retailer,27129.0,0.0,20,0,61,0.0,0.00046744020897866533,0.30211612430787377
HEALTH MART PHARMACY #7087 (VA),retailer,27536.0,0.0,20,0,59,0.0,0.0004674175782712899,0.302110573165102
SUNRISE PHARMACY #1684 (LA),retailer,27642.0,0.0,20,0,60,0.0,0.0004673961164567436,0.3021053087429736
VILLAGE PHARMACY #4915 (OH),retailer,24930.0,0.0,20,0,53,0.0,0.00046683944417045463,0.30196876120660915
FAMILY CARE PHARMACY #7438 (PA),retailer,25165.0,0.0,20,0,60,0.0,0.0004667843574798911,0.3019552488546057
CORNER DRUG STORE #2273 (LA),retailer,23412.0,0.0,20,0,53,0.0,0.0004662094533041143,0.3018142291725028
WALMART PHARMACY #5079 (LA),retailer,25525.0,0.0,20,0,56,0.0,0.00046610905527942755,0.3017896022901081
HOMETOWN PHARMACY #3315 (LA),retailer,23081.0,0.0,20,0,54,0.0,0.0004660061631562163,0.30176436362405296
WINN-DIXIE PHARMACY #2041 (MI),retailer,22378.0,0.0,20,0,52,0.0,0.0004657427458488684,0.3016997493343891
WALGREENS #4349 (IN),retailer,20461.0,0.0,20,0,68,0.0,0.0004654254077595033,0.301621908681343
WINN-DIXIE PHARMACY #1222 (LA),retailer,20601.0,0.0,20,0,53,0.0,0.000465425051518529,0.30162182129810405
FAMILY CARE PHARMACY #4130 (TN),retailer,19919.0,0.0,20,0,62,0.0,0.00046499569092061293,0.30151650236396377
HARRIS TEETER PHARMACY #9862 (LA),retailer,17592.0,0.0,20,0,54,0.0,0.0004643222673778166,0.3013513166201006
CVS PHARMACY #5105 (TN),retailer,151686.0,0.0,19,0,79,0.0,0.0005071066036314981,0.2968459933890687
GOOD NEIGHBOR PHARMACY #8896 (PA),retailer,143058.0,0.0,19,0,73,0.0,0.0005051786950188166,0.29637309186714744
WINN-DIXIE PHARMACY #4694 (OH),retailer,130329.0,0.0,19,0,46,0.0,0.0004985673763319882,0.29475138498314796
HOMETOWN PHARMACY #4342 (MI),retailer,121152.0,0.0,19,0,66,0.0,0.0004973526238753965,0.29445341531710617
KROGER PHARMACY #4300 (VA),retailer,115575.0,0.0,19,0,65,0.0,0.0004969457100852517,0.2943536024165442
FAMILY CARE PHARMACY #2595 (OH),retailer,116167.0,0.0,19,0,70,0.0,0.0004955108616342595,0.294001644853962
MAIN STREET PHARMACY #2256 (IN),retailer,114977.0,0.0,19,0,49,0.0,0.000494969011950964,0.29386873319093115
RITE AID #3349 (TN),retailer,109774.0,0.0,19,0,76,0.0,0.0004939035545063103,0.2936073844714925
MEDICO PHARMACY #8978 (MI),retailer,102406.0,0.0,19,0,73,0.0,0.000491883100680397,0.29311178230292445
CVS PHARMACY #2504 (VA),retailer,104787.0,0.0,19,0,55,0.0,0.0004917474121165354,0.2930784989159758
PUBLIX PHARMACY #2397 (LA),retailer,101866.0,0.0,19,0,56,0.0,0.00049077596074174,0.29284020918035697
VILLAGE PHARMACY #2028 (TN),retailer,98221.0,0.0,19,0,67,0.0,0.0004906240651557269,0.29280295033243947
PUBLIX PHARMACY #1528 (VA),retailer,100338.0,0.0,19,0,53,0.0,0.0004899501897094744,0.29263765374004813
CVS PHARMACY #2408 (IN),retailer,93196.0,0.0,19,0,65,0.0,0.000489777385269115,0.29259526610699166
WINN-DIXIE PHARMACY #5962 (PA),retailer,98658.0,0.0,19,0,59,0.0,0.0004897519939846203,0.29258903781535894
CORNER DRUG STORE #4480 (IN),retailer,89586.0,0.0,19,0,48,0.0,0.00048752419213993247,0.2920425747330521
VILLAGE PHARMACY #7158 (OH),retailer,92370.0,0.0,19,0,59,0.0,0.0004872327443216838,0.29197108476931427
PEOPLES PHARMACY #1397 (OH),retailer,88332.0,0.0,19,0,42,0.0,0.0004870322165607965,0.2919218968136782
WINN-DIXIE PHARMACY #8378 (VA),retailer,85307.0,0.0,19,0,51,0.0,0.0004866564186737105,0.29182971641074373
HOMETOWN PHARMACY #7311 (LA),retailer,98440.0,0.0,19,0,61,0.0,0.0004864901896443918,0.291788941676695
CVS PHARMACY #9746 (TN),retailer,81678.0,0.0,19,0,70,0.0,0.00048585468920949126,0.2916330581867468
CVS PHARMACY #4109 (IN),retailer,82688.0,0.0,19,0,59,0.0,0.00048560481310010113,0.29157176545137276
QUALITY CARE PHARMACY #8199 (WV),retailer,83510.0,0.0,19,0,114,0.0,0.00048534923409085715,0.2915090738374407
VILLAGE PHARMACY #1707 (KY),retailer,78206.0,0.0,19,0,88,0.0,0.00048451928737733166,0.29130549413383955
GOOD NEIGHBOR PHARMACY #8085 (OH),retailer,77822.0,0.0,19,0,67,0.0,0.0004838610474053054,0.29114403280599804
KROGER PHARMACY #8012 (VA),retailer,79001.0,0.0,19,0,63,0.0,0.0004834623402881797,0.29104623294077137
PEOPLES PHARMACY #5108 (MI),retailer,75111.0,0.0,19,0,58,0.0,0.0004833494071279431,0.2910185312836493
PUBLIX PHARMACY #9278 (VA),retailer,74660.0,0.0,19,0,58,0.0,0.00048275381070425995,0.29087243594834244
HARRIS TEETER PHARMACY #4474 (IN),retailer,73439.0,0.0,19,0,63,0.0,0.00048269330969834674,0.29085759550539514
HARRIS TEETER PHARMACY #7261 (KY),retailer,74736.0,0.0,19,0,106,0.0,0.00048265883906982134,0.2908491401187736
SUNRISE PHARMACY #1845 (LA),retailer,77281.0,0.0,19,0,54,0.0,0.00048265740559388633,0.2908487884978789
SUNRISE PHARMACY #8787 (TN),retailer,72388.0,0.0,19,0,62,0.0,0.000482480530893067,0.29080540246046166
KROGER PHARMACY #3523 (OH),retailer,72905.0,0.0,19,0,64,0.0,0.00048224633351871235,0.2907479556011895
SUNRISE PHARMACY #4402 (PA),retailer,70432.0,0.0,19,0,59,0.0,0.0004822426828503992,0.2907470601196351
KROGER PHARMACY #6683 (OH),retailer,69537.0,0.0,19,0,59,0.0,0.00048132604322587017,0.29052221529522704
SUNRISE PHARMACY #6637 (LA),retailer,71139.0,0.0,19,0,57,0.0,0.0004808168466364566,0.2903973131912026
WALGREENS #9211 (LA),retailer,69961.0,0.0,19,0,73,0.0,0.000480752263216907,0.29038147136281145
SUNRISE PHARMACY #7649 (PA),retailer,69213.0,0.0,19,0,79,0.0,0.000480633096029419,0.29035224054556447
MEDICO PHARMACY #9307 (VA),retailer,66796.0,0.0,19,0,56,0.0,0.0004800876572382259,0.29021844850128736
VILLAGE PHARMACY #9964 (OH),retailer,65223.0,0.0,19,0,64,0.0,0.0004795007801960073,0.29007449196485185
FAMILY CARE PHARMACY #9427 (IN),retailer,60868.0,0.0,19,0,51,0.0,0.0004788606016949038,0.2899174609803531
WINN-DIXIE PHARMACY #3643 (MI),retailer,61198.0,0.0,19,0,50,0.0,0.00047856589945189943,0.2898451727306333
CORNER DRUG STORE #3385 (IN),retailer,57639.0,0.0,19,0,54,0.0,0.0004783445257371285,0.28979087141886994
SUNRISE PHARMACY #8451 (IN),retailer,62925.0,0.0,19,0,67,0.0,0.0004782632849700594,0.28977094366807493
SUNRISE PHARMACY #9538 (OH),retailer,62027.0,0.0,19,0,59,0.0,0.0004780930215659648,0.2897291793321546
MAIN STREET PHARMACY #7581 (LA),retailer,60898.0,0.0,19,0,65,0.0,0.00047777784079964543,0.28965186785427005
CVS PHARMACY #1671 (OH),retailer,60878.0,0.0,19,0,46,0.0,0.0004776898842263085,0.28963029276657115
COMMUNITY PHARMACY #2294 (TN),retailer,56940.0,0.0,19,0,76,0.0,0.00047752003871803734,0.28958863093736176
MEDICO PHARMACY #5873 (MI),retailer,57435.0,0.0,19,0,78,0.0,0.0004766646171268978,0.2893788024373627
VILLAGE PHARMACY #1377 (VA),retailer,56033.0,0.0,19,0,54,0.0,0.00047658555939797577,0.28935941016945077
PEOPLES PHARMACY #3668 (MI),retailer,55720.0,0.0,19,0,60,0.0,0.0004764908424148077,0.2893361768039285
SUNRISE PHARMACY #5581 (TN),retailer,54198.0,0.0,19,0,74,0.0,0.0004761506171845929,0.2892527221069028
WALMART PHARMACY #3043 (PA),retailer,53866.0,0.0,19,0,60,0.0,0.0004760320642785817,0.2892236419682945
CVS PHARMACY #6965 (LA),retailer,60093.0,0.0,19,0,55,0.0,0.00047598993581415746,0.2892133081719665
QUALITY CARE PHARMACY #6823 (IN),retailer,55044.0,0.0,19,0,58,0.0,0.0004758625582784944,0.289182063417896
MEDICO PHARMACY #3176 (VA),retailer,51523.0,0.0,19,0,71,0.0,0.00047578758439732424,0.2891636728872056
RITE AID #6549 (IN),retailer,51584.0,0.0,19,0,67,0.0,0.00047568175276222857,0.2891377131809338
CVS PHARMACY #3954 (OH),retailer,50032.0,0.0,19,0,63,0.0,0.0004755127490239431,0.289096257831588
HARRIS TEETER PHARMACY #4306 (PA),retailer,50830.0,0.0,19,0,71,0.0,0.0004754579204356064,0.28908280879012477
FAMILY CARE PHARMACY #3398 (KY),retailer,52489.0,0.0,19,0,81,0.0,0.00047518110781868234,0.2890149087314968
MAIN STREET PHARMACY #6528 (OH),retailer,50958.0,0.0,19,0,51,0.0,0.00047492107310533207,0.2889511241667686
HARRIS TEETER PHARMACY #8060 (MI),retailer,50008.0,0.0,19,0,59,0.0,0.00047485373397269774,0.2889346063826277
WALMART PHARMACY #6376 (OH),retailer,49580.0,0.0,19,0,73,0.0,0.00047469328451685413,0.28889524933460126
HARRIS TEETER PHARMACY #8108 (VA),retailer,49106.0,0.0,19,0,61,0.0,0.00047444336478445233,0.2888339458988297
GOOD NEIGHBOR PHARMACY #7746 (TN),retailer,50421.0,0.0,19,0,67,0.0,0.00047435459689847094,0.2888121718022246
HOMETOWN PHARMACY #7488 (TN),retailer,53815.0,0.0,19,0,67,0.0,0.00047429294249901017,0.2887970484404914
HARRIS TEETER PHARMACY #9191 (IN),retailer,46888.0,0.0,19,0,60,0.0,0.0004742779101001393,0.2887933611058027
CVS PHARMACY #2808 (IN),retailer,49956.0,0.0,19,0,62,0.0,0.0004742621028756989,0.2887894837122136
CVS PHARMACY #4509 (LA),retailer,48754.0,0.0,19,0,55,0.0,0.0004741696922319,0.28876681607443927
CVS PHARMACY #5473 (MI),retailer,47781.0,0.0,19,0,57,0.0,0.00047415100025762185,0.2887622310733528
QUALITY CARE PHARMACY #4445 (LA),retailer,54309.0,0.0,19,0,58,0.0,0.00047412017617022833,0.28875467015591905
QUALITY CARE PHARMACY #3860 (VA),retailer,45693.0,0.0,19,0,57,0.0,0.00047401298122150476,0.28872837603904017
QUALITY CARE PHARMACY #4665 (OH),retailer,48604.0,0.0,19,0,47,0.0,0.0004739954186050903,0.2887240680609666
KROGER PHARMACY #1887 (KY),retailer,46839.0,0.0,19,0,100,0.0,0.00047361887268493975,0.28863170417113226
FAMILY CARE PHARMACY #5612 (LA),retailer,47443.0,0.0,19,0,54,0.0,0.00047360496636696554,0.288628293055641
CORNER DRUG STORE #9561 (PA),retailer,47047.0,0.0,19,0,69,0.0,0.00047360422312853065,0.2886281107448278
VILLAGE PHARMACY #8618 (LA),retailer,47115.0,0.0,19,0,53,0.0,0.00047349704140690234,0.2886018198724562
MAIN STREET PHARMACY #9148 (LA),retailer,44975.0,0.0,19,0,59,0.0,0.0004734213287002112,0.2885832481134073
VILLAGE PHARMACY #8234 (IN),retailer,44694.0,0.0,19,0,66,0.0,0.0004730225819485522,0.2884854385261269
RITE AID #8167 (LA),retailer,45165.0,0.0,19,0,55,0.0,0.0004729974612451959,0.28847927660601785
CORNER DRUG STORE #8237 (VA),retailer,44474.0,0.0,19,0,54,0.0,0.0004728625552689447,0.28844618518194004
MEDICO PHARMACY #8971 (LA),retailer,42521.0,0.0,19,0,55,0.0,0.0004727316592024964,0.28841407735865954
COMMUNITY PHARMACY #2590 (PA),retailer,43833.0,0.0,19,0,60,0.0,0.0004727099604969597,0.28840875482894807
RITE AID #4372 (LA),retailer,44742.0,0.0,19,0,53,0.0,0.0004726224197253159,0.2883872817342857
PUBLIX PHARMACY #1949 (PA),retailer,43441.0,0.0,19,0,72,0.0,0.0004725763974169072,0.2883759928072351
VILLAGE PHARMACY #1845 (LA),retailer,43857.0,0.0,19,0,54,0.0,0.00047256960442059424,0.2883743265361921
MAIN STREET PHARMACY #8644 (MI),retailer,43857.0,0.0,19,0,68,0.0,0.0004724770246501139,0.28835161741291143
CORNER DRUG STORE #2997 (IN),retailer,43253.0,0.0,19,0,60,0.0,0.0004723984195670551,0.2883323361756346
KROGER PHARMACY #9142 (OH),retailer,43217.0,0.0,19,0,47,0.0,0.0004723331250561457,0.28831631992186657
HEALTH MART PHARMACY #9612 (IN),retailer,42238.0,0.0,19,0,65,0.0,0.00047223547077213416,0.2882923660584794
WALGREENS #5846 (PA),retailer,41782.0,0.0,19,0,51,0.0,0.0004720366974080437,0.2882436084432182
KROGER PHARMACY #8280 (OH),retailer,46047.0,0.0,19,0,61,0.0,0.0004719912102406732,0.28823245078225035
KROGER PHARMACY #5686 (VA),retailer,42237.0,0.0,19,0,51,0.0,0.0004719291787862694,0.2882172349317678
CORNER DRUG STORE #5842 (PA),retailer,41716.0,0.0,19,0,47,0.0,0.00047180607956852247,0.2881870396169915
WINN-DIXIE PHARMACY #8561 (LA),retailer,46781.0,0.0,19,0,60,0.0,0.0004716964702415907,0.28816015327124783
MAIN STREET PHARMACY #2208 (PA),retailer,40484.0,0.0,19,0,59,0.0,0.0004715772864902997,0.2881309183910242
PUBLIX PHARMACY #8283 (OH),retailer,39204.0,0.0,19,0,68,0.0,0.0004713909911535246,0.2880852215422689
WINN-DIXIE PHARMACY #7583 (TN),retailer,39917.0,0.0,19,0,83,0.0,0.0004713805691073544,0.28808266509251657
HOMETOWN PHARMACY #3673 (VA),retailer,39523.0,0.0,19,0,68,0.0,0.00047129699493886443,0.2880621649758553
COMMUNITY PHARMACY #8260 (MI),retailer,39218.0,0.0,19,0,69,0.0,0.0004711810093521685,0.28803371458141824
WALGREENS #5306 (TN),retailer,39407.0,0.0,19,0,71,0.0,0.0004710135607460114,0.2879926406943188
CVS PHARMACY #6085 (IN),retailer,39028.0,0.0,19,0,70,0.0,0.0004709503904219169,0.2879771454876435
HARRIS TEETER PHARMACY #7275 (IN),retailer,36285.0,0.0,19,0,64,0.0,0.00047043439458000326,0.2878505755779803
MAIN STREET PHARMACY #9832 (OH),retailer,34648.0,0.0,19,0,57,0.0,0.00047024656970457525,0.28780450354486614
WINN-DIXIE PHARMACY #1912 (OH),retailer,36168.0,0.0,19,0,54,0.0,0.0004701814338589831,0.28778852621051043
GOOD NEIGHBOR PHARMACY #3396 (IN),retailer,35025.0,0.0,19,0,59,0.0,0.000470105931865413,0.2877700061378096
HARRIS TEETER PHARMACY #1893 (LA),retailer,35344.0,0.0,19,0,58,0.0,0.0004699972661850049,0.2877433512614801
RITE AID #9491 (IN),retailer,35263.0,0.0,19,0,60,0.0,0.00046996711476112504,0.28773595534336077
MEDICO PHARMACY #1698 (IN),retailer,35174.0,0.0,19,0,65,0.0,0.0004696941557794261,0.2876690005525484
FAMILY CARE PHARMACY #5152 (MI),retailer,33466.0,0.0,19,0,71,0.0,0.0004696604546200678,0.28766073391094193
KROGER PHARMACY #6580 (OH),retailer,33006.0,0.0,19,0,61,0.0,0.0004694388508273573,0.2876063761627857
WINN-DIXIE PHARMACY #2866 (PA),retailer,32940.0,0.0,19,0,67,0.0,0.00046888380783656947,0.28747022828038676
FAMILY CARE PHARMACY #4012 (VA),retailer,31863.0,0.0,19,0,55,0.0,0.0004687956820480029,0.2874486116854613
RITE AID #2643 (LA),retailer,29589.0,0.0,19,0,53,0.0,0.0004684391136792309,0.28736114813913344
SUNRISE PHARMACY #6784 (TN),retailer,30043.0,0.0,19,0,65,0.0,0.0004683903229488463,0.28734918013893734
FAMILY CARE PHARMACY #5331 (IN),retailer,30573.0,0.0,19,0,62,0.0,0.00046835866135821585,0.2873414137882416
MEDICO PHARMACY #3617 (VA),retailer,29872.0,0.0,19,0,63,0.0,0.0004681543963843316,0.2872913091222892
MEDICO PHARMACY #9833 (TN),retailer,28870.0,0.0,19,0,72,0.0,0.0004680210689421236,0.287258604900772
CVS PHARMACY #5635 (IN),retailer,26943.0,0.0,19,0,56,0.0,0.0004675127007043647,0.28713390598519517
CVS PHARMACY #7218 (LA),retailer,26072.0,0.0,19,0,47,0.0,0.00046735476847159626,0.287095166393108
HOMETOWN PHARMACY #3657 (IN),retailer,27047.0,0.0,19,0,60,0.0,0.00046732685441664134,0.28708831928480405
MAIN STREET PHARMACY #3572 (TN),retailer,26103.0,0.0,19,0,70,0.0,0.00046718402417252324,0.2870532840972565
GOOD NEIGHBOR PHARMACY #1784 (PA),retailer,26905.0,0.0,19,0,67,0.0,0.00046713113575397156,0.28704031096488886
HOMETOWN PHARMACY #9646 (TN),retailer,24852.0,0.0,19,0,63,0.0,0.00046680034185103464,0.2869591697017023
RITE AID #3210 (VA),retailer,24013.0,0.0,19,0,46,0.0,0.000466551987679477,0.2868982502862629
COMMUNITY PHARMACY #9734 (IN),retailer,24651.0,0.0,19,0,63,0.0,0.00046643069440729403,0.2868684979563875
KROGER PHARMACY #9284 (VA),retailer,25059.0,0.0,19,0,48,0.0,0.0004663108209309307,0.28683909389177714
HEALTH MART PHARMACY #8974 (OH),retailer,23119.0,0.0,19,0,50,0.0,0.0004662649985957488,0.2868278540166591
SUNRISE PHARMACY #6542 (PA),retailer,23245.0,0.0,19,0,56,0.0,0.00046618700886249127,0.28680872372007293
MEDICO PHARMACY #8538 (LA),retailer,22438.0,0.0,19,0,57,0.0,0.00046616574352412984,0.28680350749207895
HEALTH MART PHARMACY #7378 (OH),retailer,22283.0,0.0,19,0,42,0.0,0.0004659156099873648,0.28674215161170075
CORNER DRUG STORE #4739 (MI),retailer,22177.0,0.0,19,0,58,0.0,0.00046579748649140966,0.2867131768041583
MEDICO PHARMACY #9532 (OH),retailer,21083.0,0.0,19,0,49,0.0,0.00046554588590810755,0.28665146106826855
WALGREENS #7900 (VA),retailer,19700.0,0.0,19,0,53,0.0,0.00046519627870241057,0.286565705043029
WALMART PHARMACY #9405 (VA),retailer,20051.0,0.0,19,0,54,0.0,0.0004651167895803608,0.28654620695761857
MEDICO PHARMACY #9453 (TN),retailer,19609.0,0.0,19,0,59,0.0,0.00046497857098725407,0.28651230297347324
VILLAGE PHARMACY #7334 (PA),retailer,18879.0,0.0,19,0,55,0.0,0.0004648804850693543,0.28648824323353084
COMMUNITY PHARMACY #8220 (VA),retailer,17989.0,0.0,19,0,48,0.0,0.0004645218091245812,0.28640026271461827
KROGER PHARMACY #2636 (VA),retailer,17296.0,0.0,19,0,48,0.0,0.0004642733239079726,0.28633931115481087
MEDICO PHARMACY #4307 (LA),retailer,15629.0,0.0,19,0,48,0.0,0.0004637702468126513,0.2862159101167864
HARRIS TEETER PHARMACY #9396 (VA),retailer,14289.0,0.0,19,0,44,0.0,0.00046327942488402725,0.2860955151792298
WALGREENS #8038 (IN),retailer,157837.0,0.0,18,0,62,0.0,0.000508490581117835,0.28218547268634153
VILLAGE PHARMACY #1037 (MI),retailer,139272.0,0.0,18,0,69,0.0,0.000501582018418808,0.2804908540757041
WALMART PHARMACY #9312 (PA),retailer,128610.0,0.0,18,0,63,0.0,0.0005014337008021752,0.28045447287683817
WALGREENS #9697 (VA),retailer,105485.0,0.0,18,0,62,0.0,0.0004932922708547535,0.27845744117760435
CORNER DRUG STORE #9661 (KY),retailer,88952.0,0.0,18,0,80,0.0,0.00048742057074963627,0.27701715718400105
VILLAGE PHARMACY #7086 (IN),retailer,82855.0,0.0,18,0,62,0.0,0.0004866123133571096,0.2768188977081547
CORNER DRUG STORE #5731 (IN),retailer,90489.0,0.0,18,0,50,0.0,0.0004865332161840653,0.27679949576489543
WALGREENS #3575 (OH),retailer,85843.0,0.0,18,0,61,0.0,0.000486261326790727,0.2767328033360852
WINN-DIXIE PHARMACY #5077 (VA),retailer,82369.0,0.0,18,0,47,0.0,0.00048570547768066674,0.2765964577186752
MEDICO PHARMACY #6550 (VA),retailer,75572.0,0.0,18,0,65,0.0,0.00048326414233201115,0.2759976164695075
PUBLIX PHARMACY #6343 (IN),retailer,73080.0,0.0,18,0,62,0.0,0.0004823961395078524,0.2757847018874176
KROGER PHARMACY #6614 (PA),retailer,66188.0,0.0,18,0,60,0.0,0.0004800205672070056,0.2752019918206049
QUALITY CARE PHARMACY #3706 (PA),retailer,66872.0,0.0,18,0,47,0.0,0.00047996115551195964,0.27518741857744267
GOOD NEIGHBOR PHARMACY #2790 (PA),retailer,64914.0,0.0,18,0,59,0.0,0.00047964412804366816,0.27510965411741606
CORNER DRUG STORE #3604 (VA),retailer,62094.0,0.0,18,0,48,0.0,0.0004796139160805189,0.27510224334946803
GOOD NEIGHBOR PHARMACY #8533 (OH),retailer,65246.0,0.0,18,0,52,0.0,0.0004788845597377499,0.2749233377093098
WALGREENS #1373 (PA),retailer,59483.0,0.0,18,0,61,0.0,0.00047771249611437645,0.274635839293858
WALGREENS #5175 (PA),retailer,53829.0,0.0,18,0,58,0.0,0.0004765313013132799,0.2743461010690014
GOOD NEIGHBOR PHARMACY #5650 (PA),retailer,48959.0,0.0,18,0,63,0.0,0.000475005194899948,0.2739717586127609
HEALTH MART PHARMACY #4338 (LA),retailer,50404.0,0.0,18,0,55,0.0,0.0004744611103617262,0.2738382987565798
COMMUNITY PHARMACY #7647 (MI),retailer,53783.0,0.0,18,0,64,0.0,0.0004743137968338621,0.2738021638531573
MEDICO PHARMACY #6745 (VA),retailer,48535.0,0.0,18,0,66,0.0,0.0004740446160467079,0.27373613582512746
CVS PHARMACY #9932 (PA),retailer,45366.0,0.0,18,0,57,0.0,0.0004737828255354746,0.2736719205763483
WALGREENS #1949 (IN),retailer,44424.0,0.0,18,0,60,0.0,0.0004735287770033346,0.2736096043769701
WINN-DIXIE PHARMACY #1509 (PA),retailer,45924.0,0.0,18,0,53,0.0,0.00047334149478122706,0.2735636654526451
PEOPLES PHARMACY #7557 (OH),retailer,44367.0,0.0,18,0,46,0.0,0.0004733336813822757,0.27356174888448875
RITE AID #9322 (LA),retailer,46287.0,0.0,18,0,56,0.0,0.00047326538177619513,0.27354499550341577
VILLAGE PHARMACY #5883 (VA),retailer,42459.0,0.0,18,0,56,0.0,0.0004728065277873027,0.27343244206169165
QUALITY CARE PHARMACY #5232 (TN),retailer,43549.0,0.0,18,0,73,0.0,0.00047238349203380107,0.2733286745644451
WALMART PHARMACY #4084 (VA),retailer,42391.0,0.0,18,0,47,0.0,0.00047203046693070305,0.2732420801546099
CORNER DRUG STORE #2639 (VA),retailer,42021.0,0.0,18,0,44,0.0,0.0004719492528021753,0.27322215893804924
SUNRISE PHARMACY #8405 (VA),retailer,41071.0,0.0,18,0,61,0.0,0.0004714688640152338,0.27310432317189093
VILLAGE PHARMACY #7454 (PA),retailer,38947.0,0.0,18,0,48,0.0,0.00047145956259685574,0.27310204160373047
QUALITY CARE PHARMACY #6294 (VA),retailer,38814.0,0.0,18,0,52,0.0,0.0004713769120510873,0.27308176804479495
WINN-DIXIE PHARMACY #4833 (LA),retailer,39092.0,0.0,18,0,51,0.0,0.000470932045652627,0.27297264565408635
MAIN STREET PHARMACY #6973 (LA),retailer,39498.0,0.0,18,0,55,0.0,0.0004708362119708417,0.27294913837076934
COMMUNITY PHARMACY #4052 (OH),retailer,38175.0,0.0,18,0,54,0.0,0.0004707158180166277,0.27291960663684617
HOMETOWN PHARMACY #7506 (IN),retailer,35444.0,0.0,18,0,59,0.0,0.0004697633993560585,0.2726859854832673
PEOPLES PHARMACY #3390 (LA),retailer,34419.0,0.0,18,0,37,0.0,0.00046971180448638695,0.27267332964873725
SUNRISE PHARMACY #7390 (IN),retailer,30305.0,0.0,18,0,65,0.0,0.0004686274821358225,0.2724073535093797
MEDICO PHARMACY #9698 (PA),retailer,30198.0,0.0,18,0,53,0.0,0.00046847915117261484,0.2723709690366991
KROGER PHARMACY #9652 (OH),retailer,31494.0,0.0,18,0,61,0.0,0.00046820844040458234,0.2723045657158358
PUBLIX PHARMACY #5454 (LA),retailer,29582.0,0.0,18,0,50,0.0,0.0004681769115462455,0.27229683192337595
WALGREENS #5346 (IN),retailer,28883.0,0.0,18,0,65,0.0,0.00046776528333032825,0.2721958626095337
VILLAGE PHARMACY #6277 (OH),retailer,28598.0,0.0,18,0,52,0.0,0.00046774296813387206,0.27219038885922386
PUBLIX PHARMACY #1221 (MI),retailer,26165.0,0.0,18,0,48,0.0,0.00046724898731351374,0.2720692190692189
PEOPLES PHARMACY #3726 (IN),retailer,26417.0,0.0,18,0,48,0.0,0.00046722012164045874,0.2720621385361328
WINN-DIXIE PHARMACY #6027 (IN),retailer,25831.0,0.0,18,0,51,0.0,0.00046696536919265443,0.27199964967152207
WALMART PHARMACY #9266 (IN),retailer,25492.0,0.0,18,0,64,0.0,0.0004669476374333863,0.27199530020397517
WALGREENS #2082 (LA),retailer,25648.0,0.0,18,0,53,0.0,0.0004667672206613159,0.27195104532304826
WALMART PHARMACY #7025 (OH),retailer,25165.0,0.0,18,0,50,0.0,0.0004667299977494698,0.27194191482197233
HOMETOWN PHARMACY #8516 (LA),retailer,22799.0,0.0,18,0,47,0.0,0.00046621646407039353,0.271815948862385
QUALITY CARE PHARMACY #1825 (OH),retailer,23810.0,0.0,18,0,56,0.0,0.0004661837154260444,0.27180791586556574
CVS PHARMACY #7287 (MI),retailer,23219.0,0.0,18,0,59,0.0,0.0004658885922213643,0.27173552435710446
SUNRISE PHARMACY #8028 (LA),retailer,22711.0,0.0,18,0,52,0.0,0.00046582846558679633,0.2717207757446401
GOOD NEIGHBOR PHARMACY #5688 (MI),retailer,22340.0,0.0,18,0,54,0.0,0.0004658050235995993,0.27171502560101324
CORNER DRUG STORE #4123 (OH),retailer,21397.0,0.0,18,0,53,0.0,0.0004656449819652995,0.2716757685885526
COMMUNITY PHARMACY #4979 (LA),retailer,21039.0,0.0,18,0,51,0.0,0.00046562116540601364,0.2716699265652019
QUALITY CARE PHARMACY #5716 (LA),retailer,21635.0,0.0,18,0,43,0.0,0.0004654643504162591,0.27163146102444585
FAMILY CARE PHARMACY #4742 (OH),retailer,20370.0,0.0,18,0,53,0.0,0.0004652114336763167,0.27156942244520443
MAIN STREET PHARMACY #6927 (OH),retailer,19369.0,0.0,18,0,36,0.0,0.0004649020392192052,0.2714935303055669
KROGER PHARMACY #1393 (OH),retailer,18880.0,0.0,18,0,46,0.0,0.00046472991552881036,0.2714513096553706
MAIN STREET PHARMACY #6319 (OH),retailer,18304.0,0.0,18,0,46,0.0,0.00046455849358072225,0.2714092611372986
HEALTH MART PHARMACY #2633 (VA),retailer,16778.0,0.0,18,0,54,0.0,0.000464135731082398,0.2713055606674974
CVS PHARMACY #7538 (LA),retailer,11612.0,0.0,18,0,39,0.0,0.0004624085803257037,0.2708819035418144
COMMUNITY PHARMACY #6047 (VA),retailer,106153.0,0.0,17,0,63,0.0,0.0004926101855991282,0.2632901307813036
WALMART PHARMACY #2320 (VA),retailer,93826.0,0.0,17,0,58,0.0,0.00048797597191879385,0.2621533929256175
FAMILY CARE PHARMACY #5952 (MI),retailer,72070.0,0.0,17,0,65,0.0,0.0004816107162107517,0.26059204344465625
MAIN STREET PHARMACY #5473 (OH),retailer,66035.0,0.0,17,0,57,0.0,0.0004811210876976368,0.2604719412429725
PEOPLES PHARMACY #6990 (OH),retailer,49220.0,0.0,17,0,47,0.0,0.0004739787232335318,0.2587199728130512
WALMART PHARMACY #2539 (MI),retailer,43080.0,0.0,17,0,62,0.0,0.00047278654305942826,0.2584275399585946
CVS PHARMACY #5446 (LA),retailer,48940.0,0.0,17,0,44,0.0,0.00047245928002918484,0.2583472647919956
RITE AID #9320 (LA),retailer,42860.0,0.0,17,0,52,0.0,0.0004723948803151531,0.25833146802519
WALGREENS #6125 (VA),retailer,31775.0,0.0,17,0,51,0.0,0.000469034408848899,0.25750716958059
CVS PHARMACY #6761 (LA),retailer,30754.0,0.0,17,0,48,0.0,0.0004686480128459221,0.2574123895393214
COMMUNITY PHARMACY #9245 (IN),retailer,32332.0,0.0,17,0,65,0.0,0.00046844077804616296,0.25736155639735786
KROGER PHARMACY #9499 (WI),retailer,28336.0,0.0,17,0,31,0.0,0.0004684135840804172,0.25735488592153566
KROGER PHARMACY #7855 (MI),retailer,29026.0,0.0,17,0,65,0.0,0.000468385485620425,0.2573479935800592
QUALITY CARE PHARMACY #4645 (VA),retailer,29605.0,0.0,17,0,46,0.0,0.00046828169883360575,0.2573225354597317
PEOPLES PHARMACY #1839 (PA),retailer,27291.0,0.0,17,0,64,0.0,0.00046735216381818973,0.25709452749266426
COMMUNITY PHARMACY #5408 (OH),retailer,19587.0,0.0,17,0,49,0.0,0.000464914841797284,0.2564966706826906
WALMART PHARMACY #5920 (FL),retailer,15969.0,0.0,17,0,31,0.0,0.00046394129845438067,0.2562578678029862
GOOD NEIGHBOR PHARMACY #7031 (IL),retailer,15756.0,0.0,17,0,39,0.0,0.0004637278165169204,0.25620550228500283
HOMETOWN PHARMACY #4421 (IL),retailer,13205.0,0.0,17,0,31,0.0,0.00046299319214412394,0.25602530443659305
MEDICO PHARMACY #7163 (WI),retailer,12368.0,0.0,17,0,28,0.0,0.0004628423093202403,0.2559882940116295
MAIN STREET PHARMACY #5646 (FL),retailer,10164.0,0.0,17,0,29,0.0,0.00046208419076415944,0.25580233321628415
GOOD NEIGHBOR PHARMACY #9772 (VA),retailer,95872.0,0.0,16,0,40,0.0,0.0004890633337824362,0.24742011463548444
GOOD NEIGHBOR PHARMACY #8540 (OH),retailer,70476.0,0.0,16,0,48,0.0,0.000481965326042757,0.24567902657735582
COMMUNITY PHARMACY #7046 (MI),retailer,59233.0,0.0,16,0,45,0.0,0.0004774526384867623,0.2445720981684326
PUBLIX PHARMACY #2014 (PA),retailer,58372.0,0.0,16,0,46,0.0,0.0004771304287390915,0.2444930625341452
HEALTH MART PHARMACY #8815 (OH),retailer,43318.0,0.0,16,0,54,0.0,0.00047222992311317456,0.24329100526159825
CVS PHARMACY #4698 (OH),retailer,34430.0,0.0,16,0,40,0.0,0.0004699786245515267,0.24273877861086424
COMMUNITY PHARMACY #7344 (LA),retailer,32613.0,0.0,16,0,39,0.0,0.00046893861287313073,0.24248367154702616
HEALTH MART PHARMACY #9088 (AL),retailer,31113.0,0.0,16,0,27,0.0,0.00046872454581439363,0.24243116250318245
WINN-DIXIE PHARMACY #2844 (IL),retailer,29922.0,0.0,16,0,27,0.0,0.00046833735906673987,0.2423361884981758
CVS PHARMACY #2485 (OH),retailer,30444.0,0.0,16,0,52,0.0,0.000468268678975253,0.24231934178688658
CVS PHARMACY #2076 (VA),retailer,27554.0,0.0,16,0,56,0.0,0.0004677050570262088,0.24218108955037598
QUALITY CARE PHARMACY #9274 (CT),retailer,28452.0,0.0,16,0,22,0.0,0.0004674884262126596,0.24212795163670695
WALGREENS #6346 (OH),retailer,24411.0,0.0,16,0,41,0.0,0.00046648699522466066,0.24188230812683897
MEDICO PHARMACY #9557 (OH),retailer,21389.0,0.0,16,0,54,0.0,0.0004656365743980177,0.24167370627686144
VILLAGE PHARMACY #5217 (NV),retailer,17175.0,0.0,16,0,28,0.0,0.00046422656755134526,0.24132784217348813
GOOD NEIGHBOR PHARMACY #8685 (FL),retailer,17781.0,0.0,16,0,25,0.0,0.0004641792955253743,0.24131624670009333
KROGER PHARMACY #4811 (WI),retailer,15912.0,0.0,16,0,30,0.0,0.0004637423314487639,0.24120906268966114
HEALTH MART PHARMACY #8894 (WI),retailer,14364.0,0.0,16,0,31,0.0,0.0004634726976870517,0.24114292355036984
FAMILY CARE PHARMACY #4962 (FL),retailer,14461.0,0.0,16,0,26,0.0,0.0004633428690018336,0.24111107754769895
KROGER PHARMACY #7901 (WI),retailer,13602.0,0.0,16,0,29,0.0,0.00046312198732188927,0.2410568969283879
WALGREENS #5645 (ND),retailer,12425.0,0.0,16,0,22,0.0,0.00046279031088573353,0.24097553918642248
HEALTH MART PHARMACY #8159 (AL),retailer,11282.0,0.0,16,0,26,0.0,0.00046246860544332655,0.24089662725443364
RITE AID #5178 (ND),retailer,35697.0,0.0,15,0,28,0.0,0.0004706187242976064,0.22789579027809642
FAMILY CARE PHARMACY #5200 (UT),retailer,37152.0,0.0,15,0,24,0.0,0.00047035545296062316,0.22783121179386814
KROGER PHARMACY #6824 (NE),retailer,34536.0,0.0,15,0,24,0.0,0.0004703379666199471,0.22782692252566106
PEOPLES PHARMACY #1274 (IL),retailer,36480.0,0.0,15,0,35,0.0,0.0004700980172375636,0.22776806474196384
GOOD NEIGHBOR PHARMACY #2904 (CT),retailer,33635.0,0.0,15,0,26,0.0,0.00046933963429107717,0.22758203909363514
MAIN STREET PHARMACY #2472 (ND),retailer,32970.0,0.0,15,0,24,0.0,0.0004691112478594303,0.22752601761502275
PEOPLES PHARMACY #5942 (WI),retailer,31104.0,0.0,15,0,24,0.0,0.00046901935620462996,0.227503477281357
MEDICO PHARMACY #1628 (FL),retailer,34437.0,0.0,15,0,22,0.0,0.000468985167766511,0.22749509111392552
COMMUNITY PHARMACY #2700 (OK),retailer,31368.0,0.0,15,0,19,0.0,0.00046864094720200757,0.22741065639136682
QUALITY CARE PHARMACY #8930 (ID),retailer,28053.0,0.0,15,0,16,0.0,0.0004681737881296074,0.22729606577495265
FAMILY CARE PHARMACY #6923 (IL),retailer,28893.0,0.0,15,0,28,0.0,0.00046784006310283044,0.22721420552907381
COMMUNITY PHARMACY #7146 (NJ),retailer,28850.0,0.0,15,0,23,0.0,0.0004677583756464948,0.22719416820875224
QUALITY CARE PHARMACY #8165 (IL),retailer,17822.0,0.0,15,0,22,0.0,0.0004644054997013511,0.2263717328885084
CORNER DRUG STORE #6747 (ID),retailer,17046.0,0.0,15,0,19,0.0,0.00046436907548013236,0.2263627983002526
PEOPLES PHARMACY #9633 (ND),retailer,16768.0,0.0,15,0,25,0.0,0.0004640891955177655,0.22629414584479493
MAIN STREET PHARMACY #5015 (OK),retailer,14625.0,0.0,15,0,24,0.0,0.00046348924004497514,0.2261469812674383
GOOD NEIGHBOR PHARMACY #2984 (ME),retailer,14891.0,0.0,15,0,21,0.0,0.0004634805240862134,0.22614484330813028
MAIN STREET PHARMACY #6441 (AR),retailer,11677.0,0.0,15,0,25,0.0,0.0004625626125029343,0.22591968648178154
CVS PHARMACY #3850 (FL),retailer,11800.0,0.0,15,0,27,0.0,0.0004625311930334394,0.22591197952158418
GOOD NEIGHBOR PHARMACY #6030 (IL),retailer,11098.0,0.0,15,0,26,0.0,0.00046231293071775107,0.2258584414126779
CORNER DRUG STORE #9777 (WI),retailer,9789.0,0.0,15,0,26,0.0,0.00046196084325661783,0.2257720769993836
HARRIS TEETER PHARMACY #1357 (KS),retailer,9803.0,0.0,15,0,24,0.0,0.0004618879472939882,0.22575419616652528
RITE AID #1394 (FL),retailer,9067.0,0.0,15,0,25,0.0,0.00046176535723154127,0.22572412574372502
KROGER PHARMACY #2700 (FL),retailer,8783.0,0.0,15,0,22,0.0,0.0004616866581390304,0.2257048214466347
HEALTH MART PHARMACY #5178 (NV),retailer,8545.0,0.0,15,0,18,0.0,0.00046154068191835607,0.2256690145746351
RITE AID #3495 (IL),retailer,7755.0,0.0,15,0,24,0.0,0.000461264840963717,0.22560135285747746
CVS PHARMACY #2791 (WI),retailer,5675.0,0.0,15,0,22,0.0,0.0004606674427531202,0.22545481555735547
FAMILY CARE PHARMACY #1947 (OK),retailer,5734.0,0.0,15,0,22,0.0,0.0004606517735898826,0.22545097202914385
FAMILY CARE PHARMACY #2985 (FL),retailer,5837.0,0.0,15,0,20,0.0,0.00046063485386932753,0.22544682174860237
PEOPLES PHARMACY #2093 (AR),retailer,51419.0,0.0,14,0,24,0.0,0.0004752190789262912,0.2140242227631313
KROGER PHARMACY #5892 (NJ),retailer,49343.0,0.0,14,0,21,0.0,0.0004750960951558148,0.21399405576670452
WINN-DIXIE PHARMACY #8389 (RI),retailer,51122.0,0.0,14,0,21,0.0,0.0004747756967732635,0.21391546444669438
COMMUNITY PHARMACY #7816 (UT),retailer,46268.0,0.0,14,0,21,0.0,0.0004738233745685689,0.213681866953018
HEALTH MART PHARMACY #5901 (NE),retailer,38316.0,0.0,14,0,23,0.0,0.0004710035400820877,0.21299018270437087
WALGREENS #8885 (WI),retailer,34633.0,0.0,14,0,26,0.0,0.00046970073922941936,0.2126706154272009
VILLAGE PHARMACY #2199 (KS),retailer,30827.0,0.0,14,0,22,0.0,0.00046896045294631775,0.21248902875466186
SUNRISE PHARMACY #9917 (KS),retailer,29571.0,0.0,14,0,23,0.0,0.00046856803253451186,0.21239277097109513
PEOPLES PHARMACY #5759 (KS),retailer,26468.0,0.0,14,0,17,0.0,0.00046750306769252224,0.21213154308339507
COMMUNITY PHARMACY #3567 (CT),retailer,25672.0,0.0,14,0,21,0.0,0.00046748378479120455,0.21212681313233817
PUBLIX PHARMACY #5267 (KS),retailer,27830.0,0.0,14,0,20,0.0,0.00046746145748163267,0.21212133641077185
HARRIS TEETER PHARMACY #5346 (KS),retailer,27325.0,0.0,14,0,20,0.0,0.00046728614119689405,0.2120783326411299
HARRIS TEETER PHARMACY #4455 (CT),retailer,25572.0,0.0,14,0,23,0.0,0.0004671718809254619,0.21205030545358589
CORNER DRUG STORE #2881 (AL),retailer,16379.0,0.0,14,0,21,0.0,0.00046425666491754905,0.21133522483316494
QUALITY CARE PHARMACY #8752 (CT),retailer,16957.0,0.0,14,0,23,0.0,0.00046422827872809666,0.2113282619138101
WINN-DIXIE PHARMACY #5194 (FL),retailer,15518.0,0.0,14,0,21,0.0,0.00046402876888112246,0.21127932364482174
MEDICO PHARMACY #7141 (ND),retailer,15619.0,0.0,14,0,23,0.0,0.00046361304358343225,0.2111773493475518
VILLAGE PHARMACY #4543 (IL),retailer,13267.0,0.0,14,0,23,0.0,0.00046299730375290546,0.211026312985637
HEALTH MART PHARMACY #5250 (AL),retailer,12421.0,0.0,14,0,21,0.0,0.0004628421452350345,0.21098825376500924
COMMUNITY PHARMACY #3138 (NJ),retailer,12044.0,0.0,14,0,28,0.0,0.0004627489704065022,0.2109653986784518
PUBLIX PHARMACY #2932 (KS),retailer,12027.0,0.0,14,0,22,0.0,0.0004626784419509864,0.2109480985773304
HARRIS TEETER PHARMACY #4694 (CA),retailer,11844.0,0.0,14,0,19,0.0,0.0004626144787450797,0.2109324088826938
MEDICO PHARMACY #2099 (NJ),retailer,11742.0,0.0,14,0,19,0.0,0.00046259889647479744,0.21092858666867237
MEDICO PHARMACY #7770 (FL),retailer,11768.0,0.0,14,0,20,0.0,0.00046256365992402985,0.2109199434070698
FAMILY CARE PHARMACY #5370 (RI),retailer,11211.0,0.0,14,0,18,0.0,0.0004623914227078495,0.21087769490984987
RITE AID #5248 (NV),retailer,10420.0,0.0,14,0,15,0.0,0.0004623061292152075,0.21085677305587033
CVS PHARMACY #6802 (MT),retailer,10688.0,0.0,14,0,21,0.0,0.0004622326931889104,0.21083875974944527
VILLAGE PHARMACY #5786 (ME),retailer,10851.0,0.0,14,0,20,0.0,0.00046219509857538976,0.21082953807273663
RITE AID #6030 (NJ),retailer,10624.0,0.0,14,0,28,0.0,0.0004621692301169247,0.21082319273390812
RITE AID #9225 (ME),retailer,10423.0,0.0,14,0,17,0.0,0.0004621276270063332,0.21081298780293475
MEDICO PHARMACY #9056 (NY),retailer,10224.0,0.0,14,0,22,0.0,0.00046209553264958843,0.21080511529795715
CORNER DRUG STORE #7412 (CA),retailer,9834.0,0.0,14,0,21,0.0,0.000462075763382211,0.2108002660449539
MEDICO PHARMACY #9907 (CT),retailer,9977.0,0.0,14,0,17,0.0,0.00046205365424920047,0.2107948428404616
PEOPLES PHARMACY #4185 (KS),retailer,9871.0,0.0,14,0,29,0.0,0.0004620284697608811,0.2107886652743795
WINN-DIXIE PHARMACY #8492 (ID),retailer,9893.0,0.0,14,0,21,0.0,0.00046194330314265554,0.2107677745417427
FAMILY CARE PHARMACY #1936 (KS),retailer,9370.0,0.0,14,0,21,0.0,0.00046182439895134326,0.21073860823548496
QUALITY CARE PHARMACY #8690 (FL),retailer,9718.0,0.0,14,0,20,0.0,0.00046170456751732107,0.21070921448354551
QUALITY CARE PHARMACY #4482 (RI),retailer,9129.0,0.0,14,0,19,0.0,0.00046170401192554926,0.21070907820105125
WALMART PHARMACY #5853 (IL),retailer,9351.0,0.0,14,0,20,0.0,0.00046168144468308026,0.21070354262574495
MEDICO PHARMACY #8303 (DE),retailer,8549.0,0.0,14,0,20,0.0,0.0004615620607034989,0.2106742586310236
FAMILY CARE PHARMACY #8358 (KS),retailer,8444.0,0.0,14,0,21,0.0,0.0004615103704365324,0.2106615793962527
HOMETOWN PHARMACY #8829 (MS),retailer,8432.0,0.0,14,0,17,0.0,0.0004614814437586216,0.2106544838991331
COMMUNITY PHARMACY #5066 (OK),retailer,8312.0,0.0,14,0,23,0.0,0.00046139447030032175,0.21063314996217872
COMMUNITY PHARMACY #2371 (KS),retailer,8016.0,0.0,14,0,21,0.0,0.00046134719769889054,0.21062155434762783
FAMILY CARE PHARMACY #3561 (FL),retailer,7888.0,0.0,14,0,21,0.0,0.0004612894275352868,0.21060738375981566
KROGER PHARMACY #5581 (NJ),retailer,7676.0,0.0,14,0,26,0.0,0.0004612773177436867,0.21060441331876872
GOOD NEIGHBOR PHARMACY #5599 (OK),retailer,7744.0,0.0,14,0,19,0.0,0.0004612346235110362,0.21059394074373852
WALMART PHARMACY #6298 (OK),retailer,7597.0,0.0,14,0,25,0.0,0.000461225485868062,0.21059169934845617
WINN-DIXIE PHARMACY #9056 (CA),retailer,7349.0,0.0,14,0,15,0.0,0.0004611330908167888,0.21056903553541148
COMMUNITY PHARMACY #1287 (NE),retailer,7022.0,0.0,14,0,23,0.0,0.0004610935114227332,0.21055932700692495
PUBLIX PHARMACY #4056 (DE),retailer,7700.0,0.0,14,0,18,0.0,0.000461076673224845,0.21055519672328218
COMMUNITY PHARMACY #9332 (IL),retailer,7018.0,0.0,14,0,22,0.0,0.00046106880000300365,0.2105532654810196
PUBLIX PHARMACY #8281 (UT),retailer,6728.0,0.0,14,0,18,0.0,0.00046098283010422703,0.21053217770968882
VILLAGE PHARMACY #8894 (WI),retailer,6487.0,0.0,14,0,23,0.0,0.0004609708564324833,0.21052924065782166
COMMUNITY PHARMACY #7725 (ME),retailer,7071.0,0.0,14,0,22,0.0,0.0004609628182162927,0.2105272689436828
QUALITY CARE PHARMACY #2679 (MT),retailer,6115.0,0.0,14,0,18,0.0,0.0004607327097008119,0.21047082505082287
SUNRISE PHARMACY #8943 (KS),retailer,5532.0,0.0,14,0,17,0.0,0.00046059976651851995,0.21043821508538085
PUBLIX PHARMACY #3067 (WI),retailer,3670.0,0.0,14,0,18,0.0,0.000460061056042787,0.21030607344641866
MEDICO PHARMACY #1407 (IL),retailer,92613.0,0.0,13,0,24,0.0,0.0004870382758471841,0.20192338311567984
SUNRISE PHARMACY #9264 (RI),retailer,79501.0,0.0,13,0,18,0.0,0.00048294240578970103,0.2009186969126957
WALGREENS #6088 (NV),retailer,59558.0,0.0,13,0,20,0.0,0.00047746487827883305,0.19957510049986985
VILLAGE PHARMACY #2073 (WI),retailer,58613.0,0.0,13,0,28,0.0,0.00047709596221040887,0.19948460815543434
SUNRISE PHARMACY #6615 (LA),retailer,39948.0,0.0,13,0,41,0.0,0.000471282695767334,0.19805865750083348
GOOD NEIGHBOR PHARMACY #8844 (OK),retailer,38170.0,0.0,13,0,29,0.0,0.000470962871078216,0.1979802069035194
MAIN STREET PHARMACY #4656 (ME),retailer,38777.0,0.0,13,0,17,0.0,0.0004708132438667694,0.19794350447086853
HARRIS TEETER PHARMACY #6773 (OK),retailer,33649.0,0.0,13,0,25,0.0,0.0004697753701387015,0.1976889218302097
MAIN STREET PHARMACY #3220 (NV),retailer,34144.0,0.0,13,0,21,0.0,0.0004694578939472244,0.19761104730175139
HARRIS TEETER PHARMACY #2399 (ID),retailer,34359.0,0.0,13,0,16,0.0,0.0004694444378192657,0.19760774661449423
PEOPLES PHARMACY #9606 (WI),retailer,32957.0,0.0,13,0,24,0.0,0.00046937343808036385,0.19759033091109324
HOMETOWN PHARMACY #8558 (MA),retailer,34564.0,0.0,13,0,20,0.0,0.00046935776021991046,0.1975864852495198
CORNER DRUG STORE #3031 (NE),retailer,32839.0,0.0,13,0,19,0.0,0.00046895318583928795,0.19748724618856628
KROGER PHARMACY #2808 (ND),retailer,32394.0,0.0,13,0,21,0.0,0.00046893537302642,0.1974828768391793
HARRIS TEETER PHARMACY #4342 (ME),retailer,31664.0,0.0,13,0,21,0.0,0.00046885457640505747,0.19746305803399472
HOMETOWN PHARMACY #4303 (KS),retailer,30843.0,0.0,13,0,19,0.0,0.00046851309811820203,0.19737929597157391
WALGREENS #7353 (OK),retailer,27918.0,0.0,13,0,22,0.0,0.0004684625827347877,0.1973669049269259
CVS PHARMACY #7228 (FL),retailer,29306.0,0.0,13,0,16,0.0,0.00046795447007894726,0.19724226870367662
SUNRISE PHARMACY #5914 (NJ),retailer,29341.0,0.0,13,0,21,0.0,0.0004679240894570168,0.19723481656499467
FAMILY CARE PHARMACY #7468 (NE),retailer,26404.0,0.0,13,0,20,0.0,0.00046789086128146747,0.1972266659427688
COMMUNITY PHARMACY #3558 (DE),retailer,27551.0,0.0,13,0,16,0.0,0.000467525458524544,0.1971370353872919
PEOPLES PHARMACY #5739 (CO),retailer,27933.0,0.0,13,0,20,0.0,0.00046744710140544563,0.1971178149737146
MAIN STREET PHARMACY #4193 (KS),retailer,26926.0,0.0,13,0,17,0.0,0.0004672771514908957,0.19707612753442813
QUALITY CARE PHARMACY #4119 (IL),retailer,27250.0,0.0,13,0,19,0.0,0.00046724184054480235,0.19706746602421016
PUBLIX PHARMACY #3391 (SD),retailer,25407.0,0.0,13,0,15,0.0,0.0004667872843256952,0.19695596679317787
CVS PHARMACY #8436 (AZ),retailer,23739.0,0.0,13,0,17,0.0,0.00046677095557567065,0.1969519614732748
GOOD NEIGHBOR PHARMACY #6839 (WI),retailer,24969.0,0.0,13,0,21,0.0,0.00046643544067336045,0.19686966218435306
FAMILY CARE PHARMACY #5079 (SC),retailer,24626.0,0.0,13,0,14,0.0,0.00046632181271195547,0.19684179009771588
HEALTH MART PHARMACY #2396 (NY),retailer,16616.0,0.0,13,0,16,0.0,0.0004639616497020503,0.19626285981438987
MAIN STREET PHARMACY #3156 (NE),retailer,15283.0,0.0,13,0,19,0.0,0.00046368837940751644,0.19619582866087415
WALGREENS #4047 (WI),retailer,15201.0,0.0,13,0,20,0.0,0.00046352584181993896,0.19615595940979597
WALMART PHARMACY #8242 (NJ),retailer,14927.0,0.0,13,0,17,0.0,0.00046351011655192397,0.19615210211950326
WALGREENS #9921 (CT),retailer,13452.0,0.0,13,0,18,0.0,0.00046318849533674695,0.19607321084782217
HARRIS TEETER PHARMACY #2619 (RI),retailer,12717.0,0.0,13,0,17,0.0,0.00046304573212652145,0.19603819210318568
HOMETOWN PHARMACY #6271 (AR),retailer,12845.0,0.0,13,0,21,0.0,0.0004630101547345065,0.19602946523578169
MEDICO PHARMACY #8860 (ND),retailer,12490.0,0.0,13,0,26,0.0,0.0004627579295203887,0.19596759628263807
GOOD NEIGHBOR PHARMACY #6051 (NJ),retailer,11995.0,0.0,13,0,26,0.0,0.00046275011009784555,0.1959656782369398
CORNER DRUG STORE #1602 (ND),retailer,11842.0,0.0,13,0,21,0.0,0.0004625478546781735,0.19591606649956253
WALMART PHARMACY #7041 (OK),retailer,11761.0,0.0,13,0,19,0.0,0.0004624883275128669,0.19590146493241148
KROGER PHARMACY #7794 (MA),retailer,10868.0,0.0,13,0,13,0.0,0.00046232940773764555,0.19586248310356794
FAMILY CARE PHARMACY #3626 (OK),retailer,10934.0,0.0,13,0,21,0.0,0.00046220997813736255,0.19583318791843063
HEALTH MART PHARMACY #8078 (NY),retailer,10718.0,0.0,13,0,19,0.0,0.0004622034174298454,0.19583157862608694
VILLAGE PHARMACY #9084 (ME),retailer,10294.0,0.0,13,0,20,0.0,0.00046200083583232003,0.19578188687972883
WINN-DIXIE PHARMACY #2552 (RI),retailer,9517.0,0.0,13,0,24,0.0,0.0004618614845728753,0.19574770506102665
RITE AID #7142 (NJ),retailer,9814.0,0.0,13,0,30,0.0,0.0004618038600034659,0.19573357018637827
SUNRISE PHARMACY #3504 (AR),retailer,9554.0,0.0,13,0,23,0.0,0.00046177456868529214,0.19572638524573724
HEALTH MART PHARMACY #9020 (AL),retailer,8917.0,0.0,13,0,19,0.0,0.00046164246498501686,0.19569398119893716
GOOD NEIGHBOR PHARMACY #5849 (IL),retailer,8830.0,0.0,13,0,22,0.0,0.0004615412044297952,0.19566914274427188
HARRIS TEETER PHARMACY #9496 (ND),retailer,8573.0,0.0,13,0,24,0.0,0.0004615285786373787,0.1956660457320951
RITE AID #3370 (AR),retailer,8548.0,0.0,13,0,21,0.0,0.0004615245227103844,0.1956650508436259
MAIN STREET PHARMACY #2347 (OK),retailer,7875.0,0.0,13,0,15,0.0,0.0004614264896864519,0.19564100407817692
SUNRISE PHARMACY #1038 (NJ),retailer,9128.0,0.0,13,0,22,0.0,0.00046139021520749695,0.19563210622057522
VILLAGE PHARMACY #2656 (ME),retailer,8130.0,0.0,13,0,18,0.0,0.00046138113264073294,0.19562987833507411
MEDICO PHARMACY #2500 (UT),retailer,7719.0,0.0,13,0,16,0.0,0.00046134801387909697,0.19562175455126052
WINN-DIXIE PHARMACY #8056 (ND),retailer,7566.0,0.0,13,0,15,0.0,0.0004613379485656132,0.1956192856053604
HEALTH MART PHARMACY #2275 (DE),retailer,7817.0,0.0,13,0,18,0.0,0.00046127233918379177,0.19560319211611948
QUALITY CARE PHARMACY #4531 (MD),retailer,7307.0,0.0,13,0,15,0.0,0.0004612080660883326,0.19558742640790008
PUBLIX PHARMACY #5378 (OR),retailer,7006.0,0.0,13,0,18,0.0,0.0004610555261146728,0.19555000949652626
WINN-DIXIE PHARMACY #6542 (IL),retailer,7040.0,0.0,13,0,20,0.0,0.00046105506859899447,0.19554989727136207
CORNER DRUG STORE #4855 (RI),retailer,6935.0,0.0,13,0,15,0.0,0.00046099461390525925,0.19553506818844466
PEOPLES PHARMACY #5221 (KS),retailer,6879.0,0.0,13,0,15,0.0,0.0004609864262032899,0.19553305980656552
WINN-DIXIE PHARMACY #3694 (FL),retailer,6896.0,0.0,13,0,21,0.0,0.0004609732208314809,0.19552982062791102
PEOPLES PHARMACY #4969 (CA),retailer,6859.0,0.0,13,0,21,0.0,0.0004609708834989983,0.1955292472977848
PEOPLES PHARMACY #6730 (CT),retailer,7059.0,0.0,13,0,23,0.0,0.0004609624808167144,0.195527186182847
PEOPLES PHARMACY #9540 (HI),retailer,6648.0,0.0,13,0,17,0.0,0.00046094940228175163,0.19552397811631952
RITE AID #8476 (SD),retailer,6720.0,0.0,13,0,19,0.0,0.0004609258871673041,0.19551821003512665
MAIN STREET PHARMACY #8869 (AL),retailer,6686.0,0.0,13,0,16,0.0,0.00046089893397899094,0.19551159862020268
WALGREENS #8041 (NY),retailer,6646.0,0.0,13,0,16,0.0,0.00046086383988433466,0.19550299030201568
HARRIS TEETER PHARMACY #5365 (FL),retailer,5868.0,0.0,13,0,16,0.0,0.00046067543852133184,0.1954567768608235
CORNER DRUG STORE #6277 (AR),retailer,5419.0,0.0,13,0,14,0.0,0.000460513885382788,0.19541714908770916
KROGER PHARMACY #5241 (NH),retailer,5091.0,0.0,13,0,14,0.0,0.00046045319467152103,0.1954022621114615
MEDICO PHARMACY #2001 (NE),retailer,4642.0,0.0,13,0,18,0.0,0.0004602905293461217,0.19536236152725375
RITE AID #5094 (NE),retailer,4507.0,0.0,13,0,19,0.0,0.0004602787791668739,0.19535947929641947
GOOD NEIGHBOR PHARMACY #5698 (NY),retailer,4481.0,0.0,13,0,19,0.0,0.0004602499724385933,0.19535241322204444
FAMILY CARE PHARMACY #2392 (OK),retailer,4066.0,0.0,13,0,15,0.0,0.00046009787918158005,0.1953151058869133
WINN-DIXIE PHARMACY #4022 (ND),retailer,3720.0,0.0,13,0,16,0.0,0.000459964102978554,0.1952822915877335
GOOD NEIGHBOR PHARMACY #6434 (CT),retailer,2959.0,0.0,13,0,17,0.0,0.0004597367776324128,0.19522653038543672
CVS PHARMACY #7422 (NE),retailer,81415.0,0.0,12,0,16,0.0,0.00048401495489493537,0.18618178516403197
KROGER PHARMACY #3779 (SC),retailer,51171.0,0.0,12,0,15,0.0,0.0004764357379332046,0.18432266009316645
QUALITY CARE PHARMACY #6849 (ID),retailer,49164.0,0.0,12,0,19,0.0,0.00047487226980212226,0.18393915308780284
GOOD NEIGHBOR PHARMACY #3769 (AL),retailer,48683.0,0.0,12,0,21,0.0,0.0004743601227061232,0.183813527246644
KROGER PHARMACY #9348 (RI),retailer,45119.0,0.0,12,0,16,0.0,0.00047405487350142425,0.18373865190633074
KROGER PHARMACY #9531 (NJ),retailer,44637.0,0.0,12,0,14,0.0,0.0004739983853706854,0.18372479579156412
QUALITY CARE PHARMACY #5658 (KS),retailer,47096.0,0.0,12,0,19,0.0,0.0004737506636449712,0.18366403151034633
WALMART PHARMACY #9460 (CT),retailer,44940.0,0.0,12,0,20,0.0,0.0004726137847663117,0.1833851636488607
WINN-DIXIE PHARMACY #6356 (UT),retailer,42194.0,0.0,12,0,15,0.0,0.0004725536180116439,0.18337040519523673
HARRIS TEETER PHARMACY #9689 (OK),retailer,50971.0,0.0,12,0,20,0.0,0.00047249481517610165,0.18335598130074388
HOMETOWN PHARMACY #9630 (AL),retailer,37118.0,0.0,12,0,20,0.0,0.0004704550262897914,0.18285563638688798
CVS PHARMACY #6414 (OK),retailer,36301.0,0.0,12,0,18,0.0,0.0004701549735972668,0.18278203571203333
WALGREENS #3121 (SC),retailer,34086.0,0.0,12,0,21,0.0,0.00046946878611918067,0.18261371907058274
HOMETOWN PHARMACY #5274 (NY),retailer,33407.0,0.0,12,0,22,0.0,0.0004694517195907261,0.1826095327791647
MEDICO PHARMACY #4635 (MT),retailer,31632.0,0.0,12,0,16,0.0,0.0004687932526376222,0.18244801577456737
GOOD NEIGHBOR PHARMACY #4363 (OK),retailer,28632.0,0.0,12,0,18,0.0,0.0004685713697398557,0.18239358956403443
FAMILY CARE PHARMACY #3097 (SC),retailer,28844.0,0.0,12,0,22,0.0,0.00046856212507953256,0.1823913219181991
HEALTH MART PHARMACY #7354 (RI),retailer,28111.0,0.0,12,0,15,0.0,0.0004680263064220146,0.18225988962055423
GOOD NEIGHBOR PHARMACY #6942 (ME),retailer,26393.0,0.0,12,0,17,0.0,0.0004678414851396761,0.1822145543462957
WINN-DIXIE PHARMACY #9341 (ND),retailer,27504.0,0.0,12,0,21,0.0,0.00046737023410062847,0.18209896000115575
VILLAGE PHARMACY #4526 (UT),retailer,27966.0,0.0,12,0,17,0.0,0.00046733726121222526,0.182090871998952
WALGREENS #3078 (MA),retailer,27436.0,0.0,12,0,19,0.0,0.00046723850188904766,0.18206664707774597
QUALITY CARE PHARMACY #7081 (NJ),retailer,26978.0,0.0,12,0,18,0.0,0.0004672357866794398,0.1820659810571953
RITE AID #5521 (NE),retailer,26173.0,0.0,12,0,14,0.0,0.000466946726899517,0.18199507686134672
HARRIS TEETER PHARMACY #6283 (CA),retailer,24834.0,0.0,12,0,20,0.0,0.0004666879755665885,0.1819316071002096
HARRIS TEETER PHARMACY #6458 (CO),retailer,25034.0,0.0,12,0,15,0.0,0.0004666208236300173,0.1819151352338589
KROGER PHARMACY #8420 (MT),retailer,24475.0,0.0,12,0,15,0.0,0.0004665278705133355,0.1818923345315554
CORNER DRUG STORE #2632 (NV),retailer,23779.0,0.0,12,0,18,0.0,0.0004661649228047097,0.1818033061810112
HEALTH MART PHARMACY #6840 (FL),retailer,27613.0,0.0,12,0,17,0.0,0.0004658437793478259,0.1817245320998559
WINN-DIXIE PHARMACY #1109 (AL),retailer,18865.0,0.0,12,0,18,0.0,0.00046471734805244766,0.1814482269521844
QUALITY CARE PHARMACY #6470 (OK),retailer,18630.0,0.0,12,0,18,0.0,0.0004646295447751376,0.1814266894668511
MAIN STREET PHARMACY #1443 (ME),retailer,17244.0,0.0,12,0,17,0.0,0.00046433172404435004,0.18135363627546913
FAMILY CARE PHARMACY #1327 (ND),retailer,15000.0,0.0,12,0,16,0.0,0.00046385749998599133,0.18123731267099208
MEDICO PHARMACY #6633 (ID),retailer,14382.0,0.0,12,0,22,0.0,0.00046341471830080945,0.18112870164481376
FAMILY CARE PHARMACY #6668 (KS),retailer,14304.0,0.0,12,0,17,0.0,0.00046329049703973147,0.18109823110122453
RITE AID #3474 (IL),retailer,12858.0,0.0,12,0,22,0.0,0.0004630019921460909,0.18102746301481892
GOOD NEIGHBOR PHARMACY #6888 (ME),retailer,13265.0,0.0,12,0,18,0.0,0.00046268849175052946,0.18095056371927726
MEDICO PHARMACY #7491 (NJ),retailer,11242.0,0.0,12,0,19,0.0,0.00046247632355642576,0.1808985204526852
HOMETOWN PHARMACY #2658 (AL),retailer,11264.0,0.0,12,0,18,0.0,0.00046232058784299754,0.18086031965031663
CORNER DRUG STORE #6921 (NE),retailer,11618.0,0.0,12,0,17,0.0,0.0004622731392207748,0.18084868085918587
SUNRISE PHARMACY #1914 (OR),retailer,10674.0,0.0,12,0,15,0.0,0.00046221636053891946,0.18083475347440972
FAMILY CARE PHARMACY #4281 (RI),retailer,10708.0,0.0,12,0,15,0.0,0.0004621974794346935,0.18083012208116564
PEOPLES PHARMACY #6646 (CA),retailer,10438.0,0.0,12,0,14,0.0,0.000462179778669742,0.18082578021629211
HARRIS TEETER PHARMACY #4789 (NJ),retailer,10630.0,0.0,12,0,20,0.0,0.0004621620945084687,0.18082144242417633
CORNER DRUG STORE #7541 (NE),retailer,11174.0,0.0,12,0,14,0.0,0.0004620762578655532,0.18080038733950876
HOMETOWN PHARMACY #6092 (RI),retailer,9858.0,0.0,12,0,19,0.0,0.0004619996746725596,0.1807816020566992
HEALTH MART PHARMACY #9760 (RI),retailer,10012.0,0.0,12,0,16,0.0,0.00046195439245431773,0.18077049466821524
VILLAGE PHARMACY #8147 (ME),retailer,10879.0,0.0,12,0,19,0.0,0.0004619257833824971,0.18076347707748727
MEDICO PHARMACY #4332 (ID),retailer,9855.0,0.0,12,0,17,0.0,0.00046186199294541614,0.18074782976174775
VILLAGE PHARMACY #1306 (NJ),retailer,9738.0,0.0,12,0,24,0.0,0.00046184886877548016,0.1807446105013036
HEALTH MART PHARMACY #9073 (NY),retailer,9314.0,0.0,12,0,19,0.0,0.00046180635209794226,0.18073418147921075
KROGER PHARMACY #7113 (RI),retailer,9638.0,0.0,12,0,18,0.0,0.0004617516646845631,0.1807207670669057
GOOD NEIGHBOR PHARMACY #5417 (HI),retailer,9343.0,0.0,12,0,16,0.0,0.00046172768097801426,0.18071488404358518
CORNER DRUG STORE #7024 (MA),retailer,8862.0,0.0,12,0,14,0.0,0.0004616365450339228,0.1806925290800879
PUBLIX PHARMACY #2532 (AZ),retailer,8439.0,0.0,12,0,13,0.0,0.0004616217385706012,0.18068889716569475
HOMETOWN PHARMACY #4278 (NY),retailer,8536.0,0.0,12,0,14,0.0,0.00046155980591436514,0.18067370554966172
VILLAGE PHARMACY #6301 (WI),retailer,8252.0,0.0,12,0,17,0.0,0.0004615056558875591,0.18066042295425225
HEALTH MART PHARMACY #1579 (AR),retailer,8414.0,0.0,12,0,18,0.0,0.00046143488994538164,0.1806430645994341
HOMETOWN PHARMACY #9066 (SC),retailer,8296.0,0.0,12,0,14,0.0,0.0004614018160407016,0.18063495181869532
FAMILY CARE PHARMACY #8944 (CA),retailer,8001.0,0.0,12,0,18,0.0,0.0004613758806564431,0.18062859006347168
HEALTH MART PHARMACY #9121 (MD),retailer,7992.0,0.0,12,0,15,0.0,0.00046130173472117003,0.18061040262169967
QUALITY CARE PHARMACY #4508 (MS),retailer,7383.0,0.0,12,0,13,0.0,0.00046125150644961535,0.18059808200343724
VILLAGE PHARMACY #1737 (NV),retailer,7656.0,0.0,12,0,17,0.0,0.0004612205838135424,0.18059049691275164
PEOPLES PHARMACY #1608 (RI),retailer,7498.0,0.0,12,0,19,0.0,0.00046120757415435545,0.18058730574093534
CVS PHARMACY #9124 (OR),retailer,7543.0,0.0,12,0,17,0.0,0.000461199340632469,0.18058528611977423
MAIN STREET PHARMACY #1430 (ND),retailer,7244.0,0.0,12,0,16,0.0,0.0004611627225295129,0.1805763039737825
CVS PHARMACY #5216 (AK),retailer,7080.0,0.0,12,0,14,0.0,0.0004611625931489671,0.1805762722377051
PEOPLES PHARMACY #7922 (SC),retailer,7576.0,0.0,12,0,17,0.0,0.0004611545288082212,0.18057429411540876
HOMETOWN PHARMACY #7541 (SC),retailer,7286.0,0.0,12,0,15,0.0,0.0004611450911898749,0.18057197913841766
WALGREENS #5490 (WA),retailer,7624.0,0.0,12,0,16,0.0,0.00046108696475109676,0.18055772115897753
MEDICO PHARMACY #9170 (VT),retailer,8081.0,0.0,12,0,17,0.0,0.00046107363823492974,0.18055445226452072
MAIN STREET PHARMACY #3283 (NV),retailer,7220.0,0.0,12,0,15,0.0,0.0004610708315007878,0.18055376379368832
HOMETOWN PHARMACY #5198 (UT),retailer,7979.0,0.0,12,0,15,0.0,0.00046106611858822246,0.18055260775158644
HARRIS TEETER PHARMACY #4867 (AZ),retailer,7016.0,0.0,12,0,16,0.0,0.0004610638039011644,0.180552039976213
HARRIS TEETER PHARMACY #8735 (WI),retailer,7385.0,0.0,12,0,18,0.0,0.00046104815931260313,0.18054820247598513
MEDICO PHARMACY #9648 (MA),retailer,6532.0,0.0,12,0,18,0.0,0.00046089726714225096,0.18051118975840288
WALGREENS #6172 (CT),retailer,6636.0,0.0,12,0,22,0.0,0.0004608880403524407,0.1805089264960703
QUALITY CARE PHARMACY #5230 (NM),retailer,6445.0,0.0,12,0,16,0.0,0.0004608595584025989,0.18050194008741025
CORNER DRUG STORE #6667 (AL),retailer,6399.0,0.0,12,0,16,0.0,0.00046083424848284647,0.1804957317539385
QUALITY CARE PHARMACY #2379 (SD),retailer,6260.0,0.0,12,0,18,0.0,0.00046081140532192537,0.18049012849790547
PEOPLES PHARMACY #8504 (ND),retailer,6347.0,0.0,12,0,19,0.0,0.00046078714441512145,0.1804841774794416
CVS PHARMACY #5032 (RI),retailer,6048.0,0.0,12,0,14,0.0,0.00046073869723295055,0.1804722937490455
WALMART PHARMACY #2043 (NH),retailer,6293.0,0.0,12,0,15,0.0,0.0004607261392138668,0.18046921336115887
MAIN STREET PHARMACY #5515 (NV),retailer,6093.0,0.0,12,0,17,0.0,0.0004607140895632863,0.18046625767225294
PEOPLES PHARMACY #1405 (NE),retailer,5809.0,0.0,12,0,21,0.0,0.0004607047252351756,0.18046396067280693
MEDICO PHARMACY #6577 (CA),retailer,6119.0,0.0,12,0,14,0.0,0.0004606804439432581,0.18045800465402756
WINN-DIXIE PHARMACY #4645 (CA),retailer,5734.0,0.0,12,0,15,0.0,0.00046063324374810786,0.1804464268001943
CVS PHARMACY #7762 (OK),retailer,5564.0,0.0,12,0,23,0.0,0.00046059641438010366,0.18043739283247093
WINN-DIXIE PHARMACY #5659 (AR),retailer,5519.0,0.0,12,0,16,0.0,0.0004605866500823202,0.18043499772346425
MAIN STREET PHARMACY #8987 (ME),retailer,5688.0,0.0,12,0,17,0.0,0.00046058283887615535,0.18043406286317892
KROGER PHARMACY #2176 (NV),retailer,5507.0,0.0,12,0,19,0.0,0.0004605448070582136,0.18042473394350517
WALGREENS #7193 (FL),retailer,5407.0,0.0,12,0,15,0.0,0.00046052917120416954,0.18042089858578886
CVS PHARMACY #7974 (MT),retailer,5144.0,0.0,12,0,13,0.0,0.00046050826114568016,0.18041576950528262
COMMUNITY PHARMACY #6388 (ME),retailer,5180.0,0.0,12,0,15,0.0,0.0004604986579056845,0.18041341390254323
HEALTH MART PHARMACY #3284 (CT),retailer,4893.0,0.0,12,0,18,0.0,0.00046045123866741646,0.18040178231907616
HARRIS TEETER PHARMACY #7186 (SC),retailer,5118.0,0.0,12,0,14,0.0,0.000460413589800339,0.18039254733437698
KROGER PHARMACY #5490 (AR),retailer,4969.0,0.0,12,0,15,0.0,0.0004603581497435242,0.18037894830428255
CORNER DRUG STORE #3522 (WI),retailer,4725.0,0.0,12,0,20,0.0,0.00046033713957753704,0.180373794668158
HOMETOWN PHARMACY #4702 (OK),retailer,4504.0,0.0,12,0,18,0.0,0.0004602594792727197,0.1803547451778972
HEALTH MART PHARMACY #7699 (NY),retailer,4257.0,0.0,12,0,17,0.0,0.0004601706976700821,0.18033296771669924
WALMART PHARMACY #4015 (SC),retailer,4298.0,0.0,12,0,12,0.0,0.0004601690415420194,0.18033256148090768
FAMILY CARE PHARMACY #2827 (CO),retailer,4239.0,0.0,12,0,15,0.0,0.0004601681141277718,0.18033233399314905
GOOD NEIGHBOR PHARMACY #7534 (MS),retailer,3607.0,0.0,12,0,13,0.0,0.0004599608425159874,0.18028149182147182
HOMETOWN PHARMACY #1915 (DE),retailer,3497.0,0.0,12,0,14,0.0,0.0004599133483026241,0.18026984184717626
SUNRISE PHARMACY #3130 (NJ),retailer,3441.0,0.0,12,0,17,0.0,0.0004598847821279521,0.1802628347787971
HEALTH MART PHARMACY #5158 (AL),retailer,68504.0,0.0,11,0,20,0.0,0.0004796769820077575,0.17011771295362765
SUNRISE PHARMACY #6128 (IL),retailer,59961.0,0.0,11,0,19,0.0,0.00047781105226362065,0.1696600143832721
PEOPLES PHARMACY #8235 (MT),retailer,43105.0,0.0,11,0,14,0.0,0.0004729878091028908,0.16847690901390877
MAIN STREET PHARMACY #6380 (KS),retailer,33744.0,0.0,11,0,21,0.0,0.00046969747126846716,0.16766981382314153
PEOPLES PHARMACY #6853 (ND),retailer,29172.0,0.0,11,0,19,0.0,0.00046857442847671865,0.16739433984999408
MEDICO PHARMACY #7114 (NJ),retailer,28293.0,0.0,11,0,15,0.0,0.0004682655756182818,0.16731858056044904
FAMILY CARE PHARMACY #2655 (IL),retailer,29544.0,0.0,11,0,24,0.0,0.00046797806550359015,0.167248056485858
MEDICO PHARMACY #2821 (FL),retailer,28344.0,0.0,11,0,15,0.0,0.0004679717453312788,0.1672465061949961
CVS PHARMACY #8273 (OR),retailer,27993.0,0.0,11,0,14,0.0,0.00046761988154906504,0.16716019664846296
GOOD NEIGHBOR PHARMACY #7171 (MA),retailer,28427.0,0.0,11,0,13,0.0,0.00046761978783594206,0.1671601736613368
KROGER PHARMACY #6996 (NM),retailer,27372.0,0.0,11,0,16,0.0,0.00046737155220718016,0.16709928332355609
RITE AID #8888 (NY),retailer,26886.0,0.0,11,0,15,0.0,0.0004672837349500967,0.1670777424090892
HARRIS TEETER PHARMACY #2468 (MN),retailer,27585.0,0.0,11,0,12,0.0,0.0004670210645448147,0.16701331132889982
QUALITY CARE PHARMACY #3409 (ND),retailer,25947.0,0.0,11,0,15,0.0,0.00046692566642441796,0.16698991088552437
KROGER PHARMACY #6212 (UT),retailer,26667.0,0.0,11,0,12,0.0,0.00046690238478181687,0.16698420007322423
GOOD NEIGHBOR PHARMACY #2150 (CA),retailer,25992.0,0.0,11,0,18,0.0,0.0004668514740068422,0.16697171204199215
WALMART PHARMACY #6837 (MN),retailer,22747.0,0.0,11,0,12,0.0,0.00046671642362357474,0.16693858519595645
CVS PHARMACY #6302 (ID),retailer,25326.0,0.0,11,0,16,0.0,0.0004665372400786868,0.16689463281640726
QUALITY CARE PHARMACY #8298 (CO),retailer,24542.0,0.0,11,0,15,0.0,0.00046651663264100923,0.16688957796651627
KROGER PHARMACY #4771 (NV),retailer,25044.0,0.0,11,0,14,0.0,0.00046648709237055095,0.1668823319597472
GOOD NEIGHBOR PHARMACY #6194 (NH),retailer,25295.0,0.0,11,0,12,0.0,0.00046641065649630225,0.16686358281312072
RITE AID #9980 (ME),retailer,25236.0,0.0,11,0,18,0.0,0.00046617471427297223,0.1668057079554826
MAIN STREET PHARMACY #2598 (NV),retailer,23210.0,0.0,11,0,14,0.0,0.0004659800652983708,0.16675796202202706
QUALITY CARE PHARMACY #2760 (MN),retailer,22994.0,0.0,11,0,11,0.0,0.00046583214543984393,0.16672167839024102
RITE AID #3893 (AZ),retailer,20851.0,0.0,11,0,19,0.0,0.0004656818168874604,0.1666848039239189
RITE AID #2280 (MD),retailer,26603.0,0.0,11,0,15,0.0,0.0004654549377791623,0.16662915218041793
WALGREENS #2585 (SD),retailer,20422.0,0.0,11,0,19,0.0,0.0004651010378841735,0.16654234319069347
MAIN STREET PHARMACY #4612 (MS),retailer,19367.0,0.0,11,0,13,0.0,0.00046498449858770166,0.16651375697540158
RITE AID #4103 (MS),retailer,17055.0,0.0,11,0,12,0.0,0.0004641665448616171,0.16631311906166327
WINN-DIXIE PHARMACY #6719 (NJ),retailer,14026.0,0.0,11,0,20,0.0,0.0004631755530725876,0.16607003620900063
GOOD NEIGHBOR PHARMACY #3644 (AR),retailer,13278.0,0.0,11,0,16,0.0,0.00046316714304365586,0.16606797329198525
VILLAGE PHARMACY #5077 (CT),retailer,13616.0,0.0,11,0,13,0.0,0.0004630546250783351,0.1660403734790617
HARRIS TEETER PHARMACY #3878 (MO),retailer,12944.0,0.0,11,0,13,0.0,0.00046296900977117224,0.16601937268639408
MAIN STREET PHARMACY #2887 (NY),retailer,12981.0,0.0,11,0,22,0.0,0.0004628608804406066,0.1659928493726579
KROGER PHARMACY #3210 (CO),retailer,13173.0,0.0,11,0,16,0.0,0.00046285502970371743,0.16599141423078395
PUBLIX PHARMACY #4394 (MD),retailer,12425.0,0.0,11,0,14,0.0,0.00046267379276802536,0.16594695816987245
HOMETOWN PHARMACY #6305 (MN),retailer,11842.0,0.0,11,0,15,0.0,0.00046250968421602515,0.1659067035730048
GOOD NEIGHBOR PHARMACY #1775 (CT),retailer,11764.0,0.0,11,0,17,0.0,0.0004623542144753653,0.16586856801176134
HEALTH MART PHARMACY #7432 (NY),retailer,10642.0,0.0,11,0,19,0.0,0.0004623187052473221,0.16585985786446833
HARRIS TEETER PHARMACY #5659 (RI),retailer,10847.0,0.0,11,0,19,0.0,0.0004623066125425818,0.16585689161469996
MEDICO PHARMACY #7110 (HI),retailer,11809.0,0.0,11,0,13,0.0,0.0004622621136621988,0.16584597637311718
WALGREENS #2995 (TX),retailer,10884.0,0.0,11,0,15,0.0,0.0004622518060086195,0.16584344798300937
CORNER DRUG STORE #9790 (UT),retailer,10697.0,0.0,11,0,20,0.0,0.0004621917129766217,0.1658287076130034
SUNRISE PHARMACY #5631 (AR),retailer,10287.0,0.0,11,0,13,0.0,0.0004621365520128418,0.16581517704233703
VILLAGE PHARMACY #3387 (KS),retailer,10136.0,0.0,11,0,16,0.0,0.0004620142306893106,0.16578517253917707
HARRIS TEETER PHARMACY #9796 (UT),retailer,10193.0,0.0,11,0,16,0.0,0.00046200663618012724,0.16578330966303895
HARRIS TEETER PHARMACY #3820 (CA),retailer,9534.0,0.0,11,0,16,0.0,0.00046186596138615075,0.16574880319124363
MEDICO PHARMACY #2700 (ID),retailer,9619.0,0.0,11,0,15,0.0,0.00046179145469368984,0.1657305272584394
PUBLIX PHARMACY #5099 (NY),retailer,8867.0,0.0,11,0,15,0.0,0.00046178716932441285,0.16572947608949926
PEOPLES PHARMACY #1701 (SD),retailer,9216.0,0.0,11,0,15,0.0,0.00046177051126680696,0.16572538999291653
PEOPLES PHARMACY #8999 (NY),retailer,9380.0,0.0,11,0,21,0.0,0.0004617666346512171,0.16572443908818987
WALGREENS #8132 (IL),retailer,9319.0,0.0,11,0,15,0.0,0.00046175851556023344,0.1657224475360709
SUNRISE PHARMACY #2335 (MN),retailer,9266.0,0.0,11,0,13,0.0,0.00046174961967091334,0.16572026544114657
CORNER DRUG STORE #7018 (MO),retailer,9538.0,0.0,11,0,13,0.0,0.00046173421702688626,0.16571648728809818
MEDICO PHARMACY #3984 (MA),retailer,9229.0,0.0,11,0,15,0.0,0.00046171984984632485,0.16571296312647116
KROGER PHARMACY #4000 (NY),retailer,9155.0,0.0,11,0,15,0.0,0.00046171574180798995,0.16571195545548098
WALGREENS #9345 (FL),retailer,8718.0,0.0,11,0,18,0.0,0.00046169892654525255,0.16570783079765866
GOOD NEIGHBOR PHARMACY #6142 (MA),retailer,8819.0,0.0,11,0,16,0.0,0.00046168192675372733,0.1657036608763088
WINN-DIXIE PHARMACY #6720 (AR),retailer,9155.0,0.0,11,0,14,0.0,0.0004616625277709275,0.165698902451335
HOMETOWN PHARMACY #9398 (ND),retailer,8937.0,0.0,11,0,17,0.0,0.00046165422648843075,0.16569686620900445
RITE AID #2754 (AZ),retailer,8574.0,0.0,11,0,11,0.0,0.0004615950202375967,0.1656823433597664
WALMART PHARMACY #2430 (NV),retailer,9052.0,0.0,11,0,11,0.0,0.0004615812828919812,0.16567897369192738
PEOPLES PHARMACY #4383 (NV),retailer,8344.0,0.0,11,0,16,0.0,0.00046152335895339596,0.1656647653842657
COMMUNITY PHARMACY #3905 (NV),retailer,8405.0,0.0,11,0,16,0.0,0.0004614859783765583,0.16565559620914994
FAMILY CARE PHARMACY #7018 (MT),retailer,8653.0,0.0,11,0,20,0.0,0.0004614604115737867,0.16564932486420036
CVS PHARMACY #8170 (MT),retailer,7981.0,0.0,11,0,15,0.0,0.00046143700111046803,0.16564358245314445
VILLAGE PHARMACY #3178 (GA),retailer,8178.0,0.0,11,0,17,0.0,0.00046141823307845715,0.16563897879566658
GOOD NEIGHBOR PHARMACY #8113 (WA),retailer,8200.0,0.0,11,0,13,0.0,0.00046140020329076307,0.16563455622398224
GOOD NEIGHBOR PHARMACY #9662 (CO),retailer,8318.0,0.0,11,0,18,0.0,0.00046136808041280774,0.16562667672296563
KROGER PHARMACY #3095 (DE),retailer,8227.0,0.0,11,0,11,0.0,0.0004613579973169737,0.16562420341518838
WALGREENS #9244 (NM),retailer,7774.0,0.0,11,0,12,0.0,0.0004613199378813703,0.16561486772110934
WALGREENS #9259 (NY),retailer,7790.0,0.0,11,0,16,0.0,0.00046125870659858003,0.1655998481467217
PUBLIX PHARMACY #2360 (UT),retailer,7604.0,0.0,11,0,19,0.0,0.0004612117730068108,0.16558833568869807
PEOPLES PHARMACY #1019 (FL),retailer,7154.0,0.0,11,0,16,0.0,0.000461193167338175,0.1655837718577383
COMMUNITY PHARMACY #4723 (MS),retailer,7613.0,0.0,11,0,13,0.0,0.00046117639339311555,0.16557965733483243
VILLAGE PHARMACY #2827 (MO),retailer,7215.0,0.0,11,0,15,0.0,0.00046114512584676486,0.1655719876402428
WALMART PHARMACY #8383 (UT),retailer,7058.0,0.0,11,0,13,0.0,0.00046111130514921644,0.16556369167681495
CVS PHARMACY #3927 (SD),retailer,7256.0,0.0,11,0,16,0.0,0.00046108572296641993,0.16555741655926065
COMMUNITY PHARMACY #4754 (ME),retailer,7003.0,0.0,11,0,17,0.0,0.0004610744179869406,0.16555464353259022
WALGREENS #6166 (CA),retailer,8676.0,0.0,11,0,16,0.0,0.0004610683021467528,0.16555314336286558
RITE AID #3607 (MN),retailer,6833.0,0.0,11,0,14,0.0,0.0004610513999876882,0.165548997390026
MAIN STREET PHARMACY #3856 (AL),retailer,6812.0,0.0,11,0,14,0.0,0.00046104145685255566,0.165546558413559
WALGREENS #8394 (IL),retailer,6983.0,0.0,11,0,15,0.0,0.00046103581929541243,0.16554517556307768
HEALTH MART PHARMACY #7100 (MD),retailer,6921.0,0.0,11,0,15,0.0,0.00046102564648631907,0.16554268024931082
RITE AID #2172 (AR),retailer,6678.0,0.0,11,0,15,0.0,0.000461012839895541,0.16553953888865205
KROGER PHARMACY #9538 (NE),retailer,6840.0,0.0,11,0,17,0.0,0.0004609822256986715,0.16553202945578954
KROGER PHARMACY #3075 (ID),retailer,6700.0,0.0,11,0,16,0.0,0.0004609670043014903,0.16552829576123299
HOMETOWN PHARMACY #9431 (CA),retailer,6878.0,0.0,11,0,15,0.0,0.0004609529655098215,0.16552485215093815
FAMILY CARE PHARMACY #4660 (NY),retailer,6921.0,0.0,11,0,14,0.0,0.00046094398832315157,0.1655226501143837
KROGER PHARMACY #4100 (MS),retailer,6888.0,0.0,11,0,13,0.0,0.0004609367726124593,0.16552088015467417
MAIN STREET PHARMACY #2285 (CA),retailer,6484.0,0.0,11,0,13,0.0,0.00046091356017347984,0.1655151863175033
MEDICO PHARMACY #9569 (ND),retailer,6636.0,0.0,11,0,16,0.0,0.0004609134004093814,0.1655151471285683
HOMETOWN PHARMACY #4004 (WA),retailer,6633.0,0.0,11,0,14,0.0,0.0004608790966568928,0.1655067326753869
WALMART PHARMACY #9127 (AL),retailer,6563.0,0.0,11,0,14,0.0,0.0004608762165707307,0.16550602621185415
HARRIS TEETER PHARMACY #7237 (KS),retailer,6672.0,0.0,11,0,15,0.0,0.00046086856551126316,0.1655041494643555
HARRIS TEETER PHARMACY #5801 (NM),retailer,6301.0,0.0,11,0,17,0.0,0.00046085407377527535,0.1655005947502166
HEALTH MART PHARMACY #5152 (RI),retailer,6488.0,0.0,11,0,16,0.0,0.00046084396436505353,0.1654981149877174
CVS PHARMACY #5523 (NY),retailer,6084.0,0.0,11,0,16,0.0,0.0004608364540911326,0.16549627277385734
MAIN STREET PHARMACY #1380 (SD),retailer,6026.0,0.0,11,0,15,0.0,0.0004608076145316102,0.16548919864622494
VILLAGE PHARMACY #9280 (NJ),retailer,6230.0,0.0,11,0,15,0.0,0.00046079747056058425,0.16548671040621973
GOOD NEIGHBOR PHARMACY #3820 (AK),retailer,6201.0,0.0,11,0,15,0.0,0.00046076266964248396,0.16547817400204287
PEOPLES PHARMACY #3698 (ME),retailer,6131.0,0.0,11,0,16,0.0,0.0004607434065615762,0.16547344891278384
VILLAGE PHARMACY #8189 (MD),retailer,5786.0,0.0,11,0,13,0.0,0.000460706530280999,0.16546440343775817
MAIN STREET PHARMACY #6718 (DE),retailer,6069.0,0.0,11,0,15,0.0,0.00046069247858931815,0.16546095666318716
WALGREENS #2363 (UT),retailer,5682.0,0.0,11,0,16,0.0,0.0004606868626984441,0.16545957912727918
HOMETOWN PHARMACY #2945 (RI),retailer,5979.0,0.0,11,0,15,0.0,0.00046067457450964195,0.16545656492673672
KROGER PHARMACY #6315 (AL),retailer,5810.0,0.0,11,0,14,0.0,0.00046067442283058955,0.16545652772100286
WALMART PHARMACY #1882 (DE),retailer,6006.0,0.0,11,0,16,0.0,0.0004606582615528423,0.16545256348079324
HARRIS TEETER PHARMACY #2079 (NH),retailer,5826.0,0.0,11,0,15,0.0,0.000460652432406865,0.165451133635008
VILLAGE PHARMACY #3422 (SC),retailer,5380.0,0.0,11,0,16,0.0,0.00046058536745889687,0.16543468310630913
GOOD NEIGHBOR PHARMACY #8292 (NE),retailer,5561.0,0.0,11,0,12,0.0,0.0004605573467100002,0.16542780982678154
HARRIS TEETER PHARMACY #2941 (NH),retailer,5764.0,0.0,11,0,12,0.0,0.0004605518367421883,0.1654264582730062
WINN-DIXIE PHARMACY #6652 (VT),retailer,5616.0,0.0,11,0,14,0.0,0.0004605305218376522,0.16542122988680139
RITE AID #4432 (ID),retailer,5184.0,0.0,11,0,14,0.0,0.0004605285682530292,0.1654207506871467
CVS PHARMACY #1770 (OR),retailer,5590.0,0.0,11,0,13,0.0,0.000460513001462816,0.16541693227027007
COMMUNITY PHARMACY #6537 (MT),retailer,5114.0,0.0,11,0,14,0.0,0.00046048567343297405,0.1654102289095307
VILLAGE PHARMACY #9112 (RI),retailer,5351.0,0.0,11,0,16,0.0,0.0004604800518158439,0.16540884996901506
PUBLIX PHARMACY #9432 (NV),retailer,5098.0,0.0,11,0,18,0.0,0.00046046960943202505,0.16540628853059006
HEALTH MART PHARMACY #8655 (HI),retailer,5073.0,0.0,11,0,14,0.0,0.00046046762789409153,0.16540580247419798
RITE AID #3609 (ID),retailer,5037.0,0.0,11,0,12,0.0,0.00046046040110504175,0.16540402979705043
CVS PHARMACY #7788 (NE),retailer,5173.0,0.0,11,0,18,0.0,0.0004604548088066687,0.16540265804820597
KROGER PHARMACY #8228 (UT),retailer,5110.0,0.0,11,0,16,0.0,0.00046045451678202316,0.16540258641675085
HOMETOWN PHARMACY #9204 (AL),retailer,5083.0,0.0,11,0,19,0.0,0.000460410760345049,0.16539185329096737
MAIN STREET PHARMACY #7917 (CO),retailer,4924.0,0.0,11,0,13,0.0,0.00046040256173403423,0.16538984223318123
WINN-DIXIE PHARMACY #8598 (NE),retailer,4885.0,0.0,11,0,14,0.0,0.00046039153798589443,0.16538713819044898
COMMUNITY PHARMACY #6944 (CT),retailer,4880.0,0.0,11,0,15,0.0,0.00046038988377449907,0.1653867324248015
WINN-DIXIE PHARMACY #8462 (MO),retailer,4873.0,0.0,11,0,13,0.0,0.0004603894099492959,0.16538661619903322
WALGREENS #5199 (AK),retailer,4979.0,0.0,11,0,13,0.0,0.0004603279989073832,0.1653715525310812
COMMUNITY PHARMACY #8195 (OK),retailer,5082.0,0.0,11,0,14,0.0,0.0004603122626746488,0.16536769255122508
RITE AID #3713 (MT),retailer,4760.0,0.0,11,0,14,0.0,0.00046030760726394754,0.16536655061389915
WALGREENS #4909 (KS),retailer,4780.0,0.0,11,0,15,0.0,0.0004603042653168637,0.1653657308593466
FAMILY CARE PHARMACY #5991 (SC),retailer,4951.0,0.0,11,0,12,0.0,0.00046029645688420203,0.16536381550938384
HEALTH MART PHARMACY #7444 (AK),retailer,5428.0,0.0,11,0,12,0.0,0.0004602943704990746,0.16536330373476155
KROGER PHARMACY #7791 (CA),retailer,4546.0,0.0,11,0,11,0.0,0.00046028913867233627,0.16536202040690529
QUALITY CARE PHARMACY #4381 (CO),retailer,4505.0,0.0,11,0,16,0.0,0.00046028169013118657,0.16536019333563093
CVS PHARMACY #3842 (ND),retailer,4513.0,0.0,11,0,14,0.0,0.00046026135317328966,0.16535520483240135
PEOPLES PHARMACY #8009 (NH),retailer,4449.0,0.0,11,0,12,0.0,0.00046024454725958005,0.16535108246782543
WINN-DIXIE PHARMACY #9889 (WA),retailer,4423.0,0.0,11,0,13,0.0,0.00046021879960771005,0.16534476676194854
WINN-DIXIE PHARMACY #9954 (NY),retailer,4364.0,0.0,11,0,15,0.0,0.0004602056564941045,0.16534154285476438
WALGREENS #9222 (OR),retailer,4500.0,0.0,11,0,15,0.0,0.000460182089420885,0.16533576202847444
HOMETOWN PHARMACY #1125 (MA),retailer,4526.0,0.0,11,0,16,0.0,0.0004601605661152077,0.16533048252303284
MEDICO PHARMACY #3356 (TX),retailer,4326.0,0.0,11,0,14,0.0,0.0004601380321806968,0.16532495511791884
FAMILY CARE PHARMACY #1694 (DE),retailer,3992.0,0.0,11,0,14,0.0,0.00046008863878600406,0.16531283928868845
WALMART PHARMACY #9182 (AZ),retailer,4077.0,0.0,11,0,13,0.0,0.0004600798294776857,0.1653106784314344
WALMART PHARMACY #1854 (KS),retailer,3956.0,0.0,11,0,14,0.0,0.0004600635985626889,0.1653066971097298
HOMETOWN PHARMACY #7249 (UT),retailer,4005.0,0.0,11,0,14,0.0,0.00046000700346550486,0.1652928147568965
PUBLIX PHARMACY #6448 (NE),retailer,3597.0,0.0,11,0,12,0.0,0.00045997261472005877,0.1652843794555801
QUALITY CARE PHARMACY #3676 (TX),retailer,3680.0,0.0,11,0,13,0.0,0.000459958481369078,0.16528091265059533
WALGREENS #1233 (SC),retailer,3371.0,0.0,11,0,16,0.0,0.00045985434289895873,0.1652553682649922
WINN-DIXIE PHARMACY #6694 (NV),retailer,3306.0,0.0,11,0,12,0.0,0.00045982681870375354,0.1652486167863606
WALMART PHARMACY #2368 (DE),retailer,2195.0,0.0,11,0,11,0.0,0.000459515798885862,0.16517232595791514
TUG VALLEY PHARMACY #1 (WV),retailer,2665403.0,0.0,1,0,80,0.0,0.0010674513092719753,0.16429434668800943
WALGREENS #4309 (VT),retailer,59935.0,0.0,10,0,12,0.0,0.00047705871628692445,0.15447547201202613
COMMUNITY PHARMACY #5405 (TX),retailer,51102.0,0.0,10,0,11,0.0,0.00047448651727266116,0.1538445308872611
KROGER PHARMACY #8403 (NV),retailer,44810.0,0.0,10,0,15,0.0,0.0004739800295970848,0.15372029325948203
VILLAGE PHARMACY #8587 (CT),retailer,46495.0,0.0,10,0,13,0.0,0.0004739042531678144,0.1537017058697624
WALMART PHARMACY #4214 (AR),retailer,45726.0,0.0,10,0,14,0.0,0.00047300656837605655,0.1534815105236576
PUBLIX PHARMACY #5706 (MT),retailer,44752.0,0.0,10,0,16,0.0,0.0004727809762971589,0.15342617447881485
COMMUNITY PHARMACY #9318 (AL),retailer,33134.0,0.0,10,0,13,0.0,0.00046948366752133213,0.15261736936840875
COMMUNITY PHARMACY #9484 (NV),retailer,31405.0,0.0,10,0,13,0.0,0.0004693835775243023,0.15259281804288785
PEOPLES PHARMACY #1524 (OK),retailer,32866.0,0.0,10,0,15,0.0,0.00046915900896715224,0.1525377330602526
CVS PHARMACY #9580 (KS),retailer,30524.0,0.0,10,0,15,0.0,0.00046905096124859655,0.1525112297653303
SUNRISE PHARMACY #5334 (AL),retailer,30414.0,0.0,10,0,18,0.0,0.0004688913447409407,0.15247207703324658
WINN-DIXIE PHARMACY #9226 (CT),retailer,29033.0,0.0,10,0,17,0.0,0.0004687847447825193,0.15244592886302596
COMMUNITY PHARMACY #4854 (WY),retailer,29734.0,0.0,10,0,11,0.0,0.00046831182259615955,0.15232992459798522
MEDICO PHARMACY #2352 (OK),retailer,29575.0,0.0,10,0,18,0.0,0.0004681878926818286,0.1522995255195677
CORNER DRUG STORE #6823 (NY),retailer,29773.0,0.0,10,0,14,0.0,0.0004679782270676138,0.15224809611705117
PUBLIX PHARMACY #9124 (DE),retailer,27714.0,0.0,10,0,16,0.0,0.00046793660354214537,0.1522378861784616
HARRIS TEETER PHARMACY #8332 (SD),retailer,25838.0,0.0,10,0,13,0.0,0.0004675436076513247,0.15214148723420906
CORNER DRUG STORE #4270 (SC),retailer,25145.0,0.0,10,0,13,0.0,0.00046729491000086886,0.1520804835659723
GOOD NEIGHBOR PHARMACY #5060 (NH),retailer,24311.0,0.0,10,0,17,0.0,0.0004672898890853819,0.15207925197306402
GOOD NEIGHBOR PHARMACY #1814 (OR),retailer,25255.0,0.0,10,0,11,0.0,0.00046728581865807385,0.15207825352777662
GOOD NEIGHBOR PHARMACY #2848 (MT),retailer,27280.0,0.0,10,0,11,0.0,0.0004672780053436293,0.1520763369803491
RITE AID #2593 (ID),retailer,26835.0,0.0,10,0,16,0.0,0.0004671272597905378,0.1520393602268812
VILLAGE PHARMACY #4087 (DE),retailer,26576.0,0.0,10,0,17,0.0,0.0004670951082178599,0.15203147368726436
MEDICO PHARMACY #4659 (ID),retailer,24586.0,0.0,10,0,13,0.0,0.0004666701996873761,0.15192724681187134
WALMART PHARMACY #5220 (ME),retailer,25417.0,0.0,10,0,17,0.0,0.00046660936272330467,0.15191232396090776
CORNER DRUG STORE #1763 (DE),retailer,24353.0,0.0,10,0,13,0.0,0.00046652554753408244,0.15189176472366872
VILLAGE PHARMACY #3051 (SD),retailer,25221.0,0.0,10,0,15,0.0,0.0004664964652624259,0.15188463106057035
CORNER DRUG STORE #1891 (MT),retailer,25280.0,0.0,10,0,14,0.0,0.0004664846745625279,0.1518817388903245
WALMART PHARMACY #4965 (SC),retailer,24648.0,0.0,10,0,14,0.0,0.00046648092910410904,0.15188082015746812
SUNRISE PHARMACY #7916 (MT),retailer,24584.0,0.0,10,0,12,0.0,0.0004664797422620935,0.15188052903402394
WALMART PHARMACY #2370 (MA),retailer,24397.0,0.0,10,0,14,0.0,0.00046645959736249786,0.15187558764125508
GOOD NEIGHBOR PHARMACY #4482 (NJ),retailer,24374.0,0.0,10,0,11,0.0,0.00046645237470405415,0.15187381597731422
VILLAGE PHARMACY #1009 (NE),retailer,23905.0,0.0,10,0,15,0.0,0.00046628543473687653,0.1518328668555413
CORNER DRUG STORE #8986 (WY),retailer,24185.0,0.0,10,0,15,0.0,0.00046620190574107645,0.15181237781940204
QUALITY CARE PHARMACY #1048 (SD),retailer,23515.0,0.0,10,0,12,0.0,0.0004661428967077591,0.15179790334614157
FAMILY CARE PHARMACY #6878 (OR),retailer,23775.0,0.0,10,0,12,0.0,0.0004660760030608752,0.15178149483631379
QUALITY CARE PHARMACY #3035 (NY),retailer,19429.0,0.0,10,0,15,0.0,0.0004654360935434682,0.15162452983149816
MAIN STREET PHARMACY #1903 (WA),retailer,215264.0,0.0,9,0,12,0.0,0.0005260489803330892,0.15149241631934846
MEDICO PHARMACY #1437 (VT),retailer,19212.0,0.0,10,0,14,0.0,0.0004648575267317351,0.15148261173226774
HOMETOWN PHARMACY #2773 (SD),retailer,16147.0,0.0,10,0,14,0.0,0.0004638733155003424,0.1512411920995341
COMMUNITY PHARMACY #4270 (AR),retailer,14273.0,0.0,10,0,17,0.0,0.00046364666316271345,0.15118559598117728
PEOPLES PHARMACY #1737 (CA),retailer,14912.0,0.0,10,0,14,0.0,0.000463467553271413,0.15114166166830065
PUBLIX PHARMACY #6482 (ND),retailer,13854.0,0.0,10,0,15,0.0,0.0004632195367257103,0.15108082506995102
WALGREENS #4391 (MD),retailer,12919.0,0.0,10,0,14,0.0,0.00046285641125061135,0.15099175311462437
WALMART PHARMACY #4463 (AK),retailer,12941.0,0.0,10,0,13,0.0,0.00046282811097501713,0.15098481126929453
PEOPLES PHARMACY #3116 (WI),retailer,11728.0,0.0,10,0,15,0.0,0.00046281188330876764,0.15098083074448326
PEOPLES PHARMACY #9674 (KS),retailer,15092.0,0.0,10,0,18,0.0,0.0004628031222387413,0.15097868171972045
PUBLIX PHARMACY #4858 (OR),retailer,11945.0,0.0,10,0,17,0.0,0.0004627718315999455,0.15097100636072724
FAMILY CARE PHARMACY #1786 (OR),retailer,12232.0,0.0,10,0,16,0.0,0.00046276681874479704,0.15096977674495954
CVS PHARMACY #8062 (AR),retailer,12347.0,0.0,10,0,13,0.0,0.00046269276526443863,0.1509516119816846
PEOPLES PHARMACY #2825 (IA),retailer,11459.0,0.0,10,0,11,0.0,0.0004626612617436377,0.15094388440433232
HARRIS TEETER PHARMACY #2883 (ME),retailer,11271.0,0.0,10,0,19,0.0,0.0004624922289535653,0.15090242192880104
PEOPLES PHARMACY #4186 (SD),retailer,13835.0,0.0,10,0,13,0.0,0.00046228208969570486,0.1508508763450509
MEDICO PHARMACY #5913 (MO),retailer,10379.0,0.0,10,0,15,0.0,0.00046226194378276944,0.15084593470371738
PEOPLES PHARMACY #5481 (AK),retailer,10403.0,0.0,10,0,13,0.0,0.00046222045219312046,0.1508357571279947
HARRIS TEETER PHARMACY #3290 (NE),retailer,11443.0,0.0,10,0,17,0.0,0.0004621698207235781,0.15082333760829023
CORNER DRUG STORE #4372 (CT),retailer,10426.0,0.0,10,0,11,0.0,0.0004621373551597102,0.15081537404898965
SUNRISE PHARMACY #5169 (MA),retailer,10620.0,0.0,10,0,14,0.0,0.0004621239031852,0.15081207438054225
WINN-DIXIE PHARMACY #8011 (OR),retailer,10818.0,0.0,10,0,13,0.0,0.00046206434539779927,0.1507974653020212
VILLAGE PHARMACY #3378 (MN),retailer,9850.0,0.0,10,0,11,0.0,0.00046203220229161914,0.15078958083917277
WALMART PHARMACY #8430 (SD),retailer,9890.0,0.0,10,0,21,0.0,0.0004619447111966994,0.1507681199298382
WALGREENS #1285 (WI),retailer,9458.0,0.0,10,0,20,0.0,0.00046193674460477376,0.15076616578459429
WALGREENS #9451 (NE),retailer,9614.0,0.0,10,0,18,0.0,0.00046184572636791873,0.15074383969379923
HEALTH MART PHARMACY #5939 (KS),retailer,9485.0,0.0,10,0,15,0.0,0.00046183965801960996,0.15074235117347629
MAIN STREET PHARMACY #8003 (OR),retailer,9208.0,0.0,10,0,11,0.0,0.0004618109632572183,0.15073531256349398
VILLAGE PHARMACY #2001 (NY),retailer,8911.0,0.0,10,0,14,0.0,0.0004617519114479026,0.15072082759760197
PUBLIX PHARMACY #4560 (NM),retailer,9133.0,0.0,10,0,14,0.0,0.0004617441361333892,0.15071892037127257
PUBLIX PHARMACY #2003 (NM),retailer,9338.0,0.0,10,0,12,0.0,0.0004617351182541719,0.15071670835314147
HARRIS TEETER PHARMACY #5008 (MA),retailer,8924.0,0.0,10,0,16,0.0,0.0004616765157088437,0.15070233358833576
WALGREENS #3924 (NV),retailer,9097.0,0.0,10,0,18,0.0,0.00046166011325765984,0.1506983101900911
SUNRISE PHARMACY #9849 (CO),retailer,9088.0,0.0,10,0,10,0.0,0.0004616383344809283,0.15069296801951615
SUNRISE PHARMACY #4355 (NH),retailer,8925.0,0.0,10,0,15,0.0,0.0004615860479024891,0.1506801425140138
HOMETOWN PHARMACY #4970 (CA),retailer,8516.0,0.0,10,0,14,0.0,0.00046158587871794924,0.15068010101431517
RITE AID #6947 (MT),retailer,8240.0,0.0,10,0,14,0.0,0.00046158557519836483,0.15068002656323776
SUNRISE PHARMACY #1077 (SC),retailer,8345.0,0.0,10,0,16,0.0,0.0004615664433432081,0.15067533366267116
FAMILY CARE PHARMACY #1129 (MS),retailer,8863.0,0.0,10,0,16,0.0,0.000461526551301879,0.15066554844415356
MEDICO PHARMACY #2698 (GA),retailer,8564.0,0.0,10,0,12,0.0,0.000461515261125992,0.1506627790486933
WALGREENS #1607 (WY),retailer,8927.0,0.0,10,0,12,0.0,0.0004615058192569199,0.15066046302903108
VILLAGE PHARMACY #5653 (NH),retailer,8125.0,0.0,10,0,14,0.0,0.0004614729294646686,0.15065239540969008
KROGER PHARMACY #6846 (SC),retailer,8727.0,0.0,10,0,12,0.0,0.0004614545563682341,0.15064788862694678
PUBLIX PHARMACY #4667 (DE),retailer,8942.0,0.0,10,0,12,0.0,0.00046144435903808,0.15064538729834767
HOMETOWN PHARMACY #3088 (ID),retailer,7916.0,0.0,10,0,13,0.0,0.00046143923496301493,0.15064413040116864
FAMILY CARE PHARMACY #8561 (NM),retailer,8892.0,0.0,10,0,13,0.0,0.00046142616375640034,0.15064092413223
HOMETOWN PHARMACY #1995 (NJ),retailer,8052.0,0.0,10,0,17,0.0,0.0004613717587671235,0.15062757899643886
RITE AID #9137 (GA),retailer,8020.0,0.0,10,0,11,0.0,0.0004613639575881067,0.15062566542574077
HARRIS TEETER PHARMACY #9591 (MS),retailer,8383.0,0.0,10,0,13,0.0,0.00046129706237677524,0.15060925653216573
RITE AID #6336 (NE),retailer,7746.0,0.0,10,0,14,0.0,0.0004612877793600823,0.15060697947780058
RITE AID #7013 (SD),retailer,8024.0,0.0,10,0,14,0.0,0.0004612855827139486,0.15060644065698048
CVS PHARMACY #9367 (CO),retailer,7862.0,0.0,10,0,14,0.0,0.0004612851980533921,0.15060634630263123
COMMUNITY PHARMACY #7046 (MA),retailer,7801.0,0.0,10,0,19,0.0,0.00046127030863007257,0.15060269403877286
MEDICO PHARMACY #7663 (CA),retailer,7596.0,0.0,10,0,18,0.0,0.00046122382839794803,0.15059129278646952
RITE AID #7590 (MO),retailer,7574.0,0.0,10,0,16,0.0,0.0004611961130121598,0.15058449441022198
CORNER DRUG STORE #6774 (AK),retailer,7582.0,0.0,10,0,16,0.0,0.00046118070703688997,0.15058071544004473
WALMART PHARMACY #7668 (AL),retailer,7432.0,0.0,10,0,13,0.0,0.00046118054094427353,0.15058067469877173
MAIN STREET PHARMACY #3509 (ME),retailer,7287.0,0.0,10,0,15,0.0,0.00046117447403248217,0.15057918653081573
VILLAGE PHARMACY #8630 (CT),retailer,7228.0,0.0,10,0,15,0.0,0.00046112683515574964,0.15056750107168076
HEALTH MART PHARMACY #9034 (AR),retailer,7576.0,0.0,10,0,13,0.0,0.00046111996869200304,0.15056581677962738
HARRIS TEETER PHARMACY #4455 (NM),retailer,7181.0,0.0,10,0,13,0.0,0.0004611035438713888,0.15056178789432928
PEOPLES PHARMACY #4578 (MS),retailer,7183.0,0.0,10,0,13,0.0,0.0004610991805115128,0.15056071759488018
WALMART PHARMACY #2519 (SC),retailer,7244.0,0.0,10,0,13,0.0,0.0004610983925925602,0.15056052432427108
HARRIS TEETER PHARMACY #8821 (AL),retailer,7147.0,0.0,10,0,17,0.0,0.000461072668001628,0.15055421427506926
FAMILY CARE PHARMACY #7363 (RI),retailer,7390.0,0.0,10,0,11,0.0,0.00046106782829005813,0.15055302713012267
HOMETOWN PHARMACY #1997 (MS),retailer,7053.0,0.0,10,0,13,0.0,0.0004610608294365695,0.15055131036385858
HEALTH MART PHARMACY #7749 (AZ),retailer,7406.0,0.0,10,0,16,0.0,0.0004610461023757523,0.1505476979263042
HARRIS TEETER PHARMACY #3685 (MA),retailer,7018.0,0.0,10,0,12,0.0,0.0004610420812680975,0.15054671157875782
CVS PHARMACY #4075 (CA),retailer,6955.0,0.0,10,0,14,0.0,0.000461041428954336,0.15054655157108496
WALGREENS #4534 (NM),retailer,6764.0,0.0,10,0,10,0.0,0.0004610383478994054,0.15054579581142072
PEOPLES PHARMACY #3374 (CT),retailer,7179.0,0.0,10,0,16,0.0,0.0004610216849911764,0.15054170852501653
VILLAGE PHARMACY #7951 (SC),retailer,7009.0,0.0,10,0,13,0.0,0.00046101205273499737,0.150539345804825
CVS PHARMACY #1614 (NM),retailer,7066.0,0.0,10,0,11,0.0,0.00046100209986661266,0.15053690444086426
WALMART PHARMACY #4290 (NM),retailer,7087.0,0.0,10,0,11,0.0,0.00046100176921307534,0.1505368233340317
GOOD NEIGHBOR PHARMACY #5652 (NV),retailer,7174.0,0.0,10,0,13,0.0,0.00046098640164510984,0.15053305378487813
WALGREENS #7567 (TX),retailer,6677.0,0.0,10,0,12,0.0,0.0004609829493729387,0.1505322069684092
KROGER PHARMACY #1191 (GA),retailer,6806.0,0.0,10,0,14,0.0,0.000460949712785811,0.15052405428288626
FAMILY CARE PHARMACY #2252 (IA),retailer,6273.0,0.0,10,0,12,0.0,0.0004609450488613959,0.1505229102572102
CVS PHARMACY #7782 (NM),retailer,6693.0,0.0,10,0,15,0.0,0.00046093858812604855,0.1505213254872899
GOOD NEIGHBOR PHARMACY #5066 (NV),retailer,6725.0,0.0,10,0,16,0.0,0.0004609345596501824,0.15052033733237652
MEDICO PHARMACY #7968 (WY),retailer,6534.0,0.0,10,0,13,0.0,0.00046090155093785436,0.15051224054283271
WALMART PHARMACY #8473 (RI),retailer,6668.0,0.0,10,0,18,0.0,0.00046089408521680903,0.15051040925745882
PEOPLES PHARMACY #6674 (NJ),retailer,6622.0,0.0,10,0,14,0.0,0.00046088683936877715,0.15050863190528593
WINN-DIXIE PHARMACY #3668 (MS),retailer,6456.0,0.0,10,0,12,0.0,0.0004608847496934648,0.15050811932360597
HEALTH MART PHARMACY #1058 (ME),retailer,6496.0,0.0,10,0,15,0.0,0.00046087825433866625,0.15050652606179393
MAIN STREET PHARMACY #5125 (CO),retailer,6537.0,0.0,10,0,15,0.0,0.0004608700792291084,0.15050452076873888
SUNRISE PHARMACY #4971 (SC),retailer,6299.0,0.0,10,0,13,0.0,0.00046085312805161066,0.15050036277204532
CVS PHARMACY #1842 (CO),retailer,6496.0,0.0,10,0,16,0.0,0.0004608405113191601,0.1504972679822102
PUBLIX PHARMACY #5415 (ND),retailer,6251.0,0.0,10,0,12,0.0,0.0004608368233637312,0.15049636335440594
CVS PHARMACY #2361 (MN),retailer,6228.0,0.0,10,0,12,0.0,0.0004608124949582897,0.15049039577903253
MEDICO PHARMACY #8845 (SD),retailer,6109.0,0.0,10,0,13,0.0,0.0004608034121780676,0.15048816784117178
SUNRISE PHARMACY #9210 (IA),retailer,6599.0,0.0,10,0,16,0.0,0.0004607988185524843,0.15048704105927185
WALMART PHARMACY #6304 (AR),retailer,6138.0,0.0,10,0,14,0.0,0.0004607894273628541,0.15048473747089658
WINN-DIXIE PHARMACY #7007 (HI),retailer,6304.0,0.0,10,0,10,0.0,0.0004607634983418701,0.15047837727653643
FAMILY CARE PHARMACY #5108 (OR),retailer,6115.0,0.0,10,0,14,0.0,0.00046075843809345444,0.15047713603555574
HOMETOWN PHARMACY #3994 (DE),retailer,5982.0,0.0,10,0,13,0.0,0.00046075578231910585,0.15047648459402835
WINN-DIXIE PHARMACY #8038 (SD),retailer,6196.0,0.0,10,0,13,0.0,0.00046074556950228044,0.1504739794666649
CVS PHARMACY #8345 (MS),retailer,6445.0,0.0,10,0,14,0.0,0.00046072872761144347,0.15046984827716947
MEDICO PHARMACY #7420 (NM),retailer,6059.0,0.0,10,0,12,0.0,0.0004607186793148084,0.1504673835053747
COMMUNITY PHARMACY #2995 (MA),retailer,6030.0,0.0,10,0,14,0.0,0.00046070366793840345,0.15046370132733922
RITE AID #1322 (NH),retailer,5642.0,0.0,10,0,14,0.0,0.0004606918676905946,0.1504608068150625
HEALTH MART PHARMACY #6920 (CT),retailer,5806.0,0.0,10,0,13,0.0,0.0004606905408686786,0.15046048135559864
COMMUNITY PHARMACY #4846 (MN),retailer,6069.0,0.0,10,0,13,0.0,0.00046068762577103784,0.1504597663040128
WALGREENS #5348 (NE),retailer,5549.0,0.0,10,0,14,0.0,0.00046064865909547397,0.15045020807077647
COMMUNITY PHARMACY #6231 (OR),retailer,5843.0,0.0,10,0,12,0.0,0.00046061388188957684,0.1504416774830252
WINN-DIXIE PHARMACY #1254 (WY),retailer,5533.0,0.0,10,0,11,0.0,0.0004606036059507739,0.15043915687231413
RITE AID #6777 (MS),retailer,5586.0,0.0,10,0,14,0.0,0.0004605827709448842,0.15043404620164763
RITE AID #1076 (RI),retailer,5607.0,0.0,10,0,14,0.0,0.00046057103804719,0.15043116820984884
FAMILY CARE PHARMACY #2455 (AK),retailer,5257.0,0.0,10,0,12,0.0,0.00046056680232254486,0.15043012921836452
MEDICO PHARMACY #6031 (OR),retailer,5568.0,0.0,10,0,14,0.0,0.00046056355628182436,0.15042933298892353
WALGREENS #8369 (SC),retailer,5341.0,0.0,10,0,12,0.0,0.000460558738774726,0.15042815129056725
PUBLIX PHARMACY #5701 (MA),retailer,5519.0,0.0,10,0,15,0.0,0.0004605550543167923,0.15042724752067232
WALMART PHARMACY #7891 (MA),retailer,5353.0,0.0,10,0,13,0.0,0.00046055290534919717,0.15042672039504013
RITE AID #1205 (SC),retailer,5480.0,0.0,10,0,11,0.0,0.000460550048771627,0.15042601969798863
CVS PHARMACY #4541 (WY),retailer,5598.0,0.0,10,0,12,0.0,0.00046054813191631774,0.15042554950775916
FAMILY CARE PHARMACY #4540 (UT),retailer,5399.0,0.0,10,0,17,0.0,0.00046053737599880307,0.1504229111618703
FAMILY CARE PHARMACY #5522 (MS),retailer,5412.0,0.0,10,0,12,0.0,0.00046052620435338957,0.15042017084104614
CORNER DRUG STORE #9547 (DE),retailer,5305.0,0.0,10,0,14,0.0,0.0004605110698949735,0.15041645847191654
HARRIS TEETER PHARMACY #1833 (MN),retailer,5095.0,0.0,10,0,12,0.0,0.00046050834938301724,0.15041579115073955
MAIN STREET PHARMACY #9116 (NJ),retailer,5272.0,0.0,10,0,14,0.0,0.00046047361867434177,0.150407271968408
FAMILY CARE PHARMACY #7659 (ME),retailer,5152.0,0.0,10,0,14,0.0,0.0004604668757340872,0.1504056179757407
CVS PHARMACY #7478 (ID),retailer,5066.0,0.0,10,0,11,0.0,0.0004604525543207191,0.1504021050404629
CVS PHARMACY #1006 (OR),retailer,5120.0,0.0,10,0,13,0.0,0.00046044559111150173,0.1504003970174712
HOMETOWN PHARMACY #8463 (NY),retailer,5440.0,0.0,10,0,16,0.0,0.0004604428505070275,0.1503997247677503
RITE AID #9844 (ID),retailer,5670.0,0.0,10,0,14,0.0,0.0004604418318711167,0.1503994749040019
HARRIS TEETER PHARMACY #7897 (ID),retailer,5125.0,0.0,10,0,16,0.0,0.00046043125049496973,0.15039687937180135
KROGER PHARMACY #2068 (MN),retailer,4892.0,0.0,10,0,11,0.0,0.0004604063418037347,0.15039076945667537
HEALTH MART PHARMACY #6267 (ID),retailer,4873.0,0.0,10,0,13,0.0,0.0004603728858178097,0.1503825629542731
PUBLIX PHARMACY #2770 (TX),retailer,4911.0,0.0,10,0,11,0.0,0.00046035281974967957,0.15037764089827144
CVS PHARMACY #9218 (NH),retailer,4832.0,0.0,10,0,11,0.0,0.00046035238327717565,0.15037753383484012
MEDICO PHARMACY #8186 (MO),retailer,5010.0,0.0,10,0,15,0.0,0.00046033791695707126,0.15037398535502683
QUALITY CARE PHARMACY #9337 (MA),retailer,4689.0,0.0,10,0,13,0.0,0.0004603123193605071,0.15036770645659092
QUALITY CARE PHARMACY #7699 (IA),retailer,4791.0,0.0,10,0,12,0.0,0.0004603107816938485,0.15036732927849322
QUALITY CARE PHARMACY #5919 (ID),retailer,5022.0,0.0,10,0,11,0.0,0.0004602740006286811,0.15035830715909343
FAMILY CARE PHARMACY #1789 (WA),retailer,4765.0,0.0,10,0,15,0.0,0.0004602738943674026,0.15035828109399885
MEDICO PHARMACY #5021 (MT),retailer,4481.0,0.0,10,0,12,0.0,0.0004602694972694457,0.15035720251885157
FAMILY CARE PHARMACY #4923 (AL),retailer,4571.0,0.0,10,0,13,0.0,0.00046026090869206256,0.15035509580524029
WALGREENS #6789 (NH),retailer,4707.0,0.0,10,0,14,0.0,0.00046025808242544316,0.15035440254323768
PEOPLES PHARMACY #1264 (WA),retailer,4456.0,0.0,10,0,11,0.0,0.0004602421092517034,0.1503504844435302
KROGER PHARMACY #4123 (WY),retailer,4482.0,0.0,10,0,12,0.0,0.0004602322181149561,0.15034805822187705
QUALITY CARE PHARMACY #7590 (MA),retailer,4148.0,0.0,10,0,13,0.0,0.00046021456631979474,0.15034372836892576
WALMART PHARMACY #5800 (MT),retailer,4158.0,0.0,10,0,12,0.0,0.00046020763119482706,0.15034202723478987
KROGER PHARMACY #4103 (MA),retailer,4314.0,0.0,10,0,13,0.0,0.0004601984896008217,0.15033978487034919
SUNRISE PHARMACY #7972 (SD),retailer,4412.0,0.0,10,0,13,0.0,0.0004601917497706476,0.1503381316405613
MEDICO PHARMACY #9596 (WI),retailer,4069.0,0.0,10,0,17,0.0,0.0004601608275539336,0.15033054665274131
CORNER DRUG STORE #3431 (WY),retailer,4242.0,0.0,10,0,15,0.0,0.0004601500102284514,0.15032789324393864
MEDICO PHARMACY #9075 (MT),retailer,4157.0,0.0,10,0,10,0.0,0.0004601449527468361,0.15032665268163334
HARRIS TEETER PHARMACY #7134 (SC),retailer,4830.0,0.0,10,0,12,0.0,0.00046013138495041265,0.15032332460293937
CORNER DRUG STORE #9971 (WY),retailer,4097.0,0.0,10,0,13,0.0,0.0004601253700098819,0.15032184918314379
HEALTH MART PHARMACY #1614 (GA),retailer,4138.0,0.0,10,0,11,0.0,0.0004601117024482184,0.15031849663278474
CVS PHARMACY #8890 (RI),retailer,3936.0,0.0,10,0,13,0.0,0.00046011085970759137,0.15031828991483012
MEDICO PHARMACY #5567 (DE),retailer,4194.0,0.0,10,0,12,0.0,0.00046010927417558403,0.15031790099572143
CORNER DRUG STORE #6054 (OR),retailer,4098.0,0.0,10,0,12,0.0,0.0004600664789720067,0.1503074036532802
MAIN STREET PHARMACY #8577 (OR),retailer,3756.0,0.0,10,0,14,0.0,0.0004600008706133052,0.15029131041500296
PEOPLES PHARMACY #6878 (MD),retailer,3710.0,0.0,10,0,15,0.0,0.00045999043897582544,0.15028875161257432
CORNER DRUG STORE #8634 (AZ),retailer,3503.0,0.0,10,0,11,0.0,0.00045999028597431624,0.15028871408245173
SUNRISE PHARMACY #1679 (NY),retailer,3625.0,0.0,10,0,12,0.0,0.0004599884029002589,0.15028825217850994
QUALITY CARE PHARMACY #4182 (NV),retailer,3798.0,0.0,10,0,14,0.0,0.00045998723861932555,0.15028796658913
HOMETOWN PHARMACY #3267 (SD),retailer,3637.0,0.0,10,0,13,0.0,0.00045995266173126306,0.150279485137841
HOMETOWN PHARMACY #8719 (SD),retailer,3670.0,0.0,10,0,11,0.0,0.0004599510400331798,0.15027908734746515
HEALTH MART PHARMACY #4286 (UT),retailer,3850.0,0.0,10,0,12,0.0,0.0004599297812684753,0.1502738727319399
WINN-DIXIE PHARMACY #7277 (DE),retailer,3512.0,0.0,10,0,11,0.0,0.00045992762720657433,0.1502733443567127
SUNRISE PHARMACY #8606 (MN),retailer,3464.0,0.0,10,0,15,0.0,0.00045991807665896994,0.15027100167902166
VILLAGE PHARMACY #6654 (CA),retailer,3391.0,0.0,10,0,16,0.0,0.00045988524281270835,0.1502629477828123
COMMUNITY PHARMACY #9946 (MO),retailer,3451.0,0.0,10,0,13,0.0,0.0004598723363443776,0.150259781922939
HEALTH MART PHARMACY #2360 (NY),retailer,3333.0,0.0,10,0,12,0.0,0.00045986934449737974,0.15025904804531157
MAIN STREET PHARMACY #2581 (NE),retailer,3211.0,0.0,10,0,13,0.0,0.0004598474777625871,0.15025368429928393
COMMUNITY PHARMACY #5242 (DE),retailer,3293.0,0.0,10,0,12,0.0,0.0004598459023687676,0.15025329786699665
WALGREENS #9060 (IA),retailer,3455.0,0.0,10,0,12,0.0,0.0004598323071562234,0.1502499630633339
WALMART PHARMACY #3071 (ID),retailer,3234.0,0.0,10,0,11,0.0,0.00045981614412985507,0.15024599839420066
MEDICO PHARMACY #3698 (MS),retailer,3309.0,0.0,10,0,13,0.0,0.0004598085753508067,0.15024414182947166
COMMUNITY PHARMACY #6619 (MT),retailer,3185.0,0.0,10,0,11,0.0,0.0004598071381897938,0.15024378930465498
MEDICO PHARMACY #8138 (MD),retailer,2813.0,0.0,10,0,11,0.0,0.00045970468171254906,0.15021865749928776
VILLAGE PHARMACY #2020 (KS),retailer,2704.0,0.0,10,0,11,0.0,0.00045965238223860335,0.1502058288306144
GOOD NEIGHBOR PHARMACY #7174 (ND),retailer,2607.0,0.0,10,0,11,0.0,0.00045965217843506556,0.15020577883913525
COMMUNITY PHARMACY #1901 (CA),retailer,2437.0,0.0,10,0,10,0.0,0.0004596005536758815,0.15019311567293206
HEALTH MART PHARMACY #2714 (MS),retailer,2454.0,0.0,10,0,11,0.0,0.000459593837878694,0.1501914683382555
WINN-DIXIE PHARMACY #1709 (WA),retailer,2112.0,0.0,10,0,10,0.0,0.0004594818298186834,0.15016399360127988
HEALTH MART PHARMACY #4092 (AZ),retailer,1334.0,0.0,10,0,10,0.0,0.00045926456454999944,0.15011070006052518
HEALTH MART PHARMACY #4784 (TX),retailer,90619.0,0.0,9,0,12,0.0,0.0004860220113786075,0.14167410106728845
GOOD NEIGHBOR PHARMACY #7155 (GA),retailer,59428.0,0.0,9,0,12,0.0,0.00047761894231796006,0.13961289125607115
HEALTH MART PHARMACY #8084 (WA),retailer,49287.0,0.0,9,0,10,0.0,0.0004738689723954398,0.13869305176168134
FAMILY CARE PHARMACY #8739 (NM),retailer,44880.0,0.0,9,0,12,0.0,0.00047355595868559306,0.13861627184649497
GOOD NEIGHBOR PHARMACY #5790 (MN),retailer,38546.0,0.0,9,0,11,0.0,0.00047040364138448674,0.13784303205729231
SUNRISE PHARMACY #9718 (HI),retailer,28917.0,0.0,9,0,12,0.0,0.0004685698694388972,0.1373932215537127
CORNER DRUG STORE #5404 (NE),retailer,31062.0,0.0,9,0,17,0.0,0.00046849920522518286,0.1373758881521235
SUNRISE PHARMACY #9599 (CT),retailer,31811.0,0.0,9,0,16,0.0,0.00046845858968697557,0.13736592546524842
HOMETOWN PHARMACY #3142 (FL),retailer,26674.0,0.0,9,0,14,0.0,0.00046781420088744545,0.137207861726126
PEOPLES PHARMACY #6284 (NH),retailer,26973.0,0.0,9,0,18,0.0,0.00046773759883389287,0.13718907181696277
CORNER DRUG STORE #8437 (OK),retailer,26095.0,0.0,9,0,12,0.0,0.0004676231417999286,0.13716099636504545
VILLAGE PHARMACY #2291 (AK),retailer,28739.0,0.0,9,0,14,0.0,0.00046759507028325584,0.1371541106325632
COMMUNITY PHARMACY #9849 (AK),retailer,27992.0,0.0,9,0,12,0.0,0.0004674424920702305,0.13711668434135982
WINN-DIXIE PHARMACY #4828 (HI),retailer,27517.0,0.0,9,0,10,0.0,0.0004673766814009748,0.13710054147782108
HOMETOWN PHARMACY #8574 (OR),retailer,27729.0,0.0,9,0,11,0.0,0.0004673507343600177,0.1370941768632967
RITE AID #1732 (OR),retailer,26788.0,0.0,9,0,11,0.0,0.00046730799612658316,0.1370836934952042
WALGREENS #1013 (NH),retailer,24483.0,0.0,9,0,13,0.0,0.00046729369096042817,0.13708018454524593
CORNER DRUG STORE #9113 (HI),retailer,24317.0,0.0,9,0,11,0.0,0.0004672318636159522,0.1370650187613977
WALGREENS #2438 (VT),retailer,25036.0,0.0,9,0,12,0.0,0.0004671937666934582,0.1370556738720656
WALGREENS #5730 (AR),retailer,27027.0,0.0,9,0,12,0.0,0.0004671897888784016,0.13705469814386884
WINN-DIXIE PHARMACY #1281 (AZ),retailer,24827.0,0.0,9,0,14,0.0,0.00046712245421509765,0.13703818145602117
HEALTH MART PHARMACY #6716 (UT),retailer,26527.0,0.0,9,0,17,0.0,0.00046710780061631985,0.13703458703815402
MAIN STREET PHARMACY #6958 (DE),retailer,24513.0,0.0,9,0,15,0.0,0.00046708457299957253,0.13702888947799055
HEALTH MART PHARMACY #8336 (NE),retailer,25518.0,0.0,9,0,15,0.0,0.0004669044359482657,0.13698470321046882
QUALITY CARE PHARMACY #9990 (HI),retailer,25795.0,0.0,9,0,13,0.0,0.00046689208181401764,0.1369816728340031
WALGREENS #7427 (WY),retailer,25592.0,0.0,9,0,11,0.0,0.00046673628205100607,0.13694345632075217
VILLAGE PHARMACY #6515 (MT),retailer,25635.0,0.0,9,0,12,0.0,0.00046673117564951155,0.13694220375876742
WALGREENS #9353 (NM),retailer,23375.0,0.0,9,0,11,0.0,0.0004666818647130696,0.13693010815592743
WINN-DIXIE PHARMACY #4020 (CT),retailer,25488.0,0.0,9,0,16,0.0,0.00046666426641568936,0.1369257914255806
HEALTH MART PHARMACY #1722 (WY),retailer,25359.0,0.0,9,0,12,0.0,0.0004665383029316314,0.13689489352776235
CORNER DRUG STORE #1656 (DE),retailer,21972.0,0.0,9,0,11,0.0,0.00046652005723402855,0.13689041799499688
HARRIS TEETER PHARMACY #5699 (AZ),retailer,25026.0,0.0,9,0,12,0.0,0.00046651633743426027,0.13688950555601503
VILLAGE PHARMACY #3997 (AL),retailer,22775.0,0.0,9,0,11,0.0,0.0004665069795137081,0.13688721012829505
GOOD NEIGHBOR PHARMACY #7379 (WA),retailer,24279.0,0.0,9,0,11,0.0,0.0004662094727819692,0.13681423395852452
HEALTH MART PHARMACY #8093 (UT),retailer,22784.0,0.0,9,0,11,0.0,0.0004660347387974408,0.13677137302275644
QUALITY CARE PHARMACY #7383 (VT),retailer,23014.0,0.0,9,0,10,0.0,0.0004659485841613716,0.13675023993675345
COMMUNITY PHARMACY #3160 (TX),retailer,23641.0,0.0,9,0,14,0.0,0.0004659411220141839,0.13674840952802006
MAIN STREET PHARMACY #6902 (ID),retailer,23208.0,0.0,9,0,12,0.0,0.000465886887584536,0.13673510622922658
PUBLIX PHARMACY #1993 (CO),retailer,22003.0,0.0,9,0,13,0.0,0.0004656401118696805,0.1366745739973766
WINN-DIXIE PHARMACY #5416 (AL),retailer,21606.0,0.0,9,0,14,0.0,0.0004653845964554626,0.13661189798282738
MEDICO PHARMACY #4770 (MT),retailer,19546.0,0.0,9,0,14,0.0,0.00046488944093460937,0.1364904400476022
MAIN STREET PHARMACY #7377 (IA),retailer,24402.0,0.0,9,0,13,0.0,0.0004648549772154021,0.13648198635578454
GOOD NEIGHBOR PHARMACY #5811 (MT),retailer,23589.0,0.0,9,0,11,0.0,0.00046452663072977694,0.13640144542570712
HARRIS TEETER PHARMACY #8566 (DE),retailer,23587.0,0.0,9,0,13,0.0,0.0004645150592081131,0.13639860701823814
VILLAGE PHARMACY #2361 (VT),retailer,14571.0,0.0,9,0,11,0.0,0.00046362401405828263,0.13618004032649578
MAIN STREET PHARMACY #8201 (MO),retailer,15446.0,0.0,9,0,11,0.0,0.0004636218307774575,0.13617950478408564
HEALTH MART PHARMACY #6354 (SC),retailer,15076.0,0.0,9,0,15,0.0,0.0004635389869854144,0.13615918382328843
CVS PHARMACY #2897 (TX),retailer,13981.0,0.0,9,0,14,0.0,0.00046352002023091957,0.13615453142067582
HARRIS TEETER PHARMACY #4512 (NV),retailer,14360.0,0.0,9,0,11,0.0,0.00046342999909635086,0.13613244991159257
GOOD NEIGHBOR PHARMACY #2153 (ND),retailer,14436.0,0.0,9,0,17,0.0,0.0004632517137421208,0.13608871785147464
HARRIS TEETER PHARMACY #8439 (MD),retailer,12504.0,0.0,9,0,12,0.0,0.0004627501813482762,0.135965695717136
FAMILY CARE PHARMACY #8225 (OR),retailer,12234.0,0.0,9,0,18,0.0,0.0004627483447422599,0.13596524521145611
WALGREENS #5297 (MT),retailer,11480.0,0.0,9,0,10,0.0,0.00046268040366010825,0.13594857977361371
GOOD NEIGHBOR PHARMACY #6549 (CO),retailer,11880.0,0.0,9,0,15,0.0,0.00046255851921147136,0.13591868243258842
WINN-DIXIE PHARMACY #6602 (OR),retailer,11115.0,0.0,9,0,15,0.0,0.00046250386858531404,0.13590527704391298
HOMETOWN PHARMACY #7981 (TX),retailer,11360.0,0.0,9,0,13,0.0,0.0004624293133825288,0.13588698921189005
COMMUNITY PHARMACY #2272 (ND),retailer,11544.0,0.0,9,0,17,0.0,0.00046241222580244715,0.13588279775666576
COMMUNITY PHARMACY #3234 (AK),retailer,10680.0,0.0,9,0,11,0.0,0.00046240312085322625,0.13588056438091586
HARRIS TEETER PHARMACY #5904 (ID),retailer,11162.0,0.0,9,0,14,0.0,0.00046233951464718184,0.13586496225566772
FAMILY CARE PHARMACY #5938 (AK),retailer,10183.0,0.0,9,0,11,0.0,0.0004623143494143162,0.13585878941280402
FAMILY CARE PHARMACY #5139 (NM),retailer,10724.0,0.0,9,0,14,0.0,0.00046228549906503804,0.13585171263852547
WINN-DIXIE PHARMACY #3576 (NM),retailer,11079.0,0.0,9,0,10,0.0,0.0004622645922777519,0.13584658436042088
KROGER PHARMACY #7669 (MO),retailer,10620.0,0.0,9,0,14,0.0,0.00046213500473685974,0.13581479750864436
PEOPLES PHARMACY #5096 (IA),retailer,10379.0,0.0,9,0,12,0.0,0.00046210000948729166,0.1358062134364161
FAMILY CARE PHARMACY #5054 (CO),retailer,10017.0,0.0,9,0,12,0.0,0.0004619394735162847,0.13576683516686902
FAMILY CARE PHARMACY #8450 (CO),retailer,9171.0,0.0,9,0,14,0.0,0.00046185145850629315,0.1357452457450971
QUALITY CARE PHARMACY #6071 (NY),retailer,9470.0,0.0,9,0,14,0.0,0.0004617721908850314,0.13572580199216858
WINN-DIXIE PHARMACY #2264 (WI),retailer,9266.0,0.0,9,0,18,0.0,0.00046172342564923654,0.13571384024560418
HARRIS TEETER PHARMACY #1257 (MS),retailer,8575.0,0.0,9,0,10,0.0,0.0004617097592849732,0.1357104879889584
WINN-DIXIE PHARMACY #7875 (TX),retailer,8622.0,0.0,9,0,13,0.0,0.0004616390853040521,0.13569315219154665
MAIN STREET PHARMACY #7155 (VT),retailer,8664.0,0.0,9,0,11,0.0,0.0004616294972897521,0.1356908003235562
WINN-DIXIE PHARMACY #9978 (OR),retailer,8811.0,0.0,9,0,17,0.0,0.00046162882069112146,0.13569063435898712
HOMETOWN PHARMACY #3545 (SD),retailer,8939.0,0.0,9,0,13,0.0,0.00046157534093743577,0.13567751617654653
MEDICO PHARMACY #3597 (MD),retailer,8438.0,0.0,9,0,13,0.0,0.00046151118234917277,0.13566177855608344
QUALITY CARE PHARMACY #7550 (KS),retailer,8397.0,0.0,9,0,13,0.0,0.00046150732898439116,0.13566083335460566
QUALITY CARE PHARMACY #8428 (ID),retailer,8662.0,0.0,9,0,12,0.0,0.00046146969654246183,0.1356516023988721
WINN-DIXIE PHARMACY #2438 (MT),retailer,8417.0,0.0,9,0,14,0.0,0.00046145530781604305,0.1356480729522079
PUBLIX PHARMACY #2993 (RI),retailer,7839.0,0.0,9,0,15,0.0,0.00046145112872337466,0.1356470478521227
COMMUNITY PHARMACY #1716 (UT),retailer,7870.0,0.0,9,0,14,0.0,0.00046138927487234633,0.135631875566416
MAIN STREET PHARMACY #9827 (NH),retailer,7972.0,0.0,9,0,11,0.0,0.0004613277748992696,0.13561679008431649
RITE AID #2572 (MD),retailer,7729.0,0.0,9,0,16,0.0,0.00046130665309486853,0.1356116090641264
PEOPLES PHARMACY #7736 (HI),retailer,7566.0,0.0,9,0,10,0.0,0.0004612752375195711,0.13560390305914644
HARRIS TEETER PHARMACY #4161 (CA),retailer,7673.0,0.0,9,0,10,0.0,0.0004612305813544345,0.13559294923679338
WINN-DIXIE PHARMACY #3033 (TX),retailer,7727.0,0.0,9,0,14,0.0,0.00046118615330991206,0.13558205137071588
HEALTH MART PHARMACY #9773 (SD),retailer,7746.0,0.0,9,0,12,0.0,0.00046118186903479954,0.13558100047016608
RITE AID #9117 (NY),retailer,6921.0,0.0,9,0,12,0.0,0.0004611701561339308,0.13557812738343858
PUBLIX PHARMACY #6713 (MA),retailer,7135.0,0.0,9,0,11,0.0,0.00046115290704133,0.1355738963104048
CVS PHARMACY #5284 (WA),retailer,7467.0,0.0,9,0,15,0.0,0.0004611293114807678,0.1355681084963834
PEOPLES PHARMACY #8239 (WY),retailer,6927.0,0.0,9,0,11,0.0,0.0004610883385924273,0.13555805815420108
SUNRISE PHARMACY #8545 (UT),retailer,6869.0,0.0,9,0,14,0.0,0.00046104716704078856,0.1355479590814018
COMMUNITY PHARMACY #9384 (NH),retailer,6677.0,0.0,9,0,10,0.0,0.00046102303613098673,0.13554203995022746
WALMART PHARMACY #9631 (NE),retailer,7165.0,0.0,9,0,15,0.0,0.00046101811441070573,0.13554083268915912
MAIN STREET PHARMACY #3121 (MN),retailer,6780.0,0.0,9,0,9,0.0,0.0004609866408893315,0.1355331124704412
CVS PHARMACY #5669 (TX),retailer,6902.0,0.0,9,0,13,0.0,0.0004609749107130922,0.13553023514619486
WALGREENS #5783 (DE),retailer,6924.0,0.0,9,0,14,0.0,0.00046097134451004854,0.13552936038333746
CORNER DRUG STORE #7216 (CO),retailer,6779.0,0.0,9,0,10,0.0,0.00046095543228023475,0.1355254572327179
PEOPLES PHARMACY #8598 (TX),retailer,6128.0,0.0,9,0,13,0.0,0.0004608730087729337,0.13550523936461545
WALMART PHARMACY #2030 (GA),retailer,6756.0,0.0,9,0,14,0.0,0.00046085310912506066,0.13550035813025457
SUNRISE PHARMACY #8868 (TX),retailer,6656.0,0.0,9,0,9,0.0,0.00046083893071768525,0.13549688027327414
PUBLIX PHARMACY #9486 (MT),retailer,6270.0,0.0,9,0,14,0.0,0.00046082567320189364,0.1354936283040918
QUALITY CARE PHARMACY #7002 (NJ),retailer,6446.0,0.0,9,0,11,0.0,0.0004608057705623112,0.13548874633588706
PUBLIX PHARMACY #4345 (NM),retailer,6163.0,0.0,9,0,11,0.0,0.0004608045767828177,0.13548845351073155
MAIN STREET PHARMACY #7184 (NH),retailer,5997.0,0.0,9,0,14,0.0,0.0004607837037053512,0.13548333350139286
KROGER PHARMACY #1010 (TX),retailer,6158.0,0.0,9,0,12,0.0,0.00046075373140007055,0.13547598151972243
WALGREENS #4384 (NY),retailer,6187.0,0.0,9,0,10,0.0,0.000460743013454909,0.13547335248816697
WINN-DIXIE PHARMACY #9562 (MN),retailer,5988.0,0.0,9,0,10,0.0,0.00046074148539700734,0.1354729776670253
QUALITY CARE PHARMACY #7874 (CO),retailer,5913.0,0.0,9,0,11,0.0,0.0004607191884607939,0.13546750839581598
SUNRISE PHARMACY #8246 (MA),retailer,6549.0,0.0,9,0,12,0.0,0.00046070859588181437,0.13546491011564463
WINN-DIXIE PHARMACY #5663 (MD),retailer,5958.0,0.0,9,0,12,0.0,0.0004607049220423176,0.13546400895037264
HEALTH MART PHARMACY #6564 (NV),retailer,5865.0,0.0,9,0,11,0.0,0.0004606945009440286,0.13546145273312846
HARRIS TEETER PHARMACY #5940 (NM),retailer,5821.0,0.0,9,0,13,0.0,0.00046069294354900077,0.13546107071580976
HEALTH MART PHARMACY #7969 (NV),retailer,5664.0,0.0,9,0,10,0.0,0.00046068421211444607,0.13545892896040584
RITE AID #2387 (TX),retailer,5798.0,0.0,9,0,12,0.0,0.00046068237699782935,0.1354584788200645
KROGER PHARMACY #1627 (WY),retailer,5923.0,0.0,9,0,10,0.0,0.00046068102244688035,0.1354581465588769
QUALITY CARE PHARMACY #8648 (GA),retailer,5578.0,0.0,9,0,10,0.0,0.0004606765969431364,0.1354570610160031
CORNER DRUG STORE #4271 (CA),retailer,6051.0,0.0,9,0,17,0.0,0.0004606564943582912,0.13545213000272516
WALGREENS #7611 (WA),retailer,5547.0,0.0,9,0,11,0.0,0.00046062709490618314,0.13544491853764112
WALGREENS #7782 (CO),retailer,6020.0,0.0,9,0,11,0.0,0.0004606057738639029,0.13543968864589367
MEDICO PHARMACY #1111 (SC),retailer,5676.0,0.0,9,0,12,0.0,0.00046060204858176714,0.13543877486212821
MEDICO PHARMACY #3535 (ID),retailer,5726.0,0.0,9,0,13,0.0,0.00046060118160429935,0.13543856219905834
WALGREENS #2979 (FL),retailer,5498.0,0.0,9,0,16,0.0,0.0004605964003862729,0.13543738940213917
WALGREENS #7870 (SD),retailer,5497.0,0.0,9,0,12,0.0,0.00046058073911698396,0.13543354781025396
COMMUNITY PHARMACY #6880 (VT),retailer,5397.0,0.0,9,0,11,0.0,0.0004605758419303622,0.13543234656710823
GOOD NEIGHBOR PHARMACY #6877 (MS),retailer,5725.0,0.0,9,0,12,0.0,0.00046056857571524166,0.13543056421904126
HOMETOWN PHARMACY #1893 (NH),retailer,5421.0,0.0,9,0,12,0.0,0.00046055839677901477,0.1354280674023345
HARRIS TEETER PHARMACY #2154 (SC),retailer,5407.0,0.0,9,0,12,0.0,0.0004605529845822256,0.13542673983105769
HARRIS TEETER PHARMACY #3834 (MN),retailer,5401.0,0.0,9,0,11,0.0,0.000460535464199158,0.1354224422125073
CVS PHARMACY #3583 (NM),retailer,5485.0,0.0,9,0,12,0.0,0.0004605347027889895,0.1354222554443041
HEALTH MART PHARMACY #4870 (AR),retailer,5351.0,0.0,9,0,11,0.0,0.00046051044766832745,0.13541630584513742
VILLAGE PHARMACY #5841 (AL),retailer,5371.0,0.0,9,0,11,0.0,0.0004605003080604523,0.13541381867538035
MAIN STREET PHARMACY #3359 (NH),retailer,5191.0,0.0,9,0,14,0.0,0.00046047684292221605,0.13540806285297727
WINN-DIXIE PHARMACY #7794 (AZ),retailer,5299.0,0.0,9,0,13,0.0,0.0004604676779527092,0.13540581475470143
WINN-DIXIE PHARMACY #7956 (DE),retailer,4931.0,0.0,9,0,10,0.0,0.0004604636738895979,0.13540483258805372
PUBLIX PHARMACY #1146 (CO),retailer,5231.0,0.0,9,0,13,0.0,0.00046046100135649235,0.13540417703572893
FAMILY CARE PHARMACY #9198 (MS),retailer,4918.0,0.0,9,0,9,0.0,0.00046045458032233175,0.13540260200421195
MAIN STREET PHARMACY #7936 (WY),retailer,5155.0,0.0,9,0,10,0.0,0.00046044680334139345,0.135400694369121
WALMART PHARMACY #9301 (NH),retailer,5252.0,0.0,9,0,12,0.0,0.000460441863374081,0.13539948263219273
GOOD NEIGHBOR PHARMACY #7166 (WA),retailer,5021.0,0.0,9,0,10,0.0,0.00046043454255562815,0.1353976868903379
SUNRISE PHARMACY #1031 (MS),retailer,5073.0,0.0,9,0,11,0.0,0.0004604329623675818,0.13539729928206276
SUNRISE PHARMACY #3493 (MS),retailer,5109.0,0.0,9,0,12,0.0,0.0004604321718776788,0.1353971053808188
HOMETOWN PHARMACY #6032 (SC),retailer,5467.0,0.0,9,0,12,0.0,0.0004604282320272531,0.13539613896506122
QUALITY CARE PHARMACY #6423 (MN),retailer,5038.0,0.0,9,0,13,0.0,0.00046038848203001757,0.13538638858889435
QUALITY CARE PHARMACY #1232 (AZ),retailer,4871.0,0.0,9,0,11,0.0,0.0004603873737695479,0.13538611674091391
WALMART PHARMACY #5307 (MS),retailer,4896.0,0.0,9,0,10,0.0,0.0004603866073194938,0.1353859287364646
CVS PHARMACY #7158 (NE),retailer,4757.0,0.0,9,0,15,0.0,0.0004603679623598078,0.1353813552677049
HEALTH MART PHARMACY #5047 (TX),retailer,4835.0,0.0,9,0,9,0.0,0.0004603630992244334,0.13538016237707473
HOMETOWN PHARMACY #3177 (NH),retailer,4870.0,0.0,9,0,13,0.0,0.0004603593801490092,0.13537925011576907
HOMETOWN PHARMACY #8711 (MA),retailer,4683.0,0.0,9,0,10,0.0,0.000460351626277623,0.1353773481492779
HARRIS TEETER PHARMACY #6538 (IA),retailer,4858.0,0.0,9,0,12,0.0,0.0004603510866413291,0.1353772157805427
RITE AID #6631 (TX),retailer,4714.0,0.0,9,0,13,0.0,0.0004603318958400978,0.13537250842094617
CORNER DRUG STORE #1296 (AK),retailer,4648.0,0.0,9,0,9,0.0,0.00046033078031817987,0.13537223479178695
PEOPLES PHARMACY #1777 (OR),retailer,4789.0,0.0,9,0,11,0.0,0.0004603254380337046,0.13537092436947631
MAIN STREET PHARMACY #9676 (MN),retailer,4685.0,0.0,9,0,10,0.0,0.00046032511862402644,0.1353708460206781
QUALITY CARE PHARMACY #5504 (AZ),retailer,4613.0,0.0,9,0,11,0.0,0.0004603191531766777,0.1353693827411888
PUBLIX PHARMACY #9681 (MD),retailer,4810.0,0.0,9,0,9,0.0,0.0004603149904170773,0.13536836164748267
MAIN STREET PHARMACY #9305 (AZ),retailer,4815.0,0.0,9,0,13,0.0,0.0004603147984889262,0.1353683145689468
WALGREENS #7531 (NY),retailer,5004.0,0.0,9,0,13,0.0,0.00046030444581741145,0.13536577513627707
FAMILY CARE PHARMACY #6322 (RI),retailer,4719.0,0.0,9,0,11,0.0,0.00046029910822788385,0.1353644658656019
COMMUNITY PHARMACY #4316 (MA),retailer,4747.0,0.0,9,0,12,0.0,0.00046028970394324756,0.13536215906511986
HARRIS TEETER PHARMACY #4341 (MD),retailer,4730.0,0.0,9,0,10,0.0,0.00046028672594284145,0.1353614285839575
KROGER PHARMACY #2788 (ID),retailer,4575.0,0.0,9,0,10,0.0,0.0004602784679681357,0.13535940296470322
QUALITY CARE PHARMACY #1416 (WY),retailer,4525.0,0.0,9,0,12,0.0,0.0004602693930847581,0.13535717696387917
CVS PHARMACY #1738 (DE),retailer,4489.0,0.0,9,0,11,0.0,0.0004602637909865614,0.13535580281121146
SUNRISE PHARMACY #9786 (ID),retailer,4333.0,0.0,9,0,10,0.0,0.000460249123583894,0.13535220500735376
MAIN STREET PHARMACY #5871 (OR),retailer,5173.0,0.0,9,0,11,0.0,0.000460247256214509,0.13535174695565028
COMMUNITY PHARMACY #6124 (CA),retailer,4444.0,0.0,9,0,11,0.0,0.0004602227795965478,0.1353457430248575
VILLAGE PHARMACY #5606 (RI),retailer,4339.0,0.0,9,0,10,0.0,0.0004602133590061729,0.13534343222470008
COMMUNITY PHARMACY #8076 (MA),retailer,4879.0,0.0,9,0,11,0.0,0.00046021277308910905,0.13534328850363914
QUALITY CARE PHARMACY #3132 (HI),retailer,4576.0,0.0,9,0,11,0.0,0.00046019790802925424,0.13533964221595593
PEOPLES PHARMACY #1040 (WA),retailer,4766.0,0.0,9,0,11,0.0,0.00046019669155455734,0.13533934382383725
QUALITY CARE PHARMACY #4473 (GA),retailer,4188.0,0.0,9,0,9,0.0,0.0004601944052615681,0.13533878301331592
MEDICO PHARMACY #9929 (VT),retailer,4836.0,0.0,9,0,12,0.0,0.0004601755258984825,0.13533415204716048
HEALTH MART PHARMACY #1873 (IA),retailer,4154.0,0.0,9,0,10,0.0,0.00046012964988006923,0.13532289900394848
HARRIS TEETER PHARMACY #1935 (MT),retailer,4249.0,0.0,9,0,13,0.0,0.00046012429239941405,0.1353215848541289
WINN-DIXIE PHARMACY #5364 (SD),retailer,4174.0,0.0,9,0,12,0.0,0.0004601235679307924,0.1353214071474101
MEDICO PHARMACY #1779 (CO),retailer,4267.0,0.0,9,0,11,0.0,0.0004601107695934531,0.13531826781125794
MEDICO PHARMACY #5950 (CA),retailer,3962.0,0.0,9,0,12,0.0,0.00046010693651109383,0.13531732758490622
FAMILY CARE PHARMACY #2747 (SD),retailer,4571.0,0.0,9,0,12,0.0,0.0004601017859091152,0.13531606418087427
VILLAGE PHARMACY #2851 (TX),retailer,3893.0,0.0,9,0,10,0.0,0.00046009854192223835,0.1353152684552257
PUBLIX PHARMACY #6810 (WA),retailer,4134.0,0.0,9,0,11,0.0,0.00046009297282279573,0.13531390239690488
SUNRISE PHARMACY #2348 (RI),retailer,4031.0,0.0,9,0,12,0.0,0.000460091955750155,0.13531365291661493
WALMART PHARMACY #8109 (AK),retailer,3986.0,0.0,9,0,11,0.0,0.00046009000040507606,0.13531317328513362
COMMUNITY PHARMACY #9756 (AR),retailer,3891.0,0.0,9,0,10,0.0,0.0004600611509871991,0.1353060967393208
HEALTH MART PHARMACY #4191 (NV),retailer,3946.0,0.0,9,0,10,0.0,0.0004600523847312531,0.1353039464424908
FAMILY CARE PHARMACY #4875 (WY),retailer,3894.0,0.0,9,0,10,0.0,0.0004600504506413288,0.13530347202473952
QUALITY CARE PHARMACY #6321 (TX),retailer,3863.0,0.0,9,0,9,0.0,0.0004600457138877809,0.13530231013462343
SUNRISE PHARMACY #5547 (MT),retailer,4069.0,0.0,9,0,12,0.0,0.00046004110330306354,0.13530117919277512
QUALITY CARE PHARMACY #9889 (WY),retailer,4252.0,0.0,9,0,11,0.0,0.0004600347973975192,0.13529963240144416
RITE AID #9925 (TX),retailer,3823.0,0.0,9,0,13,0.0,0.00046003339050165466,0.13529928730044136
COMMUNITY PHARMACY #5874 (ME),retailer,3832.0,0.0,9,0,13,0.0,0.0004600267100696644,0.13529764864058244
GOOD NEIGHBOR PHARMACY #9048 (MD),retailer,3584.0,0.0,9,0,10,0.0,0.0004600047099371962,0.1352922521731056
MEDICO PHARMACY #8247 (MN),retailer,3654.0,0.0,9,0,11,0.0,0.00046000353924052355,0.13529196500999288
HEALTH MART PHARMACY #2342 (HI),retailer,3894.0,0.0,9,0,11,0.0,0.00046000103390714085,0.135291350470506
GOOD NEIGHBOR PHARMACY #5491 (MO),retailer,3623.0,0.0,9,0,11,0.0,0.0004599981174850737,0.1352906350940483
PUBLIX PHARMACY #5703 (RI),retailer,3882.0,0.0,9,0,15,0.0,0.0004599872986861077,0.1352879813238111
HOMETOWN PHARMACY #5222 (UT),retailer,3722.0,0.0,9,0,11,0.0,0.0004599868679359979,0.1352878756640401
QUALITY CARE PHARMACY #6890 (SC),retailer,3680.0,0.0,9,0,10,0.0,0.00045998270221143505,0.13528685384305092
SUNRISE PHARMACY #6475 (MA),retailer,3748.0,0.0,9,0,11,0.0,0.0004599753478086533,0.13528504986321213
QUALITY CARE PHARMACY #6447 (GA),retailer,3593.0,0.0,9,0,10,0.0,0.0004599560149924558,0.1352803076684096
WINN-DIXIE PHARMACY #6589 (GA),retailer,3735.0,0.0,9,0,11,0.0,0.00045995245068067487,0.13527943336946477
CORNER DRUG STORE #8278 (OR),retailer,3683.0,0.0,9,0,12,0.0,0.00045994153347754757,0.1352767554614249
SUNRISE PHARMACY #4372 (TX),retailer,3464.0,0.0,9,0,10,0.0,0.000459918807237224,0.13527118088513748
QUALITY CARE PHARMACY #6036 (HI),retailer,3231.0,0.0,9,0,11,0.0,0.00045988038036769944,0.13526175506227361
HARRIS TEETER PHARMACY #7994 (CT),retailer,3323.0,0.0,9,0,14,0.0,0.00045987989263712395,0.1352616354256218
FAMILY CARE PHARMACY #3742 (MS),retailer,3132.0,0.0,9,0,12,0.0,0.0004598578030993599,0.1352562170276965
HEALTH MART PHARMACY #5897 (AL),retailer,3216.0,0.0,9,0,14,0.0,0.0004598283380837088,0.13524898948036712
WALGREENS #6871 (NV),retailer,3147.0,0.0,9,0,12,0.0,0.0004598023455402779,0.13524261370442722
COMMUNITY PHARMACY #6115 (TX),retailer,2988.0,0.0,9,0,10,0.0,0.00045979008416277583,0.13523960608049554
PUBLIX PHARMACY #1912 (NH),retailer,2982.0,0.0,9,0,10,0.0,0.00045978598233737197,0.13523859993349077
PEOPLES PHARMACY #6894 (WA),retailer,2983.0,0.0,9,0,9,0.0,0.00045977071845160926,0.13523485581680383
MEDICO PHARMACY #9569 (MS),retailer,3024.0,0.0,9,0,12,0.0,0.000459752010949796,0.13523026700692942
WALMART PHARMACY #5238 (AR),retailer,2886.0,0.0,9,0,9,0.0,0.0004597441923990392,0.13522834917507381
CVS PHARMACY #3745 (AZ),retailer,2947.0,0.0,9,0,9,0.0,0.0004597433866463083,0.13522815152997267
HEALTH MART PHARMACY #7845 (MO),retailer,3199.0,0.0,9,0,10,0.0,0.0004597261106196655,0.13522391385022042
RITE AID #8560 (HI),retailer,2775.0,0.0,9,0,9,0.0,0.00045972569410383335,0.13522381168201097
HEALTH MART PHARMACY #9940 (GA),retailer,2936.0,0.0,9,0,11,0.0,0.0004596977791282567,0.1352169643478854
WALGREENS #6424 (DE),retailer,2983.0,0.0,9,0,14,0.0,0.00045969253832554694,0.1352156788182907
CORNER DRUG STORE #1668 (CO),retailer,2793.0,0.0,9,0,12,0.0,0.0004596921116798861,0.13521557416531024
SUNRISE PHARMACY #4698 (WA),retailer,2717.0,0.0,9,0,9,0.0,0.00045968664752470324,0.13521423384902917
VILLAGE PHARMACY #9199 (TX),retailer,2758.0,0.0,9,0,9,0.0,0.00045966933211898537,0.1352099865098852
RITE AID #8832 (DE),retailer,2656.0,0.0,9,0,10,0.0,0.0004596482417901919,0.13520481321042555
PEOPLES PHARMACY #4050 (HI),retailer,2582.0,0.0,9,0,9,0.0,0.00045961869895727847,0.13519756657510543
SUNRISE PHARMACY #8803 (VT),retailer,2496.0,0.0,9,0,10,0.0,0.00045961812115440483,0.13519742484439448
CVS PHARMACY #5217 (GA),retailer,2911.0,0.0,9,0,11,0.0,0.00045960325592298696,0.13519377851462813
HARRIS TEETER PHARMACY #6004 (OK),retailer,2461.0,0.0,9,0,15,0.0,0.0004595966166697005,0.13519214995559636
KROGER PHARMACY #4496 (MD),retailer,2285.0,0.0,9,0,11,0.0,0.0004595651989885153,0.13518444343405794
FAMILY CARE PHARMACY #5859 (GA),retailer,2158.0,0.0,9,0,12,0.0,0.00045951920590731564,0.1351731616762225
COMMUNITY PHARMACY #3798 (AK),retailer,1975.0,0.0,9,0,10,0.0,0.00045943912318189146,0.13515351798435682
RITE AID #1519 (NM),retailer,1791.0,0.0,9,0,9,0.0,0.0004593841999154388,0.13514004571906194
WALMART PHARMACY #5569 (MS),retailer,1810.0,0.0,9,0,9,0.0,0.0004593606152803339,0.13513426058497327
WALGREENS #9879 (MD),retailer,43156.0,0.0,8,0,11,0.0,0.00047366312036828986,0.12364255780421703
PUBLIX PHARMACY #7202 (CT),retailer,44438.0,0.0,8,0,12,0.0,0.00047272551504614593,0.12341257025144262
CORNER DRUG STORE #9454 (NM),retailer,33618.0,0.0,8,0,12,0.0,0.0004697061388554886,0.12267193991947443
PEOPLES PHARMACY #6489 (NJ),retailer,31705.0,0.0,8,0,17,0.0,0.0004694393440279461,0.12260649714944082
QUALITY CARE PHARMACY #9423 (NM),retailer,33941.0,0.0,8,0,10,0.0,0.00046934554032411203,0.12258348780448888
KROGER PHARMACY #8452 (WA),retailer,29323.0,0.0,8,0,11,0.0,0.0004679831726661821,0.12224930923678425
WALGREENS #2651 (GA),retailer,30937.0,0.0,8,0,10,0.0,0.00046765313203747416,0.12216835274611598
WINN-DIXIE PHARMACY #3574 (OR),retailer,27707.0,0.0,8,0,9,0.0,0.0004673670354057755,0.12209817538830094
PEOPLES PHARMACY #4568 (WA),retailer,25722.0,0.0,8,0,12,0.0,0.000467357276931685,0.12209578170780247
SUNRISE PHARMACY #3108 (NM),retailer,25000.0,0.0,8,0,11,0.0,0.00046729046138987155,0.12207939235656261
KROGER PHARMACY #7238 (CO),retailer,24733.0,0.0,8,0,13,0.0,0.00046718005055170343,0.12205230940612458
HOMETOWN PHARMACY #2774 (SC),retailer,23060.0,0.0,8,0,12,0.0,0.0004667940725131952,0.12195763188840508
HARRIS TEETER PHARMACY #5423 (HI),retailer,24950.0,0.0,8,0,11,0.0,0.00046642745469843396,0.12186770328835445
WALMART PHARMACY #5027 (SD),retailer,23979.0,0.0,8,0,11,0.0,0.000466347860067945,0.12184817932251531
RITE AID #9329 (MN),retailer,24213.0,0.0,8,0,10,0.0,0.00046627431468042286,0.12183013919060202
WALGREENS #7869 (VT),retailer,21998.0,0.0,8,0,9,0.0,0.00046620740313943834,0.12181372629148558
CVS PHARMACY #9401 (NY),retailer,24023.0,0.0,8,0,10,0.0,0.00046612986361622955,0.1217947064280474
PEOPLES PHARMACY #6398 (AR),retailer,28073.0,0.0,8,0,15,0.0,0.00046602676743154943,0.12176941770724456
COMMUNITY PHARMACY #4828 (AR),retailer,22762.0,0.0,8,0,10,0.0,0.00046599141281303226,0.12176074548450862
QUALITY CARE PHARMACY #5311 (NM),retailer,23037.0,0.0,8,0,13,0.0,0.0004659721304859203,0.12175601567430006
GOOD NEIGHBOR PHARMACY #6303 (MD),retailer,22729.0,0.0,8,0,10,0.0,0.00046589420709775557,0.12173690165166746
FAMILY CARE PHARMACY #7641 (AL),retailer,22552.0,0.0,8,0,10,0.0,0.00046584646779688284,0.12172519155924418
HARRIS TEETER PHARMACY #1358 (CA),retailer,22057.0,0.0,8,0,11,0.0,0.00046579395821236,0.12171231135202222
VILLAGE PHARMACY #3392 (NY),retailer,22532.0,0.0,8,0,12,0.0,0.00046560224384562703,0.12166528525586506
MAIN STREET PHARMACY #6741 (AZ),retailer,26928.0,0.0,8,0,11,0.0,0.00046557314262814855,0.12165814694549869
QUALITY CARE PHARMACY #8047 (TX),retailer,21346.0,0.0,8,0,9,0.0,0.00046556882257290505,0.12165708726835113
QUALITY CARE PHARMACY #8594 (CO),retailer,19772.0,0.0,8,0,16,0.0,0.0004653476284424365,0.1216028300072701
FAMILY CARE PHARMACY #2866 (NM),retailer,14213.0,0.0,8,0,9,0.0,0.0004635985211459344,0.12117378710706286
KROGER PHARMACY #8353 (AL),retailer,14018.0,0.0,8,0,15,0.0,0.0004631028489071133,0.1210522024247959
MAIN STREET PHARMACY #5037 (UT),retailer,12129.0,0.0,8,0,10,0.0,0.00046288269282109093,0.12099819978823141
MAIN STREET PHARMACY #2532 (MN),retailer,11632.0,0.0,8,0,10,0.0,0.0004627660282739186,0.12096958284988218
GOOD NEIGHBOR PHARMACY #2241 (AZ),retailer,13925.0,0.0,8,0,11,0.0,0.00046276219999899965,0.12096864380275951
HARRIS TEETER PHARMACY #1323 (ND),retailer,12361.0,0.0,8,0,14,0.0,0.00046266691864597,0.1209452720015434
WALGREENS #6629 (WY),retailer,10967.0,0.0,8,0,10,0.0,0.0004622705888010633,0.12084805526336072
WALGREENS #3709 (RI),retailer,10247.0,0.0,8,0,13,0.0,0.00046224908184977075,0.12084277976952702
MEDICO PHARMACY #3471 (AK),retailer,10936.0,0.0,8,0,9,0.0,0.0004621915679824337,0.12082867204926664
VILLAGE PHARMACY #3724 (MS),retailer,10881.0,0.0,8,0,11,0.0,0.00046218645055031267,0.12082741678155197
COMMUNITY PHARMACY #9405 (MN),retailer,9914.0,0.0,8,0,9,0.0,0.0004621069719403062,0.12080792127466693
QUALITY CARE PHARMACY #7120 (DE),retailer,10456.0,0.0,8,0,12,0.0,0.00046205398043395644,0.12079492285563563
FAMILY CARE PHARMACY #7793 (MO),retailer,9777.0,0.0,8,0,10,0.0,0.00046203974350619305,0.12079143064404298
MAIN STREET PHARMACY #1044 (MO),retailer,9692.0,0.0,8,0,10,0.0,0.00046182307328153274,0.120738283063124
MEDICO PHARMACY #7647 (CO),retailer,8620.0,0.0,8,0,13,0.0,0.0004616712118130694,0.12070103258398555
WINN-DIXIE PHARMACY #5772 (NH),retailer,8141.0,0.0,8,0,11,0.0,0.0004615786097212376,0.12067831798544479
PEOPLES PHARMACY #2207 (MD),retailer,8531.0,0.0,8,0,11,0.0,0.00046154798292801196,0.1206708054627906
COMMUNITY PHARMACY #9741 (SC),retailer,8219.0,0.0,8,0,13,0.0,0.0004615211988368221,0.12066423552612263
PEOPLES PHARMACY #1278 (SD),retailer,8082.0,0.0,8,0,12,0.0,0.0004614676970840654,0.12065111194747494
VILLAGE PHARMACY #8014 (WY),retailer,8517.0,0.0,8,0,8,0.0,0.00046146442593086314,0.12065030955813054
GOOD NEIGHBOR PHARMACY #5019 (OR),retailer,8085.0,0.0,8,0,10,0.0,0.00046139445849776813,0.12063314707160087
HARRIS TEETER PHARMACY #4182 (WY),retailer,7733.0,0.0,8,0,12,0.0,0.0004612900915764476,0.12060754664863162
RITE AID #3760 (TX),retailer,7694.0,0.0,8,0,11,0.0,0.00046127576885838227,0.12060403339332139
QUALITY CARE PHARMACY #8576 (VT),retailer,7145.0,0.0,8,0,8,0.0,0.00046126002856527597,0.1206001724174865
KROGER PHARMACY #8702 (CA),retailer,7651.0,0.0,8,0,11,0.0,0.0004612591695755735,0.12059996171375556
WINN-DIXIE PHARMACY #7409 (MO),retailer,7840.0,0.0,8,0,13,0.0,0.00046125536488372527,0.12059902845138323
QUALITY CARE PHARMACY #1509 (MO),retailer,7723.0,0.0,8,0,9,0.0,0.00046116679323076205,0.1205773024892656
WINN-DIXIE PHARMACY #7110 (AR),retailer,7007.0,0.0,8,0,9,0.0,0.00046115806116939695,0.1205751605801098
HARRIS TEETER PHARMACY #6432 (MA),retailer,7025.0,0.0,8,0,10,0.0,0.00046113735380786275,0.1205700812196463
HEALTH MART PHARMACY #3835 (WA),retailer,7341.0,0.0,8,0,11,0.0,0.00046112131889236964,0.1205661479751498
RITE AID #1211 (AZ),retailer,7235.0,0.0,8,0,11,0.0,0.00046109981534363877,0.12056087331593895
VILLAGE PHARMACY #7032 (NM),retailer,6961.0,0.0,8,0,9,0.0,0.0004610772903188525,0.12055534809631357
CVS PHARMACY #3742 (SD),retailer,7007.0,0.0,8,0,12,0.0,0.00046103980138761914,0.1205461523426773
FAMILY CARE PHARMACY #1713 (MD),retailer,7032.0,0.0,8,0,12,0.0,0.0004610373674702629,0.12054555532100604
PEOPLES PHARMACY #5452 (MT),retailer,6591.0,0.0,8,0,15,0.0,0.0004610173894451189,0.12054065486128847
VILLAGE PHARMACY #7192 (SC),retailer,6730.0,0.0,8,0,11,0.0,0.00046100093990956797,0.12053661991360176
GOOD NEIGHBOR PHARMACY #5220 (IA),retailer,7256.0,0.0,8,0,11,0.0,0.00046099096764727724,0.12053417379246134
PEOPLES PHARMACY #3960 (WY),retailer,6925.0,0.0,8,0,10,0.0,0.0004609876107005312,0.12053335035860417
HOMETOWN PHARMACY #5252 (IA),retailer,7151.0,0.0,8,0,11,0.0,0.0004609815121430613,0.1205318544282006
CVS PHARMACY #2027 (MA),retailer,6596.0,0.0,8,0,10,0.0,0.0004609799080530123,0.12053146095694346
CVS PHARMACY #9337 (AZ),retailer,6633.0,0.0,8,0,12,0.0,0.0004609272799649644,0.12051855168169567
WINN-DIXIE PHARMACY #2251 (AK),retailer,6187.0,0.0,8,0,10,0.0,0.0004609258293657152,0.12051819586058045
PUBLIX PHARMACY #5778 (SC),retailer,6896.0,0.0,8,0,12,0.0,0.0004608857183166537,0.1205083569211088
CVS PHARMACY #1951 (MO),retailer,6555.0,0.0,8,0,10,0.0,0.0004608781147589286,0.12050649182543126
GOOD NEIGHBOR PHARMACY #8055 (DE),retailer,6383.0,0.0,8,0,12,0.0,0.000460867646925354,0.12050392414437205
WINN-DIXIE PHARMACY #4027 (MA),retailer,6561.0,0.0,8,0,10,0.0,0.0004608617694083899,0.12050248243354657
GOOD NEIGHBOR PHARMACY #3848 (DE),retailer,6578.0,0.0,8,0,12,0.0,0.00046084497041633173,0.12049836176679982
PEOPLES PHARMACY #2417 (GA),retailer,6219.0,0.0,8,0,9,0.0,0.0004608410538260533,0.12049740105658191
HARRIS TEETER PHARMACY #6596 (GA),retailer,6298.0,0.0,8,0,11,0.0,0.0004608191819300702,0.12049203604455297
HARRIS TEETER PHARMACY #4595 (MS),retailer,6138.0,0.0,8,0,10,0.0,0.0004608112087182355,0.12049008027549503
GOOD NEIGHBOR PHARMACY #5937 (WY),retailer,6519.0,0.0,8,0,12,0.0,0.00046080991207580313,0.12048976221883217
GOOD NEIGHBOR PHARMACY #4647 (MO),retailer,6369.0,0.0,8,0,9,0.0,0.00046080749747928957,0.12048916993641869
CVS PHARMACY #2418 (CO),retailer,6247.0,0.0,8,0,11,0.0,0.0004607796517490545,0.12048233958765601
WALMART PHARMACY #8666 (MS),retailer,6183.0,0.0,8,0,16,0.0,0.00046073799621951445,0.12047212179870775
PUBLIX PHARMACY #8657 (GA),retailer,6112.0,0.0,8,0,12,0.0,0.00046073565070198566,0.12047154646085109
QUALITY CARE PHARMACY #4887 (UT),retailer,5823.0,0.0,8,0,13,0.0,0.00046073541063692343,0.12047148757469199
MAIN STREET PHARMACY #8826 (MA),retailer,6444.0,0.0,8,0,11,0.0,0.0004607250049987126,0.12046893514968901
CORNER DRUG STORE #8976 (MS),retailer,6039.0,0.0,8,0,12,0.0,0.0004607145421147696,0.12046636868273733
GOOD NEIGHBOR PHARMACY #9168 (WA),retailer,5985.0,0.0,8,0,10,0.0,0.0004607135041636651,0.1204661140811168
CORNER DRUG STORE #5081 (AZ),retailer,5912.0,0.0,8,0,11,0.0,0.00046070076741338694,0.12046298985180881
MAIN STREET PHARMACY #7080 (MN),retailer,5981.0,0.0,8,0,10,0.0,0.00046068654912634306,0.12045950221264483
VILLAGE PHARMACY #1378 (CT),retailer,5822.0,0.0,8,0,12,0.0,0.0004606671174226322,0.120454735761477
FAMILY CARE PHARMACY #6205 (CA),retailer,5788.0,0.0,8,0,9,0.0,0.00046066171179903347,0.12045340980255449
PEOPLES PHARMACY #4637 (MA),retailer,5800.0,0.0,8,0,8,0.0,0.00046065496549762175,0.12045175498542054
HOMETOWN PHARMACY #5854 (NH),retailer,6026.0,0.0,8,0,9,0.0,0.00046064852713603835,0.12045017570361671
MAIN STREET PHARMACY #1614 (MS),retailer,5613.0,0.0,8,0,10,0.0,0.0004606337596006333,0.12044655333794951
PEOPLES PHARMACY #9183 (OR),retailer,5739.0,0.0,8,0,12,0.0,0.00046061932721222715,0.12044301318132729
VILLAGE PHARMACY #8858 (AZ),retailer,5248.0,0.0,8,0,10,0.0,0.0004605982774953285,0.12043784984366082
RITE AID #3103 (CO),retailer,5668.0,0.0,8,0,11,0.0,0.00046058697216644595,0.12043507673128442
WINN-DIXIE PHARMACY #3113 (CO),retailer,5282.0,0.0,8,0,10,0.0,0.0004605389788352304,0.12042330432712345
CVS PHARMACY #7858 (TX),retailer,5443.0,0.0,8,0,8,0.0,0.00046053818675512436,0.12042311003581463
PEOPLES PHARMACY #4773 (CA),retailer,5203.0,0.0,8,0,8,0.0,0.0004605179103829256,0.12041813639380237
PEOPLES PHARMACY #7605 (AZ),retailer,5267.0,0.0,8,0,11,0.0,0.00046050344667856525,0.12041458855561148
PUBLIX PHARMACY #9580 (AK),retailer,5024.0,0.0,8,0,9,0.0,0.00046049213829878454,0.12041181469487265
HEALTH MART PHARMACY #1807 (HI),retailer,5272.0,0.0,8,0,9,0.0,0.00046047980015245533,0.12040878824012351
COMMUNITY PHARMACY #5644 (RI),retailer,5421.0,0.0,8,0,10,0.0,0.0004604751632561055,0.12040765084422911
MAIN STREET PHARMACY #8140 (WA),retailer,5352.0,0.0,8,0,10,0.0,0.00046047190483390914,0.12040685157770498
QUALITY CARE PHARMACY #5967 (AL),retailer,5092.0,0.0,8,0,11,0.0,0.00046046933294673466,0.12040622071307217
VILLAGE PHARMACY #5361 (OR),retailer,5848.0,0.0,8,0,9,0.0,0.00046046628946154916,0.1204054741689846
MAIN STREET PHARMACY #5622 (ID),retailer,5033.0,0.0,8,0,12,0.0,0.00046046258395945677,0.1204045652371154
COMMUNITY PHARMACY #3088 (VT),retailer,4837.0,0.0,8,0,10,0.0,0.00046043642429861994,0.12039814846852932
HOMETOWN PHARMACY #8392 (NM),retailer,5180.0,0.0,8,0,12,0.0,0.00046043610353366644,0.12039806978729221
GOOD NEIGHBOR PHARMACY #6915 (NH),retailer,5218.0,0.0,8,0,8,0.0,0.0004604327285695497,0.12039724193390915
HARRIS TEETER PHARMACY #8771 (MT),retailer,5290.0,0.0,8,0,12,0.0,0.00046042874664450526,0.12039626519756319
COMMUNITY PHARMACY #3492 (AR),retailer,4832.0,0.0,8,0,10,0.0,0.00046042383951424226,0.12039506151531686
VILLAGE PHARMACY #1494 (NM),retailer,4987.0,0.0,8,0,11,0.0,0.000460401838854737,0.12038966491856178
MAIN STREET PHARMACY #5483 (HI),retailer,4773.0,0.0,8,0,10,0.0,0.00046040167979669874,0.12038962590281803
QUALITY CARE PHARMACY #3657 (CO),retailer,4719.0,0.0,8,0,11,0.0,0.0004603923234624032,0.12038733086419491
RITE AID #7159 (DE),retailer,4849.0,0.0,8,0,9,0.0,0.0004603895433978286,0.12038664893520734
CVS PHARMACY #3462 (VT),retailer,4808.0,0.0,8,0,9,0.0,0.00046038221207536715,0.120384850616798
KROGER PHARMACY #7504 (MN),retailer,4996.0,0.0,8,0,14,0.0,0.0004603582333718206,0.12037896882067639
SUNRISE PHARMACY #2063 (SD),retailer,4904.0,0.0,8,0,9,0.0,0.0004603536083612486,0.12037783434027417
HEALTH MART PHARMACY #2149 (CA),retailer,4932.0,0.0,8,0,10,0.0,0.00046032968699775343,0.12037196660923707
MAIN STREET PHARMACY #7456 (MD),retailer,5164.0,0.0,8,0,10,0.0,0.0004603217722400338,0.1203700251785351
GOOD NEIGHBOR PHARMACY #4280 (AL),retailer,4933.0,0.0,8,0,14,0.0,0.00046032077343463254,0.12036978017906197
CORNER DRUG STORE #9066 (DE),retailer,4719.0,0.0,8,0,10,0.0,0.0004602916285762163,0.1203626311639009
SUNRISE PHARMACY #7190 (WA),retailer,4655.0,0.0,8,0,8,0.0,0.0004602848564355461,0.12036097000859067
HEALTH MART PHARMACY #9934 (OR),retailer,4564.0,0.0,8,0,10,0.0,0.00046028289416054157,0.1203604886772506
HEALTH MART PHARMACY #6733 (MO),retailer,4438.0,0.0,8,0,11,0.0,0.0004602569206026069,0.1203541175583105
PEOPLES PHARMACY #7655 (TX),retailer,4384.0,0.0,8,0,13,0.0,0.00046025008897130086,0.12035244181039353
SUNRISE PHARMACY #9511 (IA),retailer,4253.0,0.0,8,0,9,0.0,0.00046022923815947417,0.12034732726264927
HEALTH MART PHARMACY #3051 (MA),retailer,4368.0,0.0,8,0,13,0.0,0.0004602156504330236,0.12034399429526915
QUALITY CARE PHARMACY #6630 (SD),retailer,4481.0,0.0,8,0,11,0.0,0.000460213317582916,0.12034342206463589
RITE AID #5067 (NM),retailer,4670.0,0.0,8,0,9,0.0,0.00046021301777901216,0.12034334852498703
COMMUNITY PHARMACY #4777 (AR),retailer,4231.0,0.0,8,0,11,0.0,0.0004602106344038537,0.12034276390093776
KROGER PHARMACY #2209 (MA),retailer,4289.0,0.0,8,0,8,0.0,0.00046020790692290344,0.12034209487031884
RITE AID #3756 (ID),retailer,4359.0,0.0,8,0,9,0.0,0.0004602078429032947,0.12034207916678902
QUALITY CARE PHARMACY #7985 (AK),retailer,4922.0,0.0,8,0,9,0.0,0.00046019025308480384,0.12033776451625011
WALGREENS #4891 (IA),retailer,4239.0,0.0,8,0,11,0.0,0.0004601830295649329,0.12033599264100762
WINN-DIXIE PHARMACY #8251 (MN),retailer,4277.0,0.0,8,0,9,0.0,0.00046016536689226734,0.12033166011988614
PUBLIX PHARMACY #6658 (DE),retailer,4134.0,0.0,8,0,9,0.0,0.0004601617981653038,0.12033078473793013
CVS PHARMACY #4032 (NM),retailer,4188.0,0.0,8,0,8,0.0,0.00046015641722337366,0.12032946483323578
HARRIS TEETER PHARMACY #7622 (RI),retailer,3945.0,0.0,8,0,11,0.0,0.0004601441169849232,0.12032644767700497
HEALTH MART PHARMACY #2027 (VT),retailer,4142.0,0.0,8,0,11,0.0,0.00046014331136598225,0.12032625006472149
WINN-DIXIE PHARMACY #7921 (CA),retailer,4131.0,0.0,8,0,10,0.0,0.00046011217229497174,0.12031861188416915
GOOD NEIGHBOR PHARMACY #2549 (SC),retailer,4739.0,0.0,8,0,10,0.0,0.0004601082477795411,0.12031764922997085
VILLAGE PHARMACY #3549 (UT),retailer,4115.0,0.0,8,0,11,0.0,0.0004600986322118118,0.12031529060333086
WINN-DIXIE PHARMACY #1823 (NE),retailer,3999.0,0.0,8,0,13,0.0,0.00046009005377721724,0.12031318637766955
WALGREENS #3936 (MN),retailer,3883.0,0.0,8,0,10,0.0,0.00046008019982945905,0.1203107692781965
VILLAGE PHARMACY #9368 (VT),retailer,3732.0,0.0,8,0,8,0.0,0.0004600716924795745,0.12030868248908137
HOMETOWN PHARMACY #6982 (NM),retailer,3967.0,0.0,8,0,11,0.0,0.00046006810352080304,0.12030780214441462
MAIN STREET PHARMACY #2440 (AZ),retailer,4070.0,0.0,8,0,10,0.0,0.00046006243095301477,0.12030641070608471
PUBLIX PHARMACY #2516 (UT),retailer,3801.0,0.0,8,0,10,0.0,0.0004600474325251554,0.12030273170423032
HEALTH MART PHARMACY #4238 (WY),retailer,3885.0,0.0,8,0,10,0.0,0.0004600301448936834,0.12029849117790054
CORNER DRUG STORE #1362 (ME),retailer,3643.0,0.0,8,0,8,0.0,0.00046002369315462934,0.12029690861470348
MAIN STREET PHARMACY #2672 (WY),retailer,3521.0,0.0,8,0,10,0.0,0.00046002027164063474,0.12029606934298455
SUNRISE PHARMACY #1142 (MA),retailer,3679.0,0.0,8,0,10,0.0,0.00046001115936827565,0.12029383417092378
PUBLIX PHARMACY #1430 (ID),retailer,3768.0,0.0,8,0,12,0.0,0.00046000602404648643,0.12029257451500767
WALMART PHARMACY #3506 (WY),retailer,3794.0,0.0,8,0,9,0.0,0.0004600034866606875,0.1202919521133035
HEALTH MART PHARMACY #1220 (IA),retailer,3664.0,0.0,8,0,9,0.0,0.000460001470445946,0.12029145755095055
QUALITY CARE PHARMACY #6709 (MD),retailer,3871.0,0.0,8,0,8,0.0,0.00045999098249264325,0.12028888493467295
HARRIS TEETER PHARMACY #9336 (HI),retailer,3730.0,0.0,8,0,8,0.0,0.00045997725249562253,0.1202855170693891
VILLAGE PHARMACY #2264 (SD),retailer,3614.0,0.0,8,0,9,0.0,0.00045997629103755345,0.12028528123093642
VILLAGE PHARMACY #1999 (AZ),retailer,3702.0,0.0,8,0,9,0.0,0.0004599723222535237,0.12028430771798279
WALGREENS #9787 (UT),retailer,3974.0,0.0,8,0,11,0.0,0.0004599699241030224,0.12028371946965277
KROGER PHARMACY #8125 (MN),retailer,3581.0,0.0,8,0,10,0.0,0.00045996702663562847,0.12028300874263423
WALGREENS #6633 (WY),retailer,3671.0,0.0,8,0,8,0.0,0.0004599646509357192,0.12028242600126603
MAIN STREET PHARMACY #4431 (CO),retailer,3597.0,0.0,8,0,11,0.0,0.0004599599876740925,0.12028128213816698
WALMART PHARMACY #3747 (NH),retailer,3522.0,0.0,8,0,11,0.0,0.000459948493829669,0.1202784627843424
COMMUNITY PHARMACY #8059 (OR),retailer,3620.0,0.0,8,0,11,0.0,0.00045991010949145584,0.12026904739409021
SUNRISE PHARMACY #4386 (VT),retailer,3356.0,0.0,8,0,9,0.0,0.0004598918255547503,0.12026456248155967
KROGER PHARMACY #9640 (HI),retailer,3486.0,0.0,8,0,8,0.0,0.0004598831866014896,0.12026244341112349
KROGER PHARMACY #6438 (KS),retailer,3303.0,0.0,8,0,12,0.0,0.0004598816452950517,0.12026206534021523
VILLAGE PHARMACY #4574 (ID),retailer,3436.0,0.0,8,0,10,0.0,0.00045988065924793524,0.12026182347025366
MAIN STREET PHARMACY #5756 (WY),retailer,3196.0,0.0,8,0,9,0.0,0.00045987984964301415,0.12026162488023917
CVS PHARMACY #6632 (MA),retailer,3402.0,0.0,8,0,10,0.0,0.00045987315662590487,0.12025998313334495
WALMART PHARMACY #3189 (ID),retailer,3289.0,0.0,8,0,8,0.0,0.0004598685357614944,0.12025884966996503
VILLAGE PHARMACY #7556 (AK),retailer,3218.0,0.0,8,0,11,0.0,0.00045986371429650326,0.12025766700076733
WINN-DIXIE PHARMACY #3205 (WA),retailer,3327.0,0.0,8,0,10,0.0,0.00045986273894413603,0.12025742775414752
VILLAGE PHARMACY #8072 (ME),retailer,3605.0,0.0,8,0,11,0.0,0.00045978874664518577,0.1202392779982131
CVS PHARMACY #3495 (GA),retailer,2844.0,0.0,8,0,9,0.0,0.00045977599890235135,0.12023615107251351
MAIN STREET PHARMACY #7611 (NM),retailer,2943.0,0.0,8,0,9,0.0,0.00045977168638748953,0.12023509324496502
CVS PHARMACY #7874 (MN),retailer,2942.0,0.0,8,0,10,0.0,0.00045973370580190394,0.12022577689220393
FAMILY CARE PHARMACY #5978 (AR),retailer,2938.0,0.0,8,0,10,0.0,0.0004597171745503439,0.12022172190019312
PUBLIX PHARMACY #4058 (WA),retailer,2752.0,0.0,8,0,8,0.0,0.00045971690704563775,0.12022165628329519
PEOPLES PHARMACY #4114 (MN),retailer,2806.0,0.0,8,0,8,0.0,0.00045968313538786613,0.12021337234895672
COMMUNITY PHARMACY #2018 (MT),retailer,2842.0,0.0,8,0,11,0.0,0.00045967993709160316,0.12021258783087306
MEDICO PHARMACY #8944 (WY),retailer,2982.0,0.0,8,0,8,0.0,0.0004596788412882935,0.12021231903854056
CVS PHARMACY #8517 (NV),retailer,2954.0,0.0,8,0,12,0.0,0.0004596774771805934,0.12021198443315355
WALMART PHARMACY #2428 (AK),retailer,2732.0,0.0,8,0,8,0.0,0.00045967577029365215,0.12021156574658981
MEDICO PHARMACY #2284 (GA),retailer,2616.0,0.0,8,0,11,0.0,0.00045966520385073544,0.12020897387739864
HEALTH MART PHARMACY #1381 (MS),retailer,2646.0,0.0,8,0,8,0.0,0.0004596506762234485,0.12020541035939332
MAIN STREET PHARMACY #2251 (SC),retailer,2389.0,0.0,8,0,10,0.0,0.0004596296433891668,0.12020025116290614
VILLAGE PHARMACY #6788 (NE),retailer,2424.0,0.0,8,0,10,0.0,0.0004596047237339764,0.12019413855840416
PUBLIX PHARMACY #4755 (GA),retailer,2532.0,0.0,8,0,8,0.0,0.0004595967824240516,0.12019219061464542
CORNER DRUG STORE #7338 (MO),retailer,2443.0,0.0,8,0,10,0.0,0.00045959627128488046,0.12019206523604067
MEDICO PHARMACY #4917 (OR),retailer,2416.0,0.0,8,0,9,0.0,0.00045959157475624317,0.12019091321279345
PUBLIX PHARMACY #1829 (VT),retailer,2498.0,0.0,8,0,10,0.0,0.0004595888719836508,0.12019025024294938
WALGREENS #8524 (OR),retailer,2623.0,0.0,8,0,10,0.0,0.0004595826142238488,0.12018871526140787
HEALTH MART PHARMACY #9106 (CO),retailer,2266.0,0.0,8,0,10,0.0,0.00045955700504001027,0.12018243352070049
QUALITY CARE PHARMACY #6283 (MS),retailer,2342.0,0.0,8,0,8,0.0,0.0004595471804170064,0.12018002361436972
FAMILY CARE PHARMACY #8587 (ID),retailer,2323.0,0.0,8,0,8,0.0,0.0004595437356197532,0.12017917863144209
PUBLIX PHARMACY #3500 (IA),retailer,2615.0,0.0,8,0,9,0.0,0.00045954172052757445,0.12017868434444536
HOMETOWN PHARMACY #4010 (CA),retailer,2150.0,0.0,8,0,10,0.0,0.000459534612869299,0.12017694088918318
WALGREENS #5840 (WY),retailer,2225.0,0.0,8,0,10,0.0,0.00045952514167392337,0.12017461767599866
HOMETOWN PHARMACY #5185 (UT),retailer,2141.0,0.0,8,0,11,0.0,0.00045950541114477797,0.12016977792519315
GOOD NEIGHBOR PHARMACY #8313 (AZ),retailer,2143.0,0.0,8,0,9,0.0,0.0004595045835075506,0.12016957491198918
COMMUNITY PHARMACY #3871 (NH),retailer,2007.0,0.0,8,0,11,0.0,0.00045948070620623825,0.12016371798907503
HOMETOWN PHARMACY #1587 (ID),retailer,2101.0,0.0,8,0,10,0.0,0.00045947650250535574,0.12016268685277949
MAIN STREET PHARMACY #2913 (WY),retailer,2034.0,0.0,8,0,10,0.0,0.0004594609777408224,0.12015887874448691
CVS PHARMACY #2372 (MO),retailer,1935.0,0.0,8,0,8,0.0,0.00045946012600081636,0.12015866981905211
WINN-DIXIE PHARMACY #5154 (MD),retailer,2060.0,0.0,8,0,11,0.0,0.0004594587379770318,0.12015832934722899
HEALTH MART PHARMACY #7295 (SD),retailer,1982.0,0.0,8,0,10,0.0,0.00045944611362200635,0.12015523268763344
WALGREENS #2338 (MS),retailer,1909.0,0.0,8,0,9,0.0,0.00045942535629342175,0.12015014107062727
HARRIS TEETER PHARMACY #7725 (HI),retailer,1931.0,0.0,8,0,9,0.0,0.00045941979736988374,0.12014877750837952
HARRIS TEETER PHARMACY #1501 (MO),retailer,1975.0,0.0,8,0,9,0.0,0.00045939473956603554,0.12014263101704799
HOMETOWN PHARMACY #2581 (TX),retailer,1972.0,0.0,8,0,8,0.0,0.0004593921725588259,0.12014200134943395
WALMART PHARMACY #1973 (MO),retailer,1707.0,0.0,8,0,10,0.0,0.0004593834439108344,0.12013986027755309
CORNER DRUG STORE #3755 (NH),retailer,1681.0,0.0,8,0,9,0.0,0.000459367951182877,0.12013606002759229
RITE AID #9426 (WY),retailer,1582.0,0.0,8,0,8,0.0,0.0004593288804541695,0.12012647627090028
FAMILY CARE PHARMACY #6098 (NV),retailer,1610.0,0.0,8,0,10,0.0,0.0004593246108106261,0.12012542895936464
QUALITY CARE PHARMACY #3039 (IA),retailer,1751.0,0.0,8,0,8,0.0,0.0004593183619186036,0.12012389615302294
RITE AID #7444 (MS),retailer,1736.0,0.0,8,0,9,0.0,0.00045931732412690684,0.12012364159050394
SUNRISE PHARMACY #7025 (MN),retailer,1517.0,0.0,8,0,9,0.0,0.000459265276418917,0.12011087467813111
KROGER PHARMACY #2159 (MD),retailer,1306.0,0.0,8,0,8,0.0,0.00045922881936291725,0.12010193203574981
KROGER PHARMACY #7322 (NM),retailer,950.0,0.0,8,0,8,0.0,0.0004591163188156335,0.1200743364953401
KROGER PHARMACY #9282 (UT),retailer,43525.0,0.0,7,0,11,0.0,0.0004730988899625869,0.10850415631860191
WALGREENS #8411 (IA),retailer,37069.0,0.0,7,0,9,0.0,0.00047137368644101864,0.1080809768350896
MEDICO PHARMACY #5137 (MN),retailer,37066.0,0.0,7,0,8,0.0,0.0004702564953681431,0.10780693824468938
HARRIS TEETER PHARMACY #1284 (MN),retailer,32906.0,0.0,7,0,10,0.0,0.00046994590064042724,0.10773075168767554
GOOD NEIGHBOR PHARMACY #2130 (MS),retailer,34072.0,0.0,7,0,10,0.0,0.00046950965116236736,0.10762374296290776
VILLAGE PHARMACY #3656 (WA),retailer,28107.0,0.0,7,0,9,0.0,0.00046742663331307164,0.10711279430868138
HARRIS TEETER PHARMACY #8577 (SD),retailer,24614.0,0.0,7,0,10,0.0,0.0004673790844602922,0.10710113093174688
GOOD NEIGHBOR PHARMACY #6889 (TX),retailer,26553.0,0.0,7,0,8,0.0,0.0004670453558607553,0.10701926980949682
GOOD NEIGHBOR PHARMACY #9827 (AZ),retailer,26039.0,0.0,7,0,11,0.0,0.0004669051478043473,0.10698487782492618
PEOPLES PHARMACY #2188 (IA),retailer,25281.0,0.0,7,0,9,0.0,0.0004667483062378269,0.10694640576508883
SUNRISE PHARMACY #6972 (NM),retailer,22891.0,0.0,7,0,9,0.0,0.0004666910768965767,0.1069323678369434
MAIN STREET PHARMACY #1955 (GA),retailer,24459.0,0.0,7,0,9,0.0,0.0004665805812077612,0.10690526407327802
VILLAGE PHARMACY #4459 (DE),retailer,22693.0,0.0,7,0,8,0.0,0.00046652183979601063,0.10689085524558052
CORNER DRUG STORE #7916 (MO),retailer,24917.0,0.0,7,0,9,0.0,0.0004665047976241923,0.10688667492866263
PEOPLES PHARMACY #9356 (IA),retailer,24287.0,0.0,7,0,10,0.0,0.00046637295710906176,0.10685433543920447
VILLAGE PHARMACY #2453 (AK),retailer,22637.0,0.0,7,0,8,0.0,0.00046637071118521453,0.10685378453093088
CVS PHARMACY #1671 (HI),retailer,23659.0,0.0,7,0,7,0.0,0.0004663217137605606,0.10684176583018093
GOOD NEIGHBOR PHARMACY #7042 (MT),retailer,23395.0,0.0,7,0,9,0.0,0.0004662205584269739,0.10681695318559345
MEDICO PHARMACY #4239 (VT),retailer,23225.0,0.0,7,0,10,0.0,0.00046620396900295437,0.10681288392431466
HOMETOWN PHARMACY #1142 (NE),retailer,21782.0,0.0,7,0,12,0.0,0.0004661783383155252,0.10680659690893779
HOMETOWN PHARMACY #6366 (WA),retailer,23266.0,0.0,7,0,8,0.0,0.0004660641797656156,0.10677859467292024
SUNRISE PHARMACY #6929 (SC),retailer,22978.0,0.0,7,0,9,0.0,0.00046603917530515496,0.10677246126632156
HARRIS TEETER PHARMACY #1338 (NH),retailer,23579.0,0.0,7,0,7,0.0,0.00046599578981783995,0.10676181913170708
HARRIS TEETER PHARMACY #1609 (WY),retailer,23257.0,0.0,7,0,9,0.0,0.0004659914024241068,0.1067607429369331
CORNER DRUG STORE #9828 (AR),retailer,23051.0,0.0,7,0,8,0.0,0.00046590530578425823,0.10673962407696803
PEOPLES PHARMACY #4323 (WY),retailer,22348.0,0.0,7,0,9,0.0,0.0004658668356814249,0.10673018764929781
RITE AID #8098 (HI),retailer,22362.0,0.0,7,0,8,0.0,0.0004657426808421315,0.10669973339847413
HEALTH MART PHARMACY #9423 (WY),retailer,22585.0,0.0,7,0,13,0.0,0.00046570771666824904,0.10669115694887846
WINN-DIXIE PHARMACY #4662 (VT),retailer,22097.0,0.0,7,0,9,0.0,0.00046568528524223865,0.10668565468833073
VILLAGE PHARMACY #1824 (WA),retailer,21882.0,0.0,7,0,7,0.0,0.00046561400330735053,0.10666816976437099
FAMILY CARE PHARMACY #9927 (AK),retailer,22053.0,0.0,7,0,10,0.0,0.000465517965639832,0.10664461244488367
HOMETOWN PHARMACY #6803 (CA),retailer,21906.0,0.0,7,0,9,0.0,0.000465342308019322,0.1066015249481373
KROGER PHARMACY #7324 (ID),retailer,23027.0,0.0,7,0,9,0.0,0.0004643239149145709,0.10635172075825867
QUALITY CARE PHARMACY #7711 (IA),retailer,15355.0,0.0,7,0,13,0.0,0.0004637365438269492,0.10620764303619151
SUNRISE PHARMACY #5636 (TX),retailer,15070.0,0.0,7,0,10,0.0,0.0004634052101696694,0.10612636937531325
MEDICO PHARMACY #3872 (CT),retailer,11798.0,0.0,7,0,9,0.0,0.0004627861651549241,0.10597452227650102
CORNER DRUG STORE #8392 (NM),retailer,12808.0,0.0,7,0,9,0.0,0.0004627719222859784,0.1059710286075809
MEDICO PHARMACY #2444 (MN),retailer,11931.0,0.0,7,0,8,0.0,0.0004625536371134208,0.10591748489205605
PEOPLES PHARMACY #3168 (MT),retailer,13970.0,0.0,7,0,10,0.0,0.00046239150432781425,0.10587771493586501
RITE AID #9075 (AR),retailer,10686.0,0.0,7,0,10,0.0,0.00046219323868112387,0.10582908185987383
VILLAGE PHARMACY #3551 (WY),retailer,10812.0,0.0,7,0,9,0.0,0.0004621701999303289,0.10582343062711184
HOMETOWN PHARMACY #5957 (IA),retailer,10203.0,0.0,7,0,7,0.0,0.0004620143065030147,0.10578519113871003
HARRIS TEETER PHARMACY #6415 (MD),retailer,8970.0,0.0,7,0,10,0.0,0.0004616819183071753,0.10570365880743293
HOMETOWN PHARMACY #4042 (MN),retailer,9017.0,0.0,7,0,9,0.0,0.00046166457430909613,0.10569940445479718
GOOD NEIGHBOR PHARMACY #6452 (TX),retailer,9021.0,0.0,7,0,8,0.0,0.00046157210579769617,0.1056767226225344
GOOD NEIGHBOR PHARMACY #7650 (AL),retailer,8302.0,0.0,7,0,11,0.0,0.00046146198362378765,0.10564971047927404
HEALTH MART PHARMACY #5407 (IA),retailer,7825.0,0.0,7,0,9,0.0,0.0004614609355608327,0.10564945339729247
WALGREENS #1562 (NH),retailer,7936.0,0.0,7,0,10,0.0,0.0004614357631342542,0.10564327878986494
SUNRISE PHARMACY #5493 (IA),retailer,8065.0,0.0,7,0,9,0.0,0.0004613728764240795,0.10562785315155689
QUALITY CARE PHARMACY #6273 (HI),retailer,7387.0,0.0,7,0,7,0.0,0.0004613295586126921,0.10561722761733983
QUALITY CARE PHARMACY #3730 (WA),retailer,7536.0,0.0,7,0,8,0.0,0.0004613075154546689,0.10561182059601706
QUALITY CARE PHARMACY #9369 (SD),retailer,8474.0,0.0,7,0,12,0.0,0.00046123053270219385,0.10559293730426367
QUALITY CARE PHARMACY #9387 (IA),retailer,7177.0,0.0,7,0,11,0.0,0.00046115591090889913,0.10557463313808824
CVS PHARMACY #9428 (AK),retailer,7401.0,0.0,7,0,10,0.0,0.0004611484868923882,0.10557281208252384
KROGER PHARMACY #8886 (NH),retailer,7162.0,0.0,7,0,14,0.0,0.0004611433607241855,0.10557155467191384
HOMETOWN PHARMACY #9525 (SC),retailer,7395.0,0.0,7,0,10,0.0,0.000461117213287936,0.10556514090192734
WALMART PHARMACY #2988 (IA),retailer,6770.0,0.0,7,0,8,0.0,0.0004610533115277224,0.10554946627945838
PEOPLES PHARMACY #2691 (IA),retailer,7306.0,0.0,7,0,11,0.0,0.00046103867550365707,0.10554587617253637
QUALITY CARE PHARMACY #5531 (MN),retailer,6644.0,0.0,7,0,9,0.0,0.0004609849430317376,0.10553269600020862
WALMART PHARMACY #5415 (IA),retailer,6962.0,0.0,7,0,9,0.0,0.00046097426626799025,0.10553007707014518
COMMUNITY PHARMACY #6495 (IA),retailer,6696.0,0.0,7,0,9,0.0,0.0004609672686162046,0.10552836059864983
CORNER DRUG STORE #1371 (NM),retailer,6638.0,0.0,7,0,10,0.0,0.00046094702530555595,0.10552339506638782
VILLAGE PHARMACY #3493 (AK),retailer,6728.0,0.0,7,0,9,0.0,0.0004609326917515755,0.10551987915310888
WALGREENS #6189 (OK),retailer,6535.0,0.0,7,0,10,0.0,0.0004609306939094993,0.10551938909743293
RITE AID #9212 (MO),retailer,6084.0,0.0,7,0,9,0.0,0.000460926627022075,0.10551839152045246
WALGREENS #4548 (IA),retailer,6690.0,0.0,7,0,10,0.0,0.00046091175535542176,0.10551474361217114
MAIN STREET PHARMACY #3493 (MD),retailer,7191.0,0.0,7,0,11,0.0,0.0004608768649558909,0.10550618525887055
MAIN STREET PHARMACY #4380 (MN),retailer,6504.0,0.0,7,0,8,0.0,0.0004608519051239289,0.10550006279930785
MEDICO PHARMACY #7839 (AR),retailer,6303.0,0.0,7,0,13,0.0,0.00046082595659126507,0.10549369781887899
MEDICO PHARMACY #8540 (DE),retailer,6188.0,0.0,7,0,9,0.0,0.00046076295702442876,0.10547824449767834
PEOPLES PHARMACY #4802 (SD),retailer,6540.0,0.0,7,0,7,0.0,0.0004607555036595426,0.10547641624317762
CVS PHARMACY #1434 (NV),retailer,6020.0,0.0,7,0,10,0.0,0.00046075037514756905,0.10547515825765823
PEOPLES PHARMACY #6983 (AZ),retailer,6494.0,0.0,7,0,9,0.0,0.0004607382276209514,0.10547217856049454
MEDICO PHARMACY #9746 (VT),retailer,5918.0,0.0,7,0,10,0.0,0.00046068863507191845,0.1054600138801983
WINN-DIXIE PHARMACY #1778 (OK),retailer,6801.0,0.0,7,0,12,0.0,0.00046067517438913683,0.10545671207567724
CVS PHARMACY #9041 (MS),retailer,5560.0,0.0,7,0,11,0.0,0.0004606036038783521,0.10543915636621458
HARRIS TEETER PHARMACY #8263 (GA),retailer,5292.0,0.0,7,0,9,0.0,0.0004605407886287641,0.10542374825665242
CVS PHARMACY #2572 (VT),retailer,5565.0,0.0,7,0,9,0.0,0.0004605277627042555,0.10542055309507474
CVS PHARMACY #7210 (MO),retailer,5920.0,0.0,7,0,8,0.0,0.00046052762225106726,0.10542051864296116
VILLAGE PHARMACY #2732 (TX),retailer,5366.0,0.0,7,0,10,0.0,0.0004605259580643308,0.10542011043043738
HARRIS TEETER PHARMACY #3466 (ND),retailer,5083.0,0.0,7,0,9,0.0,0.0004605010585159243,0.10541400275797866
QUALITY CARE PHARMACY #5118 (MD),retailer,5243.0,0.0,7,0,8,0.0,0.00046048581472032604,0.10541026356925838
HEALTH MART PHARMACY #4598 (NV),retailer,5284.0,0.0,7,0,10,0.0,0.0004604638726159734,0.105404881335643
HOMETOWN PHARMACY #9978 (MA),retailer,5307.0,0.0,7,0,10,0.0,0.00046045370890067145,0.10540238825251498
WALMART PHARMACY #6565 (SC),retailer,4890.0,0.0,7,0,10,0.0,0.00046042302745203853,0.10539486232329935
WALMART PHARMACY #6210 (MT),retailer,4851.0,0.0,7,0,8,0.0,0.0004603834980927143,0.10538516606795714
QUALITY CARE PHARMACY #5940 (HI),retailer,4753.0,0.0,7,0,9,0.0,0.0004603786939031024,0.10538398763628039
GOOD NEIGHBOR PHARMACY #9997 (IA),retailer,4745.0,0.0,7,0,9,0.0,0.0004603675327564749,0.10538124989072968
PUBLIX PHARMACY #7790 (VT),retailer,4813.0,0.0,7,0,8,0.0,0.00046036508240457434,0.10538064883778796
PUBLIX PHARMACY #9531 (IA),retailer,4696.0,0.0,7,0,8,0.0,0.0004603622452715109,0.10537995291032815
COMMUNITY PHARMACY #9030 (GA),retailer,4867.0,0.0,7,0,9,0.0,0.0004603448636910001,0.1053756893390038
RITE AID #1688 (CO),retailer,4645.0,0.0,7,0,9,0.0,0.00046033785131479156,0.10537396925571797
CORNER DRUG STORE #6039 (NH),retailer,4843.0,0.0,7,0,8,0.0,0.0004603322389750445,0.1053725925908748
GOOD NEIGHBOR PHARMACY #3185 (WY),retailer,4700.0,0.0,7,0,10,0.0,0.0004603302935627116,0.1053721153958216
MAIN STREET PHARMACY #9253 (MO),retailer,4722.0,0.0,7,0,11,0.0,0.00046031281573442043,0.10536782821563868
QUALITY CARE PHARMACY #3505 (MN),retailer,4658.0,0.0,7,0,8,0.0,0.0004602972618800164,0.10536401297181902
VILLAGE PHARMACY #3118 (WA),retailer,4539.0,0.0,7,0,9,0.0,0.000460262652462332,0.1053555235412578
PUBLIX PHARMACY #8593 (NM),retailer,4634.0,0.0,7,0,11,0.0,0.0004602512324724533,0.10535272230339908
CVS PHARMACY #7950 (GA),retailer,4516.0,0.0,7,0,8,0.0,0.0004602481687927608,0.10535197080575043
WINN-DIXIE PHARMACY #8641 (RI),retailer,4456.0,0.0,7,0,10,0.0,0.0004602360826367481,0.10534900616233579
PUBLIX PHARMACY #4110 (AL),retailer,4463.0,0.0,7,0,10,0.0,0.0004602217265864296,0.10534548473087388
CVS PHARMACY #7614 (TX),retailer,4387.0,0.0,7,0,9,0.0,0.00046021042547196784,0.1053427126522633
SUNRISE PHARMACY #8780 (OR),retailer,4284.0,0.0,7,0,8,0.0,0.00046019945908760057,0.10534002268043417
QUALITY CARE PHARMACY #4967 (SD),retailer,4313.0,0.0,7,0,10,0.0,0.0004601971723051024,0.10533946174983996
WALGREENS #1336 (ID),retailer,4502.0,0.0,7,0,10,0.0,0.0004601943127154736,0.1053387603139531
FAMILY CARE PHARMACY #3692 (MD),retailer,4408.0,0.0,7,0,8,0.0,0.0004601838405983202,0.10533619158216415
VILLAGE PHARMACY #9805 (MO),retailer,4151.0,0.0,7,0,11,0.0,0.0004601836946198038,0.10533615577472903
PUBLIX PHARMACY #5797 (OR),retailer,4203.0,0.0,7,0,10,0.0,0.0004601799936616367,0.10533524795745061
CORNER DRUG STORE #5761 (HI),retailer,4414.0,0.0,7,0,10,0.0,0.00046016578192859426,0.10533176192593402
KROGER PHARMACY #7625 (MD),retailer,4204.0,0.0,7,0,9,0.0,0.0004601520971414804,0.10532840515030122
VILLAGE PHARMACY #5864 (MD),retailer,4085.0,0.0,7,0,11,0.0,0.0004601356024745966,0.10532435913223709
QUALITY CARE PHARMACY #5859 (MN),retailer,4055.0,0.0,7,0,9,0.0,0.00046012902471357503,0.10532274565679667
WINN-DIXIE PHARMACY #4030 (MO),retailer,3867.0,0.0,7,0,9,0.0,0.00046012682269736693,0.1053222055187376
COMMUNITY PHARMACY #3304 (VT),retailer,4064.0,0.0,7,0,8,0.0,0.00046011905562186225,0.10532030031337523
FAMILY CARE PHARMACY #8648 (HI),retailer,3915.0,0.0,7,0,8,0.0,0.00046011054596036336,0.10531821295723844
PEOPLES PHARMACY #5509 (MN),retailer,3847.0,0.0,7,0,8,0.0,0.0004601077715007627,0.10531753240310894
WALMART PHARMACY #1902 (AR),retailer,3902.0,0.0,7,0,8,0.0,0.0004601029290125668,0.1053163445770768
WALMART PHARMACY #1775 (WY),retailer,4203.0,0.0,7,0,7,0.0,0.0004600914840249788,0.10531353720746751
SUNRISE PHARMACY #7353 (GA),retailer,3979.0,0.0,7,0,9,0.0,0.0004600865348045621,0.10531232320082216
GOOD NEIGHBOR PHARMACY #1123 (MD),retailer,3896.0,0.0,7,0,8,0.0,0.00046008354230274933,0.10531158916257352
WINN-DIXIE PHARMACY #4497 (AZ),retailer,3955.0,0.0,7,0,10,0.0,0.00046006065649968343,0.10530597544674225
FAMILY CARE PHARMACY #8150 (UT),retailer,3852.0,0.0,7,0,10,0.0,0.00046005373297256446,0.10530427715747165
RITE AID #6858 (AK),retailer,3953.0,0.0,7,0,7,0.0,0.000460050642728586,0.1053035191438029
HEALTH MART PHARMACY #9522 (AZ),retailer,4058.0,0.0,7,0,9,0.0,0.00046003661916048323,0.10530007926773463
WINN-DIXIE PHARMACY #3650 (MT),retailer,3500.0,0.0,7,0,9,0.0,0.00046002322606141286,0.10529679404099102
HOMETOWN PHARMACY #3982 (MO),retailer,3969.0,0.0,7,0,9,0.0,0.0004600227519951027,0.105296677756081
WALMART PHARMACY #1998 (VT),retailer,3572.0,0.0,7,0,8,0.0,0.00046000542014821547,0.10529242638404149
RITE AID #7348 (UT),retailer,3729.0,0.0,7,0,11,0.0,0.0004600016380405004,0.10529149866138764
WALMART PHARMACY #8865 (HI),retailer,3576.0,0.0,7,0,9,0.0,0.00045999217460530634,0.10528917735171744
PEOPLES PHARMACY #5301 (NH),retailer,3628.0,0.0,7,0,8,0.0,0.0004599595547288642,0.10528117594069988
KROGER PHARMACY #5584 (MN),retailer,3562.0,0.0,7,0,11,0.0,0.0004599546825627104,0.10527998083488727
CORNER DRUG STORE #6467 (NY),retailer,3488.0,0.0,7,0,10,0.0,0.0004599499413726685,0.1052788178565325
CORNER DRUG STORE #5189 (WY),retailer,3476.0,0.0,7,0,9,0.0,0.0004599494846206639,0.10527870581869175
MAIN STREET PHARMACY #5887 (SC),retailer,3674.0,0.0,7,0,8,0.0,0.0004599492440081279,0.10527864679824145
PEOPLES PHARMACY #1530 (NM),retailer,3536.0,0.0,7,0,7,0.0,0.0004599454396135682,0.10527771360879179
MEDICO PHARMACY #5268 (VT),retailer,3600.0,0.0,7,0,8,0.0,0.00045993973216021264,0.10527631361329387
COMMUNITY PHARMACY #9371 (TX),retailer,3461.0,0.0,7,0,8,0.0,0.0004599025738408375,0.10526719895626659
CORNER DRUG STORE #5475 (IA),retailer,3478.0,0.0,7,0,7,0.0,0.00045989127511409804,0.10526442746334637
HARRIS TEETER PHARMACY #8462 (AZ),retailer,3471.0,0.0,7,0,8,0.0,0.0004598860640613993,0.10526314923120621
CORNER DRUG STORE #8519 (AK),retailer,3417.0,0.0,7,0,8,0.0,0.00045988327298036456,0.10526246459996359
COMMUNITY PHARMACY #4319 (AR),retailer,3580.0,0.0,7,0,11,0.0,0.00045987551067406624,0.10526056056445177
PEOPLES PHARMACY #9692 (CO),retailer,3273.0,0.0,7,0,11,0.0,0.0004598751785278693,0.10526047909148101
HEALTH MART PHARMACY #4339 (AZ),retailer,3774.0,0.0,7,0,10,0.0,0.00045987515525442623,0.10526047338267999
MAIN STREET PHARMACY #6920 (MO),retailer,3076.0,0.0,7,0,9,0.0,0.0004598618638040083,0.10525721308958838
VILLAGE PHARMACY #3562 (IA),retailer,3330.0,0.0,7,0,7,0.0,0.0004598554105168713,0.1052556301466582
WALGREENS #3305 (IA),retailer,3174.0,0.0,7,0,8,0.0,0.00045984004619990717,0.10525186139495087
VILLAGE PHARMACY #6857 (IA),retailer,3051.0,0.0,7,0,8,0.0,0.00045983699730652635,0.10525111352427356
GOOD NEIGHBOR PHARMACY #9924 (IA),retailer,3300.0,0.0,7,0,9,0.0,0.00045983626022202403,0.10525093272297383
MAIN STREET PHARMACY #7953 (AZ),retailer,3279.0,0.0,7,0,7,0.0,0.00045983279857430973,0.10525008360675449
WINN-DIXIE PHARMACY #6539 (NH),retailer,3215.0,0.0,7,0,9,0.0,0.0004598301086677436,0.10524942379285014
PUBLIX PHARMACY #7801 (ME),retailer,3138.0,0.0,7,0,10,0.0,0.00045982682269260744,0.10524861776779654
HOMETOWN PHARMACY #6267 (ME),retailer,3072.0,0.0,7,0,9,0.0,0.0004598231212868359,0.10524770984072412
KROGER PHARMACY #6432 (NH),retailer,3059.0,0.0,7,0,11,0.0,0.000459810932354639,0.10524471998708239
WALMART PHARMACY #6498 (AK),retailer,2965.0,0.0,7,0,8,0.0,0.0004598076442712173,0.10524391344488215
COMMUNITY PHARMACY #3509 (MD),retailer,3203.0,0.0,7,0,8,0.0,0.0004598064667334362,0.10524362460369688
WALGREENS #3744 (MD),retailer,3173.0,0.0,7,0,9,0.0,0.0004598049982223578,0.1052432643889443
KROGER PHARMACY #9976 (WY),retailer,3089.0,0.0,7,0,7,0.0,0.00045980485108027414,0.10524322829609485
MAIN STREET PHARMACY #7706 (AK),retailer,3019.0,0.0,7,0,8,0.0,0.0004598025435022691,0.1052426622645188
WALGREENS #1527 (SD),retailer,3071.0,0.0,7,0,8,0.0,0.0004597857626308613,0.10523854604263165
MEDICO PHARMACY #2378 (MD),retailer,3072.0,0.0,7,0,7,0.0,0.0004597853922249534,0.10523845518484078
VILLAGE PHARMACY #7028 (AR),retailer,2866.0,0.0,7,0,8,0.0,0.0004597824592166942,0.10523773573991456
SUNRISE PHARMACY #1626 (MN),retailer,3213.0,0.0,7,0,9,0.0,0.0004597656884592641,0.1052336219989103
COMMUNITY PHARMACY #4168 (ME),retailer,3128.0,0.0,7,0,8,0.0,0.0004597617184516445,0.10523264818581927
WALMART PHARMACY #6813 (SD),retailer,3045.0,0.0,7,0,10,0.0,0.00045975662709339356,0.10523139931382934
HEALTH MART PHARMACY #9064 (MN),retailer,3053.0,0.0,7,0,9,0.0,0.0004597486188501249,0.10522943495182341
FAMILY CARE PHARMACY #6476 (AR),retailer,2885.0,0.0,7,0,9,0.0,0.000459743070649426,0.10522807401980766
HARRIS TEETER PHARMACY #2205 (IA),retailer,3241.0,0.0,7,0,8,0.0,0.00045974148161517136,0.10522768424162394
QUALITY CARE PHARMACY #6882 (CA),retailer,2979.0,0.0,7,0,9,0.0,0.0004597384241383608,0.1052269342654957
CVS PHARMACY #2118 (GA),retailer,3149.0,0.0,7,0,7,0.0,0.00045973839528627003,0.10522692718829425
WALGREENS #7396 (VT),retailer,2714.0,0.0,7,0,7,0.0,0.00045972793806236834,0.10522436210970823
QUALITY CARE PHARMACY #7585 (ID),retailer,3150.0,0.0,7,0,10,0.0,0.0004597139095131976,0.10522092101182136
RITE AID #8853 (MD),retailer,2756.0,0.0,7,0,8,0.0,0.0004596900751286271,0.1052150746160621
WALMART PHARMACY #5916 (AK),retailer,2567.0,0.0,7,0,9,0.0,0.000459662940718996,0.10520841874890811
SUNRISE PHARMACY #6210 (NH),retailer,2628.0,0.0,7,0,7,0.0,0.000459653097191839,0.1052060042055304
GOOD NEIGHBOR PHARMACY #1568 (VT),retailer,2446.0,0.0,7,0,8,0.0,0.0004596426973175337,0.10520345319437022
WALGREENS #6001 (TX),retailer,2572.0,0.0,7,0,7,0.0,0.0004596426077175459,0.10520343121616527
QUALITY CARE PHARMACY #8571 (NV),retailer,2584.0,0.0,7,0,8,0.0,0.0004596392003473464,0.10520259541381317
WALMART PHARMACY #9083 (WA),retailer,2582.0,0.0,7,0,8,0.0,0.00045962489733181275,0.10519908699138619
WALGREENS #6321 (HI),retailer,2592.0,0.0,7,0,8,0.0,0.0004596152570605368,0.10519672230515151
WINN-DIXIE PHARMACY #3428 (NH),retailer,2664.0,0.0,7,0,8,0.0,0.00045959810048361473,0.1051925139255198
CVS PHARMACY #2813 (CO),retailer,2385.0,0.0,7,0,8,0.0,0.0004595906807332611,0.10519069391641178
RITE AID #2662 (GA),retailer,2439.0,0.0,7,0,7,0.0,0.00045958228444179146,0.1051886343690928
HARRIS TEETER PHARMACY #2715 (SD),retailer,2387.0,0.0,7,0,9,0.0,0.000459581546458283,0.10518845334727361
WALGREENS #1879 (VT),retailer,2437.0,0.0,7,0,9,0.0,0.0004595693823136793,0.10518546957384259
HOMETOWN PHARMACY #7940 (AK),retailer,2311.0,0.0,7,0,8,0.0,0.00045956488942760067,0.10518436750258753
KROGER PHARMACY #2810 (MT),retailer,2188.0,0.0,7,0,9,0.0,0.0004595297720464888,0.10517575347240765
WALMART PHARMACY #3050 (MD),retailer,2612.0,0.0,7,0,10,0.0,0.0004595216343710349,0.10517375736165752
CORNER DRUG STORE #1737 (MS),retailer,2241.0,0.0,7,0,9,0.0,0.00045952020857262927,0.10517340762400318
CVS PHARMACY #3117 (AZ),retailer,2088.0,0.0,7,0,9,0.0,0.0004595108344128399,0.10517110821292013
GOOD NEIGHBOR PHARMACY #6959 (AZ),retailer,2062.0,0.0,7,0,8,0.0,0.00045949005438793107,0.10516601102867586
KROGER PHARMACY #4294 (TX),retailer,2106.0,0.0,7,0,9,0.0,0.0004594851454584908,0.10516480690510482
FAMILY CARE PHARMACY #8858 (NH),retailer,2024.0,0.0,7,0,9,0.0,0.0004594663487552903,0.1051601962147992
GOOD NEIGHBOR PHARMACY #9998 (DE),retailer,1958.0,0.0,7,0,7,0.0,0.0004594613087358764,0.10515895993584093
GOOD NEIGHBOR PHARMACY #5885 (GA),retailer,2015.0,0.0,7,0,8,0.0,0.00045944055365801096,0.10515386887091928
WALGREENS #2534 (AK),retailer,1973.0,0.0,7,0,10,0.0,0.00045942005917673983,0.10514884172838755
HOMETOWN PHARMACY #7107 (WY),retailer,1845.0,0.0,7,0,8,0.0,0.00045941529521035005,0.10514767316316548
PEOPLES PHARMACY #3486 (MS),retailer,1966.0,0.0,7,0,7,0.0,0.00045941384011613425,0.10514731623946864
CORNER DRUG STORE #7798 (VT),retailer,1869.0,0.0,7,0,8,0.0,0.00045941318104019807,0.10514715457308507
MEDICO PHARMACY #6344 (MA),retailer,2003.0,0.0,7,0,8,0.0,0.00045940898329507304,0.10514612489769216
GOOD NEIGHBOR PHARMACY #4408 (IA),retailer,2083.0,0.0,7,0,7,0.0,0.0004593994101023141,0.10514377666531456
FAMILY CARE PHARMACY #3933 (MO),retailer,1782.0,0.0,7,0,7,0.0,0.0004593889328070281,0.10514120666336853
MAIN STREET PHARMACY #8562 (MO),retailer,1814.0,0.0,7,0,7,0.0,0.0004593840803178545,0.10514001638417157
CVS PHARMACY #8191 (VT),retailer,1855.0,0.0,7,0,8,0.0,0.00045937694709778545,0.10513826665879317
WALGREENS #8803 (MD),retailer,1746.0,0.0,7,0,8,0.0,0.00045937440952779603,0.10513764421190845
SUNRISE PHARMACY #6582 (GA),retailer,1756.0,0.0,7,0,9,0.0,0.00045937394377070005,0.10513752996518634
WALGREENS #8516 (MO),retailer,1933.0,0.0,7,0,8,0.0,0.0004593723221319998,0.10513713218937668
KROGER PHARMACY #2134 (MD),retailer,1641.0,0.0,7,0,8,0.0,0.0004593608128272375,0.10513430904324696
RITE AID #4531 (AK),retailer,1611.0,0.0,7,0,9,0.0,0.000459354530780919,0.10513276810440511
MEDICO PHARMACY #7458 (TX),retailer,1634.0,0.0,7,0,8,0.0,0.00045931985631371614,0.10512426271768494
PEOPLES PHARMACY #3971 (AK),retailer,1568.0,0.0,7,0,9,0.0,0.0004593069646950097,0.1051211005003131
QUALITY CARE PHARMACY #9181 (NM),retailer,1498.0,0.0,7,0,9,0.0,0.00045929163428680864,0.10511734006617102
FAMILY CARE PHARMACY #9533 (UT),retailer,1538.0,0.0,7,0,8,0.0,0.00045929092980944293,0.10511716726315733
PUBLIX PHARMACY #6344 (VT),retailer,1584.0,0.0,7,0,7,0.0,0.00045928850592246286,0.1051165727018621
PEOPLES PHARMACY #1060 (VT),retailer,1492.0,0.0,7,0,9,0.0,0.00045928310399863506,0.10511524765046565
RITE AID #9599 (MO),retailer,1109.0,0.0,7,0,8,0.0,0.00045915777015997466,0.10508450419994063
GOOD NEIGHBOR PHARMACY #2517 (AK),retailer,668.0,0.0,7,0,7,0.0,0.00045902633529353677,0.1050522642130641
PEOPLES PHARMACY #3065 (MT),retailer,697.0,0.0,7,0,7,0.0,0.0004590238961033747,0.10505166589801311
GOOD NEIGHBOR PHARMACY #2219 (NM),retailer,56583.0,0.0,6,0,8,0.0,0.000475778581146773,0.09416146446712662
RITE AID #7819 (CA),retailer,42009.0,0.0,6,0,7,0.0,0.00047186051280334753,0.09320039169095377
WALGREENS #8617 (GA),retailer,28542.0,0.0,6,0,9,0.0,0.0004684244879900501,0.0923575605770311
VILLAGE PHARMACY #8600 (HI),retailer,25700.0,0.0,6,0,8,0.0,0.0004675180338680234,0.09213521417998792
KROGER PHARMACY #7026 (MS),retailer,25958.0,0.0,6,0,8,0.0,0.0004667625261060708,0.09194989379285932
WALGREENS #4628 (WA),retailer,22894.0,0.0,6,0,8,0.0,0.000466720897453256,0.09193968259657016
HARRIS TEETER PHARMACY #6503 (MO),retailer,24771.0,0.0,6,0,7,0.0,0.0004666577500663425,0.09192419301621335
PUBLIX PHARMACY #6189 (IA),retailer,23663.0,0.0,6,0,9,0.0,0.0004665569671015619,0.09189947171090096
WALGREENS #9103 (IA),retailer,23924.0,0.0,6,0,6,0.0,0.00046624022720562897,0.09182177779021687
FAMILY CARE PHARMACY #3942 (NM),retailer,23611.0,0.0,6,0,10,0.0,0.0004660632300289771,0.09177836171039656
WINN-DIXIE PHARMACY #2750 (NM),retailer,23179.0,0.0,6,0,6,0.0,0.00046599149640996795,0.09176076599170989
MAIN STREET PHARMACY #6568 (HI),retailer,22399.0,0.0,6,0,8,0.0,0.00046590106187764966,0.09173858307925946
SUNRISE PHARMACY #4396 (HI),retailer,22019.0,0.0,6,0,8,0.0,0.00046582900638277713,0.09172090840683782
WALMART PHARMACY #7726 (SD),retailer,22531.0,0.0,6,0,10,0.0,0.0004658064814705874,0.09171538321483151
PEOPLES PHARMACY #6526 (WA),retailer,27591.0,0.0,6,0,12,0.0,0.00046573862231500383,0.09169873787296175
VILLAGE PHARMACY #3294 (MD),retailer,21587.0,0.0,6,0,6,0.0,0.0004656196965309724,0.09166956627017196
CORNER DRUG STORE #1973 (TX),retailer,22306.0,0.0,6,0,6,0.0,0.00046560929672440256,0.09166701527562678
HOMETOWN PHARMACY #5447 (MD),retailer,21636.0,0.0,6,0,6,0.0,0.00046539025790336635,0.09161328669578306
MEDICO PHARMACY #4957 (HI),retailer,21544.0,0.0,6,0,9,0.0,0.00046530848979556283,0.09159322959226138
QUALITY CARE PHARMACY #5456 (WA),retailer,21452.0,0.0,6,0,6,0.0,0.0004652959700637608,0.09159015859595776
MEDICO PHARMACY #6092 (NY),retailer,13792.0,0.0,6,0,8,0.0,0.00046352673558570446,0.09115617864908433
WINN-DIXIE PHARMACY #6849 (MD),retailer,13690.0,0.0,6,0,8,0.0,0.0004630810954192172,0.09104686645888256
FAMILY CARE PHARMACY #4495 (MO),retailer,12253.0,0.0,6,0,7,0.0,0.0004626438894827583,0.09093962312204366
SUNRISE PHARMACY #3285 (MN),retailer,11718.0,0.0,6,0,7,0.0,0.0004625841711585858,0.09092497466505664
MEDICO PHARMACY #1923 (IA),retailer,10331.0,0.0,6,0,8,0.0,0.0004620182624679357,0.09078616150798244
MAIN STREET PHARMACY #9107 (MO),retailer,9277.0,0.0,6,0,7,0.0,0.00046173813383812304,0.09071744805626551
GOOD NEIGHBOR PHARMACY #7898 (NM),retailer,9237.0,0.0,6,0,7,0.0,0.0004616926943256384,0.09070630208468368
WALMART PHARMACY #9392 (NM),retailer,9108.0,0.0,6,0,9,0.0,0.00046152823761042505,0.09066596208599131
MAIN STREET PHARMACY #4451 (TX),retailer,6746.0,0.0,6,0,6,0.0,0.000461083831495457,0.0905569525993709
CVS PHARMACY #5592 (MT),retailer,7096.0,0.0,6,0,8,0.0,0.0004610043719392637,0.09053746176624332
WALMART PHARMACY #7964 (GA),retailer,7135.0,0.0,6,0,7,0.0,0.0004609705967693583,0.09052917697040479
HARRIS TEETER PHARMACY #3530 (HI),retailer,6828.0,0.0,6,0,10,0.0,0.00046096619344578147,0.09052809686815963
COMMUNITY PHARMACY #8157 (GA),retailer,6731.0,0.0,6,0,6,0.0,0.0004609397301663475,0.09052160562420905
SUNRISE PHARMACY #6286 (AZ),retailer,6346.0,0.0,6,0,7,0.0,0.0004608488862367441,0.09049932228967537
QUALITY CARE PHARMACY #8443 (AZ),retailer,6065.0,0.0,6,0,7,0.0,0.0004608464701394872,0.0904987296391408
COMMUNITY PHARMACY #4456 (HI),retailer,6349.0,0.0,6,0,7,0.0,0.00046079074305987745,0.09048506020450768
WALMART PHARMACY #6144 (GA),retailer,6228.0,0.0,6,0,6,0.0,0.0004607740227694001,0.09048095884266838
GOOD NEIGHBOR PHARMACY #2829 (IA),retailer,6204.0,0.0,6,0,9,0.0,0.00046076407532248795,0.09047851880855419
CORNER DRUG STORE #7557 (TX),retailer,6183.0,0.0,6,0,8,0.0,0.0004607470979909563,0.09047435439647228
PUBLIX PHARMACY #4778 (AK),retailer,5941.0,0.0,6,0,9,0.0,0.00046073907377711576,0.09047238611700485
VILLAGE PHARMACY #4422 (MS),retailer,7166.0,0.0,6,0,7,0.0,0.0004607045742812027,0.09046392364942964
RITE AID #6846 (TX),retailer,5727.0,0.0,6,0,9,0.0,0.0004606465141331654,0.09044968193061101
WALGREENS #1766 (IA),retailer,5867.0,0.0,6,0,8,0.0,0.00046060630940375616,0.09043982001205274
QUALITY CARE PHARMACY #4971 (AZ),retailer,5718.0,0.0,6,0,9,0.0,0.0004605996434837012,0.09043818491186267
KROGER PHARMACY #4127 (WY),retailer,5196.0,0.0,6,0,9,0.0,0.000460536031218496,0.09042258130034785
COMMUNITY PHARMACY #6367 (UT),retailer,5053.0,0.0,6,0,8,0.0,0.0004605271925915259,0.09042041325144845
PEOPLES PHARMACY #2132 (MO),retailer,5169.0,0.0,6,0,7,0.0,0.00046050635617626395,0.09041530223507353
MAIN STREET PHARMACY #9957 (MN),retailer,5179.0,0.0,6,0,7,0.0,0.0004604984354428005,0.09041335933856644
HARRIS TEETER PHARMACY #6352 (IA),retailer,4905.0,0.0,6,0,7,0.0,0.0004604665426360219,0.09040553627228376
WALMART PHARMACY #3675 (TX),retailer,4979.0,0.0,6,0,8,0.0,0.00046037493900310985,0.09038306658822681
WINN-DIXIE PHARMACY #2725 (MO),retailer,5118.0,0.0,6,0,7,0.0,0.00046037244591324607,0.09038245505198328
CORNER DRUG STORE #6481 (MD),retailer,4554.0,0.0,6,0,7,0.0,0.00046033864048162804,0.09037416283317362
WINN-DIXIE PHARMACY #8102 (GA),retailer,4760.0,0.0,6,0,8,0.0,0.0004603348435310642,0.0903732314696803
VILLAGE PHARMACY #3411 (VT),retailer,4979.0,0.0,6,0,8,0.0,0.00046031489228367666,0.09036833757834556
MAIN STREET PHARMACY #4342 (VT),retailer,4596.0,0.0,6,0,8,0.0,0.0004603043128179772,0.09036574251476347
WALMART PHARMACY #9893 (RI),retailer,4519.0,0.0,6,0,6,0.0,0.0004603003492010638,0.09036477026926472
HOMETOWN PHARMACY #9978 (FL),retailer,4628.0,0.0,6,0,11,0.0,0.00046029828376432485,0.09036426363312498
MAIN STREET PHARMACY #1922 (VT),retailer,4578.0,0.0,6,0,8,0.0,0.00046027588633729317,0.09035876971227172
KROGER PHARMACY #4602 (WY),retailer,4340.0,0.0,6,0,8,0.0,0.00046026515296871524,0.09035613689746792
CORNER DRUG STORE #8030 (TX),retailer,4474.0,0.0,6,0,6,0.0,0.00046026058069765206,0.0903550153536716
WINN-DIXIE PHARMACY #3929 (HI),retailer,4503.0,0.0,6,0,6,0.0,0.0004602345906754099,0.09034864019616039
GOOD NEIGHBOR PHARMACY #3166 (NH),retailer,4672.0,0.0,6,0,8,0.0,0.000460222966117801,0.09034578877937187
WALGREENS #4605 (IA),retailer,4183.0,0.0,6,0,7,0.0,0.0004602068214974297,0.09034182862509164
QUALITY CARE PHARMACY #5369 (AK),retailer,4468.0,0.0,6,0,9,0.0,0.0004602004008503393,0.09034025368852007
CVS PHARMACY #2048 (GA),retailer,4429.0,0.0,6,0,6,0.0,0.0004601979705700634,0.09033965755899732
KROGER PHARMACY #5346 (MA),retailer,4100.0,0.0,6,0,8,0.0,0.00046016230387966114,0.09033090878736874
CORNER DRUG STORE #8413 (MA),retailer,4056.0,0.0,6,0,9,0.0,0.00046014573092955453,0.09032684356701721
HOMETOWN PHARMACY #5351 (TX),retailer,4065.0,0.0,6,0,10,0.0,0.0004601347686909524,0.09032415461211318
HOMETOWN PHARMACY #3383 (VT),retailer,3948.0,0.0,6,0,6,0.0,0.00046012848937715314,0.0903226143435378
VILLAGE PHARMACY #3423 (AK),retailer,3828.0,0.0,6,0,7,0.0,0.00046012584139718253,0.09032196481391287
PEOPLES PHARMACY #7819 (AK),retailer,3891.0,0.0,6,0,6,0.0,0.0004601017232322439,0.09031604880895786
HEALTH MART PHARMACY #9633 (FL),retailer,4193.0,0.0,6,0,9,0.0,0.00046009853122652033,0.09031526583389632
SUNRISE PHARMACY #6167 (AZ),retailer,4015.0,0.0,6,0,8,0.0,0.00046007478610010855,0.09030944133249388
FAMILY CARE PHARMACY #4054 (MO),retailer,3948.0,0.0,6,0,6,0.0,0.0004600660210798051,0.0903072913387577
CVS PHARMACY #2402 (NV),retailer,3754.0,0.0,6,0,10,0.0,0.0004600601064905007,0.09030584053436523
SUNRISE PHARMACY #4395 (WA),retailer,3928.0,0.0,6,0,7,0.0,0.00046004738529697585,0.09030272012101213
HEALTH MART PHARMACY #4887 (IA),retailer,3602.0,0.0,6,0,7,0.0,0.00046002269948688447,0.09029666487695892
PEOPLES PHARMACY #7931 (CA),retailer,4424.0,0.0,6,0,10,0.0,0.00046000190404262383,0.09029156391046331
WALMART PHARMACY #1514 (HI),retailer,3932.0,0.0,6,0,7,0.0,0.0004599628025108531,0.09028197259801095
MEDICO PHARMACY #7007 (WY),retailer,3944.0,0.0,6,0,8,0.0,0.00045994827243436425,0.09027840847923477
HARRIS TEETER PHARMACY #1274 (WA),retailer,4051.0,0.0,6,0,7,0.0,0.00045994074150971294,0.09027656119990543
RITE AID #4586 (MO),retailer,3673.0,0.0,6,0,8,0.0,0.0004599404819982582,0.0902764975436921
WINN-DIXIE PHARMACY #9579 (CO),retailer,3578.0,0.0,6,0,8,0.0,0.0004599208057878923,0.09027167111687578
SUNRISE PHARMACY #8418 (IA),retailer,3329.0,0.0,6,0,6,0.0,0.0004599163069685765,0.09027056759024216
WINN-DIXIE PHARMACY #7481 (NV),retailer,3499.0,0.0,6,0,9,0.0,0.000459914604862428,0.09027015007637101
PUBLIX PHARMACY #1683 (WA),retailer,3221.0,0.0,6,0,9,0.0,0.0004599016740442715,0.09026697824366811
HARRIS TEETER PHARMACY #4515 (HI),retailer,3090.0,0.0,6,0,7,0.0,0.0004598692069736309,0.0902590143147675
KROGER PHARMACY #1528 (NY),retailer,3331.0,0.0,6,0,7,0.0,0.0004598679797787863,0.09025871329307701
HOMETOWN PHARMACY #1799 (WA),retailer,3315.0,0.0,6,0,10,0.0,0.00045986443417229755,0.09025784358240005
WALMART PHARMACY #8760 (TX),retailer,3258.0,0.0,6,0,8,0.0,0.0004598612546322758,0.09025706366508167
SUNRISE PHARMACY #4273 (OR),retailer,3207.0,0.0,6,0,9,0.0,0.0004598550472959541,0.09025554105204166
QUALITY CARE PHARMACY #9347 (UT),retailer,3194.0,0.0,6,0,8,0.0,0.00045984678409710184,0.09025351415134342
CVS PHARMACY #2875 (GA),retailer,3294.0,0.0,6,0,7,0.0,0.0004598398861594466,0.09025182213897633
KROGER PHARMACY #2883 (MA),retailer,3190.0,0.0,6,0,8,0.0,0.0004598121669727936,0.09024502283040517
RITE AID #9460 (WA),retailer,3157.0,0.0,6,0,7,0.0,0.00045978595555229543,0.0902385933655624
MEDICO PHARMACY #4569 (IA),retailer,3069.0,0.0,6,0,9,0.0,0.0004597783411148819,0.09023672560117889
RITE AID #5935 (WA),retailer,2967.0,0.0,6,0,7,0.0,0.00045977590347260277,0.09023612766581197
KROGER PHARMACY #6796 (MS),retailer,3153.0,0.0,6,0,9,0.0,0.0004597753649266356,0.09023599556452573
WALMART PHARMACY #8317 (MO),retailer,3018.0,0.0,6,0,7,0.0,0.00045977237784560984,0.09023526285595547
RITE AID #6273 (NE),retailer,3051.0,0.0,6,0,7,0.0,0.0004597661955764437,0.0902337463917007
PUBLIX PHARMACY #3479 (AR),retailer,2998.0,0.0,6,0,9,0.0,0.0004597604713625368,0.09023234228496527
SUNRISE PHARMACY #2370 (AZ),retailer,2920.0,0.0,6,0,8,0.0,0.0004597529236822793,0.09023049089561139
MAIN STREET PHARMACY #1915 (AZ),retailer,2882.0,0.0,6,0,7,0.0,0.0004597522908838157,0.09023033567489475
VILLAGE PHARMACY #8476 (MD),retailer,2891.0,0.0,6,0,8,0.0,0.0004597470357162138,0.09022904662169971
PEOPLES PHARMACY #3633 (VT),retailer,2763.0,0.0,6,0,7,0.0,0.0004597325274113906,0.09022548784334983
WINN-DIXIE PHARMACY #5871 (CO),retailer,2777.0,0.0,6,0,10,0.0,0.0004597236731879763,0.09022331596875967
VILLAGE PHARMACY #8656 (TX),retailer,2892.0,0.0,6,0,8,0.0,0.0004597071648220103,0.0902192665904134
KROGER PHARMACY #7522 (GA),retailer,2654.0,0.0,6,0,7,0.0,0.0004597033172544702,0.09021832281095547
VILLAGE PHARMACY #9558 (MS),retailer,2825.0,0.0,6,0,6,0.0,0.00045970130398746527,0.09021782897166018
VILLAGE PHARMACY #4138 (MN),retailer,2792.0,0.0,6,0,6,0.0,0.00045969963730777393,0.09021742014763326
HEALTH MART PHARMACY #3463 (TX),retailer,2679.0,0.0,6,0,6,0.0,0.00045969682329353913,0.09021672989104869
HARRIS TEETER PHARMACY #8035 (WY),retailer,2740.0,0.0,6,0,7,0.0,0.0004596803243448584,0.09021268282269188
QUALITY CARE PHARMACY #9563 (GA),retailer,2584.0,0.0,6,0,6,0.0,0.0004596777320494881,0.09021204695208171
HARRIS TEETER PHARMACY #9075 (MD),retailer,2530.0,0.0,6,0,7,0.0,0.0004596722921290292,0.09021071258039665
PEOPLES PHARMACY #4981 (WY),retailer,2787.0,0.0,6,0,11,0.0,0.00045966840808074383,0.09020975985248554
WINN-DIXIE PHARMACY #7362 (HI),retailer,2650.0,0.0,6,0,9,0.0,0.0004596649937838411,0.0902089223510651
MEDICO PHARMACY #4572 (WA),retailer,2724.0,0.0,6,0,8,0.0,0.00045966138394448703,0.09020803688454807
SUNRISE PHARMACY #9064 (MN),retailer,2744.0,0.0,6,0,7,0.0,0.00045965338991553424,0.0902060760092072
WINN-DIXIE PHARMACY #5755 (MN),retailer,2611.0,0.0,6,0,8,0.0,0.00045965127074786417,0.09020555619327308
WINN-DIXIE PHARMACY #7920 (WA),retailer,2657.0,0.0,6,0,9,0.0,0.00045964807313766536,0.0902047718434758
WALGREENS #2542 (OR),retailer,2654.0,0.0,6,0,9,0.0,0.0004596425614296805,0.09020341986284909
CVS PHARMACY #9946 (WY),retailer,2580.0,0.0,6,0,8,0.0,0.0004596338820687383,0.09020129088071173
GOOD NEIGHBOR PHARMACY #9148 (MO),retailer,2812.0,0.0,6,0,7,0.0,0.0004596167866790603,0.09019709750985204
VILLAGE PHARMACY #4822 (WA),retailer,2396.0,0.0,6,0,6,0.0,0.00045960918131264164,0.09019523197051553
RITE AID #2098 (HI),retailer,2586.0,0.0,6,0,6,0.0,0.0004596091384732498,0.09019522146233404
MEDICO PHARMACY #6805 (MO),retailer,2627.0,0.0,6,0,9,0.0,0.000459607001467238,0.09019469727078851
COMMUNITY PHARMACY #6996 (MO),retailer,2441.0,0.0,6,0,7,0.0,0.00045960211208601943,0.09019349794224964
CVS PHARMACY #2363 (AZ),retailer,2516.0,0.0,6,0,6,0.0,0.000459592824893754,0.09019121986364788
RITE AID #9216 (HI),retailer,2322.0,0.0,6,0,7,0.0,0.0004595927187642598,0.09019119383087901
RITE AID #9003 (WA),retailer,2405.0,0.0,6,0,6,0.0,0.0004595693824096716,0.09018546959813878
WINN-DIXIE PHARMACY #8787 (DE),retailer,2356.0,0.0,6,0,8,0.0,0.00045956802440543106,0.09018513648988465
COMMUNITY PHARMACY #3057 (VT),retailer,2307.0,0.0,6,0,7,0.0,0.00045956210224584054,0.09018368382855775
CORNER DRUG STORE #6992 (CA),retailer,2213.0,0.0,6,0,8,0.0,0.00045955284974396736,0.09018141425924901
MEDICO PHARMACY #9758 (NM),retailer,2245.0,0.0,6,0,6,0.0,0.00045953302083091764,0.09017655037560972
KROGER PHARMACY #9281 (GA),retailer,2289.0,0.0,6,0,6,0.0,0.00045952220191816656,0.0901738965774619
WALMART PHARMACY #5438 (AK),retailer,2388.0,0.0,6,0,7,0.0,0.00045951901709650154,0.09017311536459603
CORNER DRUG STORE #9046 (AZ),retailer,2424.0,0.0,6,0,8,0.0,0.0004595100752482135,0.09017092199628159
MEDICO PHARMACY #3359 (WY),retailer,2227.0,0.0,6,0,6,0.0,0.00045950553057894246,0.09016980722299785
CORNER DRUG STORE #5511 (VT),retailer,2152.0,0.0,6,0,6,0.0,0.0004594949450056686,0.09016721066127356
KROGER PHARMACY #3014 (VT),retailer,2161.0,0.0,6,0,7,0.0,0.00045948706789455333,0.09016527846500126
CVS PHARMACY #3011 (GA),retailer,2067.0,0.0,6,0,7,0.0,0.0004594822269628403,0.09016409102076269
HOMETOWN PHARMACY #1595 (SD),retailer,2053.0,0.0,6,0,6,0.0,0.0004594757897171018,0.09016251201266724
WALMART PHARMACY #2304 (CA),retailer,1978.0,0.0,6,0,8,0.0,0.0004594692805331284,0.09016091535866236
MAIN STREET PHARMACY #5225 (WA),retailer,1990.0,0.0,6,0,6,0.0,0.0004594670854928551,0.09016037693174778
WINN-DIXIE PHARMACY #8098 (AZ),retailer,2067.0,0.0,6,0,6,0.0,0.00045946224339479634,0.09015918920141336
HOMETOWN PHARMACY #7685 (GA),retailer,2001.0,0.0,6,0,7,0.0,0.00045945761864844283,0.09015805478582192
RITE AID #4521 (MD),retailer,1951.0,0.0,6,0,7,0.0,0.00045945243739572934,0.09015678386339461
VILLAGE PHARMACY #7380 (MS),retailer,2286.0,0.0,6,0,7,0.0,0.0004594346670900109,0.09015242494069257
PEOPLES PHARMACY #6908 (AK),retailer,1857.0,0.0,6,0,7,0.0,0.00045942036560188713,0.09014891689292777
WALMART PHARMACY #6000 (VT),retailer,1906.0,0.0,6,0,9,0.0,0.0004594142081460287,0.09014740651519126
MEDICO PHARMACY #7617 (AK),retailer,2005.0,0.0,6,0,7,0.0,0.00045941384695767716,0.09014731791839782
RITE AID #2024 (CO),retailer,1857.0,0.0,6,0,8,0.0,0.00045940621191217166,0.09014544509900392
PEOPLES PHARMACY #3259 (MA),retailer,1923.0,0.0,6,0,8,0.0,0.00045940228082932044,0.09014448083386661
PUBLIX PHARMACY #3384 (MT),retailer,1899.0,0.0,6,0,7,0.0,0.0004594019944594609,0.09014441058948806
RITE AID #1051 (HI),retailer,1659.0,0.0,6,0,8,0.0,0.0004593574152066354,0.090133475633148
MAIN STREET PHARMACY #9320 (GA),retailer,1528.0,0.0,6,0,8,0.0,0.0004593355034283692,0.09012810083829417
WINN-DIXIE PHARMACY #8116 (AK),retailer,1782.0,0.0,6,0,7,0.0,0.0004593354015876046,0.09012807585751849
WALGREENS #3378 (GA),retailer,1629.0,0.0,6,0,6,0.0,0.0004593281142928108,0.09012628833876579
WALMART PHARMACY #7336 (CO),retailer,1568.0,0.0,6,0,6,0.0,0.00045932769735656365,0.0901261860674317
PUBLIX PHARMACY #7128 (GA),retailer,1559.0,0.0,6,0,6,0.0,0.00045931226784536315,0.0901224013240672
WALMART PHARMACY #6539 (CO),retailer,1523.0,0.0,6,0,6,0.0,0.0004592960798260195,0.09011843052434455
SUNRISE PHARMACY #9416 (VT),retailer,1419.0,0.0,6,0,6,0.0,0.00045929367004472564,0.09011783942306835
HARRIS TEETER PHARMACY #2691 (TX),retailer,1468.0,0.0,6,0,8,0.0,0.0004592900341045809,0.09011694755422314
CVS PHARMACY #5811 (MT),retailer,1434.0,0.0,6,0,7,0.0,0.00045927955563756037,0.09011437726485942
HOMETOWN PHARMACY #4538 (AZ),retailer,1303.0,0.0,6,0,7,0.0,0.0004592530054461086,0.09010786470204277
SUNRISE PHARMACY #8459 (GA),retailer,1259.0,0.0,6,0,6,0.0,0.00045922284837625533,0.09010046739900855
HOMETOWN PHARMACY #8980 (OR),retailer,1217.0,0.0,6,0,8,0.0,0.00045920456788166157,0.0900959833308022
MAIN STREET PHARMACY #1180 (AK),retailer,1192.0,0.0,6,0,6,0.0,0.0004592024389547189,0.09009546112099172
MAIN STREET PHARMACY #4485 (HI),retailer,1121.0,0.0,6,0,6,0.0,0.00045917801075235666,0.09008946906618222
HEALTH MART PHARMACY #1584 (GA),retailer,1034.0,0.0,6,0,6,0.0,0.00045916113007532207,0.09008532836272345
MAIN STREET PHARMACY #3730 (AZ),retailer,1081.0,0.0,6,0,6,0.0,0.00045915430411341525,0.09008365400546757
CORNER DRUG STORE #6778 (SC),retailer,1120.0,0.0,6,0,8,0.0,0.0004591499852530267,0.09008259462140897
VILLAGE PHARMACY #8237 (VT),retailer,1089.0,0.0,6,0,7,0.0,0.0004591381772252706,0.09007969820076953
KROGER PHARMACY #1033 (MS),retailer,788.0,0.0,6,0,6,0.0,0.0004590421537818758,0.09005614437035307
RITE AID #1037 (WA),retailer,40524.0,0.0,5,0,6,0.0,0.0004715036361023425,0.07811285251379183
WINN-DIXIE PHARMACY #6261 (VT),retailer,24767.0,0.0,5,0,8,0.0,0.00046705529005286375,0.0770217065938071
HOMETOWN PHARMACY #6892 (WY),retailer,22818.0,0.0,5,0,9,0.0,0.0004665050080626707,0.07688672654914294
KROGER PHARMACY #5224 (NH),retailer,23529.0,0.0,5,0,6,0.0,0.0004662402303482212,0.07682177856182117
SUNRISE PHARMACY #4284 (TX),retailer,20835.0,0.0,5,0,5,0.0,0.0004661114316484778,0.07679018520686157
PEOPLES PHARMACY #1799 (VT),retailer,10576.0,0.0,5,0,7,0.0,0.0004620785333515042,0.07580094550439467
HARRIS TEETER PHARMACY #9419 (IA),retailer,9047.0,0.0,5,0,6,0.0,0.00046197861867900634,0.0757764371846664
CVS PHARMACY #1417 (IA),retailer,8922.0,0.0,5,0,8,0.0,0.00046171949615005347,0.07571287637192878
CVS PHARMACY #1614 (UT),retailer,7709.0,0.0,5,0,9,0.0,0.0004614226704444746,0.07564006725276708
PEOPLES PHARMACY #6415 (WY),retailer,8007.0,0.0,5,0,8,0.0,0.0004613171458806064,0.07561418286876408
WINN-DIXIE PHARMACY #1725 (NM),retailer,7574.0,0.0,5,0,8,0.0,0.0004613032890355478,0.075610783888608
HARRIS TEETER PHARMACY #9121 (AK),retailer,7528.0,0.0,5,0,5,0.0,0.0004612804899857408,0.07560519145270041
HEALTH MART PHARMACY #8461 (GA),retailer,7318.0,0.0,5,0,5,0.0,0.0004612766556076382,0.07560425090851258
CVS PHARMACY #3168 (CO),retailer,7685.0,0.0,5,0,9,0.0,0.000461207482877544,0.07558728335666814
WALMART PHARMACY #3253 (WY),retailer,8925.0,0.0,5,0,6,0.0,0.00046117634442873655,0.07557964532873755
QUALITY CARE PHARMACY #5421 (WA),retailer,6715.0,0.0,5,0,5,0.0,0.00046093990846038315,0.07552164935914865
RITE AID #5277 (TX),retailer,6084.0,0.0,5,0,6,0.0,0.00046091750223467576,0.07551615328004622
RITE AID #2497 (VT),retailer,6159.0,0.0,5,0,6,0.0,0.0004607175741484297,0.0754671124201016
CVS PHARMACY #5901 (GA),retailer,6054.0,0.0,5,0,7,0.0,0.0004606893230324923,0.07546018263326686
HEALTH MART PHARMACY #3683 (MO),retailer,5741.0,0.0,5,0,8,0.0,0.00046066963639303075,0.07545535364827158
KROGER PHARMACY #7125 (AK),retailer,5144.0,0.0,5,0,6,0.0,0.000460559433549575,0.07542832171737639
MAIN STREET PHARMACY #4716 (MS),retailer,5342.0,0.0,5,0,10,0.0,0.00046055509647462085,0.07542725786542145
QUALITY CARE PHARMACY #8747 (MN),retailer,5150.0,0.0,5,0,5,0.0,0.0004605049092962098,0.07541494732699895
FAMILY CARE PHARMACY #4016 (NH),retailer,5222.0,0.0,5,0,8,0.0,0.0004604529469938447,0.07540220136398526
WALMART PHARMACY #6480 (NM),retailer,4866.0,0.0,5,0,6,0.0,0.0004604351726925576,0.07539784146120021
PEOPLES PHARMACY #1635 (SD),retailer,4895.0,0.0,5,0,6,0.0,0.0004603917156761575,0.07538718178103769
GOOD NEIGHBOR PHARMACY #9173 (MA),retailer,5171.0,0.0,5,0,9,0.0,0.00046038778250716235,0.07538621700418491
CVS PHARMACY #8908 (HI),retailer,4743.0,0.0,5,0,9,0.0,0.0004603205104574271,0.075369715674976
HOMETOWN PHARMACY #2775 (ID),retailer,4843.0,0.0,5,0,8,0.0,0.00046031975798865795,0.075369531100031
HOMETOWN PHARMACY #9727 (AK),retailer,4714.0,0.0,5,0,5,0.0,0.00046025463662659937,0.0753535573183774
WALGREENS #2968 (NH),retailer,5807.0,0.0,5,0,9,0.0,0.00046024543337115154,0.0753512998288474
CORNER DRUG STORE #4161 (MN),retailer,4295.0,0.0,5,0,7,0.0,0.0004602229163468626,0.075345776571684
GOOD NEIGHBOR PHARMACY #6661 (MS),retailer,4252.0,0.0,5,0,8,0.0,0.00046022046301453964,0.07534517478766703
MAIN STREET PHARMACY #2760 (CA),retailer,4200.0,0.0,5,0,6,0.0,0.00046016686358623174,0.07533202724993926
VILLAGE PHARMACY #1474 (RI),retailer,4250.0,0.0,5,0,8,0.0,0.00046014485693754887,0.07532662918408382
CVS PHARMACY #8013 (MD),retailer,3966.0,0.0,5,0,8,0.0,0.0004600603566202975,0.07530590189007821
HARRIS TEETER PHARMACY #2691 (WY),retailer,3744.0,0.0,5,0,6,0.0,0.0004599627421875896,0.07528195780191688
PEOPLES PHARMACY #9817 (GA),retailer,3462.0,0.0,5,0,7,0.0,0.00045988020329633194,0.07526171163099535
CVS PHARMACY #1577 (AR),retailer,3983.0,0.0,5,0,6,0.0,0.00045984483625237523,0.0752530363603923
CORNER DRUG STORE #9365 (IA),retailer,3222.0,0.0,5,0,6,0.0,0.0004598104895322548,0.07524461136757307
CVS PHARMACY #6846 (NH),retailer,3668.0,0.0,5,0,6,0.0,0.00045975423238448176,0.0752308119111954
CORNER DRUG STORE #3499 (SD),retailer,2804.0,0.0,5,0,7,0.0,0.00045975372709490894,0.07523068796745325
MEDICO PHARMACY #7495 (VT),retailer,3085.0,0.0,5,0,5,0.0,0.00045973679484149696,0.07522653461269596
CVS PHARMACY #5479 (WA),retailer,2903.0,0.0,5,0,5,0.0,0.0004597079861785472,0.0752194680637611
SUNRISE PHARMACY #6324 (HI),retailer,2967.0,0.0,5,0,7,0.0,0.00045969989622244786,0.07521748365821071
WINN-DIXIE PHARMACY #1894 (WA),retailer,3247.0,0.0,5,0,6,0.0,0.0004596890405982347,0.07521482085501659
MEDICO PHARMACY #6788 (TX),retailer,3233.0,0.0,5,0,6,0.0,0.00045967930855687444,0.07521243365826859
WALMART PHARMACY #9226 (MS),retailer,2808.0,0.0,5,0,5,0.0,0.0004596771899073003,0.07521191396941952
HARRIS TEETER PHARMACY #2772 (OR),retailer,3185.0,0.0,5,0,6,0.0,0.0004596726210703052,0.07521079326797435
CVS PHARMACY #9632 (HI),retailer,2525.0,0.0,5,0,7,0.0,0.0004595988628400186,0.07519270092732742
HARRIS TEETER PHARMACY #3996 (HI),retailer,2488.0,0.0,5,0,6,0.0,0.00045959672479320033,0.07519217648047988
QUALITY CARE PHARMACY #6762 (GA),retailer,2305.0,0.0,5,0,6,0.0,0.0004595879928089411,0.07519003459023756
WINN-DIXIE PHARMACY #9620 (WA),retailer,2365.0,0.0,5,0,5,0.0,0.0004595836860094198,0.07518897816461922
WALMART PHARMACY #3667 (AK),retailer,2239.0,0.0,5,0,5,0.0,0.00045958243621121336,0.07518867159849361
RITE AID #6586 (RI),retailer,2419.0,0.0,5,0,7,0.0,0.0004595778256543598,0.07518754066348009
COMMUNITY PHARMACY #4559 (VT),retailer,2598.0,0.0,5,0,6,0.0,0.000459574749199327,0.07518678603213629
GOOD NEIGHBOR PHARMACY #8856 (IA),retailer,2445.0,0.0,5,0,7,0.0,0.00045956147257793673,0.07518352937649393
PEOPLES PHARMACY #7683 (AK),retailer,2372.0,0.0,5,0,5,0.0,0.0004595611518485676,0.0751834507039854
CVS PHARMACY #5439 (SD),retailer,2348.0,0.0,5,0,6,0.0,0.0004595496348548758,0.07518062567181895
HEALTH MART PHARMACY #5534 (VT),retailer,2204.0,0.0,5,0,8,0.0,0.00045952022197078533,0.07517341091197037
HOMETOWN PHARMACY #4200 (VT),retailer,2141.0,0.0,5,0,6,0.0,0.0004595109959096951,0.07517114782838737
KROGER PHARMACY #6848 (HI),retailer,2492.0,0.0,5,0,6,0.0,0.0004595081494750009,0.07517044961930729
COMMUNITY PHARMACY #1313 (NH),retailer,2248.0,0.0,5,0,9,0.0,0.00045949742847666513,0.0751678198388311
CVS PHARMACY #5795 (HI),retailer,1964.0,0.0,5,0,8,0.0,0.000459440467489849,0.0751538477360155
QUALITY CARE PHARMACY #1459 (NH),retailer,1965.0,0.0,5,0,6,0.0,0.0004594357820188726,0.07515269842512955
MAIN STREET PHARMACY #7262 (MO),retailer,1899.0,0.0,5,0,5,0.0,0.0004594252132570665,0.07515010598713219
KROGER PHARMACY #4710 (NH),retailer,1965.0,0.0,5,0,8,0.0,0.0004594055808294155,0.07514529029988744
KROGER PHARMACY #5987 (NM),retailer,1849.0,0.0,5,0,6,0.0,0.00045939824819015915,0.07514349165847818
PEOPLES PHARMACY #3058 (DE),retailer,1776.0,0.0,5,0,7,0.0,0.00045937160045753496,0.07513695516954357
CORNER DRUG STORE #3405 (VT),retailer,1877.0,0.0,5,0,6,0.0,0.00045935976153204045,0.07513405116992064
COMMUNITY PHARMACY #9193 (MD),retailer,1759.0,0.0,5,0,6,0.0,0.00045935852330179745,0.0751337474413297
WALGREENS #4290 (MD),retailer,1746.0,0.0,5,0,9,0.0,0.0004593553884589109,0.07513297848788332
HOMETOWN PHARMACY #8828 (WY),retailer,1638.0,0.0,5,0,7,0.0,0.00045935486497296834,0.07513285008070814
KROGER PHARMACY #6480 (MD),retailer,1705.0,0.0,5,0,6,0.0,0.00045935314660715845,0.07513242857846401
WALMART PHARMACY #6144 (AZ),retailer,1561.0,0.0,5,0,6,0.0,0.0004593450733596703,0.07513044827141062
WALMART PHARMACY #6353 (HI),retailer,1671.0,0.0,5,0,6,0.0,0.0004593436729822946,0.07513010476934424
MAIN STREET PHARMACY #7321 (WY),retailer,1663.0,0.0,5,0,6,0.0,0.0004593401742097525,0.07512924654668311
HARRIS TEETER PHARMACY #1401 (HI),retailer,1579.0,0.0,5,0,6,0.0,0.0004593368660106636,0.07512843507026058
GOOD NEIGHBOR PHARMACY #1581 (OR),retailer,1634.0,0.0,5,0,6,0.0,0.0004593318280968601,0.07512719930779276
FAMILY CARE PHARMACY #9324 (MD),retailer,1605.0,0.0,5,0,5,0.0,0.00045932843048779884,0.07512636589977466
GOOD NEIGHBOR PHARMACY #2493 (HI),retailer,1555.0,0.0,5,0,7,0.0,0.000459317335235573,0.07512364431762643
QUALITY CARE PHARMACY #2945 (MO),retailer,1575.0,0.0,5,0,5,0.0,0.00045929874950774723,0.07511908537799775
HARRIS TEETER PHARMACY #3659 (AK),retailer,1494.0,0.0,5,0,7,0.0,0.00045927425374240444,0.07511307675049589
FAMILY CARE PHARMACY #5262 (AZ),retailer,1339.0,0.0,5,0,5,0.0,0.0004592557499739453,0.07510853791488509
SUNRISE PHARMACY #3953 (MN),retailer,1329.0,0.0,5,0,6,0.0,0.0004592366887712761,0.07510386234484373
HEALTH MART PHARMACY #5354 (WA),retailer,1208.0,0.0,5,0,6,0.0,0.00045922200522329474,0.07510026058066159
PEOPLES PHARMACY #2281 (TX),retailer,1230.0,0.0,5,0,6,0.0,0.00045920459975334085,0.07509599114943606
MEDICO PHARMACY #9904 (TX),retailer,1030.0,0.0,5,0,5,0.0,0.00045916089039269015,0.07508526957112165
WALGREENS #8149 (HI),retailer,1119.0,0.0,5,0,8,0.0,0.00045915598946307955,0.07508406740984883
HEALTH MART PHARMACY #6276 (WY),retailer,1002.0,0.0,5,0,5,0.0,0.0004591421808870673,0.07508068026972776
HEALTH MART PHARMACY #8822 (AR),retailer,1211.0,0.0,5,0,6,0.0,0.00045913624092585654,0.07507922324179696
KROGER PHARMACY #2600 (VT),retailer,975.0,0.0,5,0,6,0.0,0.00045913229475231707,0.07507825527502701
HOMETOWN PHARMACY #6572 (WA),retailer,906.0,0.0,5,0,5,0.0,0.00045912390138496035,0.07507619644497099
PUBLIX PHARMACY #7037 (AK),retailer,923.0,0.0,5,0,5,0.0,0.0004591117840154349,0.07507322414511582
KROGER PHARMACY #8362 (MO),retailer,827.0,0.0,5,0,5,0.0,0.0004590716820979268,0.07506338744554572
MEDICO PHARMACY #6108 (SC),retailer,33406.0,0.0,4,0,7,0.0,0.00046945621666617137,0.06261063588403995
CORNER DRUG STORE #3580 (SD),retailer,8545.0,0.0,4,0,5,0.0,0.0004615930005634682,0.06068184795410178
HEALTH MART PHARMACY #6466 (NM),retailer,6271.0,0.0,4,0,7,0.0,0.0004608338189500016,0.060495626398753444
HARRIS TEETER PHARMACY #5905 (MO),retailer,5173.0,0.0,4,0,5,0.0,0.00046045018399666876,0.060401523622252574
MEDICO PHARMACY #1782 (MN),retailer,5100.0,0.0,4,0,7,0.0,0.00046041954896094316,0.06039400907777497
HARRIS TEETER PHARMACY #2529 (HI),retailer,4787.0,0.0,4,0,5,0.0,0.00046040862614051177,0.06039132979185255
WALGREENS #3665 (WY),retailer,4520.0,0.0,4,0,5,0.0,0.0004602035616485959,0.06034102901012404
RITE AID #9871 (MO),retailer,4122.0,0.0,4,0,5,0.0,0.00046015888954692555,0.06033007127865877
KROGER PHARMACY #6532 (TX),retailer,3841.0,0.0,4,0,5,0.0,0.00046007246158514994,0.06030887114791015
HEALTH MART PHARMACY #8816 (AR),retailer,4041.0,0.0,4,0,8,0.0,0.0004600585598616666,0.0603054611594131
COMMUNITY PHARMACY #4144 (GA),retailer,3703.0,0.0,4,0,6,0.0,0.0004600316003943293,0.06029884820429162
WALGREENS #7433 (SD),retailer,3623.0,0.0,4,0,6,0.0,0.00045992841373750803,0.06027353729135116
CORNER DRUG STORE #3383 (OR),retailer,3252.0,0.0,4,0,6,0.0,0.0004599169488324839,0.060270725036144175
QUALITY CARE PHARMACY #2449 (MD),retailer,3197.0,0.0,4,0,6,0.0,0.00045989513176460974,0.06026537347303912
COMMUNITY PHARMACY #1653 (HI),retailer,3180.0,0.0,4,0,4,0.0,0.0004598895070090631,0.06026399376269344
MAIN STREET PHARMACY #1103 (AK),retailer,3468.0,0.0,4,0,6,0.0,0.0004598851707518727,0.06026293011132984
VILLAGE PHARMACY #1823 (TX),retailer,3205.0,0.0,4,0,6,0.0,0.00045985745999787517,0.06025613287122581
MEDICO PHARMACY #8884 (GA),retailer,3143.0,0.0,4,0,4,0.0,0.0004597990292790963,0.06024180025418384
HARRIS TEETER PHARMACY #3549 (MO),retailer,3051.0,0.0,4,0,4,0.0,0.0004597893574483133,0.0602394278266388
FAMILY CARE PHARMACY #1314 (MO),retailer,3095.0,0.0,4,0,6,0.0,0.0004597786494351589,0.060236801231330205
FAMILY CARE PHARMACY #2266 (CO),retailer,3093.0,0.0,4,0,6,0.0,0.0004597714213847522,0.06023502824478128
WALGREENS #8194 (VT),retailer,2927.0,0.0,4,0,4,0.0,0.0004597210428927794,0.060222670778577056
CORNER DRUG STORE #7186 (NM),retailer,2670.0,0.0,4,0,7,0.0,0.0004597137323394981,0.060220877554691826
MAIN STREET PHARMACY #6506 (GA),retailer,2758.0,0.0,4,0,4,0.0,0.0004596728074649282,0.06021083898992727
QUALITY CARE PHARMACY #3743 (DE),retailer,2532.0,0.0,4,0,5,0.0,0.0004596590743937033,0.060207470370564196
MAIN STREET PHARMACY #9801 (GA),retailer,2591.0,0.0,4,0,6,0.0,0.00045957666803559126,0.06018725670902919
QUALITY CARE PHARMACY #1376 (GA),retailer,2228.0,0.0,4,0,4,0.0,0.00045952254582397637,0.06017398093647749
QUALITY CARE PHARMACY #6888 (MO),retailer,2029.0,0.0,4,0,5,0.0,0.00045946726281079913,0.06016042042800943
CORNER DRUG STORE #2806 (IA),retailer,2022.0,0.0,4,0,4,0.0,0.0004594467755719986,0.06015539506200142
PEOPLES PHARMACY #4886 (MD),retailer,2087.0,0.0,4,0,4,0.0,0.00045944560948215496,0.060155109028909325
HOMETOWN PHARMACY #2625 (KS),retailer,1865.0,0.0,4,0,6,0.0,0.00045943447735653006,0.060152378401992876
FAMILY CARE PHARMACY #3071 (GA),retailer,2205.0,0.0,4,0,5,0.0,0.0004594297752006131,0.060151224998416165
PEOPLES PHARMACY #4074 (HI),retailer,1941.0,0.0,4,0,4,0.0,0.0004594286712430592,0.060150954205908706
HEALTH MART PHARMACY #7050 (UT),retailer,1699.0,0.0,4,0,7,0.0,0.0004593697683780268,0.060136505774932195
PUBLIX PHARMACY #4758 (VT),retailer,1679.0,0.0,4,0,4,0.0,0.00045933633762900984,0.06012830546295419
KROGER PHARMACY #2920 (MT),retailer,1474.0,0.0,4,0,4,0.0,0.00045928708517646696,0.06011622420577598
SUNRISE PHARMACY #4061 (MN),retailer,1496.0,0.0,4,0,4,0.0,0.00045927371062728765,0.06011294352918151
HARRIS TEETER PHARMACY #9763 (MN),retailer,1382.0,0.0,4,0,4,0.0,0.00045926445855416786,0.06011067406504276
PEOPLES PHARMACY #5036 (IA),retailer,1654.0,0.0,4,0,6,0.0,0.0004592605395299833,0.060109712757805925
GOOD NEIGHBOR PHARMACY #1038 (OR),retailer,1300.0,0.0,4,0,4,0.0,0.0004592103569703994,0.06009740335234706
PUBLIX PHARMACY #9368 (GA),retailer,1118.0,0.0,4,0,6,0.0,0.00045919288087925634,0.060093116598273544
CORNER DRUG STORE #4176 (MO),retailer,1105.0,0.0,4,0,4,0.0,0.0004591548857172953,0.06008379667003689
PUBLIX PHARMACY #3388 (WA),retailer,1021.0,0.0,4,0,4,0.0,0.00045914326073887154,0.06008094515002565
COMMUNITY PHARMACY #2840 (VT),retailer,936.0,0.0,4,0,4,0.0,0.0004590797638633565,0.0600653698427363
VILLAGE PHARMACY #8732 (AK),retailer,724.0,0.0,4,0,4,0.0,0.0004590555702024438,0.060059435319185124
CORNER DRUG STORE #5006 (NH),retailer,655.0,0.0,4,0,4,0.0,0.000459023164433029,0.0600514864270154
WALMART PHARMACY #6731 (MD),retailer,596.0,0.0,4,0,4,0.0,0.00045900882431613055,0.06004796890390191
MEDICO PHARMACY #9464 (WA),retailer,625.0,0.0,4,0,5,0.0,0.0004590060921676136,0.060047298728363875
PUBLIX PHARMACY #2736 (ME),retailer,572.0,0.0,4,0,4,0.0,0.0004589917560568889,0.06004378218793476
PEOPLES PHARMACY #1277 (WY),retailer,544.0,0.0,4,0,4,0.0,0.0004589851288563281,0.060042156585346194
CORNER DRUG STORE #2658 (AK),retailer,6505.0,0.0,3,0,4,0.0,0.00046086818242824706,0.045504055502965046
WINN-DIXIE PHARMACY #6825 (IA),retailer,4646.0,0.0,3,0,3,0.0,0.000460371391305039,0.04538219636675044
FAMILY CARE PHARMACY #4323 (MN),retailer,2769.0,0.0,3,0,3,0.0,0.0004597303254644567,0.045224947724533206
WALMART PHARMACY #2686 (MN),retailer,2780.0,0.0,3,0,3,0.0,0.00045972306928709336,0.04522316783865278
KROGER PHARMACY #6620 (WA),retailer,1915.0,0.0,3,0,5,0.0,0.00045942863400400967,0.04515094507219918
SUNRISE PHARMACY #1866 (GA),retailer,1602.0,0.0,3,0,3,0.0,0.0004593698700052924,0.04513653070408817
VILLAGE PHARMACY #5123 (IA),retailer,1538.0,0.0,3,0,3,0.0,0.0004593329306479587,0.04512746975680727
VILLAGE PHARMACY #9734 (MT),retailer,1480.0,0.0,3,0,3,0.0,0.00045932284180911603,0.045124995040313066
GOOD NEIGHBOR PHARMACY #2962 (NM),retailer,1536.0,0.0,3,0,3,0.0,0.00045930661209338865,0.04512101401278026
WINN-DIXIE PHARMACY #9398 (MS),retailer,1461.0,0.0,3,0,4,0.0,0.00045927496862891874,0.04511325210829565
HEALTH MART PHARMACY #3485 (MD),retailer,1123.0,0.0,3,0,4,0.0,0.0004591631737570654,0.04508582966477593
PUBLIX PHARMACY #2623 (MD),retailer,1002.0,0.0,3,0,3,0.0,0.00045911910226314003,0.045075019257885506
MAIN STREET PHARMACY #1302 (GA),retailer,997.0,0.0,3,0,5,0.0,0.0004590803548873924,0.04506551481724918
FAMILY CARE PHARMACY #3405 (WA),retailer,694.0,0.0,3,0,3,0.0,0.0004590325281177693,0.04505378326939749
HEALTH MART PHARMACY #5956 (HI),retailer,518.0,0.0,3,0,3,0.0,0.00045897174654885406,0.04503887400645022
MEDICO PHARMACY #6616 (WY),retailer,497.0,0.0,3,0,3,0.0,0.0004589665834470394,0.04503760753630224
CORNER DRUG STORE #6008 (HI),retailer,358.0,0.0,3,0,3,0.0,0.0004589230988741445,0.04502694109673824
HEALTH MART PHARMACY #8164 (MO),retailer,21929.0,0.0,2,0,2,0.0,0.0004656045109018713,0.031665841352257154
HEALTH MART PHARMACY #4578 (MN),retailer,892.0,0.0,2,0,2,0.0,0.0004590956714277937,0.030069271850474002
HOMETOWN PHARMACY #5099 (MD),retailer,928.0,0.0,2,0,3,0.0,0.00045909335398864714,0.030068703400033894
HOMETOWN PHARMACY #2224 (MN),retailer,565.0,0.0,2,0,2,0.0,0.0004590069481917706,0.03004750870616877
PUBLIX PHARMACY #4907 (MD),retailer,584.0,0.0,2,0,2,0.0,0.0004589888229773317,0.030043062727019686
WINN-DIXIE PHARMACY #1542 (VT),retailer,407.0,0.0,2,0,2,0.0,0.000458937085438313,0.03003037189676898
MAIN STREET PHARMACY #2648 (MO),retailer,424.0,0.0,1,0,1,0.0,0.0004589579538477709,0.015035490761830193
HARRIS TEETER PHARMACY #5982 (VT),retailer,162.0,0.0,1,0,1,0.0,0.00045886982301270783,0.01501387292903699
MALLINCKRODT LLC,manufacturer,0.0,2158576.0,0,20,2537,0.0,0.000458813266331074,0.0
ACTAVIS PHARMA INC,manufacturer,0.0,2107001.0,0,20,2475,0.0,0.000458813266331074,0.0
AMNEAL PHARMACEUTICALS LLC,manufacturer,0.0,2041423.0,0,20,2520,0.0,0.000458813266331074,0.0
CADISTA PHARMACEUTICALS INC,manufacturer,0.0,2152824.0,0,20,2462,0.0,0.000458813266331074,0.0
ENDO PHARMACEUTICALS INC,manufacturer,0.0,2251322.0,0,20,2506,0.0,0.000458813266331074,0.0
HIKMA PHARMACEUTICALS,manufacturer,0.0,2298572.0,0,20,2524,0.0,0.000458813266331074,0.0
IMPAX LABORATORIES INC,manufacturer,0.0,2099856.0,0,20,2511,0.0,0.000458813266331074,0.0
JANSSEN PHARMACEUTICALS INC,manufacturer,0.0,5712041.0,0,20,2637,0.0,0.000458813266331074,0.0
LANNETT COMPANY INC,manufacturer,0.0,1843648.0,0,20,2535,0.0,0.000458813266331074,0.0
MYLAN PHARMACEUTICALS INC,manufacturer,0.0,2057672.0,0,20,2425,0.0,0.000458813266331074,0.0
WATSON LABORATORIES INC,manufacturer,0.0,2160869.0,0,20,2472,0.0,0.000458813266331074,0.0
PAR PHARMACEUTICAL INC,manufacturer,0.0,2233570.0,0,20,2537,0.0,0.000458813266331074,0.0
PURDUE PHARMA LP,manufacturer,0.0,2051051.0,0,20,2490,0.0,0.000458813266331074,0.0
QUALITEST PHARMACEUTICALS,manufacturer,0.0,2178861.0,0,20,2518,0.0,0.000458813266331074,0.0
RHODES TECHNOLOGIES,manufacturer,0.0,2281754.0,0,20,2528,0.0,0.000458813266331074,0.0
SANDOZ INC,manufacturer,0.0,2159621.0,0,20,2463,0.0,0.000458813266331074,0.0
SUN PHARMA GLOBAL INC,manufacturer,0.0,2231050.0,0,20,2435,0.0,0.000458813266331074,0.0
TEVA PHARMACEUTICALS USA INC,manufacturer,0.0,2218324.0,0,20,2546,0.0,0.000458813266331074,0.0
VINTAGE PHARMACEUTICALS LLC,manufacturer,0.0,1932675.0,0,20,2394,0.0,0.000458813266331074,0.0
ABBOTT LABORATORIES,manufacturer,0.0,2387811.0,0,20,2485,0.0,0.000458813266331074,0.0
