anomaly_idx,manufacturer,retailer,anomaly_score,match_rank,match_distance,match_recovery_days,match_response_type,match_disruption_type,match_industry
0,RHODES TECHNOLOGIES,TUG VALLEY PHARMACY #1 (WV),3,1,0.9391,135.0,Production Reroute,Geopolitical,Consumer Goods
0,RHODES TECHNOLOGIES,TUG VALLEY PHARMACY #1 (WV),3,2,1.1755,151.0,Production Reroute,Cyber Attack,Automotive
0,RHODES TECHNOLOGIES,TUG VALLEY PHARMACY #1 (WV),3,3,1.1886,89.0,Combined Strategy,Geopolitical,Consumer Goods
1,ABBOTT LABORATORIES,HARRIS TEETER PHARMACY #6758 (NC),3,1,0.8823,74.0,Alternative Supplier,Cyber Attack,Automotive
1,ABBOTT LABORATORIES,HARRIS TEETER PHARMACY #6758 (NC),3,2,0.9256,55.0,Alternative Supplier,Natural Disaster,Electronics
1,ABBOTT LABORATORIES,HARRIS TEETER PHARMACY #6758 (NC),3,3,1.0486,88.0,Alternative Supplier,Natural Disaster,Automotive
2,RHODES TECHNOLOGIES,TUG VALLEY PHARMACY #1 (WV),3,1,0.9391,135.0,Production Reroute,Geopolitical,Consumer Goods
2,RHODES TECHNOLOGIES,TUG VALLEY PHARMACY #1 (WV),3,2,1.1755,151.0,Production Reroute,Cyber Attack,Automotive
2,RHODES TECHNOLOGIES,TUG VALLEY PHARMACY #1 (WV),3,3,1.1886,89.0,Combined Strategy,Geopolitical,Consumer Goods
3,RHODES TECHNOLOGIES,TUG VALLEY PHARMACY #1 (WV),3,1,0.9391,135.0,Production Reroute,Geopolitical,Consumer Goods
3,RHODES TECHNOLOGIES,TUG VALLEY PHARMACY #1 (WV),3,2,1.1755,151.0,Production Reroute,Cyber Attack,Automotive
3,RHODES TECHNOLOGIES,TUG VALLEY PHARMACY #1 (WV),3,3,1.1886,89.0,Combined Strategy,Geopolitical,Consumer Goods
4,HIKMA PHARMACEUTICALS,TUG VALLEY PHARMACY #1 (WV),3,1,0.9391,135.0,Production Reroute,Geopolitical,Consumer Goods
4,HIKMA PHARMACEUTICALS,TUG VALLEY PHARMACY #1 (WV),3,2,1.1755,151.0,Production Reroute,Cyber Attack,Automotive
4,HIKMA PHARMACEUTICALS,TUG VALLEY PHARMACY #1 (WV),3,3,1.1886,89.0,Combined Strategy,Geopolitical,Consumer Goods
5,HIKMA PHARMACEUTICALS,TUG VALLEY PHARMACY #1 (WV),3,1,0.9391,135.0,Production Reroute,Geopolitical,Consumer Goods
5,HIKMA PHARMACEUTICALS,TUG VALLEY PHARMACY #1 (WV),3,2,1.1755,151.0,Production Reroute,Cyber Attack,Automotive
5,HIKMA PHARMACEUTICALS,TUG VALLEY PHARMACY #1 (WV),3,3,1.1886,89.0,Combined Strategy,Geopolitical,Consumer Goods
6,RHODES TECHNOLOGIES,TUG VALLEY PHARMACY #1 (WV),3,1,0.9391,135.0,Production Reroute,Geopolitical,Consumer Goods
6,RHODES TECHNOLOGIES,TUG VALLEY PHARMACY #1 (WV),3,2,1.1755,151.0,Production Reroute,Cyber Attack,Automotive
6,RHODES TECHNOLOGIES,TUG VALLEY PHARMACY #1 (WV),3,3,1.1886,89.0,Combined Strategy,Geopolitical,Consumer Goods
7,TEVA PHARMACEUTICALS USA INC,PEOPLES PHARMACY #2660 (NC),3,1,0.8823,74.0,Alternative Supplier,Cyber Attack,Automotive
7,TEVA PHARMACEUTICALS USA INC,PEOPLES PHARMACY #2660 (NC),3,2,0.9256,55.0,Alternative Supplier,Natural Disaster,Electronics
7,TEVA PHARMACEUTICALS USA INC,PEOPLES PHARMACY #2660 (NC),3,3,1.0486,88.0,Alternative Supplier,Natural Disaster,Automotive
8,HIKMA PHARMACEUTICALS,TUG VALLEY PHARMACY #1 (WV),3,1,0.9391,135.0,Production Reroute,Geopolitical,Consumer Goods
8,HIKMA PHARMACEUTICALS,TUG VALLEY PHARMACY #1 (WV),3,2,1.1755,151.0,Production Reroute,Cyber Attack,Automotive
8,HIKMA PHARMACEUTICALS,TUG VALLEY PHARMACY #1 (WV),3,3,1.1886,89.0,Combined Strategy,Geopolitical,Consumer Goods
9,TEVA PHARMACEUTICALS USA INC,TUG VALLEY PHARMACY #1 (WV),3,1,0.9391,135.0,Production Reroute,Geopolitical,Consumer Goods
9,TEVA PHARMACEUTICALS USA INC,TUG VALLEY PHARMACY #1 (WV),3,2,1.1755,151.0,Production Reroute,Cyber Attack,Automotive
9,TEVA PHARMACEUTICALS USA INC,TUG VALLEY PHARMACY #1 (WV),3,3,1.1886,89.0,Combined Strategy,Geopolitical,Consumer Goods
10,RHODES TECHNOLOGIES,TUG VALLEY PHARMACY #1 (WV),3,1,0.9391,135.0,Production Reroute,Geopolitical,Consumer Goods
10,RHODES TECHNOLOGIES,TUG VALLEY PHARMACY #1 (WV),3,2,1.1755,151.0,Production Reroute,Cyber Attack,Automotive
10,RHODES TECHNOLOGIES,TUG VALLEY PHARMACY #1 (WV),3,3,1.1886,89.0,Combined Strategy,Geopolitical,Consumer Goods
11,SANDOZ INC,SUNRISE PHARMACY #7243 (WV),3,1,0.8823,74.0,Alternative Supplier,Cyber Attack,Automotive
11,SANDOZ INC,SUNRISE PHARMACY #7243 (WV),3,2,0.9256,55.0,Alternative Supplier,Natural Disaster,Electronics
11,SANDOZ INC,SUNRISE PHARMACY #7243 (WV),3,3,1.0486,88.0,Alternative Supplier,Natural Disaster,Automotive
12,HIKMA PHARMACEUTICALS,TUG VALLEY PHARMACY #1 (WV),4,1,0.0876,135.0,Production Reroute,Geopolitical,Consumer Goods
12,HIKMA PHARMACEUTICALS,TUG VALLEY PHARMACY #1 (WV),4,2,0.3241,151.0,Production Reroute,Cyber Attack,Automotive
12,HIKMA PHARMACEUTICALS,TUG VALLEY PHARMACY #1 (WV),4,3,0.3372,89.0,Combined Strategy,Geopolitical,Consumer Goods
13,RHODES TECHNOLOGIES,TUG VALLEY PHARMACY #1 (WV),4,1,0.0876,135.0,Production Reroute,Geopolitical,Consumer Goods
13,RHODES TECHNOLOGIES,TUG VALLEY PHARMACY #1 (WV),4,2,0.3241,151.0,Production Reroute,Cyber Attack,Automotive
13,RHODES TECHNOLOGIES,TUG VALLEY PHARMACY #1 (WV),4,3,0.3372,89.0,Combined Strategy,Geopolitical,Consumer Goods
14,ENDO PHARMACEUTICALS INC,TUG VALLEY PHARMACY #1 (WV),3,1,0.9391,135.0,Production Reroute,Geopolitical,Consumer Goods
14,ENDO PHARMACEUTICALS INC,TUG VALLEY PHARMACY #1 (WV),3,2,1.1755,151.0,Production Reroute,Cyber Attack,Automotive
14,ENDO PHARMACEUTICALS INC,TUG VALLEY PHARMACY #1 (WV),3,3,1.1886,89.0,Combined Strategy,Geopolitical,Consumer Goods
15,TEVA PHARMACEUTICALS USA INC,TUG VALLEY PHARMACY #1 (WV),3,1,0.9391,135.0,Production Reroute,Geopolitical,Consumer Goods
15,TEVA PHARMACEUTICALS USA INC,TUG VALLEY PHARMACY #1 (WV),3,2,1.1755,151.0,Production Reroute,Cyber Attack,Automotive
15,TEVA PHARMACEUTICALS USA INC,TUG VALLEY PHARMACY #1 (WV),3,3,1.1886,89.0,Combined Strategy,Geopolitical,Consumer Goods
16,TEVA PHARMACEUTICALS USA INC,TUG VALLEY PHARMACY #1 (WV),3,1,0.9391,135.0,Production Reroute,Geopolitical,Consumer Goods
16,TEVA PHARMACEUTICALS USA INC,TUG VALLEY PHARMACY #1 (WV),3,2,1.1755,151.0,Production Reroute,Cyber Attack,Automotive
16,TEVA PHARMACEUTICALS USA INC,TUG VALLEY PHARMACY #1 (WV),3,3,1.1886,89.0,Combined Strategy,Geopolitical,Consumer Goods
17,RHODES TECHNOLOGIES,TUG VALLEY PHARMACY #1 (WV),3,1,0.9391,135.0,Production Reroute,Geopolitical,Consumer Goods
17,RHODES TECHNOLOGIES,TUG VALLEY PHARMACY #1 (WV),3,2,1.1755,151.0,Production Reroute,Cyber Attack,Automotive
17,RHODES TECHNOLOGIES,TUG VALLEY PHARMACY #1 (WV),3,3,1.1886,89.0,Combined Strategy,Geopolitical,Consumer Goods
18,PAR PHARMACEUTICAL INC,TUG VALLEY PHARMACY #1 (WV),3,1,0.9391,135.0,Production Reroute,Geopolitical,Consumer Goods
18,PAR PHARMACEUTICAL INC,TUG VALLEY PHARMACY #1 (WV),3,2,1.1755,151.0,Production Reroute,Cyber Attack,Automotive
18,PAR PHARMACEUTICAL INC,TUG VALLEY PHARMACY #1 (WV),3,3,1.1886,89.0,Combined Strategy,Geopolitical,Consumer Goods
19,SUN PHARMA GLOBAL INC,TUG VALLEY PHARMACY #1 (WV),3,1,0.9391,135.0,Production Reroute,Geopolitical,Consumer Goods
19,SUN PHARMA GLOBAL INC,TUG VALLEY PHARMACY #1 (WV),3,2,1.1755,151.0,Production Reroute,Cyber Attack,Automotive
19,SUN PHARMA GLOBAL INC,TUG VALLEY PHARMACY #1 (WV),3,3,1.1886,89.0,Combined Strategy,Geopolitical,Consumer Goods
20,TEVA PHARMACEUTICALS USA INC,TUG VALLEY PHARMACY #1 (WV),3,1,0.9391,135.0,Production Reroute,Geopolitical,Consumer Goods
20,TEVA PHARMACEUTICALS USA INC,TUG VALLEY PHARMACY #1 (WV),3,2,1.1755,151.0,Production Reroute,Cyber Attack,Automotive
20,TEVA PHARMACEUTICALS USA INC,TUG VALLEY PHARMACY #1 (WV),3,3,1.1886,89.0,Combined Strategy,Geopolitical,Consumer Goods
21,TEVA PHARMACEUTICALS USA INC,TUG VALLEY PHARMACY #1 (WV),3,1,0.9391,135.0,Production Reroute,Geopolitical,Consumer Goods
21,TEVA PHARMACEUTICALS USA INC,TUG VALLEY PHARMACY #1 (WV),3,2,1.1755,151.0,Production Reroute,Cyber Attack,Automotive
21,TEVA PHARMACEUTICALS USA INC,TUG VALLEY PHARMACY #1 (WV),3,3,1.1886,89.0,Combined Strategy,Geopolitical,Consumer Goods
22,RHODES TECHNOLOGIES,TUG VALLEY PHARMACY #1 (WV),4,1,0.0876,135.0,Production Reroute,Geopolitical,Consumer Goods
22,RHODES TECHNOLOGIES,TUG VALLEY PHARMACY #1 (WV),4,2,0.3241,151.0,Production Reroute,Cyber Attack,Automotive
22,RHODES TECHNOLOGIES,TUG VALLEY PHARMACY #1 (WV),4,3,0.3372,89.0,Combined Strategy,Geopolitical,Consumer Goods
23,HIKMA PHARMACEUTICALS,TUG VALLEY PHARMACY #1 (WV),4,1,0.0876,135.0,Production Reroute,Geopolitical,Consumer Goods
23,HIKMA PHARMACEUTICALS,TUG VALLEY PHARMACY #1 (WV),4,2,0.3241,151.0,Production Reroute,Cyber Attack,Automotive
23,HIKMA PHARMACEUTICALS,TUG VALLEY PHARMACY #1 (WV),4,3,0.3372,89.0,Combined Strategy,Geopolitical,Consumer Goods
24,PAR PHARMACEUTICAL INC,TUG VALLEY PHARMACY #1 (WV),3,1,0.9391,135.0,Production Reroute,Geopolitical,Consumer Goods
24,PAR PHARMACEUTICAL INC,TUG VALLEY PHARMACY #1 (WV),3,2,1.1755,151.0,Production Reroute,Cyber Attack,Automotive
24,PAR PHARMACEUTICAL INC,TUG VALLEY PHARMACY #1 (WV),3,3,1.1886,89.0,Combined Strategy,Geopolitical,Consumer Goods
25,QUALITEST PHARMACEUTICALS,TUG VALLEY PHARMACY #1 (WV),3,1,0.9391,135.0,Production Reroute,Geopolitical,Consumer Goods
25,QUALITEST PHARMACEUTICALS,TUG VALLEY PHARMACY #1 (WV),3,2,1.1755,151.0,Production Reroute,Cyber Attack,Automotive
25,QUALITEST PHARMACEUTICALS,TUG VALLEY PHARMACY #1 (WV),3,3,1.1886,89.0,Combined Strategy,Geopolitical,Consumer Goods
26,PAR PHARMACEUTICAL INC,TUG VALLEY PHARMACY #1 (WV),3,1,0.9391,135.0,Production Reroute,Geopolitical,Consumer Goods
26,PAR PHARMACEUTICAL INC,TUG VALLEY PHARMACY #1 (WV),3,2,1.1755,151.0,Production Reroute,Cyber Attack,Automotive
26,PAR PHARMACEUTICAL INC,TUG VALLEY PHARMACY #1 (WV),3,3,1.1886,89.0,Combined Strategy,Geopolitical,Consumer Goods
27,IMPAX LABORATORIES INC,TUG VALLEY PHARMACY #1 (WV),3,1,0.9391,135.0,Production Reroute,Geopolitical,Consumer Goods
27,IMPAX LABORATORIES INC,TUG VALLEY PHARMACY #1 (WV),3,2,1.1755,151.0,Production Reroute,Cyber Attack,Automotive
27,IMPAX LABORATORIES INC,TUG VALLEY PHARMACY #1 (WV),3,3,1.1886,89.0,Combined Strategy,Geopolitical,Consumer Goods
28,WATSON LABORATORIES INC,TUG VALLEY PHARMACY #1 (WV),3,1,0.9391,135.0,Production Reroute,Geopolitical,Consumer Goods
28,WATSON LABORATORIES INC,TUG VALLEY PHARMACY #1 (WV),3,2,1.1755,151.0,Production Reroute,Cyber Attack,Automotive
28,WATSON LABORATORIES INC,TUG VALLEY PHARMACY #1 (WV),3,3,1.1886,89.0,Combined Strategy,Geopolitical,Consumer Goods
29,JANSSEN PHARMACEUTICALS INC,TUG VALLEY PHARMACY #1 (WV),3,1,0.9391,135.0,Production Reroute,Geopolitical,Consumer Goods
29,JANSSEN PHARMACEUTICALS INC,TUG VALLEY PHARMACY #1 (WV),3,2,1.1755,151.0,Production Reroute,Cyber Attack,Automotive
29,JANSSEN PHARMACEUTICALS INC,TUG VALLEY PHARMACY #1 (WV),3,3,1.1886,89.0,Combined Strategy,Geopolitical,Consumer Goods
30,HIKMA PHARMACEUTICALS,TUG VALLEY PHARMACY #1 (WV),3,1,0.9391,135.0,Production Reroute,Geopolitical,Consumer Goods
30,HIKMA PHARMACEUTICALS,TUG VALLEY PHARMACY #1 (WV),3,2,1.1755,151.0,Production Reroute,Cyber Attack,Automotive
30,HIKMA PHARMACEUTICALS,TUG VALLEY PHARMACY #1 (WV),3,3,1.1886,89.0,Combined Strategy,Geopolitical,Consumer Goods
31,RHODES TECHNOLOGIES,QUALITY CARE PHARMACY #9423 (NM),3,1,0.9391,135.0,Production Reroute,Geopolitical,Consumer Goods
31,RHODES TECHNOLOGIES,QUALITY CARE PHARMACY #9423 (NM),3,2,1.1755,151.0,Production Reroute,Cyber Attack,Automotive
31,RHODES TECHNOLOGIES,QUALITY CARE PHARMACY #9423 (NM),3,3,1.1886,89.0,Combined Strategy,Geopolitical,Consumer Goods
32,ABBOTT LABORATORIES,TUG VALLEY PHARMACY #1 (WV),3,1,0.9391,135.0,Production Reroute,Geopolitical,Consumer Goods
32,ABBOTT LABORATORIES,TUG VALLEY PHARMACY #1 (WV),3,2,1.1755,151.0,Production Reroute,Cyber Attack,Automotive
32,ABBOTT LABORATORIES,TUG VALLEY PHARMACY #1 (WV),3,3,1.1886,89.0,Combined Strategy,Geopolitical,Consumer Goods
33,PURDUE PHARMA LP,TUG VALLEY PHARMACY #1 (WV),3,1,0.9391,135.0,Production Reroute,Geopolitical,Consumer Goods
33,PURDUE PHARMA LP,TUG VALLEY PHARMACY #1 (WV),3,2,1.1755,151.0,Production Reroute,Cyber Attack,Automotive
33,PURDUE PHARMA LP,TUG VALLEY PHARMACY #1 (WV),3,3,1.1886,89.0,Combined Strategy,Geopolitical,Consumer Goods
34,ENDO PHARMACEUTICALS INC,TUG VALLEY PHARMACY #1 (WV),3,1,0.9391,135.0,Production Reroute,Geopolitical,Consumer Goods
34,ENDO PHARMACEUTICALS INC,TUG VALLEY PHARMACY #1 (WV),3,2,1.1755,151.0,Production Reroute,Cyber Attack,Automotive
34,ENDO PHARMACEUTICALS INC,TUG VALLEY PHARMACY #1 (WV),3,3,1.1886,89.0,Combined Strategy,Geopolitical,Consumer Goods
35,SANDOZ INC,TUG VALLEY PHARMACY #1 (WV),3,1,0.9391,135.0,Production Reroute,Geopolitical,Consumer Goods
35,SANDOZ INC,TUG VALLEY PHARMACY #1 (WV),3,2,1.1755,151.0,Production Reroute,Cyber Attack,Automotive
35,SANDOZ INC,TUG VALLEY PHARMACY #1 (WV),3,3,1.1886,89.0,Combined Strategy,Geopolitical,Consumer Goods
36,WATSON LABORATORIES INC,TUG VALLEY PHARMACY #1 (WV),3,1,0.9391,135.0,Production Reroute,Geopolitical,Consumer Goods
36,WATSON LABORATORIES INC,TUG VALLEY PHARMACY #1 (WV),3,2,1.1755,151.0,Production Reroute,Cyber Attack,Automotive
36,WATSON LABORATORIES INC,TUG VALLEY PHARMACY #1 (WV),3,3,1.1886,89.0,Combined Strategy,Geopolitical,Consumer Goods
37,WATSON LABORATORIES INC,TUG VALLEY PHARMACY #1 (WV),3,1,0.9391,135.0,Production Reroute,Geopolitical,Consumer Goods
37,WATSON LABORATORIES INC,TUG VALLEY PHARMACY #1 (WV),3,2,1.1755,151.0,Production Reroute,Cyber Attack,Automotive
37,WATSON LABORATORIES INC,TUG VALLEY PHARMACY #1 (WV),3,3,1.1886,89.0,Combined Strategy,Geopolitical,Consumer Goods
38,RHODES TECHNOLOGIES,TUG VALLEY PHARMACY #1 (WV),4,1,0.0876,135.0,Production Reroute,Geopolitical,Consumer Goods
38,RHODES TECHNOLOGIES,TUG VALLEY PHARMACY #1 (WV),4,2,0.3241,151.0,Production Reroute,Cyber Attack,Automotive
38,RHODES TECHNOLOGIES,TUG VALLEY PHARMACY #1 (WV),4,3,0.3372,89.0,Combined Strategy,Geopolitical,Consumer Goods
39,VINTAGE PHARMACEUTICALS LLC,TUG VALLEY PHARMACY #1 (WV),3,1,0.9391,135.0,Production Reroute,Geopolitical,Consumer Goods
39,VINTAGE PHARMACEUTICALS LLC,TUG VALLEY PHARMACY #1 (WV),3,2,1.1755,151.0,Production Reroute,Cyber Attack,Automotive
39,VINTAGE PHARMACEUTICALS LLC,TUG VALLEY PHARMACY #1 (WV),3,3,1.1886,89.0,Combined Strategy,Geopolitical,Consumer Goods
40,TEVA PHARMACEUTICALS USA INC,CVS PHARMACY #9401 (NY),3,1,0.9391,135.0,Production Reroute,Geopolitical,Consumer Goods
40,TEVA PHARMACEUTICALS USA INC,CVS PHARMACY #9401 (NY),3,2,1.1755,151.0,Production Reroute,Cyber Attack,Automotive
40,TEVA PHARMACEUTICALS USA INC,CVS PHARMACY #9401 (NY),3,3,1.1886,89.0,Combined Strategy,Geopolitical,Consumer Goods
41,MYLAN PHARMACEUTICALS INC,SUNRISE PHARMACY #7243 (WV),2,1,1.7338,74.0,Alternative Supplier,Cyber Attack,Automotive
41,MYLAN PHARMACEUTICALS INC,SUNRISE PHARMACY #7243 (WV),2,2,1.7771,55.0,Alternative Supplier,Natural Disaster,Electronics
41,MYLAN PHARMACEUTICALS INC,SUNRISE PHARMACY #7243 (WV),2,3,1.9606,28.0,Alternative Supplier,Natural Disaster,Electronics
42,MYLAN PHARMACEUTICALS INC,TUG VALLEY PHARMACY #1 (WV),3,1,0.9391,135.0,Production Reroute,Geopolitical,Consumer Goods
42,MYLAN PHARMACEUTICALS INC,TUG VALLEY PHARMACY #1 (WV),3,2,1.1755,151.0,Production Reroute,Cyber Attack,Automotive
42,MYLAN PHARMACEUTICALS INC,TUG VALLEY PHARMACY #1 (WV),3,3,1.1886,89.0,Combined Strategy,Geopolitical,Consumer Goods
43,SANDOZ INC,TUG VALLEY PHARMACY #1 (WV),3,1,0.9391,135.0,Production Reroute,Geopolitical,Consumer Goods
43,SANDOZ INC,TUG VALLEY PHARMACY #1 (WV),3,2,1.1755,151.0,Production Reroute,Cyber Attack,Automotive
43,SANDOZ INC,TUG VALLEY PHARMACY #1 (WV),3,3,1.1886,89.0,Combined Strategy,Geopolitical,Consumer Goods
44,VINTAGE PHARMACEUTICALS LLC,TUG VALLEY PHARMACY #1 (WV),3,1,0.9391,135.0,Production Reroute,Geopolitical,Consumer Goods
44,VINTAGE PHARMACEUTICALS LLC,TUG VALLEY PHARMACY #1 (WV),3,2,1.1755,151.0,Production Reroute,Cyber Attack,Automotive
44,VINTAGE PHARMACEUTICALS LLC,TUG VALLEY PHARMACY #1 (WV),3,3,1.1886,89.0,Combined Strategy,Geopolitical,Consumer Goods
45,SUN PHARMA GLOBAL INC,HOMETOWN PHARMACY #8469 (NC),2,1,1.7338,74.0,Alternative Supplier,Cyber Attack,Automotive
45,SUN PHARMA GLOBAL INC,HOMETOWN PHARMACY #8469 (NC),2,2,1.7771,55.0,Alternative Supplier,Natural Disaster,Electronics
45,SUN PHARMA GLOBAL INC,HOMETOWN PHARMACY #8469 (NC),2,3,1.9606,28.0,Alternative Supplier,Natural Disaster,Electronics
46,QUALITEST PHARMACEUTICALS,TUG VALLEY PHARMACY #1 (WV),3,1,0.9391,135.0,Production Reroute,Geopolitical,Consumer Goods
46,QUALITEST PHARMACEUTICALS,TUG VALLEY PHARMACY #1 (WV),3,2,1.1755,151.0,Production Reroute,Cyber Attack,Automotive
46,QUALITEST PHARMACEUTICALS,TUG VALLEY PHARMACY #1 (WV),3,3,1.1886,89.0,Combined Strategy,Geopolitical,Consumer Goods
47,HIKMA PHARMACEUTICALS,TUG VALLEY PHARMACY #1 (WV),4,1,0.0876,135.0,Production Reroute,Geopolitical,Consumer Goods
47,HIKMA PHARMACEUTICALS,TUG VALLEY PHARMACY #1 (WV),4,2,0.3241,151.0,Production Reroute,Cyber Attack,Automotive
47,HIKMA PHARMACEUTICALS,TUG VALLEY PHARMACY #1 (WV),4,3,0.3372,89.0,Combined Strategy,Geopolitical,Consumer Goods
48,PAR PHARMACEUTICAL INC,TUG VALLEY PHARMACY #1 (WV),3,1,0.9391,135.0,Production Reroute,Geopolitical,Consumer Goods
48,PAR PHARMACEUTICAL INC,TUG VALLEY PHARMACY #1 (WV),3,2,1.1755,151.0,Production Reroute,Cyber Attack,Automotive
48,PAR PHARMACEUTICAL INC,TUG VALLEY PHARMACY #1 (WV),3,3,1.1886,89.0,Combined Strategy,Geopolitical,Consumer Goods
49,ENDO PHARMACEUTICALS INC,TUG VALLEY PHARMACY #1 (WV),4,1,0.0876,135.0,Production Reroute,Geopolitical,Consumer Goods
49,ENDO PHARMACEUTICALS INC,TUG VALLEY PHARMACY #1 (WV),4,2,0.3241,151.0,Production Reroute,Cyber Attack,Automotive
49,ENDO PHARMACEUTICALS INC,TUG VALLEY PHARMACY #1 (WV),4,3,0.3372,89.0,Combined Strategy,Geopolitical,Consumer Goods
50,IMPAX LABORATORIES INC,PEOPLES PHARMACY #4809 (WV),2,1,1.7338,74.0,Alternative Supplier,Cyber Attack,Automotive
50,IMPAX LABORATORIES INC,PEOPLES PHARMACY #4809 (WV),2,2,1.7771,55.0,Alternative Supplier,Natural Disaster,Electronics
50,IMPAX LABORATORIES INC,PEOPLES PHARMACY #4809 (WV),2,3,1.9606,28.0,Alternative Supplier,Natural Disaster,Electronics
51,TEVA PHARMACEUTICALS USA INC,TUG VALLEY PHARMACY #1 (WV),4,1,0.0876,135.0,Production Reroute,Geopolitical,Consumer Goods
51,TEVA PHARMACEUTICALS USA INC,TUG VALLEY PHARMACY #1 (WV),4,2,0.3241,151.0,Production Reroute,Cyber Attack,Automotive
51,TEVA PHARMACEUTICALS USA INC,TUG VALLEY PHARMACY #1 (WV),4,3,0.3372,89.0,Combined Strategy,Geopolitical,Consumer Goods
52,PURDUE PHARMA LP,COMMUNITY PHARMACY #9436 (WV),3,1,0.8823,74.0,Alternative Supplier,Cyber Attack,Automotive
52,PURDUE PHARMA LP,COMMUNITY PHARMACY #9436 (WV),3,2,0.9256,55.0,Alternative Supplier,Natural Disaster,Electronics
52,PURDUE PHARMA LP,COMMUNITY PHARMACY #9436 (WV),3,3,1.0486,88.0,Alternative Supplier,Natural Disaster,Automotive
53,TEVA PHARMACEUTICALS USA INC,CVS PHARMACY #6466 (KY),4,1,0.1972,88.0,Alternative Supplier,Natural Disaster,Automotive
53,TEVA PHARMACEUTICALS USA INC,CVS PHARMACY #6466 (KY),4,2,0.3113,140.0,Alternative Supplier,Natural Disaster,Electronics
53,TEVA PHARMACEUTICALS USA INC,CVS PHARMACY #6466 (KY),4,3,0.3641,114.0,Alternative Supplier,Natural Disaster,Pharmaceuticals
54,ABBOTT LABORATORIES,CVS PHARMACY #3187 (KY),3,1,0.8823,74.0,Alternative Supplier,Cyber Attack,Automotive
54,ABBOTT LABORATORIES,CVS PHARMACY #3187 (KY),3,2,0.9256,55.0,Alternative Supplier,Natural Disaster,Electronics
54,ABBOTT LABORATORIES,CVS PHARMACY #3187 (KY),3,3,1.0486,88.0,Alternative Supplier,Natural Disaster,Automotive
55,ABBOTT LABORATORIES,HOMETOWN PHARMACY #5447 (MD),3,1,0.9391,135.0,Production Reroute,Geopolitical,Consumer Goods
55,ABBOTT LABORATORIES,HOMETOWN PHARMACY #5447 (MD),3,2,1.1755,151.0,Production Reroute,Cyber Attack,Automotive
55,ABBOTT LABORATORIES,HOMETOWN PHARMACY #5447 (MD),3,3,1.1886,89.0,Combined Strategy,Geopolitical,Consumer Goods
56,ACTAVIS PHARMA INC,TUG VALLEY PHARMACY #1 (WV),3,1,0.9391,135.0,Production Reroute,Geopolitical,Consumer Goods
56,ACTAVIS PHARMA INC,TUG VALLEY PHARMACY #1 (WV),3,2,1.1755,151.0,Production Reroute,Cyber Attack,Automotive
56,ACTAVIS PHARMA INC,TUG VALLEY PHARMACY #1 (WV),3,3,1.1886,89.0,Combined Strategy,Geopolitical,Consumer Goods
57,HIKMA PHARMACEUTICALS,TUG VALLEY PHARMACY #1 (WV),4,1,0.0876,135.0,Production Reroute,Geopolitical,Consumer Goods
57,HIKMA PHARMACEUTICALS,TUG VALLEY PHARMACY #1 (WV),4,2,0.3241,151.0,Production Reroute,Cyber Attack,Automotive
57,HIKMA PHARMACEUTICALS,TUG VALLEY PHARMACY #1 (WV),4,3,0.3372,89.0,Combined Strategy,Geopolitical,Consumer Goods
58,LANNETT COMPANY INC,TUG VALLEY PHARMACY #1 (WV),3,1,0.9391,135.0,Production Reroute,Geopolitical,Consumer Goods
58,LANNETT COMPANY INC,TUG VALLEY PHARMACY #1 (WV),3,2,1.1755,151.0,Production Reroute,Cyber Attack,Automotive
58,LANNETT COMPANY INC,TUG VALLEY PHARMACY #1 (WV),3,3,1.1886,89.0,Combined Strategy,Geopolitical,Consumer Goods
59,QUALITEST PHARMACEUTICALS,SUNRISE PHARMACY #3108 (NM),3,1,0.9391,135.0,Production Reroute,Geopolitical,Consumer Goods
59,QUALITEST PHARMACEUTICALS,SUNRISE PHARMACY #3108 (NM),3,2,1.1755,151.0,Production Reroute,Cyber Attack,Automotive
59,QUALITEST PHARMACEUTICALS,SUNRISE PHARMACY #3108 (NM),3,3,1.1886,89.0,Combined Strategy,Geopolitical,Consumer Goods
60,MYLAN PHARMACEUTICALS INC,HOMETOWN PHARMACY #8919 (KY),2,1,1.7338,74.0,Alternative Supplier,Cyber Attack,Automotive
60,MYLAN PHARMACEUTICALS INC,HOMETOWN PHARMACY #8919 (KY),2,2,1.7771,55.0,Alternative Supplier,Natural Disaster,Electronics
60,MYLAN PHARMACEUTICALS INC,HOMETOWN PHARMACY #8919 (KY),2,3,1.9606,28.0,Alternative Supplier,Natural Disaster,Electronics
61,MALLINCKRODT LLC,TUG VALLEY PHARMACY #1 (WV),3,1,0.9391,135.0,Production Reroute,Geopolitical,Consumer Goods
61,MALLINCKRODT LLC,TUG VALLEY PHARMACY #1 (WV),3,2,1.1755,151.0,Production Reroute,Cyber Attack,Automotive
61,MALLINCKRODT LLC,TUG VALLEY PHARMACY #1 (WV),3,3,1.1886,89.0,Combined Strategy,Geopolitical,Consumer Goods
62,PAR PHARMACEUTICAL INC,TUG VALLEY PHARMACY #1 (WV),4,1,0.0876,135.0,Production Reroute,Geopolitical,Consumer Goods
62,PAR PHARMACEUTICAL INC,TUG VALLEY PHARMACY #1 (WV),4,2,0.3241,151.0,Production Reroute,Cyber Attack,Automotive
62,PAR PHARMACEUTICAL INC,TUG VALLEY PHARMACY #1 (WV),4,3,0.3372,89.0,Combined Strategy,Geopolitical,Consumer Goods
63,PURDUE PHARMA LP,TUG VALLEY PHARMACY #1 (WV),3,1,0.9391,135.0,Production Reroute,Geopolitical,Consumer Goods
63,PURDUE PHARMA LP,TUG VALLEY PHARMACY #1 (WV),3,2,1.1755,151.0,Production Reroute,Cyber Attack,Automotive
63,PURDUE PHARMA LP,TUG VALLEY PHARMACY #1 (WV),3,3,1.1886,89.0,Combined Strategy,Geopolitical,Consumer Goods
64,HIKMA PHARMACEUTICALS,TUG VALLEY PHARMACY #1 (WV),4,1,0.0876,135.0,Production Reroute,Geopolitical,Consumer Goods
64,HIKMA PHARMACEUTICALS,TUG VALLEY PHARMACY #1 (WV),4,2,0.3241,151.0,Production Reroute,Cyber Attack,Automotive
64,HIKMA PHARMACEUTICALS,TUG VALLEY PHARMACY #1 (WV),4,3,0.3372,89.0,Combined Strategy,Geopolitical,Consumer Goods
65,PAR PHARMACEUTICAL INC,TUG VALLEY PHARMACY #1 (WV),3,1,0.9391,135.0,Production Reroute,Geopolitical,Consumer Goods
65,PAR PHARMACEUTICAL INC,TUG VALLEY PHARMACY #1 (WV),3,2,1.1755,151.0,Production Reroute,Cyber Attack,Automotive
65,PAR PHARMACEUTICAL INC,TUG VALLEY PHARMACY #1 (WV),3,3,1.1886,89.0,Combined Strategy,Geopolitical,Consumer Goods
66,QUALITEST PHARMACEUTICALS,TUG VALLEY PHARMACY #1 (WV),3,1,0.9391,135.0,Production Reroute,Geopolitical,Consumer Goods
66,QUALITEST PHARMACEUTICALS,TUG VALLEY PHARMACY #1 (WV),3,2,1.1755,151.0,Production Reroute,Cyber Attack,Automotive
66,QUALITEST PHARMACEUTICALS,TUG VALLEY PHARMACY #1 (WV),3,3,1.1886,89.0,Combined Strategy,Geopolitical,Consumer Goods
67,PAR PHARMACEUTICAL INC,PUBLIX PHARMACY #7101 (VA),2,1,1.7338,74.0,Alternative Supplier,Cyber Attack,Automotive
67,PAR PHARMACEUTICAL INC,PUBLIX PHARMACY #7101 (VA),2,2,1.7771,55.0,Alternative Supplier,Natural Disaster,Electronics
67,PAR PHARMACEUTICAL INC,PUBLIX PHARMACY #7101 (VA),2,3,1.9606,28.0,Alternative Supplier,Natural Disaster,Electronics
68,ACTAVIS PHARMA INC,KROGER PHARMACY #6614 (PA),2,1,1.7338,74.0,Alternative Supplier,Cyber Attack,Automotive
68,ACTAVIS PHARMA INC,KROGER PHARMACY #6614 (PA),2,2,1.7771,55.0,Alternative Supplier,Natural Disaster,Electronics
68,ACTAVIS PHARMA INC,KROGER PHARMACY #6614 (PA),2,3,1.9606,28.0,Alternative Supplier,Natural Disaster,Electronics
69,ABBOTT LABORATORIES,TUG VALLEY PHARMACY #1 (WV),3,1,0.9391,135.0,Production Reroute,Geopolitical,Consumer Goods
69,ABBOTT LABORATORIES,TUG VALLEY PHARMACY #1 (WV),3,2,1.1755,151.0,Production Reroute,Cyber Attack,Automotive
69,ABBOTT LABORATORIES,TUG VALLEY PHARMACY #1 (WV),3,3,1.1886,89.0,Combined Strategy,Geopolitical,Consumer Goods
70,TEVA PHARMACEUTICALS USA INC,MEDICO PHARMACY #5137 (MN),3,1,0.9391,135.0,Production Reroute,Geopolitical,Consumer Goods
70,TEVA PHARMACEUTICALS USA INC,MEDICO PHARMACY #5137 (MN),3,2,1.1755,151.0,Production Reroute,Cyber Attack,Automotive
70,TEVA PHARMACEUTICALS USA INC,MEDICO PHARMACY #5137 (MN),3,3,1.1886,89.0,Combined Strategy,Geopolitical,Consumer Goods
71,SUN PHARMA GLOBAL INC,TUG VALLEY PHARMACY #1 (WV),4,1,0.0876,135.0,Production Reroute,Geopolitical,Consumer Goods
71,SUN PHARMA GLOBAL INC,TUG VALLEY PHARMACY #1 (WV),4,2,0.3241,151.0,Production Reroute,Cyber Attack,Automotive
71,SUN PHARMA GLOBAL INC,TUG VALLEY PHARMACY #1 (WV),4,3,0.3372,89.0,Combined Strategy,Geopolitical,Consumer Goods
72,VINTAGE PHARMACEUTICALS LLC,TUG VALLEY PHARMACY #1 (WV),3,1,0.9391,135.0,Production Reroute,Geopolitical,Consumer Goods
72,VINTAGE PHARMACEUTICALS LLC,TUG VALLEY PHARMACY #1 (WV),3,2,1.1755,151.0,Production Reroute,Cyber Attack,Automotive
72,VINTAGE PHARMACEUTICALS LLC,TUG VALLEY PHARMACY #1 (WV),3,3,1.1886,89.0,Combined Strategy,Geopolitical,Consumer Goods
73,MALLINCKRODT LLC,HARRIS TEETER PHARMACY #6283 (CA),2,1,1.7338,74.0,Alternative Supplier,Cyber Attack,Automotive
73,MALLINCKRODT LLC,HARRIS TEETER PHARMACY #6283 (CA),2,2,1.7771,55.0,Alternative Supplier,Natural Disaster,Electronics
73,MALLINCKRODT LLC,HARRIS TEETER PHARMACY #6283 (CA),2,3,1.9606,28.0,Alternative Supplier,Natural Disaster,Electronics
74,MALLINCKRODT LLC,HOMETOWN PHARMACY #6387 (NC),2,1,1.7338,74.0,Alternative Supplier,Cyber Attack,Automotive
74,MALLINCKRODT LLC,HOMETOWN PHARMACY #6387 (NC),2,2,1.7771,55.0,Alternative Supplier,Natural Disaster,Electronics
74,MALLINCKRODT LLC,HOMETOWN PHARMACY #6387 (NC),2,3,1.9606,28.0,Alternative Supplier,Natural Disaster,Electronics
75,RHODES TECHNOLOGIES,QUALITY CARE PHARMACY #6294 (VA),2,1,1.7338,74.0,Alternative Supplier,Cyber Attack,Automotive
75,RHODES TECHNOLOGIES,QUALITY CARE PHARMACY #6294 (VA),2,2,1.7771,55.0,Alternative Supplier,Natural Disaster,Electronics
75,RHODES TECHNOLOGIES,QUALITY CARE PHARMACY #6294 (VA),2,3,1.9606,28.0,Alternative Supplier,Natural Disaster,Electronics
76,MALLINCKRODT LLC,TUG VALLEY PHARMACY #1 (WV),3,1,0.9391,135.0,Production Reroute,Geopolitical,Consumer Goods
76,MALLINCKRODT LLC,TUG VALLEY PHARMACY #1 (WV),3,2,1.1755,151.0,Production Reroute,Cyber Attack,Automotive
76,MALLINCKRODT LLC,TUG VALLEY PHARMACY #1 (WV),3,3,1.1886,89.0,Combined Strategy,Geopolitical,Consumer Goods
77,LANNETT COMPANY INC,TUG VALLEY PHARMACY #1 (WV),3,1,0.9391,135.0,Production Reroute,Geopolitical,Consumer Goods
77,LANNETT COMPANY INC,TUG VALLEY PHARMACY #1 (WV),3,2,1.1755,151.0,Production Reroute,Cyber Attack,Automotive
77,LANNETT COMPANY INC,TUG VALLEY PHARMACY #1 (WV),3,3,1.1886,89.0,Combined Strategy,Geopolitical,Consumer Goods
78,IMPAX LABORATORIES INC,TUG VALLEY PHARMACY #1 (WV),3,1,0.9391,135.0,Production Reroute,Geopolitical,Consumer Goods
78,IMPAX LABORATORIES INC,TUG VALLEY PHARMACY #1 (WV),3,2,1.1755,151.0,Production Reroute,Cyber Attack,Automotive
78,IMPAX LABORATORIES INC,TUG VALLEY PHARMACY #1 (WV),3,3,1.1886,89.0,Combined Strategy,Geopolitical,Consumer Goods
79,PURDUE PHARMA LP,HOMETOWN PHARMACY #8707 (WV),2,1,1.7338,74.0,Alternative Supplier,Cyber Attack,Automotive
79,PURDUE PHARMA LP,HOMETOWN PHARMACY #8707 (WV),2,2,1.7771,55.0,Alternative Supplier,Natural Disaster,Electronics
79,PURDUE PHARMA LP,HOMETOWN PHARMACY #8707 (WV),2,3,1.9606,28.0,Alternative Supplier,Natural Disaster,Electronics
80,PURDUE PHARMA LP,HARRIS TEETER PHARMACY #1358 (CA),3,1,0.9391,135.0,Production Reroute,Geopolitical,Consumer Goods
80,PURDUE PHARMA LP,HARRIS TEETER PHARMACY #1358 (CA),3,2,1.1755,151.0,Production Reroute,Cyber Attack,Automotive
80,PURDUE PHARMA LP,HARRIS TEETER PHARMACY #1358 (CA),3,3,1.1886,89.0,Combined Strategy,Geopolitical,Consumer Goods
81,ABBOTT LABORATORIES,HEALTH MART PHARMACY #8164 (MO),3,1,0.9391,135.0,Production Reroute,Geopolitical,Consumer Goods
81,ABBOTT LABORATORIES,HEALTH MART PHARMACY #8164 (MO),3,2,1.1755,151.0,Production Reroute,Cyber Attack,Automotive
81,ABBOTT LABORATORIES,HEALTH MART PHARMACY #8164 (MO),3,3,1.1886,89.0,Combined Strategy,Geopolitical,Consumer Goods
82,MYLAN PHARMACEUTICALS INC,TUG VALLEY PHARMACY #1 (WV),3,1,0.9391,135.0,Production Reroute,Geopolitical,Consumer Goods
82,MYLAN PHARMACEUTICALS INC,TUG VALLEY PHARMACY #1 (WV),3,2,1.1755,151.0,Production Reroute,Cyber Attack,Automotive
82,MYLAN PHARMACEUTICALS INC,TUG VALLEY PHARMACY #1 (WV),3,3,1.1886,89.0,Combined Strategy,Geopolitical,Consumer Goods
83,MALLINCKRODT LLC,TUG VALLEY PHARMACY #1 (WV),4,1,0.0876,135.0,Production Reroute,Geopolitical,Consumer Goods
83,MALLINCKRODT LLC,TUG VALLEY PHARMACY #1 (WV),4,2,0.3241,151.0,Production Reroute,Cyber Attack,Automotive
83,MALLINCKRODT LLC,TUG VALLEY PHARMACY #1 (WV),4,3,0.3372,89.0,Combined Strategy,Geopolitical,Consumer Goods
84,WATSON LABORATORIES INC,TUG VALLEY PHARMACY #1 (WV),3,1,0.9391,135.0,Production Reroute,Geopolitical,Consumer Goods
84,WATSON LABORATORIES INC,TUG VALLEY PHARMACY #1 (WV),3,2,1.1755,151.0,Production Reroute,Cyber Attack,Automotive
84,WATSON LABORATORIES INC,TUG VALLEY PHARMACY #1 (WV),3,3,1.1886,89.0,Combined Strategy,Geopolitical,Consumer Goods
85,PURDUE PHARMA LP,VILLAGE PHARMACY #9397 (NC),2,1,1.7338,74.0,Alternative Supplier,Cyber Attack,Automotive
85,PURDUE PHARMA LP,VILLAGE PHARMACY #9397 (NC),2,2,1.7771,55.0,Alternative Supplier,Natural Disaster,Electronics
85,PURDUE PHARMA LP,VILLAGE PHARMACY #9397 (NC),2,3,1.9606,28.0,Alternative Supplier,Natural Disaster,Electronics
86,ENDO PHARMACEUTICALS INC,TUG VALLEY PHARMACY #1 (WV),3,1,0.9391,135.0,Production Reroute,Geopolitical,Consumer Goods
86,ENDO PHARMACEUTICALS INC,TUG VALLEY PHARMACY #1 (WV),3,2,1.1755,151.0,Production Reroute,Cyber Attack,Automotive
86,ENDO PHARMACEUTICALS INC,TUG VALLEY PHARMACY #1 (WV),3,3,1.1886,89.0,Combined Strategy,Geopolitical,Consumer Goods
87,ACTAVIS PHARMA INC,WALGREENS #9211 (LA),2,1,1.7338,74.0,Alternative Supplier,Cyber Attack,Automotive
87,ACTAVIS PHARMA INC,WALGREENS #9211 (LA),2,2,1.7771,55.0,Alternative Supplier,Natural Disaster,Electronics
87,ACTAVIS PHARMA INC,WALGREENS #9211 (LA),2,3,1.9606,28.0,Alternative Supplier,Natural Disaster,Electronics
88,CADISTA PHARMACEUTICALS INC,HARRIS TEETER PHARMACY #6758 (NC),2,1,1.7338,74.0,Alternative Supplier,Cyber Attack,Automotive
88,CADISTA PHARMACEUTICALS INC,HARRIS TEETER PHARMACY #6758 (NC),2,2,1.7771,55.0,Alternative Supplier,Natural Disaster,Electronics
88,CADISTA PHARMACEUTICALS INC,HARRIS TEETER PHARMACY #6758 (NC),2,3,1.9606,28.0,Alternative Supplier,Natural Disaster,Electronics
89,ABBOTT LABORATORIES,RITE AID #2280 (MD),2,1,1.7338,74.0,Alternative Supplier,Cyber Attack,Automotive
89,ABBOTT LABORATORIES,RITE AID #2280 (MD),2,2,1.7771,55.0,Alternative Supplier,Natural Disaster,Electronics
89,ABBOTT LABORATORIES,RITE AID #2280 (MD),2,3,1.9606,28.0,Alternative Supplier,Natural Disaster,Electronics
90,QUALITEST PHARMACEUTICALS,SUNRISE PHARMACY #6929 (SC),2,1,1.7338,74.0,Alternative Supplier,Cyber Attack,Automotive
90,QUALITEST PHARMACEUTICALS,SUNRISE PHARMACY #6929 (SC),2,2,1.7771,55.0,Alternative Supplier,Natural Disaster,Electronics
90,QUALITEST PHARMACEUTICALS,SUNRISE PHARMACY #6929 (SC),2,3,1.9606,28.0,Alternative Supplier,Natural Disaster,Electronics
91,JANSSEN PHARMACEUTICALS INC,TUG VALLEY PHARMACY #1 (WV),3,1,0.9391,135.0,Production Reroute,Geopolitical,Consumer Goods
91,JANSSEN PHARMACEUTICALS INC,TUG VALLEY PHARMACY #1 (WV),3,2,1.1755,151.0,Production Reroute,Cyber Attack,Automotive
91,JANSSEN PHARMACEUTICALS INC,TUG VALLEY PHARMACY #1 (WV),3,3,1.1886,89.0,Combined Strategy,Geopolitical,Consumer Goods
92,PAR PHARMACEUTICAL INC,MAIN STREET PHARMACY #2598 (NV),2,1,1.7338,74.0,Alternative Supplier,Cyber Attack,Automotive
92,PAR PHARMACEUTICAL INC,MAIN STREET PHARMACY #2598 (NV),2,2,1.7771,55.0,Alternative Supplier,Natural Disaster,Electronics
92,PAR PHARMACEUTICAL INC,MAIN STREET PHARMACY #2598 (NV),2,3,1.9606,28.0,Alternative Supplier,Natural Disaster,Electronics
93,ABBOTT LABORATORIES,HOMETOWN PHARMACY #2774 (SC),2,1,1.7338,74.0,Alternative Supplier,Cyber Attack,Automotive
93,ABBOTT LABORATORIES,HOMETOWN PHARMACY #2774 (SC),2,2,1.7771,55.0,Alternative Supplier,Natural Disaster,Electronics
93,ABBOTT LABORATORIES,HOMETOWN PHARMACY #2774 (SC),2,3,1.9606,28.0,Alternative Supplier,Natural Disaster,Electronics
94,ACTAVIS PHARMA INC,PUBLIX PHARMACY #2769 (WV),2,1,1.7338,74.0,Alternative Supplier,Cyber Attack,Automotive
94,ACTAVIS PHARMA INC,PUBLIX PHARMACY #2769 (WV),2,2,1.7771,55.0,Alternative Supplier,Natural Disaster,Electronics
94,ACTAVIS PHARMA INC,PUBLIX PHARMACY #2769 (WV),2,3,1.9606,28.0,Alternative Supplier,Natural Disaster,Electronics
95,RHODES TECHNOLOGIES,PUBLIX PHARMACY #1697 (MI),2,1,1.7338,74.0,Alternative Supplier,Cyber Attack,Automotive
95,RHODES TECHNOLOGIES,PUBLIX PHARMACY #1697 (MI),2,2,1.7771,55.0,Alternative Supplier,Natural Disaster,Electronics
95,RHODES TECHNOLOGIES,PUBLIX PHARMACY #1697 (MI),2,3,1.9606,28.0,Alternative Supplier,Natural Disaster,Electronics
96,ENDO PHARMACEUTICALS INC,MEDICO PHARMACY #4957 (HI),3,1,0.9391,135.0,Production Reroute,Geopolitical,Consumer Goods
96,ENDO PHARMACEUTICALS INC,MEDICO PHARMACY #4957 (HI),3,2,1.1755,151.0,Production Reroute,Cyber Attack,Automotive
96,ENDO PHARMACEUTICALS INC,MEDICO PHARMACY #4957 (HI),3,3,1.1886,89.0,Combined Strategy,Geopolitical,Consumer Goods
97,JANSSEN PHARMACEUTICALS INC,CVS PHARMACY #1671 (HI),2,1,1.7338,74.0,Alternative Supplier,Cyber Attack,Automotive
97,JANSSEN PHARMACEUTICALS INC,CVS PHARMACY #1671 (HI),2,2,1.7771,55.0,Alternative Supplier,Natural Disaster,Electronics
97,JANSSEN PHARMACEUTICALS INC,CVS PHARMACY #1671 (HI),2,3,1.9606,28.0,Alternative Supplier,Natural Disaster,Electronics
98,JANSSEN PHARMACEUTICALS INC,HEALTH MART PHARMACY #8084 (WA),4,1,0.0876,135.0,Production Reroute,Geopolitical,Consumer Goods
98,JANSSEN PHARMACEUTICALS INC,HEALTH MART PHARMACY #8084 (WA),4,2,0.3241,151.0,Production Reroute,Cyber Attack,Automotive
98,JANSSEN PHARMACEUTICALS INC,HEALTH MART PHARMACY #8084 (WA),4,3,0.3372,89.0,Combined Strategy,Geopolitical,Consumer Goods
99,CADISTA PHARMACEUTICALS INC,QUALITY CARE PHARMACY #5456 (WA),3,1,0.9391,135.0,Production Reroute,Geopolitical,Consumer Goods
99,CADISTA PHARMACEUTICALS INC,QUALITY CARE PHARMACY #5456 (WA),3,2,1.1755,151.0,Production Reroute,Cyber Attack,Automotive
99,CADISTA PHARMACEUTICALS INC,QUALITY CARE PHARMACY #5456 (WA),3,3,1.1886,89.0,Combined Strategy,Geopolitical,Consumer Goods
100,ENDO PHARMACEUTICALS INC,GOOD NEIGHBOR PHARMACY #6272 (NC),2,1,1.7338,74.0,Alternative Supplier,Cyber Attack,Automotive
100,ENDO PHARMACEUTICALS INC,GOOD NEIGHBOR PHARMACY #6272 (NC),2,2,1.7771,55.0,Alternative Supplier,Natural Disaster,Electronics
100,ENDO PHARMACEUTICALS INC,GOOD NEIGHBOR PHARMACY #6272 (NC),2,3,1.9606,28.0,Alternative Supplier,Natural Disaster,Electronics
101,TEVA PHARMACEUTICALS USA INC,HARRIS TEETER PHARMACY #6061 (MI),2,1,1.7338,74.0,Alternative Supplier,Cyber Attack,Automotive
101,TEVA PHARMACEUTICALS USA INC,HARRIS TEETER PHARMACY #6061 (MI),2,2,1.7771,55.0,Alternative Supplier,Natural Disaster,Electronics
101,TEVA PHARMACEUTICALS USA INC,HARRIS TEETER PHARMACY #6061 (MI),2,3,1.9606,28.0,Alternative Supplier,Natural Disaster,Electronics
102,PURDUE PHARMA LP,MAIN STREET PHARMACY #6568 (HI),2,1,1.7338,74.0,Alternative Supplier,Cyber Attack,Automotive
102,PURDUE PHARMA LP,MAIN STREET PHARMACY #6568 (HI),2,2,1.7771,55.0,Alternative Supplier,Natural Disaster,Electronics
102,PURDUE PHARMA LP,MAIN STREET PHARMACY #6568 (HI),2,3,1.9606,28.0,Alternative Supplier,Natural Disaster,Electronics
103,RHODES TECHNOLOGIES,PEOPLES PHARMACY #9356 (IA),2,1,1.7338,74.0,Alternative Supplier,Cyber Attack,Automotive
103,RHODES TECHNOLOGIES,PEOPLES PHARMACY #9356 (IA),2,2,1.7771,55.0,Alternative Supplier,Natural Disaster,Electronics
103,RHODES TECHNOLOGIES,PEOPLES PHARMACY #9356 (IA),2,3,1.9606,28.0,Alternative Supplier,Natural Disaster,Electronics
104,MALLINCKRODT LLC,MEDICO PHARMACY #6767 (NC),2,1,1.7338,74.0,Alternative Supplier,Cyber Attack,Automotive
104,MALLINCKRODT LLC,MEDICO PHARMACY #6767 (NC),2,2,1.7771,55.0,Alternative Supplier,Natural Disaster,Electronics
104,MALLINCKRODT LLC,MEDICO PHARMACY #6767 (NC),2,3,1.9606,28.0,Alternative Supplier,Natural Disaster,Electronics
105,MALLINCKRODT LLC,GOOD NEIGHBOR PHARMACY #5811 (MT),2,1,1.7338,74.0,Alternative Supplier,Cyber Attack,Automotive
105,MALLINCKRODT LLC,GOOD NEIGHBOR PHARMACY #5811 (MT),2,2,1.7771,55.0,Alternative Supplier,Natural Disaster,Electronics
105,MALLINCKRODT LLC,GOOD NEIGHBOR PHARMACY #5811 (MT),2,3,1.9606,28.0,Alternative Supplier,Natural Disaster,Electronics
106,PAR PHARMACEUTICAL INC,PUBLIX PHARMACY #7101 (VA),2,1,1.7338,74.0,Alternative Supplier,Cyber Attack,Automotive
106,PAR PHARMACEUTICAL INC,PUBLIX PHARMACY #7101 (VA),2,2,1.7771,55.0,Alternative Supplier,Natural Disaster,Electronics
106,PAR PHARMACEUTICAL INC,PUBLIX PHARMACY #7101 (VA),2,3,1.9606,28.0,Alternative Supplier,Natural Disaster,Electronics
107,PURDUE PHARMA LP,TUG VALLEY PHARMACY #1 (WV),3,1,0.9391,135.0,Production Reroute,Geopolitical,Consumer Goods
107,PURDUE PHARMA LP,TUG VALLEY PHARMACY #1 (WV),3,2,1.1755,151.0,Production Reroute,Cyber Attack,Automotive
107,PURDUE PHARMA LP,TUG VALLEY PHARMACY #1 (WV),3,3,1.1886,89.0,Combined Strategy,Geopolitical,Consumer Goods
108,AMNEAL PHARMACEUTICALS LLC,COMMUNITY PHARMACY #3160 (TX),2,1,1.7338,74.0,Alternative Supplier,Cyber Attack,Automotive
108,AMNEAL PHARMACEUTICALS LLC,COMMUNITY PHARMACY #3160 (TX),2,2,1.7771,55.0,Alternative Supplier,Natural Disaster,Electronics
108,AMNEAL PHARMACEUTICALS LLC,COMMUNITY PHARMACY #3160 (TX),2,3,1.9606,28.0,Alternative Supplier,Natural Disaster,Electronics
109,AMNEAL PHARMACEUTICALS LLC,KROGER PHARMACY #9348 (RI),2,1,1.7338,74.0,Alternative Supplier,Cyber Attack,Automotive
109,AMNEAL PHARMACEUTICALS LLC,KROGER PHARMACY #9348 (RI),2,2,1.7771,55.0,Alternative Supplier,Natural Disaster,Electronics
109,AMNEAL PHARMACEUTICALS LLC,KROGER PHARMACY #9348 (RI),2,3,1.9606,28.0,Alternative Supplier,Natural Disaster,Electronics
110,CADISTA PHARMACEUTICALS INC,QUALITY CARE PHARMACY #4985 (TN),2,1,1.7338,74.0,Alternative Supplier,Cyber Attack,Automotive
110,CADISTA PHARMACEUTICALS INC,QUALITY CARE PHARMACY #4985 (TN),2,2,1.7771,55.0,Alternative Supplier,Natural Disaster,Electronics
110,CADISTA PHARMACEUTICALS INC,QUALITY CARE PHARMACY #4985 (TN),2,3,1.9606,28.0,Alternative Supplier,Natural Disaster,Electronics
111,JANSSEN PHARMACEUTICALS INC,TUG VALLEY PHARMACY #1 (WV),3,1,0.9391,135.0,Production Reroute,Geopolitical,Consumer Goods
111,JANSSEN PHARMACEUTICALS INC,TUG VALLEY PHARMACY #1 (WV),3,2,1.1755,151.0,Production Reroute,Cyber Attack,Automotive
111,JANSSEN PHARMACEUTICALS INC,TUG VALLEY PHARMACY #1 (WV),3,3,1.1886,89.0,Combined Strategy,Geopolitical,Consumer Goods
112,ABBOTT LABORATORIES,TUG VALLEY PHARMACY #1 (WV),4,1,0.0876,135.0,Production Reroute,Geopolitical,Consumer Goods
112,ABBOTT LABORATORIES,TUG VALLEY PHARMACY #1 (WV),4,2,0.3241,151.0,Production Reroute,Cyber Attack,Automotive
112,ABBOTT LABORATORIES,TUG VALLEY PHARMACY #1 (WV),4,3,0.3372,89.0,Combined Strategy,Geopolitical,Consumer Goods
113,ENDO PHARMACEUTICALS INC,VILLAGE PHARMACY #2199 (KS),2,1,1.7338,74.0,Alternative Supplier,Cyber Attack,Automotive
113,ENDO PHARMACEUTICALS INC,VILLAGE PHARMACY #2199 (KS),2,2,1.7771,55.0,Alternative Supplier,Natural Disaster,Electronics
113,ENDO PHARMACEUTICALS INC,VILLAGE PHARMACY #2199 (KS),2,3,1.9606,28.0,Alternative Supplier,Natural Disaster,Electronics
114,SANDOZ INC,TUG VALLEY PHARMACY #1 (WV),3,1,0.9391,135.0,Production Reroute,Geopolitical,Consumer Goods
114,SANDOZ INC,TUG VALLEY PHARMACY #1 (WV),3,2,1.1755,151.0,Production Reroute,Cyber Attack,Automotive
114,SANDOZ INC,TUG VALLEY PHARMACY #1 (WV),3,3,1.1886,89.0,Combined Strategy,Geopolitical,Consumer Goods
115,ENDO PHARMACEUTICALS INC,TUG VALLEY PHARMACY #1 (WV),4,1,0.0876,135.0,Production Reroute,Geopolitical,Consumer Goods
115,ENDO PHARMACEUTICALS INC,TUG VALLEY PHARMACY #1 (WV),4,2,0.3241,151.0,Production Reroute,Cyber Attack,Automotive
115,ENDO PHARMACEUTICALS INC,TUG VALLEY PHARMACY #1 (WV),4,3,0.3372,89.0,Combined Strategy,Geopolitical,Consumer Goods
116,SUN PHARMA GLOBAL INC,VILLAGE PHARMACY #1377 (VA),2,1,1.7338,74.0,Alternative Supplier,Cyber Attack,Automotive
116,SUN PHARMA GLOBAL INC,VILLAGE PHARMACY #1377 (VA),2,2,1.7771,55.0,Alternative Supplier,Natural Disaster,Electronics
116,SUN PHARMA GLOBAL INC,VILLAGE PHARMACY #1377 (VA),2,3,1.9606,28.0,Alternative Supplier,Natural Disaster,Electronics
117,AMNEAL PHARMACEUTICALS LLC,TUG VALLEY PHARMACY #1 (WV),4,1,0.0876,135.0,Production Reroute,Geopolitical,Consumer Goods
117,AMNEAL PHARMACEUTICALS LLC,TUG VALLEY PHARMACY #1 (WV),4,2,0.3241,151.0,Production Reroute,Cyber Attack,Automotive
117,AMNEAL PHARMACEUTICALS LLC,TUG VALLEY PHARMACY #1 (WV),4,3,0.3372,89.0,Combined Strategy,Geopolitical,Consumer Goods
118,LANNETT COMPANY INC,TUG VALLEY PHARMACY #1 (WV),4,1,0.0876,135.0,Production Reroute,Geopolitical,Consumer Goods
118,LANNETT COMPANY INC,TUG VALLEY PHARMACY #1 (WV),4,2,0.3241,151.0,Production Reroute,Cyber Attack,Automotive
118,LANNETT COMPANY INC,TUG VALLEY PHARMACY #1 (WV),4,3,0.3372,89.0,Combined Strategy,Geopolitical,Consumer Goods
119,WATSON LABORATORIES INC,VILLAGE PHARMACY #1037 (MI),2,1,1.7338,74.0,Alternative Supplier,Cyber Attack,Automotive
119,WATSON LABORATORIES INC,VILLAGE PHARMACY #1037 (MI),2,2,1.7771,55.0,Alternative Supplier,Natural Disaster,Electronics
119,WATSON LABORATORIES INC,VILLAGE PHARMACY #1037 (MI),2,3,1.9606,28.0,Alternative Supplier,Natural Disaster,Electronics
120,CADISTA PHARMACEUTICALS INC,VILLAGE PHARMACY #3294 (MD),3,1,0.9391,135.0,Production Reroute,Geopolitical,Consumer Goods
120,CADISTA PHARMACEUTICALS INC,VILLAGE PHARMACY #3294 (MD),3,2,1.1755,151.0,Production Reroute,Cyber Attack,Automotive
120,CADISTA PHARMACEUTICALS INC,VILLAGE PHARMACY #3294 (MD),3,3,1.1886,89.0,Combined Strategy,Geopolitical,Consumer Goods
121,PAR PHARMACEUTICAL INC,CORNER DRUG STORE #2632 (NV),2,1,1.7338,74.0,Alternative Supplier,Cyber Attack,Automotive
121,PAR PHARMACEUTICAL INC,CORNER DRUG STORE #2632 (NV),2,2,1.7771,55.0,Alternative Supplier,Natural Disaster,Electronics
121,PAR PHARMACEUTICAL INC,CORNER DRUG STORE #2632 (NV),2,3,1.9606,28.0,Alternative Supplier,Natural Disaster,Electronics
122,CADISTA PHARMACEUTICALS INC,KROGER PHARMACY #7026 (MS),2,1,1.7338,74.0,Alternative Supplier,Cyber Attack,Automotive
122,CADISTA PHARMACEUTICALS INC,KROGER PHARMACY #7026 (MS),2,2,1.7771,55.0,Alternative Supplier,Natural Disaster,Electronics
122,CADISTA PHARMACEUTICALS INC,KROGER PHARMACY #7026 (MS),2,3,1.9606,28.0,Alternative Supplier,Natural Disaster,Electronics
123,MALLINCKRODT LLC,SUNRISE PHARMACY #4396 (HI),3,1,0.9391,135.0,Production Reroute,Geopolitical,Consumer Goods
123,MALLINCKRODT LLC,SUNRISE PHARMACY #4396 (HI),3,2,1.1755,151.0,Production Reroute,Cyber Attack,Automotive
123,MALLINCKRODT LLC,SUNRISE PHARMACY #4396 (HI),3,3,1.1886,89.0,Combined Strategy,Geopolitical,Consumer Goods
124,ACTAVIS PHARMA INC,TUG VALLEY PHARMACY #1 (WV),4,1,0.0876,135.0,Production Reroute,Geopolitical,Consumer Goods
124,ACTAVIS PHARMA INC,TUG VALLEY PHARMACY #1 (WV),4,2,0.3241,151.0,Production Reroute,Cyber Attack,Automotive
124,ACTAVIS PHARMA INC,TUG VALLEY PHARMACY #1 (WV),4,3,0.3372,89.0,Combined Strategy,Geopolitical,Consumer Goods
125,IMPAX LABORATORIES INC,TUG VALLEY PHARMACY #1 (WV),4,1,0.0876,135.0,Production Reroute,Geopolitical,Consumer Goods
125,IMPAX LABORATORIES INC,TUG VALLEY PHARMACY #1 (WV),4,2,0.3241,151.0,Production Reroute,Cyber Attack,Automotive
125,IMPAX LABORATORIES INC,TUG VALLEY PHARMACY #1 (WV),4,3,0.3372,89.0,Combined Strategy,Geopolitical,Consumer Goods
126,VINTAGE PHARMACEUTICALS LLC,WALMART PHARMACY #6837 (MN),2,1,1.7338,74.0,Alternative Supplier,Cyber Attack,Automotive
126,VINTAGE PHARMACEUTICALS LLC,WALMART PHARMACY #6837 (MN),2,2,1.7771,55.0,Alternative Supplier,Natural Disaster,Electronics
126,VINTAGE PHARMACEUTICALS LLC,WALMART PHARMACY #6837 (MN),2,3,1.9606,28.0,Alternative Supplier,Natural Disaster,Electronics
127,ENDO PHARMACEUTICALS INC,TUG VALLEY PHARMACY #1 (WV),4,1,0.0876,135.0,Production Reroute,Geopolitical,Consumer Goods
127,ENDO PHARMACEUTICALS INC,TUG VALLEY PHARMACY #1 (WV),4,2,0.3241,151.0,Production Reroute,Cyber Attack,Automotive
127,ENDO PHARMACEUTICALS INC,TUG VALLEY PHARMACY #1 (WV),4,3,0.3372,89.0,Combined Strategy,Geopolitical,Consumer Goods
128,JANSSEN PHARMACEUTICALS INC,MAIN STREET PHARMACY #7935 (KY),2,1,1.7338,74.0,Alternative Supplier,Cyber Attack,Automotive
128,JANSSEN PHARMACEUTICALS INC,MAIN STREET PHARMACY #7935 (KY),2,2,1.7771,55.0,Alternative Supplier,Natural Disaster,Electronics
128,JANSSEN PHARMACEUTICALS INC,MAIN STREET PHARMACY #7935 (KY),2,3,1.9606,28.0,Alternative Supplier,Natural Disaster,Electronics
129,ABBOTT LABORATORIES,HARRIS TEETER PHARMACY #1609 (WY),2,1,1.7338,74.0,Alternative Supplier,Cyber Attack,Automotive
129,ABBOTT LABORATORIES,HARRIS TEETER PHARMACY #1609 (WY),2,2,1.7771,55.0,Alternative Supplier,Natural Disaster,Electronics
129,ABBOTT LABORATORIES,HARRIS TEETER PHARMACY #1609 (WY),2,3,1.9606,28.0,Alternative Supplier,Natural Disaster,Electronics
130,CADISTA PHARMACEUTICALS INC,MAIN STREET PHARMACY #6902 (ID),2,1,1.7338,74.0,Alternative Supplier,Cyber Attack,Automotive
130,CADISTA PHARMACEUTICALS INC,MAIN STREET PHARMACY #6902 (ID),2,2,1.7771,55.0,Alternative Supplier,Natural Disaster,Electronics
130,CADISTA PHARMACEUTICALS INC,MAIN STREET PHARMACY #6902 (ID),2,3,1.9606,28.0,Alternative Supplier,Natural Disaster,Electronics
131,MYLAN PHARMACEUTICALS INC,TUG VALLEY PHARMACY #1 (WV),4,1,0.0876,135.0,Production Reroute,Geopolitical,Consumer Goods
131,MYLAN PHARMACEUTICALS INC,TUG VALLEY PHARMACY #1 (WV),4,2,0.3241,151.0,Production Reroute,Cyber Attack,Automotive
131,MYLAN PHARMACEUTICALS INC,TUG VALLEY PHARMACY #1 (WV),4,3,0.3372,89.0,Combined Strategy,Geopolitical,Consumer Goods
132,PAR PHARMACEUTICAL INC,WALMART PHARMACY #2370 (MA),2,1,1.7338,74.0,Alternative Supplier,Cyber Attack,Automotive
132,PAR PHARMACEUTICAL INC,WALMART PHARMACY #2370 (MA),2,2,1.7771,55.0,Alternative Supplier,Natural Disaster,Electronics
132,PAR PHARMACEUTICAL INC,WALMART PHARMACY #2370 (MA),2,3,1.9606,28.0,Alternative Supplier,Natural Disaster,Electronics
133,VINTAGE PHARMACEUTICALS LLC,WALGREENS #9103 (IA),2,1,1.7338,74.0,Alternative Supplier,Cyber Attack,Automotive
133,VINTAGE PHARMACEUTICALS LLC,WALGREENS #9103 (IA),2,2,1.7771,55.0,Alternative Supplier,Natural Disaster,Electronics
133,VINTAGE PHARMACEUTICALS LLC,WALGREENS #9103 (IA),2,3,1.9606,28.0,Alternative Supplier,Natural Disaster,Electronics
134,ABBOTT LABORATORIES,HOMETOWN PHARMACY #4303 (KS),2,1,1.7338,74.0,Alternative Supplier,Cyber Attack,Automotive
134,ABBOTT LABORATORIES,HOMETOWN PHARMACY #4303 (KS),2,2,1.7771,55.0,Alternative Supplier,Natural Disaster,Electronics
134,ABBOTT LABORATORIES,HOMETOWN PHARMACY #4303 (KS),2,3,1.9606,28.0,Alternative Supplier,Natural Disaster,Electronics
135,JANSSEN PHARMACEUTICALS INC,MAIN STREET PHARMACY #9148 (LA),2,1,1.7338,74.0,Alternative Supplier,Cyber Attack,Automotive
135,JANSSEN PHARMACEUTICALS INC,MAIN STREET PHARMACY #9148 (LA),2,2,1.7771,55.0,Alternative Supplier,Natural Disaster,Electronics
135,JANSSEN PHARMACEUTICALS INC,MAIN STREET PHARMACY #9148 (LA),2,3,1.9606,28.0,Alternative Supplier,Natural Disaster,Electronics
136,AMNEAL PHARMACEUTICALS LLC,TUG VALLEY PHARMACY #1 (WV),4,1,0.0876,135.0,Production Reroute,Geopolitical,Consumer Goods
136,AMNEAL PHARMACEUTICALS LLC,TUG VALLEY PHARMACY #1 (WV),4,2,0.3241,151.0,Production Reroute,Cyber Attack,Automotive
136,AMNEAL PHARMACEUTICALS LLC,TUG VALLEY PHARMACY #1 (WV),4,3,0.3372,89.0,Combined Strategy,Geopolitical,Consumer Goods
137,RHODES TECHNOLOGIES,WALGREENS #3635 (NC),2,1,1.7338,74.0,Alternative Supplier,Cyber Attack,Automotive
137,RHODES TECHNOLOGIES,WALGREENS #3635 (NC),2,2,1.7771,55.0,Alternative Supplier,Natural Disaster,Electronics
137,RHODES TECHNOLOGIES,WALGREENS #3635 (NC),2,3,1.9606,28.0,Alternative Supplier,Natural Disaster,Electronics
138,WATSON LABORATORIES INC,GOOD NEIGHBOR PHARMACY #2219 (NM),4,1,0.0876,135.0,Production Reroute,Geopolitical,Consumer Goods
138,WATSON LABORATORIES INC,GOOD NEIGHBOR PHARMACY #2219 (NM),4,2,0.3241,151.0,Production Reroute,Cyber Attack,Automotive
138,WATSON LABORATORIES INC,GOOD NEIGHBOR PHARMACY #2219 (NM),4,3,0.3372,89.0,Combined Strategy,Geopolitical,Consumer Goods
139,WATSON LABORATORIES INC,HARRIS TEETER PHARMACY #6758 (NC),2,1,1.7338,74.0,Alternative Supplier,Cyber Attack,Automotive
139,WATSON LABORATORIES INC,HARRIS TEETER PHARMACY #6758 (NC),2,2,1.7771,55.0,Alternative Supplier,Natural Disaster,Electronics
139,WATSON LABORATORIES INC,HARRIS TEETER PHARMACY #6758 (NC),2,3,1.9606,28.0,Alternative Supplier,Natural Disaster,Electronics
140,RHODES TECHNOLOGIES,WALMART PHARMACY #9312 (PA),2,1,1.7338,74.0,Alternative Supplier,Cyber Attack,Automotive
140,RHODES TECHNOLOGIES,WALMART PHARMACY #9312 (PA),2,2,1.7771,55.0,Alternative Supplier,Natural Disaster,Electronics
140,RHODES TECHNOLOGIES,WALMART PHARMACY #9312 (PA),2,3,1.9606,28.0,Alternative Supplier,Natural Disaster,Electronics
141,SANDOZ INC,HARRIS TEETER PHARMACY #4455 (CT),2,1,1.7338,74.0,Alternative Supplier,Cyber Attack,Automotive
141,SANDOZ INC,HARRIS TEETER PHARMACY #4455 (CT),2,2,1.7771,55.0,Alternative Supplier,Natural Disaster,Electronics
141,SANDOZ INC,HARRIS TEETER PHARMACY #4455 (CT),2,3,1.9606,28.0,Alternative Supplier,Natural Disaster,Electronics
142,SANDOZ INC,QUALITY CARE PHARMACY #8298 (CO),2,1,1.7338,74.0,Alternative Supplier,Cyber Attack,Automotive
142,SANDOZ INC,QUALITY CARE PHARMACY #8298 (CO),2,2,1.7771,55.0,Alternative Supplier,Natural Disaster,Electronics
142,SANDOZ INC,QUALITY CARE PHARMACY #8298 (CO),2,3,1.9606,28.0,Alternative Supplier,Natural Disaster,Electronics
143,ABBOTT LABORATORIES,VILLAGE PHARMACY #2453 (AK),2,1,1.7338,74.0,Alternative Supplier,Cyber Attack,Automotive
143,ABBOTT LABORATORIES,VILLAGE PHARMACY #2453 (AK),2,2,1.7771,55.0,Alternative Supplier,Natural Disaster,Electronics
143,ABBOTT LABORATORIES,VILLAGE PHARMACY #2453 (AK),2,3,1.9606,28.0,Alternative Supplier,Natural Disaster,Electronics
144,PURDUE PHARMA LP,VILLAGE PHARMACY #9397 (NC),2,1,1.7338,74.0,Alternative Supplier,Cyber Attack,Automotive
144,PURDUE PHARMA LP,VILLAGE PHARMACY #9397 (NC),2,2,1.7771,55.0,Alternative Supplier,Natural Disaster,Electronics
144,PURDUE PHARMA LP,VILLAGE PHARMACY #9397 (NC),2,3,1.9606,28.0,Alternative Supplier,Natural Disaster,Electronics
145,SUN PHARMA GLOBAL INC,TUG VALLEY PHARMACY #1 (WV),3,1,0.9391,135.0,Production Reroute,Geopolitical,Consumer Goods
145,SUN PHARMA GLOBAL INC,TUG VALLEY PHARMACY #1 (WV),3,2,1.1755,151.0,Production Reroute,Cyber Attack,Automotive
145,SUN PHARMA GLOBAL INC,TUG VALLEY PHARMACY #1 (WV),3,3,1.1886,89.0,Combined Strategy,Geopolitical,Consumer Goods
146,MYLAN PHARMACEUTICALS INC,VILLAGE PHARMACY #1824 (WA),3,1,0.9391,135.0,Production Reroute,Geopolitical,Consumer Goods
146,MYLAN PHARMACEUTICALS INC,VILLAGE PHARMACY #1824 (WA),3,2,1.1755,151.0,Production Reroute,Cyber Attack,Automotive
146,MYLAN PHARMACEUTICALS INC,VILLAGE PHARMACY #1824 (WA),3,3,1.1886,89.0,Combined Strategy,Geopolitical,Consumer Goods
147,MALLINCKRODT LLC,COMMUNITY PHARMACY #4828 (AR),2,1,1.7338,74.0,Alternative Supplier,Cyber Attack,Automotive
147,MALLINCKRODT LLC,COMMUNITY PHARMACY #4828 (AR),2,2,1.7771,55.0,Alternative Supplier,Natural Disaster,Electronics
147,MALLINCKRODT LLC,COMMUNITY PHARMACY #4828 (AR),2,3,1.9606,28.0,Alternative Supplier,Natural Disaster,Electronics
148,IMPAX LABORATORIES INC,TUG VALLEY PHARMACY #1 (WV),4,1,0.0876,135.0,Production Reroute,Geopolitical,Consumer Goods
148,IMPAX LABORATORIES INC,TUG VALLEY PHARMACY #1 (WV),4,2,0.3241,151.0,Production Reroute,Cyber Attack,Automotive
148,IMPAX LABORATORIES INC,TUG VALLEY PHARMACY #1 (WV),4,3,0.3372,89.0,Combined Strategy,Geopolitical,Consumer Goods
149,ABBOTT LABORATORIES,HOMETOWN PHARMACY #6387 (NC),2,1,1.7338,74.0,Alternative Supplier,Cyber Attack,Automotive
149,ABBOTT LABORATORIES,HOMETOWN PHARMACY #6387 (NC),2,2,1.7771,55.0,Alternative Supplier,Natural Disaster,Electronics
149,ABBOTT LABORATORIES,HOMETOWN PHARMACY #6387 (NC),2,3,1.9606,28.0,Alternative Supplier,Natural Disaster,Electronics
150,JANSSEN PHARMACEUTICALS INC,RITE AID #8098 (HI),2,1,1.7338,74.0,Alternative Supplier,Cyber Attack,Automotive
150,JANSSEN PHARMACEUTICALS INC,RITE AID #8098 (HI),2,2,1.7771,55.0,Alternative Supplier,Natural Disaster,Electronics
150,JANSSEN PHARMACEUTICALS INC,RITE AID #8098 (HI),2,3,1.9606,28.0,Alternative Supplier,Natural Disaster,Electronics
151,JANSSEN PHARMACEUTICALS INC,RITE AID #1732 (OR),2,1,1.7338,74.0,Alternative Supplier,Cyber Attack,Automotive
151,JANSSEN PHARMACEUTICALS INC,RITE AID #1732 (OR),2,2,1.7771,55.0,Alternative Supplier,Natural Disaster,Electronics
151,JANSSEN PHARMACEUTICALS INC,RITE AID #1732 (OR),2,3,1.9606,28.0,Alternative Supplier,Natural Disaster,Electronics
152,VINTAGE PHARMACEUTICALS LLC,RITE AID #3418 (WV),2,1,1.7338,74.0,Alternative Supplier,Cyber Attack,Automotive
152,VINTAGE PHARMACEUTICALS LLC,RITE AID #3418 (WV),2,2,1.7771,55.0,Alternative Supplier,Natural Disaster,Electronics
152,VINTAGE PHARMACEUTICALS LLC,RITE AID #3418 (WV),2,3,1.9606,28.0,Alternative Supplier,Natural Disaster,Electronics
153,JANSSEN PHARMACEUTICALS INC,FAMILY CARE PHARMACY #6977 (NC),2,1,1.7338,74.0,Alternative Supplier,Cyber Attack,Automotive
153,JANSSEN PHARMACEUTICALS INC,FAMILY CARE PHARMACY #6977 (NC),2,2,1.7771,55.0,Alternative Supplier,Natural Disaster,Electronics
153,JANSSEN PHARMACEUTICALS INC,FAMILY CARE PHARMACY #6977 (NC),2,3,1.9606,28.0,Alternative Supplier,Natural Disaster,Electronics
154,WATSON LABORATORIES INC,FAMILY CARE PHARMACY #6977 (NC),2,1,1.7338,74.0,Alternative Supplier,Cyber Attack,Automotive
154,WATSON LABORATORIES INC,FAMILY CARE PHARMACY #6977 (NC),2,2,1.7771,55.0,Alternative Supplier,Natural Disaster,Electronics
154,WATSON LABORATORIES INC,FAMILY CARE PHARMACY #6977 (NC),2,3,1.9606,28.0,Alternative Supplier,Natural Disaster,Electronics
155,HIKMA PHARMACEUTICALS,FAMILY CARE PHARMACY #7641 (AL),2,1,1.7338,74.0,Alternative Supplier,Cyber Attack,Automotive
155,HIKMA PHARMACEUTICALS,FAMILY CARE PHARMACY #7641 (AL),2,2,1.7771,55.0,Alternative Supplier,Natural Disaster,Electronics
155,HIKMA PHARMACEUTICALS,FAMILY CARE PHARMACY #7641 (AL),2,3,1.9606,28.0,Alternative Supplier,Natural Disaster,Electronics
156,AMNEAL PHARMACEUTICALS LLC,KROGER PHARMACY #7324 (ID),2,1,1.7338,74.0,Alternative Supplier,Cyber Attack,Automotive
156,AMNEAL PHARMACEUTICALS LLC,KROGER PHARMACY #7324 (ID),2,2,1.7771,55.0,Alternative Supplier,Natural Disaster,Electronics
156,AMNEAL PHARMACEUTICALS LLC,KROGER PHARMACY #7324 (ID),2,3,1.9606,28.0,Alternative Supplier,Natural Disaster,Electronics
157,MYLAN PHARMACEUTICALS INC,HOMETOWN PHARMACY #6892 (WY),2,1,1.7338,74.0,Alternative Supplier,Cyber Attack,Automotive
157,MYLAN PHARMACEUTICALS INC,HOMETOWN PHARMACY #6892 (WY),2,2,1.7771,55.0,Alternative Supplier,Natural Disaster,Electronics
157,MYLAN PHARMACEUTICALS INC,HOMETOWN PHARMACY #6892 (WY),2,3,1.9606,28.0,Alternative Supplier,Natural Disaster,Electronics
158,VINTAGE PHARMACEUTICALS LLC,PUBLIX PHARMACY #9124 (DE),2,1,1.7338,74.0,Alternative Supplier,Cyber Attack,Automotive
158,VINTAGE PHARMACEUTICALS LLC,PUBLIX PHARMACY #9124 (DE),2,2,1.7771,55.0,Alternative Supplier,Natural Disaster,Electronics
158,VINTAGE PHARMACEUTICALS LLC,PUBLIX PHARMACY #9124 (DE),2,3,1.9606,28.0,Alternative Supplier,Natural Disaster,Electronics
159,PAR PHARMACEUTICAL INC,CORNER DRUG STORE #4270 (SC),2,1,1.7338,74.0,Alternative Supplier,Cyber Attack,Automotive
159,PAR PHARMACEUTICAL INC,CORNER DRUG STORE #4270 (SC),2,2,1.7771,55.0,Alternative Supplier,Natural Disaster,Electronics
159,PAR PHARMACEUTICAL INC,CORNER DRUG STORE #4270 (SC),2,3,1.9606,28.0,Alternative Supplier,Natural Disaster,Electronics
160,JANSSEN PHARMACEUTICALS INC,CVS PHARMACY #8436 (AZ),2,1,1.7338,74.0,Alternative Supplier,Cyber Attack,Automotive
160,JANSSEN PHARMACEUTICALS INC,CVS PHARMACY #8436 (AZ),2,2,1.7771,55.0,Alternative Supplier,Natural Disaster,Electronics
160,JANSSEN PHARMACEUTICALS INC,CVS PHARMACY #8436 (AZ),2,3,1.9606,28.0,Alternative Supplier,Natural Disaster,Electronics
161,PAR PHARMACEUTICAL INC,QUALITY CARE PHARMACY #6874 (MI),2,1,1.7338,74.0,Alternative Supplier,Cyber Attack,Automotive
161,PAR PHARMACEUTICAL INC,QUALITY CARE PHARMACY #6874 (MI),2,2,1.7771,55.0,Alternative Supplier,Natural Disaster,Electronics
161,PAR PHARMACEUTICAL INC,QUALITY CARE PHARMACY #6874 (MI),2,3,1.9606,28.0,Alternative Supplier,Natural Disaster,Electronics
162,PAR PHARMACEUTICAL INC,PEOPLES PHARMACY #8476 (PA),2,1,1.7338,74.0,Alternative Supplier,Cyber Attack,Automotive
162,PAR PHARMACEUTICAL INC,PEOPLES PHARMACY #8476 (PA),2,2,1.7771,55.0,Alternative Supplier,Natural Disaster,Electronics
162,PAR PHARMACEUTICAL INC,PEOPLES PHARMACY #8476 (PA),2,3,1.9606,28.0,Alternative Supplier,Natural Disaster,Electronics
163,LANNETT COMPANY INC,FAMILY CARE PHARMACY #9927 (AK),3,1,0.9391,135.0,Production Reroute,Geopolitical,Consumer Goods
163,LANNETT COMPANY INC,FAMILY CARE PHARMACY #9927 (AK),3,2,1.1755,151.0,Production Reroute,Cyber Attack,Automotive
163,LANNETT COMPANY INC,FAMILY CARE PHARMACY #9927 (AK),3,3,1.1886,89.0,Combined Strategy,Geopolitical,Consumer Goods
164,JANSSEN PHARMACEUTICALS INC,WINN-DIXIE PHARMACY #4020 (CT),2,1,1.7338,74.0,Alternative Supplier,Cyber Attack,Automotive
164,JANSSEN PHARMACEUTICALS INC,WINN-DIXIE PHARMACY #4020 (CT),2,2,1.7771,55.0,Alternative Supplier,Natural Disaster,Electronics
164,JANSSEN PHARMACEUTICALS INC,WINN-DIXIE PHARMACY #4020 (CT),2,3,1.9606,28.0,Alternative Supplier,Natural Disaster,Electronics
165,RHODES TECHNOLOGIES,WINN-DIXIE PHARMACY #2750 (NM),2,1,1.7338,74.0,Alternative Supplier,Cyber Attack,Automotive
165,RHODES TECHNOLOGIES,WINN-DIXIE PHARMACY #2750 (NM),2,2,1.7771,55.0,Alternative Supplier,Natural Disaster,Electronics
165,RHODES TECHNOLOGIES,WINN-DIXIE PHARMACY #2750 (NM),2,3,1.9606,28.0,Alternative Supplier,Natural Disaster,Electronics
166,ACTAVIS PHARMA INC,QUALITY CARE PHARMACY #3338 (WV),2,1,1.7338,74.0,Alternative Supplier,Cyber Attack,Automotive
166,ACTAVIS PHARMA INC,QUALITY CARE PHARMACY #3338 (WV),2,2,1.7771,55.0,Alternative Supplier,Natural Disaster,Electronics
166,ACTAVIS PHARMA INC,QUALITY CARE PHARMACY #3338 (WV),2,3,1.9606,28.0,Alternative Supplier,Natural Disaster,Electronics
167,AMNEAL PHARMACEUTICALS LLC,TUG VALLEY PHARMACY #1 (WV),3,1,0.9391,135.0,Production Reroute,Geopolitical,Consumer Goods
167,AMNEAL PHARMACEUTICALS LLC,TUG VALLEY PHARMACY #1 (WV),3,2,1.1755,151.0,Production Reroute,Cyber Attack,Automotive
167,AMNEAL PHARMACEUTICALS LLC,TUG VALLEY PHARMACY #1 (WV),3,3,1.1886,89.0,Combined Strategy,Geopolitical,Consumer Goods
168,CADISTA PHARMACEUTICALS INC,RITE AID #5521 (NE),2,1,1.7338,74.0,Alternative Supplier,Cyber Attack,Automotive
168,CADISTA PHARMACEUTICALS INC,RITE AID #5521 (NE),2,2,1.7771,55.0,Alternative Supplier,Natural Disaster,Electronics
168,CADISTA PHARMACEUTICALS INC,RITE AID #5521 (NE),2,3,1.9606,28.0,Alternative Supplier,Natural Disaster,Electronics
169,WATSON LABORATORIES INC,VILLAGE PHARMACY #1377 (VA),2,1,1.7338,74.0,Alternative Supplier,Cyber Attack,Automotive
169,WATSON LABORATORIES INC,VILLAGE PHARMACY #1377 (VA),2,2,1.7771,55.0,Alternative Supplier,Natural Disaster,Electronics
169,WATSON LABORATORIES INC,VILLAGE PHARMACY #1377 (VA),2,3,1.9606,28.0,Alternative Supplier,Natural Disaster,Electronics
170,VINTAGE PHARMACEUTICALS LLC,CORNER DRUG STORE #1763 (DE),2,1,1.7338,74.0,Alternative Supplier,Cyber Attack,Automotive
170,VINTAGE PHARMACEUTICALS LLC,CORNER DRUG STORE #1763 (DE),2,2,1.7771,55.0,Alternative Supplier,Natural Disaster,Electronics
170,VINTAGE PHARMACEUTICALS LLC,CORNER DRUG STORE #1763 (DE),2,3,1.9606,28.0,Alternative Supplier,Natural Disaster,Electronics
171,TEVA PHARMACEUTICALS USA INC,HARRIS TEETER PHARMACY #8566 (DE),2,1,1.7338,74.0,Alternative Supplier,Cyber Attack,Automotive
171,TEVA PHARMACEUTICALS USA INC,HARRIS TEETER PHARMACY #8566 (DE),2,2,1.7771,55.0,Alternative Supplier,Natural Disaster,Electronics
171,TEVA PHARMACEUTICALS USA INC,HARRIS TEETER PHARMACY #8566 (DE),2,3,1.9606,28.0,Alternative Supplier,Natural Disaster,Electronics
172,TEVA PHARMACEUTICALS USA INC,HARRIS TEETER PHARMACY #6063 (NC),3,1,0.8823,74.0,Alternative Supplier,Cyber Attack,Automotive
172,TEVA PHARMACEUTICALS USA INC,HARRIS TEETER PHARMACY #6063 (NC),3,2,0.9256,55.0,Alternative Supplier,Natural Disaster,Electronics
172,TEVA PHARMACEUTICALS USA INC,HARRIS TEETER PHARMACY #6063 (NC),3,3,1.0486,88.0,Alternative Supplier,Natural Disaster,Automotive
173,SUN PHARMA GLOBAL INC,MAIN STREET PHARMACY #1955 (GA),3,1,0.9391,135.0,Production Reroute,Geopolitical,Consumer Goods
173,SUN PHARMA GLOBAL INC,MAIN STREET PHARMACY #1955 (GA),3,2,1.1755,151.0,Production Reroute,Cyber Attack,Automotive
173,SUN PHARMA GLOBAL INC,MAIN STREET PHARMACY #1955 (GA),3,3,1.1886,89.0,Combined Strategy,Geopolitical,Consumer Goods
174,RHODES TECHNOLOGIES,CORNER DRUG STORE #8986 (WY),2,1,1.7338,74.0,Alternative Supplier,Cyber Attack,Automotive
174,RHODES TECHNOLOGIES,CORNER DRUG STORE #8986 (WY),2,2,1.7771,55.0,Alternative Supplier,Natural Disaster,Electronics
174,RHODES TECHNOLOGIES,CORNER DRUG STORE #8986 (WY),2,3,1.9606,28.0,Alternative Supplier,Natural Disaster,Electronics
175,RHODES TECHNOLOGIES,WALMART PHARMACY #7726 (SD),3,1,0.9391,135.0,Production Reroute,Geopolitical,Consumer Goods
175,RHODES TECHNOLOGIES,WALMART PHARMACY #7726 (SD),3,2,1.1755,151.0,Production Reroute,Cyber Attack,Automotive
175,RHODES TECHNOLOGIES,WALMART PHARMACY #7726 (SD),3,3,1.1886,89.0,Combined Strategy,Geopolitical,Consumer Goods
176,ENDO PHARMACEUTICALS INC,HOMETOWN PHARMACY #6803 (CA),3,1,0.9391,135.0,Production Reroute,Geopolitical,Consumer Goods
176,ENDO PHARMACEUTICALS INC,HOMETOWN PHARMACY #6803 (CA),3,2,1.1755,151.0,Production Reroute,Cyber Attack,Automotive
176,ENDO PHARMACEUTICALS INC,HOMETOWN PHARMACY #6803 (CA),3,3,1.1886,89.0,Combined Strategy,Geopolitical,Consumer Goods
177,VINTAGE PHARMACEUTICALS LLC,GOOD NEIGHBOR PHARMACY #1814 (OR),2,1,1.7338,74.0,Alternative Supplier,Cyber Attack,Automotive
177,VINTAGE PHARMACEUTICALS LLC,GOOD NEIGHBOR PHARMACY #1814 (OR),2,2,1.7771,55.0,Alternative Supplier,Natural Disaster,Electronics
177,VINTAGE PHARMACEUTICALS LLC,GOOD NEIGHBOR PHARMACY #1814 (OR),2,3,1.9606,28.0,Alternative Supplier,Natural Disaster,Electronics
178,ACTAVIS PHARMA INC,HEALTH MART PHARMACY #9423 (WY),2,1,1.7338,74.0,Alternative Supplier,Cyber Attack,Automotive
178,ACTAVIS PHARMA INC,HEALTH MART PHARMACY #9423 (WY),2,2,1.7771,55.0,Alternative Supplier,Natural Disaster,Electronics
178,ACTAVIS PHARMA INC,HEALTH MART PHARMACY #9423 (WY),2,3,1.9606,28.0,Alternative Supplier,Natural Disaster,Electronics
179,MYLAN PHARMACEUTICALS INC,WALGREENS #1013 (NH),2,1,1.7338,74.0,Alternative Supplier,Cyber Attack,Automotive
179,MYLAN PHARMACEUTICALS INC,WALGREENS #1013 (NH),2,2,1.7771,55.0,Alternative Supplier,Natural Disaster,Electronics
179,MYLAN PHARMACEUTICALS INC,WALGREENS #1013 (NH),2,3,1.9606,28.0,Alternative Supplier,Natural Disaster,Electronics
180,RHODES TECHNOLOGIES,GOOD NEIGHBOR PHARMACY #6303 (MD),2,1,1.7338,74.0,Alternative Supplier,Cyber Attack,Automotive
180,RHODES TECHNOLOGIES,GOOD NEIGHBOR PHARMACY #6303 (MD),2,2,1.7771,55.0,Alternative Supplier,Natural Disaster,Electronics
180,RHODES TECHNOLOGIES,GOOD NEIGHBOR PHARMACY #6303 (MD),2,3,1.9606,28.0,Alternative Supplier,Natural Disaster,Electronics
181,QUALITEST PHARMACEUTICALS,GOOD NEIGHBOR PHARMACY #7042 (MT),2,1,1.7338,74.0,Alternative Supplier,Cyber Attack,Automotive
181,QUALITEST PHARMACEUTICALS,GOOD NEIGHBOR PHARMACY #7042 (MT),2,2,1.7771,55.0,Alternative Supplier,Natural Disaster,Electronics
181,QUALITEST PHARMACEUTICALS,GOOD NEIGHBOR PHARMACY #7042 (MT),2,3,1.9606,28.0,Alternative Supplier,Natural Disaster,Electronics
182,TEVA PHARMACEUTICALS USA INC,GOOD NEIGHBOR PHARMACY #6942 (ME),2,1,1.7338,74.0,Alternative Supplier,Cyber Attack,Automotive
182,TEVA PHARMACEUTICALS USA INC,GOOD NEIGHBOR PHARMACY #6942 (ME),2,2,1.7771,55.0,Alternative Supplier,Natural Disaster,Electronics
182,TEVA PHARMACEUTICALS USA INC,GOOD NEIGHBOR PHARMACY #6942 (ME),2,3,1.9606,28.0,Alternative Supplier,Natural Disaster,Electronics
183,MALLINCKRODT LLC,MAIN STREET PHARMACY #6958 (DE),2,1,1.7338,74.0,Alternative Supplier,Cyber Attack,Automotive
183,MALLINCKRODT LLC,MAIN STREET PHARMACY #6958 (DE),2,2,1.7771,55.0,Alternative Supplier,Natural Disaster,Electronics
183,MALLINCKRODT LLC,MAIN STREET PHARMACY #6958 (DE),2,3,1.9606,28.0,Alternative Supplier,Natural Disaster,Electronics
184,ABBOTT LABORATORIES,WALGREENS #7427 (WY),2,1,1.7338,74.0,Alternative Supplier,Cyber Attack,Automotive
184,ABBOTT LABORATORIES,WALGREENS #7427 (WY),2,2,1.7771,55.0,Alternative Supplier,Natural Disaster,Electronics
184,ABBOTT LABORATORIES,WALGREENS #7427 (WY),2,3,1.9606,28.0,Alternative Supplier,Natural Disaster,Electronics
185,TEVA PHARMACEUTICALS USA INC,WINN-DIXIE PHARMACY #4662 (VT),3,1,0.9391,135.0,Production Reroute,Geopolitical,Consumer Goods
185,TEVA PHARMACEUTICALS USA INC,WINN-DIXIE PHARMACY #4662 (VT),3,2,1.1755,151.0,Production Reroute,Cyber Attack,Automotive
185,TEVA PHARMACEUTICALS USA INC,WINN-DIXIE PHARMACY #4662 (VT),3,3,1.1886,89.0,Combined Strategy,Geopolitical,Consumer Goods
186,JANSSEN PHARMACEUTICALS INC,PUBLIX PHARMACY #1993 (CO),3,1,0.9391,135.0,Production Reroute,Geopolitical,Consumer Goods
186,JANSSEN PHARMACEUTICALS INC,PUBLIX PHARMACY #1993 (CO),3,2,1.1755,151.0,Production Reroute,Cyber Attack,Automotive
186,JANSSEN PHARMACEUTICALS INC,PUBLIX PHARMACY #1993 (CO),3,3,1.1886,89.0,Combined Strategy,Geopolitical,Consumer Goods
187,VINTAGE PHARMACEUTICALS LLC,PEOPLES PHARMACY #4323 (WY),2,1,1.7338,74.0,Alternative Supplier,Cyber Attack,Automotive
187,VINTAGE PHARMACEUTICALS LLC,PEOPLES PHARMACY #4323 (WY),2,2,1.7771,55.0,Alternative Supplier,Natural Disaster,Electronics
187,VINTAGE PHARMACEUTICALS LLC,PEOPLES PHARMACY #4323 (WY),2,3,1.9606,28.0,Alternative Supplier,Natural Disaster,Electronics
188,MALLINCKRODT LLC,FAMILY CARE PHARMACY #6977 (NC),2,1,1.7338,74.0,Alternative Supplier,Cyber Attack,Automotive
188,MALLINCKRODT LLC,FAMILY CARE PHARMACY #6977 (NC),2,2,1.7771,55.0,Alternative Supplier,Natural Disaster,Electronics
188,MALLINCKRODT LLC,FAMILY CARE PHARMACY #6977 (NC),2,3,1.9606,28.0,Alternative Supplier,Natural Disaster,Electronics
189,WATSON LABORATORIES INC,VILLAGE PHARMACY #1009 (NE),2,1,1.7338,74.0,Alternative Supplier,Cyber Attack,Automotive
189,WATSON LABORATORIES INC,VILLAGE PHARMACY #1009 (NE),2,2,1.7771,55.0,Alternative Supplier,Natural Disaster,Electronics
189,WATSON LABORATORIES INC,VILLAGE PHARMACY #1009 (NE),2,3,1.9606,28.0,Alternative Supplier,Natural Disaster,Electronics
190,CADISTA PHARMACEUTICALS INC,MAIN STREET PHARMACY #2094 (KY),2,1,1.7338,74.0,Alternative Supplier,Cyber Attack,Automotive
190,CADISTA PHARMACEUTICALS INC,MAIN STREET PHARMACY #2094 (KY),2,2,1.7771,55.0,Alternative Supplier,Natural Disaster,Electronics
190,CADISTA PHARMACEUTICALS INC,MAIN STREET PHARMACY #2094 (KY),2,3,1.9606,28.0,Alternative Supplier,Natural Disaster,Electronics
191,LANNETT COMPANY INC,QUALITY CARE PHARMACY #9274 (CT),2,1,1.7338,74.0,Alternative Supplier,Cyber Attack,Automotive
191,LANNETT COMPANY INC,QUALITY CARE PHARMACY #9274 (CT),2,2,1.7771,55.0,Alternative Supplier,Natural Disaster,Electronics
191,LANNETT COMPANY INC,QUALITY CARE PHARMACY #9274 (CT),2,3,1.9606,28.0,Alternative Supplier,Natural Disaster,Electronics
192,SUN PHARMA GLOBAL INC,GOOD NEIGHBOR PHARMACY #5060 (NH),2,1,1.7338,74.0,Alternative Supplier,Cyber Attack,Automotive
192,SUN PHARMA GLOBAL INC,GOOD NEIGHBOR PHARMACY #5060 (NH),2,2,1.7771,55.0,Alternative Supplier,Natural Disaster,Electronics
192,SUN PHARMA GLOBAL INC,GOOD NEIGHBOR PHARMACY #5060 (NH),2,3,1.9606,28.0,Alternative Supplier,Natural Disaster,Electronics
193,PAR PHARMACEUTICAL INC,HOMETOWN PHARMACY #8469 (NC),2,1,1.7338,74.0,Alternative Supplier,Cyber Attack,Automotive
193,PAR PHARMACEUTICAL INC,HOMETOWN PHARMACY #8469 (NC),2,2,1.7771,55.0,Alternative Supplier,Natural Disaster,Electronics
193,PAR PHARMACEUTICAL INC,HOMETOWN PHARMACY #8469 (NC),2,3,1.9606,28.0,Alternative Supplier,Natural Disaster,Electronics
194,QUALITEST PHARMACEUTICALS,HEALTH MART PHARMACY #7354 (RI),2,1,1.7338,74.0,Alternative Supplier,Cyber Attack,Automotive
194,QUALITEST PHARMACEUTICALS,HEALTH MART PHARMACY #7354 (RI),2,2,1.7771,55.0,Alternative Supplier,Natural Disaster,Electronics
194,QUALITEST PHARMACEUTICALS,HEALTH MART PHARMACY #7354 (RI),2,3,1.9606,28.0,Alternative Supplier,Natural Disaster,Electronics
195,IMPAX LABORATORIES INC,CORNER DRUG STORE #1656 (DE),3,1,0.9391,135.0,Production Reroute,Geopolitical,Consumer Goods
195,IMPAX LABORATORIES INC,CORNER DRUG STORE #1656 (DE),3,2,1.1755,151.0,Production Reroute,Cyber Attack,Automotive
195,IMPAX LABORATORIES INC,CORNER DRUG STORE #1656 (DE),3,3,1.1886,89.0,Combined Strategy,Geopolitical,Consumer Goods
196,SUN PHARMA GLOBAL INC,COMMUNITY PHARMACY #5731 (WV),2,1,1.7338,74.0,Alternative Supplier,Cyber Attack,Automotive
196,SUN PHARMA GLOBAL INC,COMMUNITY PHARMACY #5731 (WV),2,2,1.7771,55.0,Alternative Supplier,Natural Disaster,Electronics
196,SUN PHARMA GLOBAL INC,COMMUNITY PHARMACY #5731 (WV),2,3,1.9606,28.0,Alternative Supplier,Natural Disaster,Electronics
197,ENDO PHARMACEUTICALS INC,PEOPLES PHARMACY #5759 (KS),2,1,1.7338,74.0,Alternative Supplier,Cyber Attack,Automotive
197,ENDO PHARMACEUTICALS INC,PEOPLES PHARMACY #5759 (KS),2,2,1.7771,55.0,Alternative Supplier,Natural Disaster,Electronics
197,ENDO PHARMACEUTICALS INC,PEOPLES PHARMACY #5759 (KS),2,3,1.9606,28.0,Alternative Supplier,Natural Disaster,Electronics
198,MALLINCKRODT LLC,HARRIS TEETER PHARMACY #1338 (NH),2,1,1.7338,74.0,Alternative Supplier,Cyber Attack,Automotive
198,MALLINCKRODT LLC,HARRIS TEETER PHARMACY #1338 (NH),2,2,1.7771,55.0,Alternative Supplier,Natural Disaster,Electronics
198,MALLINCKRODT LLC,HARRIS TEETER PHARMACY #1338 (NH),2,3,1.9606,28.0,Alternative Supplier,Natural Disaster,Electronics
199,CADISTA PHARMACEUTICALS INC,PEOPLES PHARMACY #9504 (KY),3,1,0.8823,74.0,Alternative Supplier,Cyber Attack,Automotive
199,CADISTA PHARMACEUTICALS INC,PEOPLES PHARMACY #9504 (KY),3,2,0.9256,55.0,Alternative Supplier,Natural Disaster,Electronics
199,CADISTA PHARMACEUTICALS INC,PEOPLES PHARMACY #9504 (KY),3,3,1.0486,88.0,Alternative Supplier,Natural Disaster,Automotive
200,TEVA PHARMACEUTICALS USA INC,HARRIS TEETER PHARMACY #2468 (MN),2,1,1.7338,74.0,Alternative Supplier,Cyber Attack,Automotive
200,TEVA PHARMACEUTICALS USA INC,HARRIS TEETER PHARMACY #2468 (MN),2,2,1.7771,55.0,Alternative Supplier,Natural Disaster,Electronics
200,TEVA PHARMACEUTICALS USA INC,HARRIS TEETER PHARMACY #2468 (MN),2,3,1.9606,28.0,Alternative Supplier,Natural Disaster,Electronics
201,IMPAX LABORATORIES INC,FAMILY CARE PHARMACY #3942 (NM),4,1,0.0876,135.0,Production Reroute,Geopolitical,Consumer Goods
201,IMPAX LABORATORIES INC,FAMILY CARE PHARMACY #3942 (NM),4,2,0.3241,151.0,Production Reroute,Cyber Attack,Automotive
201,IMPAX LABORATORIES INC,FAMILY CARE PHARMACY #3942 (NM),4,3,0.3372,89.0,Combined Strategy,Geopolitical,Consumer Goods
202,JANSSEN PHARMACEUTICALS INC,SUNRISE PHARMACY #4284 (TX),4,1,0.0876,135.0,Production Reroute,Geopolitical,Consumer Goods
202,JANSSEN PHARMACEUTICALS INC,SUNRISE PHARMACY #4284 (TX),4,2,0.3241,151.0,Production Reroute,Cyber Attack,Automotive
202,JANSSEN PHARMACEUTICALS INC,SUNRISE PHARMACY #4284 (TX),4,3,0.3372,89.0,Combined Strategy,Geopolitical,Consumer Goods
203,MYLAN PHARMACEUTICALS INC,CORNER DRUG STORE #9828 (AR),2,1,1.7338,74.0,Alternative Supplier,Cyber Attack,Automotive
203,MYLAN PHARMACEUTICALS INC,CORNER DRUG STORE #9828 (AR),2,2,1.7771,55.0,Alternative Supplier,Natural Disaster,Electronics
203,MYLAN PHARMACEUTICALS INC,CORNER DRUG STORE #9828 (AR),2,3,1.9606,28.0,Alternative Supplier,Natural Disaster,Electronics
204,SANDOZ INC,QUALITY CARE PHARMACY #7383 (VT),2,1,1.7338,74.0,Alternative Supplier,Cyber Attack,Automotive
204,SANDOZ INC,QUALITY CARE PHARMACY #7383 (VT),2,2,1.7771,55.0,Alternative Supplier,Natural Disaster,Electronics
204,SANDOZ INC,QUALITY CARE PHARMACY #7383 (VT),2,3,1.9606,28.0,Alternative Supplier,Natural Disaster,Electronics
205,QUALITEST PHARMACEUTICALS,CORNER DRUG STORE #7916 (MO),2,1,1.7338,74.0,Alternative Supplier,Cyber Attack,Automotive
205,QUALITEST PHARMACEUTICALS,CORNER DRUG STORE #7916 (MO),2,2,1.7771,55.0,Alternative Supplier,Natural Disaster,Electronics
205,QUALITEST PHARMACEUTICALS,CORNER DRUG STORE #7916 (MO),2,3,1.9606,28.0,Alternative Supplier,Natural Disaster,Electronics
206,VINTAGE PHARMACEUTICALS LLC,CVS PHARMACY #5523 (NC),2,1,1.7338,74.0,Alternative Supplier,Cyber Attack,Automotive
206,VINTAGE PHARMACEUTICALS LLC,CVS PHARMACY #5523 (NC),2,2,1.7771,55.0,Alternative Supplier,Natural Disaster,Electronics
206,VINTAGE PHARMACEUTICALS LLC,CVS PHARMACY #5523 (NC),2,3,1.9606,28.0,Alternative Supplier,Natural Disaster,Electronics
207,ENDO PHARMACEUTICALS INC,FAMILY CARE PHARMACY #3398 (KY),2,1,1.7338,74.0,Alternative Supplier,Cyber Attack,Automotive
207,ENDO PHARMACEUTICALS INC,FAMILY CARE PHARMACY #3398 (KY),2,2,1.7771,55.0,Alternative Supplier,Natural Disaster,Electronics
207,ENDO PHARMACEUTICALS INC,FAMILY CARE PHARMACY #3398 (KY),2,3,1.9606,28.0,Alternative Supplier,Natural Disaster,Electronics
208,WATSON LABORATORIES INC,MEDICO PHARMACY #4659 (ID),2,1,1.7338,74.0,Alternative Supplier,Cyber Attack,Automotive
208,WATSON LABORATORIES INC,MEDICO PHARMACY #4659 (ID),2,2,1.7771,55.0,Alternative Supplier,Natural Disaster,Electronics
208,WATSON LABORATORIES INC,MEDICO PHARMACY #4659 (ID),2,3,1.9606,28.0,Alternative Supplier,Natural Disaster,Electronics
209,AMNEAL PHARMACEUTICALS LLC,GOOD NEIGHBOR PHARMACY #3282 (LA),2,1,1.7338,74.0,Alternative Supplier,Cyber Attack,Automotive
209,AMNEAL PHARMACEUTICALS LLC,GOOD NEIGHBOR PHARMACY #3282 (LA),2,2,1.7771,55.0,Alternative Supplier,Natural Disaster,Electronics
209,AMNEAL PHARMACEUTICALS LLC,GOOD NEIGHBOR PHARMACY #3282 (LA),2,3,1.9606,28.0,Alternative Supplier,Natural Disaster,Electronics
210,AMNEAL PHARMACEUTICALS LLC,MEDICO PHARMACY #7114 (NJ),2,1,1.7338,74.0,Alternative Supplier,Cyber Attack,Automotive
210,AMNEAL PHARMACEUTICALS LLC,MEDICO PHARMACY #7114 (NJ),2,2,1.7771,55.0,Alternative Supplier,Natural Disaster,Electronics
210,AMNEAL PHARMACEUTICALS LLC,MEDICO PHARMACY #7114 (NJ),2,3,1.9606,28.0,Alternative Supplier,Natural Disaster,Electronics
211,RHODES TECHNOLOGIES,QUALITY CARE PHARMACY #9990 (HI),2,1,1.7338,74.0,Alternative Supplier,Cyber Attack,Automotive
211,RHODES TECHNOLOGIES,QUALITY CARE PHARMACY #9990 (HI),2,2,1.7771,55.0,Alternative Supplier,Natural Disaster,Electronics
211,RHODES TECHNOLOGIES,QUALITY CARE PHARMACY #9990 (HI),2,3,1.9606,28.0,Alternative Supplier,Natural Disaster,Electronics
212,ACTAVIS PHARMA INC,WINN-DIXIE PHARMACY #5416 (AL),3,1,0.9391,135.0,Production Reroute,Geopolitical,Consumer Goods
212,ACTAVIS PHARMA INC,WINN-DIXIE PHARMACY #5416 (AL),3,2,1.1755,151.0,Production Reroute,Cyber Attack,Automotive
212,ACTAVIS PHARMA INC,WINN-DIXIE PHARMACY #5416 (AL),3,3,1.1886,89.0,Combined Strategy,Geopolitical,Consumer Goods
213,ENDO PHARMACEUTICALS INC,CORNER DRUG STORE #1213 (TN),2,1,1.7338,74.0,Alternative Supplier,Cyber Attack,Automotive
213,ENDO PHARMACEUTICALS INC,CORNER DRUG STORE #1213 (TN),2,2,1.7771,55.0,Alternative Supplier,Natural Disaster,Electronics
213,ENDO PHARMACEUTICALS INC,CORNER DRUG STORE #1213 (TN),2,3,1.9606,28.0,Alternative Supplier,Natural Disaster,Electronics
214,CADISTA PHARMACEUTICALS INC,COMMUNITY PHARMACY #3567 (CT),2,1,1.7338,74.0,Alternative Supplier,Cyber Attack,Automotive
214,CADISTA PHARMACEUTICALS INC,COMMUNITY PHARMACY #3567 (CT),2,2,1.7771,55.0,Alternative Supplier,Natural Disaster,Electronics
214,CADISTA PHARMACEUTICALS INC,COMMUNITY PHARMACY #3567 (CT),2,3,1.9606,28.0,Alternative Supplier,Natural Disaster,Electronics
215,ENDO PHARMACEUTICALS INC,HARRIS TEETER PHARMACY #8577 (SD),2,1,1.7338,74.0,Alternative Supplier,Cyber Attack,Automotive
215,ENDO PHARMACEUTICALS INC,HARRIS TEETER PHARMACY #8577 (SD),2,2,1.7771,55.0,Alternative Supplier,Natural Disaster,Electronics
215,ENDO PHARMACEUTICALS INC,HARRIS TEETER PHARMACY #8577 (SD),2,3,1.9606,28.0,Alternative Supplier,Natural Disaster,Electronics
216,PURDUE PHARMA LP,HOMETOWN PHARMACY #6366 (WA),2,1,1.7338,74.0,Alternative Supplier,Cyber Attack,Automotive
216,PURDUE PHARMA LP,HOMETOWN PHARMACY #6366 (WA),2,2,1.7771,55.0,Alternative Supplier,Natural Disaster,Electronics
216,PURDUE PHARMA LP,HOMETOWN PHARMACY #6366 (WA),2,3,1.9606,28.0,Alternative Supplier,Natural Disaster,Electronics
217,MALLINCKRODT LLC,QUALITY CARE PHARMACY #2760 (MN),2,1,1.7338,74.0,Alternative Supplier,Cyber Attack,Automotive
217,MALLINCKRODT LLC,QUALITY CARE PHARMACY #2760 (MN),2,2,1.7771,55.0,Alternative Supplier,Natural Disaster,Electronics
217,MALLINCKRODT LLC,QUALITY CARE PHARMACY #2760 (MN),2,3,1.9606,28.0,Alternative Supplier,Natural Disaster,Electronics
218,AMNEAL PHARMACEUTICALS LLC,SUNRISE PHARMACY #5914 (NJ),2,1,1.7338,74.0,Alternative Supplier,Cyber Attack,Automotive
218,AMNEAL PHARMACEUTICALS LLC,SUNRISE PHARMACY #5914 (NJ),2,2,1.7771,55.0,Alternative Supplier,Natural Disaster,Electronics
218,AMNEAL PHARMACEUTICALS LLC,SUNRISE PHARMACY #5914 (NJ),2,3,1.9606,28.0,Alternative Supplier,Natural Disaster,Electronics
219,WATSON LABORATORIES INC,FAMILY CARE PHARMACY #5079 (SC),2,1,1.7338,74.0,Alternative Supplier,Cyber Attack,Automotive
219,WATSON LABORATORIES INC,FAMILY CARE PHARMACY #5079 (SC),2,2,1.7771,55.0,Alternative Supplier,Natural Disaster,Electronics
219,WATSON LABORATORIES INC,FAMILY CARE PHARMACY #5079 (SC),2,3,1.9606,28.0,Alternative Supplier,Natural Disaster,Electronics
220,IMPAX LABORATORIES INC,RITE AID #9223 (WV),2,1,1.7338,74.0,Alternative Supplier,Cyber Attack,Automotive
220,IMPAX LABORATORIES INC,RITE AID #9223 (WV),2,2,1.7771,55.0,Alternative Supplier,Natural Disaster,Electronics
220,IMPAX LABORATORIES INC,RITE AID #9223 (WV),2,3,1.9606,28.0,Alternative Supplier,Natural Disaster,Electronics
221,AMNEAL PHARMACEUTICALS LLC,WINN-DIXIE PHARMACY #6261 (VT),2,1,1.7338,74.0,Alternative Supplier,Cyber Attack,Automotive
221,AMNEAL PHARMACEUTICALS LLC,WINN-DIXIE PHARMACY #6261 (VT),2,2,1.7771,55.0,Alternative Supplier,Natural Disaster,Electronics
221,AMNEAL PHARMACEUTICALS LLC,WINN-DIXIE PHARMACY #6261 (VT),2,3,1.9606,28.0,Alternative Supplier,Natural Disaster,Electronics
222,MALLINCKRODT LLC,SUNRISE PHARMACY #5636 (TX),2,1,1.7338,74.0,Alternative Supplier,Cyber Attack,Automotive
222,MALLINCKRODT LLC,SUNRISE PHARMACY #5636 (TX),2,2,1.7771,55.0,Alternative Supplier,Natural Disaster,Electronics
222,MALLINCKRODT LLC,SUNRISE PHARMACY #5636 (TX),2,3,1.9606,28.0,Alternative Supplier,Natural Disaster,Electronics
223,PAR PHARMACEUTICAL INC,QUALITY CARE PHARMACY #5311 (NM),2,1,1.7338,74.0,Alternative Supplier,Cyber Attack,Automotive
223,PAR PHARMACEUTICAL INC,QUALITY CARE PHARMACY #5311 (NM),2,2,1.7771,55.0,Alternative Supplier,Natural Disaster,Electronics
223,PAR PHARMACEUTICAL INC,QUALITY CARE PHARMACY #5311 (NM),2,3,1.9606,28.0,Alternative Supplier,Natural Disaster,Electronics
224,WATSON LABORATORIES INC,QUALITY CARE PHARMACY #3338 (WV),2,1,1.7338,74.0,Alternative Supplier,Cyber Attack,Automotive
224,WATSON LABORATORIES INC,QUALITY CARE PHARMACY #3338 (WV),2,2,1.7771,55.0,Alternative Supplier,Natural Disaster,Electronics
224,WATSON LABORATORIES INC,QUALITY CARE PHARMACY #3338 (WV),2,3,1.9606,28.0,Alternative Supplier,Natural Disaster,Electronics
225,SUN PHARMA GLOBAL INC,QUALITY CARE PHARMACY #8930 (ID),2,1,1.7338,74.0,Alternative Supplier,Cyber Attack,Automotive
225,SUN PHARMA GLOBAL INC,QUALITY CARE PHARMACY #8930 (ID),2,2,1.7771,55.0,Alternative Supplier,Natural Disaster,Electronics
225,SUN PHARMA GLOBAL INC,QUALITY CARE PHARMACY #8930 (ID),2,3,1.9606,28.0,Alternative Supplier,Natural Disaster,Electronics
226,TEVA PHARMACEUTICALS USA INC,CVS PHARMACY #9580 (KS),2,1,1.7338,74.0,Alternative Supplier,Cyber Attack,Automotive
226,TEVA PHARMACEUTICALS USA INC,CVS PHARMACY #9580 (KS),2,2,1.7771,55.0,Alternative Supplier,Natural Disaster,Electronics
226,TEVA PHARMACEUTICALS USA INC,CVS PHARMACY #9580 (KS),2,3,1.9606,28.0,Alternative Supplier,Natural Disaster,Electronics
227,ENDO PHARMACEUTICALS INC,QUALITY CARE PHARMACY #1048 (SD),2,1,1.7338,74.0,Alternative Supplier,Cyber Attack,Automotive
227,ENDO PHARMACEUTICALS INC,QUALITY CARE PHARMACY #1048 (SD),2,2,1.7771,55.0,Alternative Supplier,Natural Disaster,Electronics
227,ENDO PHARMACEUTICALS INC,QUALITY CARE PHARMACY #1048 (SD),2,3,1.9606,28.0,Alternative Supplier,Natural Disaster,Electronics
228,SANDOZ INC,GOOD NEIGHBOR PHARMACY #6889 (TX),2,1,1.7338,74.0,Alternative Supplier,Cyber Attack,Automotive
228,SANDOZ INC,GOOD NEIGHBOR PHARMACY #6889 (TX),2,2,1.7771,55.0,Alternative Supplier,Natural Disaster,Electronics
228,SANDOZ INC,GOOD NEIGHBOR PHARMACY #6889 (TX),2,3,1.9606,28.0,Alternative Supplier,Natural Disaster,Electronics
229,WATSON LABORATORIES INC,HARRIS TEETER PHARMACY #8332 (SD),2,1,1.7338,74.0,Alternative Supplier,Cyber Attack,Automotive
229,WATSON LABORATORIES INC,HARRIS TEETER PHARMACY #8332 (SD),2,2,1.7771,55.0,Alternative Supplier,Natural Disaster,Electronics
229,WATSON LABORATORIES INC,HARRIS TEETER PHARMACY #8332 (SD),2,3,1.9606,28.0,Alternative Supplier,Natural Disaster,Electronics
230,PAR PHARMACEUTICAL INC,CORNER DRUG STORE #8437 (OK),2,1,1.7338,74.0,Alternative Supplier,Cyber Attack,Automotive
230,PAR PHARMACEUTICAL INC,CORNER DRUG STORE #8437 (OK),2,2,1.7771,55.0,Alternative Supplier,Natural Disaster,Electronics
230,PAR PHARMACEUTICAL INC,CORNER DRUG STORE #8437 (OK),2,3,1.9606,28.0,Alternative Supplier,Natural Disaster,Electronics
231,HIKMA PHARMACEUTICALS,SUNRISE PHARMACY #6972 (NM),2,1,1.7338,74.0,Alternative Supplier,Cyber Attack,Automotive
231,HIKMA PHARMACEUTICALS,SUNRISE PHARMACY #6972 (NM),2,2,1.7771,55.0,Alternative Supplier,Natural Disaster,Electronics
231,HIKMA PHARMACEUTICALS,SUNRISE PHARMACY #6972 (NM),2,3,1.9606,28.0,Alternative Supplier,Natural Disaster,Electronics
232,QUALITEST PHARMACEUTICALS,HEALTH MART PHARMACY #8336 (NE),2,1,1.7338,74.0,Alternative Supplier,Cyber Attack,Automotive
232,QUALITEST PHARMACEUTICALS,HEALTH MART PHARMACY #8336 (NE),2,2,1.7771,55.0,Alternative Supplier,Natural Disaster,Electronics
232,QUALITEST PHARMACEUTICALS,HEALTH MART PHARMACY #8336 (NE),2,3,1.9606,28.0,Alternative Supplier,Natural Disaster,Electronics
233,PURDUE PHARMA LP,FAMILY CARE PHARMACY #7468 (NE),2,1,1.7338,74.0,Alternative Supplier,Cyber Attack,Automotive
233,PURDUE PHARMA LP,FAMILY CARE PHARMACY #7468 (NE),2,2,1.7771,55.0,Alternative Supplier,Natural Disaster,Electronics
233,PURDUE PHARMA LP,FAMILY CARE PHARMACY #7468 (NE),2,3,1.9606,28.0,Alternative Supplier,Natural Disaster,Electronics
234,ENDO PHARMACEUTICALS INC,GOOD NEIGHBOR PHARMACY #6194 (NH),2,1,1.7338,74.0,Alternative Supplier,Cyber Attack,Automotive
234,ENDO PHARMACEUTICALS INC,GOOD NEIGHBOR PHARMACY #6194 (NH),2,2,1.7771,55.0,Alternative Supplier,Natural Disaster,Electronics
234,ENDO PHARMACEUTICALS INC,GOOD NEIGHBOR PHARMACY #6194 (NH),2,3,1.9606,28.0,Alternative Supplier,Natural Disaster,Electronics
235,VINTAGE PHARMACEUTICALS LLC,COMMUNITY PHARMACY #7146 (NJ),2,1,1.7338,74.0,Alternative Supplier,Cyber Attack,Automotive
235,VINTAGE PHARMACEUTICALS LLC,COMMUNITY PHARMACY #7146 (NJ),2,2,1.7771,55.0,Alternative Supplier,Natural Disaster,Electronics
235,VINTAGE PHARMACEUTICALS LLC,COMMUNITY PHARMACY #7146 (NJ),2,3,1.9606,28.0,Alternative Supplier,Natural Disaster,Electronics
236,MALLINCKRODT LLC,WALGREENS #2438 (VT),2,1,1.7338,74.0,Alternative Supplier,Cyber Attack,Automotive
236,MALLINCKRODT LLC,WALGREENS #2438 (VT),2,2,1.7771,55.0,Alternative Supplier,Natural Disaster,Electronics
236,MALLINCKRODT LLC,WALGREENS #2438 (VT),2,3,1.9606,28.0,Alternative Supplier,Natural Disaster,Electronics
237,MYLAN PHARMACEUTICALS INC,HARRIS TEETER PHARMACY #6773 (OK),2,1,1.7338,74.0,Alternative Supplier,Cyber Attack,Automotive
237,MYLAN PHARMACEUTICALS INC,HARRIS TEETER PHARMACY #6773 (OK),2,2,1.7771,55.0,Alternative Supplier,Natural Disaster,Electronics
237,MYLAN PHARMACEUTICALS INC,HARRIS TEETER PHARMACY #6773 (OK),2,3,1.9606,28.0,Alternative Supplier,Natural Disaster,Electronics
238,SANDOZ INC,MAIN STREET PHARMACY #7377 (IA),2,1,1.7338,74.0,Alternative Supplier,Cyber Attack,Automotive
238,SANDOZ INC,MAIN STREET PHARMACY #7377 (IA),2,2,1.7771,55.0,Alternative Supplier,Natural Disaster,Electronics
238,SANDOZ INC,MAIN STREET PHARMACY #7377 (IA),2,3,1.9606,28.0,Alternative Supplier,Natural Disaster,Electronics
239,IMPAX LABORATORIES INC,FAMILY CARE PHARMACY #6977 (NC),2,1,1.7338,74.0,Alternative Supplier,Cyber Attack,Automotive
239,IMPAX LABORATORIES INC,FAMILY CARE PHARMACY #6977 (NC),2,2,1.7771,55.0,Alternative Supplier,Natural Disaster,Electronics
239,IMPAX LABORATORIES INC,FAMILY CARE PHARMACY #6977 (NC),2,3,1.9606,28.0,Alternative Supplier,Natural Disaster,Electronics
240,ACTAVIS PHARMA INC,FAMILY CARE PHARMACY #6977 (NC),2,1,1.7338,74.0,Alternative Supplier,Cyber Attack,Automotive
240,ACTAVIS PHARMA INC,FAMILY CARE PHARMACY #6977 (NC),2,2,1.7771,55.0,Alternative Supplier,Natural Disaster,Electronics
240,ACTAVIS PHARMA INC,FAMILY CARE PHARMACY #6977 (NC),2,3,1.9606,28.0,Alternative Supplier,Natural Disaster,Electronics
241,LANNETT COMPANY INC,PEOPLES PHARMACY #4568 (WA),2,1,1.7338,74.0,Alternative Supplier,Cyber Attack,Automotive
241,LANNETT COMPANY INC,PEOPLES PHARMACY #4568 (WA),2,2,1.7771,55.0,Alternative Supplier,Natural Disaster,Electronics
241,LANNETT COMPANY INC,PEOPLES PHARMACY #4568 (WA),2,3,1.9606,28.0,Alternative Supplier,Natural Disaster,Electronics
242,SUN PHARMA GLOBAL INC,KROGER PHARMACY #6212 (UT),2,1,1.7338,74.0,Alternative Supplier,Cyber Attack,Automotive
242,SUN PHARMA GLOBAL INC,KROGER PHARMACY #6212 (UT),2,2,1.7771,55.0,Alternative Supplier,Natural Disaster,Electronics
242,SUN PHARMA GLOBAL INC,KROGER PHARMACY #6212 (UT),2,3,1.9606,28.0,Alternative Supplier,Natural Disaster,Electronics
243,SUN PHARMA GLOBAL INC,PEOPLES PHARMACY #2188 (IA),2,1,1.7338,74.0,Alternative Supplier,Cyber Attack,Automotive
243,SUN PHARMA GLOBAL INC,PEOPLES PHARMACY #2188 (IA),2,2,1.7771,55.0,Alternative Supplier,Natural Disaster,Electronics
243,SUN PHARMA GLOBAL INC,PEOPLES PHARMACY #2188 (IA),2,3,1.9606,28.0,Alternative Supplier,Natural Disaster,Electronics
244,MALLINCKRODT LLC,PEOPLES PHARMACY #6526 (WA),2,1,1.7338,74.0,Alternative Supplier,Cyber Attack,Automotive
244,MALLINCKRODT LLC,PEOPLES PHARMACY #6526 (WA),2,2,1.7771,55.0,Alternative Supplier,Natural Disaster,Electronics
244,MALLINCKRODT LLC,PEOPLES PHARMACY #6526 (WA),2,3,1.9606,28.0,Alternative Supplier,Natural Disaster,Electronics
245,WATSON LABORATORIES INC,PUBLIX PHARMACY #6189 (IA),2,1,1.7338,74.0,Alternative Supplier,Cyber Attack,Automotive
245,WATSON LABORATORIES INC,PUBLIX PHARMACY #6189 (IA),2,2,1.7771,55.0,Alternative Supplier,Natural Disaster,Electronics
245,WATSON LABORATORIES INC,PUBLIX PHARMACY #6189 (IA),2,3,1.9606,28.0,Alternative Supplier,Natural Disaster,Electronics
246,AMNEAL PHARMACEUTICALS LLC,FAMILY CARE PHARMACY #6878 (OR),2,1,1.7338,74.0,Alternative Supplier,Cyber Attack,Automotive
246,AMNEAL PHARMACEUTICALS LLC,FAMILY CARE PHARMACY #6878 (OR),2,2,1.7771,55.0,Alternative Supplier,Natural Disaster,Electronics
246,AMNEAL PHARMACEUTICALS LLC,FAMILY CARE PHARMACY #6878 (OR),2,3,1.9606,28.0,Alternative Supplier,Natural Disaster,Electronics
247,SANDOZ INC,SUNRISE PHARMACY #9718 (HI),3,1,0.8823,74.0,Alternative Supplier,Cyber Attack,Automotive
247,SANDOZ INC,SUNRISE PHARMACY #9718 (HI),3,2,0.9256,55.0,Alternative Supplier,Natural Disaster,Electronics
247,SANDOZ INC,SUNRISE PHARMACY #9718 (HI),3,3,1.0486,88.0,Alternative Supplier,Natural Disaster,Automotive
248,RHODES TECHNOLOGIES,RITE AID #8888 (NY),2,1,1.7338,74.0,Alternative Supplier,Cyber Attack,Automotive
248,RHODES TECHNOLOGIES,RITE AID #8888 (NY),2,2,1.7771,55.0,Alternative Supplier,Natural Disaster,Electronics
248,RHODES TECHNOLOGIES,RITE AID #8888 (NY),2,3,1.9606,28.0,Alternative Supplier,Natural Disaster,Electronics
249,QUALITEST PHARMACEUTICALS,GOOD NEIGHBOR PHARMACY #2494 (WV),2,1,1.7338,74.0,Alternative Supplier,Cyber Attack,Automotive
249,QUALITEST PHARMACEUTICALS,GOOD NEIGHBOR PHARMACY #2494 (WV),2,2,1.7771,55.0,Alternative Supplier,Natural Disaster,Electronics
249,QUALITEST PHARMACEUTICALS,GOOD NEIGHBOR PHARMACY #2494 (WV),2,3,1.9606,28.0,Alternative Supplier,Natural Disaster,Electronics
250,QUALITEST PHARMACEUTICALS,CVS PHARMACY #5523 (NC),2,1,1.7338,74.0,Alternative Supplier,Cyber Attack,Automotive
250,QUALITEST PHARMACEUTICALS,CVS PHARMACY #5523 (NC),2,2,1.7771,55.0,Alternative Supplier,Natural Disaster,Electronics
250,QUALITEST PHARMACEUTICALS,CVS PHARMACY #5523 (NC),2,3,1.9606,28.0,Alternative Supplier,Natural Disaster,Electronics
251,PAR PHARMACEUTICAL INC,MEDICO PHARMACY #2821 (FL),2,1,1.7338,74.0,Alternative Supplier,Cyber Attack,Automotive
251,PAR PHARMACEUTICAL INC,MEDICO PHARMACY #2821 (FL),2,2,1.7771,55.0,Alternative Supplier,Natural Disaster,Electronics
251,PAR PHARMACEUTICAL INC,MEDICO PHARMACY #2821 (FL),2,3,1.9606,28.0,Alternative Supplier,Natural Disaster,Electronics
252,LANNETT COMPANY INC,RITE AID #9223 (WV),2,1,1.7338,74.0,Alternative Supplier,Cyber Attack,Automotive
252,LANNETT COMPANY INC,RITE AID #9223 (WV),2,2,1.7771,55.0,Alternative Supplier,Natural Disaster,Electronics
252,LANNETT COMPANY INC,RITE AID #9223 (WV),2,3,1.9606,28.0,Alternative Supplier,Natural Disaster,Electronics
253,VINTAGE PHARMACEUTICALS LLC,FAMILY CARE PHARMACY #9427 (IN),2,1,1.7338,74.0,Alternative Supplier,Cyber Attack,Automotive
253,VINTAGE PHARMACEUTICALS LLC,FAMILY CARE PHARMACY #9427 (IN),2,2,1.7771,55.0,Alternative Supplier,Natural Disaster,Electronics
253,VINTAGE PHARMACEUTICALS LLC,FAMILY CARE PHARMACY #9427 (IN),2,3,1.9606,28.0,Alternative Supplier,Natural Disaster,Electronics
254,IMPAX LABORATORIES INC,HEALTH MART PHARMACY #6716 (UT),2,1,1.7338,74.0,Alternative Supplier,Cyber Attack,Automotive
254,IMPAX LABORATORIES INC,HEALTH MART PHARMACY #6716 (UT),2,2,1.7771,55.0,Alternative Supplier,Natural Disaster,Electronics
254,IMPAX LABORATORIES INC,HEALTH MART PHARMACY #6716 (UT),2,3,1.9606,28.0,Alternative Supplier,Natural Disaster,Electronics
255,PURDUE PHARMA LP,SUNRISE PHARMACY #7702 (NC),3,1,0.8823,74.0,Alternative Supplier,Cyber Attack,Automotive
255,PURDUE PHARMA LP,SUNRISE PHARMACY #7702 (NC),3,2,0.9256,55.0,Alternative Supplier,Natural Disaster,Electronics
255,PURDUE PHARMA LP,SUNRISE PHARMACY #7702 (NC),3,3,1.0486,88.0,Alternative Supplier,Natural Disaster,Automotive
256,VINTAGE PHARMACEUTICALS LLC,PUBLIX PHARMACY #3391 (SD),2,1,1.7338,74.0,Alternative Supplier,Cyber Attack,Automotive
256,VINTAGE PHARMACEUTICALS LLC,PUBLIX PHARMACY #3391 (SD),2,2,1.7771,55.0,Alternative Supplier,Natural Disaster,Electronics
256,VINTAGE PHARMACEUTICALS LLC,PUBLIX PHARMACY #3391 (SD),2,3,1.9606,28.0,Alternative Supplier,Natural Disaster,Electronics
257,ACTAVIS PHARMA INC,RITE AID #5178 (ND),2,1,1.7338,74.0,Alternative Supplier,Cyber Attack,Automotive
257,ACTAVIS PHARMA INC,RITE AID #5178 (ND),2,2,1.7771,55.0,Alternative Supplier,Natural Disaster,Electronics
257,ACTAVIS PHARMA INC,RITE AID #5178 (ND),2,3,1.9606,28.0,Alternative Supplier,Natural Disaster,Electronics
258,PURDUE PHARMA LP,VILLAGE PHARMACY #6515 (MT),2,1,1.7338,74.0,Alternative Supplier,Cyber Attack,Automotive
258,PURDUE PHARMA LP,VILLAGE PHARMACY #6515 (MT),2,2,1.7771,55.0,Alternative Supplier,Natural Disaster,Electronics
258,PURDUE PHARMA LP,VILLAGE PHARMACY #6515 (MT),2,3,1.9606,28.0,Alternative Supplier,Natural Disaster,Electronics
259,ENDO PHARMACEUTICALS INC,CORNER DRUG STORE #6823 (NY),2,1,1.7338,74.0,Alternative Supplier,Cyber Attack,Automotive
259,ENDO PHARMACEUTICALS INC,CORNER DRUG STORE #6823 (NY),2,2,1.7771,55.0,Alternative Supplier,Natural Disaster,Electronics
259,ENDO PHARMACEUTICALS INC,CORNER DRUG STORE #6823 (NY),2,3,1.9606,28.0,Alternative Supplier,Natural Disaster,Electronics
260,PAR PHARMACEUTICAL INC,SUNRISE PHARMACY #7916 (MT),2,1,1.7338,74.0,Alternative Supplier,Cyber Attack,Automotive
260,PAR PHARMACEUTICAL INC,SUNRISE PHARMACY #7916 (MT),2,2,1.7771,55.0,Alternative Supplier,Natural Disaster,Electronics
260,PAR PHARMACEUTICAL INC,SUNRISE PHARMACY #7916 (MT),2,3,1.9606,28.0,Alternative Supplier,Natural Disaster,Electronics
261,QUALITEST PHARMACEUTICALS,HARRIS TEETER PHARMACY #6458 (CO),2,1,1.7338,74.0,Alternative Supplier,Cyber Attack,Automotive
261,QUALITEST PHARMACEUTICALS,HARRIS TEETER PHARMACY #6458 (CO),2,2,1.7771,55.0,Alternative Supplier,Natural Disaster,Electronics
261,QUALITEST PHARMACEUTICALS,HARRIS TEETER PHARMACY #6458 (CO),2,3,1.9606,28.0,Alternative Supplier,Natural Disaster,Electronics
262,QUALITEST PHARMACEUTICALS,GOOD NEIGHBOR PHARMACY #2848 (MT),2,1,1.7338,74.0,Alternative Supplier,Cyber Attack,Automotive
262,QUALITEST PHARMACEUTICALS,GOOD NEIGHBOR PHARMACY #2848 (MT),2,2,1.7771,55.0,Alternative Supplier,Natural Disaster,Electronics
262,QUALITEST PHARMACEUTICALS,GOOD NEIGHBOR PHARMACY #2848 (MT),2,3,1.9606,28.0,Alternative Supplier,Natural Disaster,Electronics
263,CADISTA PHARMACEUTICALS INC,GOOD NEIGHBOR PHARMACY #5339 (PA),2,1,1.7338,74.0,Alternative Supplier,Cyber Attack,Automotive
263,CADISTA PHARMACEUTICALS INC,GOOD NEIGHBOR PHARMACY #5339 (PA),2,2,1.7771,55.0,Alternative Supplier,Natural Disaster,Electronics
263,CADISTA PHARMACEUTICALS INC,GOOD NEIGHBOR PHARMACY #5339 (PA),2,3,1.9606,28.0,Alternative Supplier,Natural Disaster,Electronics
264,PURDUE PHARMA LP,RITE AID #9329 (MN),2,1,1.7338,74.0,Alternative Supplier,Cyber Attack,Automotive
264,PURDUE PHARMA LP,RITE AID #9329 (MN),2,2,1.7771,55.0,Alternative Supplier,Natural Disaster,Electronics
264,PURDUE PHARMA LP,RITE AID #9329 (MN),2,3,1.9606,28.0,Alternative Supplier,Natural Disaster,Electronics
265,PAR PHARMACEUTICAL INC,FAMILY CARE PHARMACY #5952 (MI),3,1,0.8823,74.0,Alternative Supplier,Cyber Attack,Automotive
265,PAR PHARMACEUTICAL INC,FAMILY CARE PHARMACY #5952 (MI),3,2,0.9256,55.0,Alternative Supplier,Natural Disaster,Electronics
265,PAR PHARMACEUTICAL INC,FAMILY CARE PHARMACY #5952 (MI),3,3,1.0486,88.0,Alternative Supplier,Natural Disaster,Automotive
266,MYLAN PHARMACEUTICALS INC,HARRIS TEETER PHARMACY #6503 (MO),4,1,0.0876,135.0,Production Reroute,Geopolitical,Consumer Goods
266,MYLAN PHARMACEUTICALS INC,HARRIS TEETER PHARMACY #6503 (MO),4,2,0.3241,151.0,Production Reroute,Cyber Attack,Automotive
266,MYLAN PHARMACEUTICALS INC,HARRIS TEETER PHARMACY #6503 (MO),4,3,0.3372,89.0,Combined Strategy,Geopolitical,Consumer Goods
267,CADISTA PHARMACEUTICALS INC,HOMETOWN PHARMACY #8919 (KY),2,1,1.7338,74.0,Alternative Supplier,Cyber Attack,Automotive
267,CADISTA PHARMACEUTICALS INC,HOMETOWN PHARMACY #8919 (KY),2,2,1.7771,55.0,Alternative Supplier,Natural Disaster,Electronics
267,CADISTA PHARMACEUTICALS INC,HOMETOWN PHARMACY #8919 (KY),2,3,1.9606,28.0,Alternative Supplier,Natural Disaster,Electronics
268,SUN PHARMA GLOBAL INC,KROGER PHARMACY #8420 (MT),2,1,1.7338,74.0,Alternative Supplier,Cyber Attack,Automotive
268,SUN PHARMA GLOBAL INC,KROGER PHARMACY #8420 (MT),2,2,1.7771,55.0,Alternative Supplier,Natural Disaster,Electronics
268,SUN PHARMA GLOBAL INC,KROGER PHARMACY #8420 (MT),2,3,1.9606,28.0,Alternative Supplier,Natural Disaster,Electronics
269,PAR PHARMACEUTICAL INC,CORNER DRUG STORE #9113 (HI),2,1,1.7338,74.0,Alternative Supplier,Cyber Attack,Automotive
269,PAR PHARMACEUTICAL INC,CORNER DRUG STORE #9113 (HI),2,2,1.7771,55.0,Alternative Supplier,Natural Disaster,Electronics
269,PAR PHARMACEUTICAL INC,CORNER DRUG STORE #9113 (HI),2,3,1.9606,28.0,Alternative Supplier,Natural Disaster,Electronics
270,MYLAN PHARMACEUTICALS INC,MAIN STREET PHARMACY #4930 (VA),2,1,1.7338,74.0,Alternative Supplier,Cyber Attack,Automotive
270,MYLAN PHARMACEUTICALS INC,MAIN STREET PHARMACY #4930 (VA),2,2,1.7771,55.0,Alternative Supplier,Natural Disaster,Electronics
270,MYLAN PHARMACEUTICALS INC,MAIN STREET PHARMACY #4930 (VA),2,3,1.9606,28.0,Alternative Supplier,Natural Disaster,Electronics
271,IMPAX LABORATORIES INC,PEOPLES PHARMACY #5739 (CO),2,1,1.7338,74.0,Alternative Supplier,Cyber Attack,Automotive
271,IMPAX LABORATORIES INC,PEOPLES PHARMACY #5739 (CO),2,2,1.7771,55.0,Alternative Supplier,Natural Disaster,Electronics
271,IMPAX LABORATORIES INC,PEOPLES PHARMACY #5739 (CO),2,3,1.9606,28.0,Alternative Supplier,Natural Disaster,Electronics
272,QUALITEST PHARMACEUTICALS,RITE AID #2593 (ID),2,1,1.7338,74.0,Alternative Supplier,Cyber Attack,Automotive
272,QUALITEST PHARMACEUTICALS,RITE AID #2593 (ID),2,2,1.7771,55.0,Alternative Supplier,Natural Disaster,Electronics
272,QUALITEST PHARMACEUTICALS,RITE AID #2593 (ID),2,3,1.9606,28.0,Alternative Supplier,Natural Disaster,Electronics
273,ABBOTT LABORATORIES,HEALTH MART PHARMACY #8461 (GA),2,1,1.7338,74.0,Alternative Supplier,Cyber Attack,Automotive
273,ABBOTT LABORATORIES,HEALTH MART PHARMACY #8461 (GA),2,2,1.7771,55.0,Alternative Supplier,Natural Disaster,Electronics
273,ABBOTT LABORATORIES,HEALTH MART PHARMACY #8461 (GA),2,3,1.9606,28.0,Alternative Supplier,Natural Disaster,Electronics
274,VINTAGE PHARMACEUTICALS LLC,RITE AID #3349 (TN),2,1,1.7338,74.0,Alternative Supplier,Cyber Attack,Automotive
274,VINTAGE PHARMACEUTICALS LLC,RITE AID #3349 (TN),2,2,1.7771,55.0,Alternative Supplier,Natural Disaster,Electronics
274,VINTAGE PHARMACEUTICALS LLC,RITE AID #3349 (TN),2,3,1.9606,28.0,Alternative Supplier,Natural Disaster,Electronics
275,ENDO PHARMACEUTICALS INC,HARRIS TEETER PHARMACY #5423 (HI),2,1,1.7338,74.0,Alternative Supplier,Cyber Attack,Automotive
275,ENDO PHARMACEUTICALS INC,HARRIS TEETER PHARMACY #5423 (HI),2,2,1.7771,55.0,Alternative Supplier,Natural Disaster,Electronics
275,ENDO PHARMACEUTICALS INC,HARRIS TEETER PHARMACY #5423 (HI),2,3,1.9606,28.0,Alternative Supplier,Natural Disaster,Electronics
276,PAR PHARMACEUTICAL INC,VILLAGE PHARMACY #3392 (NY),3,1,0.9391,135.0,Production Reroute,Geopolitical,Consumer Goods
276,PAR PHARMACEUTICAL INC,VILLAGE PHARMACY #3392 (NY),3,2,1.1755,151.0,Production Reroute,Cyber Attack,Automotive
276,PAR PHARMACEUTICAL INC,VILLAGE PHARMACY #3392 (NY),3,3,1.1886,89.0,Combined Strategy,Geopolitical,Consumer Goods
277,ENDO PHARMACEUTICALS INC,WINN-DIXIE PHARMACY #2880 (MI),2,1,1.7338,74.0,Alternative Supplier,Cyber Attack,Automotive
277,ENDO PHARMACEUTICALS INC,WINN-DIXIE PHARMACY #2880 (MI),2,2,1.7771,55.0,Alternative Supplier,Natural Disaster,Electronics
277,ENDO PHARMACEUTICALS INC,WINN-DIXIE PHARMACY #2880 (MI),2,3,1.9606,28.0,Alternative Supplier,Natural Disaster,Electronics
278,RHODES TECHNOLOGIES,WALGREENS #3078 (MA),2,1,1.7338,74.0,Alternative Supplier,Cyber Attack,Automotive
278,RHODES TECHNOLOGIES,WALGREENS #3078 (MA),2,2,1.7771,55.0,Alternative Supplier,Natural Disaster,Electronics
278,RHODES TECHNOLOGIES,WALGREENS #3078 (MA),2,3,1.9606,28.0,Alternative Supplier,Natural Disaster,Electronics
279,MYLAN PHARMACEUTICALS INC,VILLAGE PHARMACY #8600 (HI),2,1,1.7338,74.0,Alternative Supplier,Cyber Attack,Automotive
279,MYLAN PHARMACEUTICALS INC,VILLAGE PHARMACY #8600 (HI),2,2,1.7771,55.0,Alternative Supplier,Natural Disaster,Electronics
279,MYLAN PHARMACEUTICALS INC,VILLAGE PHARMACY #8600 (HI),2,3,1.9606,28.0,Alternative Supplier,Natural Disaster,Electronics
280,QUALITEST PHARMACEUTICALS,KROGER PHARMACY #4771 (NV),2,1,1.7338,74.0,Alternative Supplier,Cyber Attack,Automotive
280,QUALITEST PHARMACEUTICALS,KROGER PHARMACY #4771 (NV),2,2,1.7771,55.0,Alternative Supplier,Natural Disaster,Electronics
280,QUALITEST PHARMACEUTICALS,KROGER PHARMACY #4771 (NV),2,3,1.9606,28.0,Alternative Supplier,Natural Disaster,Electronics
281,MYLAN PHARMACEUTICALS INC,WALMART PHARMACY #2083 (MI),2,1,1.7338,74.0,Alternative Supplier,Cyber Attack,Automotive
281,MYLAN PHARMACEUTICALS INC,WALMART PHARMACY #2083 (MI),2,2,1.7771,55.0,Alternative Supplier,Natural Disaster,Electronics
281,MYLAN PHARMACEUTICALS INC,WALMART PHARMACY #2083 (MI),2,3,1.9606,28.0,Alternative Supplier,Natural Disaster,Electronics
282,RHODES TECHNOLOGIES,CORNER DRUG STORE #1973 (TX),3,1,0.8823,74.0,Alternative Supplier,Cyber Attack,Automotive
282,RHODES TECHNOLOGIES,CORNER DRUG STORE #1973 (TX),3,2,0.9256,55.0,Alternative Supplier,Natural Disaster,Electronics
282,RHODES TECHNOLOGIES,CORNER DRUG STORE #1973 (TX),3,3,1.0486,88.0,Alternative Supplier,Natural Disaster,Automotive
283,MYLAN PHARMACEUTICALS INC,PEOPLES PHARMACY #6564 (IN),3,1,0.8823,74.0,Alternative Supplier,Cyber Attack,Automotive
283,MYLAN PHARMACEUTICALS INC,PEOPLES PHARMACY #6564 (IN),3,2,0.9256,55.0,Alternative Supplier,Natural Disaster,Electronics
283,MYLAN PHARMACEUTICALS INC,PEOPLES PHARMACY #6564 (IN),3,3,1.0486,88.0,Alternative Supplier,Natural Disaster,Automotive
284,ABBOTT LABORATORIES,COMMUNITY PHARMACY #2700 (OK),2,1,1.7338,74.0,Alternative Supplier,Cyber Attack,Automotive
284,ABBOTT LABORATORIES,COMMUNITY PHARMACY #2700 (OK),2,2,1.7771,55.0,Alternative Supplier,Natural Disaster,Electronics
284,ABBOTT LABORATORIES,COMMUNITY PHARMACY #2700 (OK),2,3,1.9606,28.0,Alternative Supplier,Natural Disaster,Electronics
285,SUN PHARMA GLOBAL INC,WALGREENS #5730 (AR),2,1,1.7338,74.0,Alternative Supplier,Cyber Attack,Automotive
285,SUN PHARMA GLOBAL INC,WALGREENS #5730 (AR),2,2,1.7771,55.0,Alternative Supplier,Natural Disaster,Electronics
285,SUN PHARMA GLOBAL INC,WALGREENS #5730 (AR),2,3,1.9606,28.0,Alternative Supplier,Natural Disaster,Electronics
286,TEVA PHARMACEUTICALS USA INC,FAMILY CARE PHARMACY #2731 (OH),2,1,1.7338,74.0,Alternative Supplier,Cyber Attack,Automotive
286,TEVA PHARMACEUTICALS USA INC,FAMILY CARE PHARMACY #2731 (OH),2,2,1.7771,55.0,Alternative Supplier,Natural Disaster,Electronics
286,TEVA PHARMACEUTICALS USA INC,FAMILY CARE PHARMACY #2731 (OH),2,3,1.9606,28.0,Alternative Supplier,Natural Disaster,Electronics
287,MALLINCKRODT LLC,HARRIS TEETER PHARMACY #5346 (KS),2,1,1.7338,74.0,Alternative Supplier,Cyber Attack,Automotive
287,MALLINCKRODT LLC,HARRIS TEETER PHARMACY #5346 (KS),2,2,1.7771,55.0,Alternative Supplier,Natural Disaster,Electronics
287,MALLINCKRODT LLC,HARRIS TEETER PHARMACY #5346 (KS),2,3,1.9606,28.0,Alternative Supplier,Natural Disaster,Electronics
288,ABBOTT LABORATORIES,GOOD NEIGHBOR PHARMACY #4482 (NJ),2,1,1.7338,74.0,Alternative Supplier,Cyber Attack,Automotive
288,ABBOTT LABORATORIES,GOOD NEIGHBOR PHARMACY #4482 (NJ),2,2,1.7771,55.0,Alternative Supplier,Natural Disaster,Electronics
288,ABBOTT LABORATORIES,GOOD NEIGHBOR PHARMACY #4482 (NJ),2,3,1.9606,28.0,Alternative Supplier,Natural Disaster,Electronics
289,MYLAN PHARMACEUTICALS INC,GOOD NEIGHBOR PHARMACY #7379 (WA),2,1,1.7338,74.0,Alternative Supplier,Cyber Attack,Automotive
289,MYLAN PHARMACEUTICALS INC,GOOD NEIGHBOR PHARMACY #7379 (WA),2,2,1.7771,55.0,Alternative Supplier,Natural Disaster,Electronics
289,MYLAN PHARMACEUTICALS INC,GOOD NEIGHBOR PHARMACY #7379 (WA),2,3,1.9606,28.0,Alternative Supplier,Natural Disaster,Electronics
290,PAR PHARMACEUTICAL INC,HARRIS TEETER PHARMACY #3473 (WV),2,1,1.7338,74.0,Alternative Supplier,Cyber Attack,Automotive
290,PAR PHARMACEUTICAL INC,HARRIS TEETER PHARMACY #3473 (WV),2,2,1.7771,55.0,Alternative Supplier,Natural Disaster,Electronics
290,PAR PHARMACEUTICAL INC,HARRIS TEETER PHARMACY #3473 (WV),2,3,1.9606,28.0,Alternative Supplier,Natural Disaster,Electronics
291,LANNETT COMPANY INC,VILLAGE PHARMACY #3051 (SD),2,1,1.7338,74.0,Alternative Supplier,Cyber Attack,Automotive
291,LANNETT COMPANY INC,VILLAGE PHARMACY #3051 (SD),2,2,1.7771,55.0,Alternative Supplier,Natural Disaster,Electronics
291,LANNETT COMPANY INC,VILLAGE PHARMACY #3051 (SD),2,3,1.9606,28.0,Alternative Supplier,Natural Disaster,Electronics
292,SANDOZ INC,MEDICO PHARMACY #4635 (MT),2,1,1.7338,74.0,Alternative Supplier,Cyber Attack,Automotive
292,SANDOZ INC,MEDICO PHARMACY #4635 (MT),2,2,1.7771,55.0,Alternative Supplier,Natural Disaster,Electronics
292,SANDOZ INC,MEDICO PHARMACY #4635 (MT),2,3,1.9606,28.0,Alternative Supplier,Natural Disaster,Electronics
293,CADISTA PHARMACEUTICALS INC,GOOD NEIGHBOR PHARMACY #2150 (CA),2,1,1.7338,74.0,Alternative Supplier,Cyber Attack,Automotive
293,CADISTA PHARMACEUTICALS INC,GOOD NEIGHBOR PHARMACY #2150 (CA),2,2,1.7771,55.0,Alternative Supplier,Natural Disaster,Electronics
293,CADISTA PHARMACEUTICALS INC,GOOD NEIGHBOR PHARMACY #2150 (CA),2,3,1.9606,28.0,Alternative Supplier,Natural Disaster,Electronics
294,MYLAN PHARMACEUTICALS INC,WALGREENS #7353 (OK),2,1,1.7338,74.0,Alternative Supplier,Cyber Attack,Automotive
294,MYLAN PHARMACEUTICALS INC,WALGREENS #7353 (OK),2,2,1.7771,55.0,Alternative Supplier,Natural Disaster,Electronics
294,MYLAN PHARMACEUTICALS INC,WALGREENS #7353 (OK),2,3,1.9606,28.0,Alternative Supplier,Natural Disaster,Electronics
295,PURDUE PHARMA LP,COMMUNITY PHARMACY #9484 (NV),2,1,1.7338,74.0,Alternative Supplier,Cyber Attack,Automotive
295,PURDUE PHARMA LP,COMMUNITY PHARMACY #9484 (NV),2,2,1.7771,55.0,Alternative Supplier,Natural Disaster,Electronics
295,PURDUE PHARMA LP,COMMUNITY PHARMACY #9484 (NV),2,3,1.9606,28.0,Alternative Supplier,Natural Disaster,Electronics
296,ACTAVIS PHARMA INC,HARRIS TEETER PHARMACY #3473 (WV),2,1,1.7338,74.0,Alternative Supplier,Cyber Attack,Automotive
296,ACTAVIS PHARMA INC,HARRIS TEETER PHARMACY #3473 (WV),2,2,1.7771,55.0,Alternative Supplier,Natural Disaster,Electronics
296,ACTAVIS PHARMA INC,HARRIS TEETER PHARMACY #3473 (WV),2,3,1.9606,28.0,Alternative Supplier,Natural Disaster,Electronics
297,VINTAGE PHARMACEUTICALS LLC,WINN-DIXIE PHARMACY #1281 (AZ),2,1,1.7338,74.0,Alternative Supplier,Cyber Attack,Automotive
297,VINTAGE PHARMACEUTICALS LLC,WINN-DIXIE PHARMACY #1281 (AZ),2,2,1.7771,55.0,Alternative Supplier,Natural Disaster,Electronics
297,VINTAGE PHARMACEUTICALS LLC,WINN-DIXIE PHARMACY #1281 (AZ),2,3,1.9606,28.0,Alternative Supplier,Natural Disaster,Electronics
298,AMNEAL PHARMACEUTICALS LLC,WALMART PHARMACY #4965 (SC),2,1,1.7338,74.0,Alternative Supplier,Cyber Attack,Automotive
298,AMNEAL PHARMACEUTICALS LLC,WALMART PHARMACY #4965 (SC),2,2,1.7771,55.0,Alternative Supplier,Natural Disaster,Electronics
298,AMNEAL PHARMACEUTICALS LLC,WALMART PHARMACY #4965 (SC),2,3,1.9606,28.0,Alternative Supplier,Natural Disaster,Electronics
299,HIKMA PHARMACEUTICALS,SUNRISE PHARMACY #7702 (NC),2,1,1.7338,74.0,Alternative Supplier,Cyber Attack,Automotive
299,HIKMA PHARMACEUTICALS,SUNRISE PHARMACY #7702 (NC),2,2,1.7771,55.0,Alternative Supplier,Natural Disaster,Electronics
299,HIKMA PHARMACEUTICALS,SUNRISE PHARMACY #7702 (NC),2,3,1.9606,28.0,Alternative Supplier,Natural Disaster,Electronics
300,WATSON LABORATORIES INC,PEOPLES PHARMACY #2660 (NC),2,1,1.7338,74.0,Alternative Supplier,Cyber Attack,Automotive
300,WATSON LABORATORIES INC,PEOPLES PHARMACY #2660 (NC),2,2,1.7771,55.0,Alternative Supplier,Natural Disaster,Electronics
300,WATSON LABORATORIES INC,PEOPLES PHARMACY #2660 (NC),2,3,1.9606,28.0,Alternative Supplier,Natural Disaster,Electronics
301,SANDOZ INC,WALMART PHARMACY #5220 (ME),2,1,1.7338,74.0,Alternative Supplier,Cyber Attack,Automotive
301,SANDOZ INC,WALMART PHARMACY #5220 (ME),2,2,1.7771,55.0,Alternative Supplier,Natural Disaster,Electronics
301,SANDOZ INC,WALMART PHARMACY #5220 (ME),2,3,1.9606,28.0,Alternative Supplier,Natural Disaster,Electronics
302,RHODES TECHNOLOGIES,PEOPLES PHARMACY #2660 (NC),3,1,0.8823,74.0,Alternative Supplier,Cyber Attack,Automotive
302,RHODES TECHNOLOGIES,PEOPLES PHARMACY #2660 (NC),3,2,0.9256,55.0,Alternative Supplier,Natural Disaster,Electronics
302,RHODES TECHNOLOGIES,PEOPLES PHARMACY #2660 (NC),3,3,1.0486,88.0,Alternative Supplier,Natural Disaster,Automotive
303,SUN PHARMA GLOBAL INC,GOOD NEIGHBOR PHARMACY #2494 (WV),2,1,1.7338,74.0,Alternative Supplier,Cyber Attack,Automotive
303,SUN PHARMA GLOBAL INC,GOOD NEIGHBOR PHARMACY #2494 (WV),2,2,1.7771,55.0,Alternative Supplier,Natural Disaster,Electronics
303,SUN PHARMA GLOBAL INC,GOOD NEIGHBOR PHARMACY #2494 (WV),2,3,1.9606,28.0,Alternative Supplier,Natural Disaster,Electronics
304,CADISTA PHARMACEUTICALS INC,WALGREENS #4628 (WA),2,1,1.7338,74.0,Alternative Supplier,Cyber Attack,Automotive
304,CADISTA PHARMACEUTICALS INC,WALGREENS #4628 (WA),2,2,1.7771,55.0,Alternative Supplier,Natural Disaster,Electronics
304,CADISTA PHARMACEUTICALS INC,WALGREENS #4628 (WA),2,3,1.9606,28.0,Alternative Supplier,Natural Disaster,Electronics
305,ENDO PHARMACEUTICALS INC,HOMETOWN PHARMACY #1142 (NE),4,1,0.0876,135.0,Production Reroute,Geopolitical,Consumer Goods
305,ENDO PHARMACEUTICALS INC,HOMETOWN PHARMACY #1142 (NE),4,2,0.3241,151.0,Production Reroute,Cyber Attack,Automotive
305,ENDO PHARMACEUTICALS INC,HOMETOWN PHARMACY #1142 (NE),4,3,0.3372,89.0,Combined Strategy,Geopolitical,Consumer Goods
306,LANNETT COMPANY INC,RITE AID #9223 (WV),2,1,1.7338,74.0,Alternative Supplier,Cyber Attack,Automotive
306,LANNETT COMPANY INC,RITE AID #9223 (WV),2,2,1.7771,55.0,Alternative Supplier,Natural Disaster,Electronics
306,LANNETT COMPANY INC,RITE AID #9223 (WV),2,3,1.9606,28.0,Alternative Supplier,Natural Disaster,Electronics
307,QUALITEST PHARMACEUTICALS,COMMUNITY PHARMACY #8090 (LA),2,1,1.7338,74.0,Alternative Supplier,Cyber Attack,Automotive
307,QUALITEST PHARMACEUTICALS,COMMUNITY PHARMACY #8090 (LA),2,2,1.7771,55.0,Alternative Supplier,Natural Disaster,Electronics
307,QUALITEST PHARMACEUTICALS,COMMUNITY PHARMACY #8090 (LA),2,3,1.9606,28.0,Alternative Supplier,Natural Disaster,Electronics
308,ENDO PHARMACEUTICALS INC,FAMILY CARE PHARMACY #4495 (MO),2,1,1.7338,74.0,Alternative Supplier,Cyber Attack,Automotive
308,ENDO PHARMACEUTICALS INC,FAMILY CARE PHARMACY #4495 (MO),2,2,1.7771,55.0,Alternative Supplier,Natural Disaster,Electronics
308,ENDO PHARMACEUTICALS INC,FAMILY CARE PHARMACY #4495 (MO),2,3,1.9606,28.0,Alternative Supplier,Natural Disaster,Electronics
309,TEVA PHARMACEUTICALS USA INC,FAMILY CARE PHARMACY #2595 (OH),2,1,1.7338,74.0,Alternative Supplier,Cyber Attack,Automotive
309,TEVA PHARMACEUTICALS USA INC,FAMILY CARE PHARMACY #2595 (OH),2,2,1.7771,55.0,Alternative Supplier,Natural Disaster,Electronics
309,TEVA PHARMACEUTICALS USA INC,FAMILY CARE PHARMACY #2595 (OH),2,3,1.9606,28.0,Alternative Supplier,Natural Disaster,Electronics
310,CADISTA PHARMACEUTICALS INC,QUALITY CARE PHARMACY #7081 (NJ),2,1,1.7338,74.0,Alternative Supplier,Cyber Attack,Automotive
310,CADISTA PHARMACEUTICALS INC,QUALITY CARE PHARMACY #7081 (NJ),2,2,1.7771,55.0,Alternative Supplier,Natural Disaster,Electronics
310,CADISTA PHARMACEUTICALS INC,QUALITY CARE PHARMACY #7081 (NJ),2,3,1.9606,28.0,Alternative Supplier,Natural Disaster,Electronics
311,SANDOZ INC,WINN-DIXIE PHARMACY #9226 (CT),2,1,1.7338,74.0,Alternative Supplier,Cyber Attack,Automotive
311,SANDOZ INC,WINN-DIXIE PHARMACY #9226 (CT),2,2,1.7771,55.0,Alternative Supplier,Natural Disaster,Electronics
311,SANDOZ INC,WINN-DIXIE PHARMACY #9226 (CT),2,3,1.9606,28.0,Alternative Supplier,Natural Disaster,Electronics
312,SANDOZ INC,GOOD NEIGHBOR PHARMACY #9442 (VA),2,1,1.7338,74.0,Alternative Supplier,Cyber Attack,Automotive
312,SANDOZ INC,GOOD NEIGHBOR PHARMACY #9442 (VA),2,2,1.7771,55.0,Alternative Supplier,Natural Disaster,Electronics
312,SANDOZ INC,GOOD NEIGHBOR PHARMACY #9442 (VA),2,3,1.9606,28.0,Alternative Supplier,Natural Disaster,Electronics
313,JANSSEN PHARMACEUTICALS INC,PEOPLES PHARMACY #6853 (ND),2,1,1.7338,74.0,Alternative Supplier,Cyber Attack,Automotive
313,JANSSEN PHARMACEUTICALS INC,PEOPLES PHARMACY #6853 (ND),2,2,1.7771,55.0,Alternative Supplier,Natural Disaster,Electronics
313,JANSSEN PHARMACEUTICALS INC,PEOPLES PHARMACY #6853 (ND),2,3,1.9606,28.0,Alternative Supplier,Natural Disaster,Electronics
314,PURDUE PHARMA LP,GOOD NEIGHBOR PHARMACY #4363 (OK),2,1,1.7338,74.0,Alternative Supplier,Cyber Attack,Automotive
314,PURDUE PHARMA LP,GOOD NEIGHBOR PHARMACY #4363 (OK),2,2,1.7771,55.0,Alternative Supplier,Natural Disaster,Electronics
314,PURDUE PHARMA LP,GOOD NEIGHBOR PHARMACY #4363 (OK),2,3,1.9606,28.0,Alternative Supplier,Natural Disaster,Electronics
315,CADISTA PHARMACEUTICALS INC,HEALTH MART PHARMACY #9547 (VA),2,1,1.7338,74.0,Alternative Supplier,Cyber Attack,Automotive
315,CADISTA PHARMACEUTICALS INC,HEALTH MART PHARMACY #9547 (VA),2,2,1.7771,55.0,Alternative Supplier,Natural Disaster,Electronics
315,CADISTA PHARMACEUTICALS INC,HEALTH MART PHARMACY #9547 (VA),2,3,1.9606,28.0,Alternative Supplier,Natural Disaster,Electronics
316,JANSSEN PHARMACEUTICALS INC,MAIN STREET PHARMACY #6741 (AZ),2,1,1.7338,74.0,Alternative Supplier,Cyber Attack,Automotive
316,JANSSEN PHARMACEUTICALS INC,MAIN STREET PHARMACY #6741 (AZ),2,2,1.7771,55.0,Alternative Supplier,Natural Disaster,Electronics
316,JANSSEN PHARMACEUTICALS INC,MAIN STREET PHARMACY #6741 (AZ),2,3,1.9606,28.0,Alternative Supplier,Natural Disaster,Electronics
317,LANNETT COMPANY INC,CORNER DRUG STORE #5404 (NE),2,1,1.7338,74.0,Alternative Supplier,Cyber Attack,Automotive
317,LANNETT COMPANY INC,CORNER DRUG STORE #5404 (NE),2,2,1.7771,55.0,Alternative Supplier,Natural Disaster,Electronics
317,LANNETT COMPANY INC,CORNER DRUG STORE #5404 (NE),2,3,1.9606,28.0,Alternative Supplier,Natural Disaster,Electronics
318,MYLAN PHARMACEUTICALS INC,FAMILY CARE PHARMACY #3097 (SC),2,1,1.7338,74.0,Alternative Supplier,Cyber Attack,Automotive
318,MYLAN PHARMACEUTICALS INC,FAMILY CARE PHARMACY #3097 (SC),2,2,1.7771,55.0,Alternative Supplier,Natural Disaster,Electronics
318,MYLAN PHARMACEUTICALS INC,FAMILY CARE PHARMACY #3097 (SC),2,3,1.9606,28.0,Alternative Supplier,Natural Disaster,Electronics
319,QUALITEST PHARMACEUTICALS,SUNRISE PHARMACY #9917 (KS),2,1,1.7338,74.0,Alternative Supplier,Cyber Attack,Automotive
319,QUALITEST PHARMACEUTICALS,SUNRISE PHARMACY #9917 (KS),2,2,1.7771,55.0,Alternative Supplier,Natural Disaster,Electronics
319,QUALITEST PHARMACEUTICALS,SUNRISE PHARMACY #9917 (KS),2,3,1.9606,28.0,Alternative Supplier,Natural Disaster,Electronics
320,QUALITEST PHARMACEUTICALS,PUBLIX PHARMACY #2397 (LA),3,1,0.8823,74.0,Alternative Supplier,Cyber Attack,Automotive
320,QUALITEST PHARMACEUTICALS,PUBLIX PHARMACY #2397 (LA),3,2,0.9256,55.0,Alternative Supplier,Natural Disaster,Electronics
320,QUALITEST PHARMACEUTICALS,PUBLIX PHARMACY #2397 (LA),3,3,1.0486,88.0,Alternative Supplier,Natural Disaster,Automotive
321,JANSSEN PHARMACEUTICALS INC,CORNER DRUG STORE #1891 (MT),3,1,0.8823,74.0,Alternative Supplier,Cyber Attack,Automotive
321,JANSSEN PHARMACEUTICALS INC,CORNER DRUG STORE #1891 (MT),3,2,0.9256,55.0,Alternative Supplier,Natural Disaster,Electronics
321,JANSSEN PHARMACEUTICALS INC,CORNER DRUG STORE #1891 (MT),3,3,1.0486,88.0,Alternative Supplier,Natural Disaster,Automotive
322,ABBOTT LABORATORIES,CVS PHARMACY #7228 (FL),2,1,1.7338,74.0,Alternative Supplier,Cyber Attack,Automotive
322,ABBOTT LABORATORIES,CVS PHARMACY #7228 (FL),2,2,1.7771,55.0,Alternative Supplier,Natural Disaster,Electronics
322,ABBOTT LABORATORIES,CVS PHARMACY #7228 (FL),2,3,1.9606,28.0,Alternative Supplier,Natural Disaster,Electronics
323,LANNETT COMPANY INC,WALMART PHARMACY #5027 (SD),2,1,1.7338,74.0,Alternative Supplier,Cyber Attack,Automotive
323,LANNETT COMPANY INC,WALMART PHARMACY #5027 (SD),2,2,1.7771,55.0,Alternative Supplier,Natural Disaster,Electronics
323,LANNETT COMPANY INC,WALMART PHARMACY #5027 (SD),2,3,1.9606,28.0,Alternative Supplier,Natural Disaster,Electronics
324,JANSSEN PHARMACEUTICALS INC,HEALTH MART PHARMACY #1722 (WY),2,1,1.7338,74.0,Alternative Supplier,Cyber Attack,Automotive
324,JANSSEN PHARMACEUTICALS INC,HEALTH MART PHARMACY #1722 (WY),2,2,1.7771,55.0,Alternative Supplier,Natural Disaster,Electronics
324,JANSSEN PHARMACEUTICALS INC,HEALTH MART PHARMACY #1722 (WY),2,3,1.9606,28.0,Alternative Supplier,Natural Disaster,Electronics
325,PURDUE PHARMA LP,COMMUNITY PHARMACY #2490 (KY),3,1,0.8823,74.0,Alternative Supplier,Cyber Attack,Automotive
325,PURDUE PHARMA LP,COMMUNITY PHARMACY #2490 (KY),3,2,0.9256,55.0,Alternative Supplier,Natural Disaster,Electronics
325,PURDUE PHARMA LP,COMMUNITY PHARMACY #2490 (KY),3,3,1.0486,88.0,Alternative Supplier,Natural Disaster,Automotive
326,AMNEAL PHARMACEUTICALS LLC,WALGREENS #3121 (SC),2,1,1.7338,74.0,Alternative Supplier,Cyber Attack,Automotive
326,AMNEAL PHARMACEUTICALS LLC,WALGREENS #3121 (SC),2,2,1.7771,55.0,Alternative Supplier,Natural Disaster,Electronics
326,AMNEAL PHARMACEUTICALS LLC,WALGREENS #3121 (SC),2,3,1.9606,28.0,Alternative Supplier,Natural Disaster,Electronics
327,ABBOTT LABORATORIES,WINN-DIXIE PHARMACY #5962 (PA),2,1,1.7338,74.0,Alternative Supplier,Cyber Attack,Automotive
327,ABBOTT LABORATORIES,WINN-DIXIE PHARMACY #5962 (PA),2,2,1.7771,55.0,Alternative Supplier,Natural Disaster,Electronics
327,ABBOTT LABORATORIES,WINN-DIXIE PHARMACY #5962 (PA),2,3,1.9606,28.0,Alternative Supplier,Natural Disaster,Electronics
328,PURDUE PHARMA LP,GOOD NEIGHBOR PHARMACY #9827 (AZ),2,1,1.7338,74.0,Alternative Supplier,Cyber Attack,Automotive
328,PURDUE PHARMA LP,GOOD NEIGHBOR PHARMACY #9827 (AZ),2,2,1.7771,55.0,Alternative Supplier,Natural Disaster,Electronics
328,PURDUE PHARMA LP,GOOD NEIGHBOR PHARMACY #9827 (AZ),2,3,1.9606,28.0,Alternative Supplier,Natural Disaster,Electronics
329,ACTAVIS PHARMA INC,COMMUNITY PHARMACY #2294 (TN),2,1,1.7338,74.0,Alternative Supplier,Cyber Attack,Automotive
329,ACTAVIS PHARMA INC,COMMUNITY PHARMACY #2294 (TN),2,2,1.7771,55.0,Alternative Supplier,Natural Disaster,Electronics
329,ACTAVIS PHARMA INC,COMMUNITY PHARMACY #2294 (TN),2,3,1.9606,28.0,Alternative Supplier,Natural Disaster,Electronics
330,JANSSEN PHARMACEUTICALS INC,HEALTH MART PHARMACY #6840 (FL),2,1,1.7338,74.0,Alternative Supplier,Cyber Attack,Automotive
330,JANSSEN PHARMACEUTICALS INC,HEALTH MART PHARMACY #6840 (FL),2,2,1.7771,55.0,Alternative Supplier,Natural Disaster,Electronics
330,JANSSEN PHARMACEUTICALS INC,HEALTH MART PHARMACY #6840 (FL),2,3,1.9606,28.0,Alternative Supplier,Natural Disaster,Electronics
331,HIKMA PHARMACEUTICALS,HOMETOWN PHARMACY #3142 (FL),2,1,1.7338,74.0,Alternative Supplier,Cyber Attack,Automotive
331,HIKMA PHARMACEUTICALS,HOMETOWN PHARMACY #3142 (FL),2,2,1.7771,55.0,Alternative Supplier,Natural Disaster,Electronics
331,HIKMA PHARMACEUTICALS,HOMETOWN PHARMACY #3142 (FL),2,3,1.9606,28.0,Alternative Supplier,Natural Disaster,Electronics
332,ACTAVIS PHARMA INC,PEOPLES PHARMACY #6007 (WV),3,1,0.8823,74.0,Alternative Supplier,Cyber Attack,Automotive
332,ACTAVIS PHARMA INC,PEOPLES PHARMACY #6007 (WV),3,2,0.9256,55.0,Alternative Supplier,Natural Disaster,Electronics
332,ACTAVIS PHARMA INC,PEOPLES PHARMACY #6007 (WV),3,3,1.0486,88.0,Alternative Supplier,Natural Disaster,Automotive
333,ENDO PHARMACEUTICALS INC,MAIN STREET PHARMACY #2472 (ND),2,1,1.7338,74.0,Alternative Supplier,Cyber Attack,Automotive
333,ENDO PHARMACEUTICALS INC,MAIN STREET PHARMACY #2472 (ND),2,2,1.7771,55.0,Alternative Supplier,Natural Disaster,Electronics
333,ENDO PHARMACEUTICALS INC,MAIN STREET PHARMACY #2472 (ND),2,3,1.9606,28.0,Alternative Supplier,Natural Disaster,Electronics
334,ACTAVIS PHARMA INC,KROGER PHARMACY #5224 (NH),3,1,0.8823,74.0,Alternative Supplier,Cyber Attack,Automotive
334,ACTAVIS PHARMA INC,KROGER PHARMACY #5224 (NH),3,2,0.9256,55.0,Alternative Supplier,Natural Disaster,Electronics
334,ACTAVIS PHARMA INC,KROGER PHARMACY #5224 (NH),3,3,1.0486,88.0,Alternative Supplier,Natural Disaster,Automotive
335,ABBOTT LABORATORIES,CORNER DRUG STORE #2639 (VA),2,1,1.7338,74.0,Alternative Supplier,Cyber Attack,Automotive
335,ABBOTT LABORATORIES,CORNER DRUG STORE #2639 (VA),2,2,1.7771,55.0,Alternative Supplier,Natural Disaster,Electronics
335,ABBOTT LABORATORIES,CORNER DRUG STORE #2639 (VA),2,3,1.9606,28.0,Alternative Supplier,Natural Disaster,Electronics
336,ACTAVIS PHARMA INC,RITE AID #3418 (WV),2,1,1.7338,74.0,Alternative Supplier,Cyber Attack,Automotive
336,ACTAVIS PHARMA INC,RITE AID #3418 (WV),2,2,1.7771,55.0,Alternative Supplier,Natural Disaster,Electronics
336,ACTAVIS PHARMA INC,RITE AID #3418 (WV),2,3,1.9606,28.0,Alternative Supplier,Natural Disaster,Electronics
337,ABBOTT LABORATORIES,SUNRISE PHARMACY #1845 (LA),2,1,1.7338,74.0,Alternative Supplier,Cyber Attack,Automotive
337,ABBOTT LABORATORIES,SUNRISE PHARMACY #1845 (LA),2,2,1.7771,55.0,Alternative Supplier,Natural Disaster,Electronics
337,ABBOTT LABORATORIES,SUNRISE PHARMACY #1845 (LA),2,3,1.9606,28.0,Alternative Supplier,Natural Disaster,Electronics
338,CADISTA PHARMACEUTICALS INC,MAIN STREET PHARMACY #2094 (KY),2,1,1.7338,74.0,Alternative Supplier,Cyber Attack,Automotive
338,CADISTA PHARMACEUTICALS INC,MAIN STREET PHARMACY #2094 (KY),2,2,1.7771,55.0,Alternative Supplier,Natural Disaster,Electronics
338,CADISTA PHARMACEUTICALS INC,MAIN STREET PHARMACY #2094 (KY),2,3,1.9606,28.0,Alternative Supplier,Natural Disaster,Electronics
339,ENDO PHARMACEUTICALS INC,HARRIS TEETER PHARMACY #5699 (AZ),3,1,0.8823,74.0,Alternative Supplier,Cyber Attack,Automotive
339,ENDO PHARMACEUTICALS INC,HARRIS TEETER PHARMACY #5699 (AZ),3,2,0.9256,55.0,Alternative Supplier,Natural Disaster,Electronics
339,ENDO PHARMACEUTICALS INC,HARRIS TEETER PHARMACY #5699 (AZ),3,3,1.0486,88.0,Alternative Supplier,Natural Disaster,Automotive
340,TEVA PHARMACEUTICALS USA INC,MEDICO PHARMACY #2927 (MI),2,1,1.7338,74.0,Alternative Supplier,Cyber Attack,Automotive
340,TEVA PHARMACEUTICALS USA INC,MEDICO PHARMACY #2927 (MI),2,2,1.7771,55.0,Alternative Supplier,Natural Disaster,Electronics
340,TEVA PHARMACEUTICALS USA INC,MEDICO PHARMACY #2927 (MI),2,3,1.9606,28.0,Alternative Supplier,Natural Disaster,Electronics
341,PAR PHARMACEUTICAL INC,GOOD NEIGHBOR PHARMACY #9772 (VA),2,1,1.7338,74.0,Alternative Supplier,Cyber Attack,Automotive
341,PAR PHARMACEUTICAL INC,GOOD NEIGHBOR PHARMACY #9772 (VA),2,2,1.7771,55.0,Alternative Supplier,Natural Disaster,Electronics
341,PAR PHARMACEUTICAL INC,GOOD NEIGHBOR PHARMACY #9772 (VA),2,3,1.9606,28.0,Alternative Supplier,Natural Disaster,Electronics
342,LANNETT COMPANY INC,KROGER PHARMACY #7238 (CO),3,1,0.8823,74.0,Alternative Supplier,Cyber Attack,Automotive
342,LANNETT COMPANY INC,KROGER PHARMACY #7238 (CO),3,2,0.9256,55.0,Alternative Supplier,Natural Disaster,Electronics
342,LANNETT COMPANY INC,KROGER PHARMACY #7238 (CO),3,3,1.0486,88.0,Alternative Supplier,Natural Disaster,Automotive
343,HIKMA PHARMACEUTICALS,WALMART PHARMACY #6240 (NC),2,1,1.7338,74.0,Alternative Supplier,Cyber Attack,Automotive
343,HIKMA PHARMACEUTICALS,WALMART PHARMACY #6240 (NC),2,2,1.7771,55.0,Alternative Supplier,Natural Disaster,Electronics
343,HIKMA PHARMACEUTICALS,WALMART PHARMACY #6240 (NC),2,3,1.9606,28.0,Alternative Supplier,Natural Disaster,Electronics
344,QUALITEST PHARMACEUTICALS,MAIN STREET PHARMACY #5037 (UT),2,1,1.7338,74.0,Alternative Supplier,Cyber Attack,Automotive
344,QUALITEST PHARMACEUTICALS,MAIN STREET PHARMACY #5037 (UT),2,2,1.7771,55.0,Alternative Supplier,Natural Disaster,Electronics
344,QUALITEST PHARMACEUTICALS,MAIN STREET PHARMACY #5037 (UT),2,3,1.9606,28.0,Alternative Supplier,Natural Disaster,Electronics
345,SUN PHARMA GLOBAL INC,PEOPLES PHARMACY #2021 (TN),3,1,0.8823,74.0,Alternative Supplier,Cyber Attack,Automotive
345,SUN PHARMA GLOBAL INC,PEOPLES PHARMACY #2021 (TN),3,2,0.9256,55.0,Alternative Supplier,Natural Disaster,Electronics
345,SUN PHARMA GLOBAL INC,PEOPLES PHARMACY #2021 (TN),3,3,1.0486,88.0,Alternative Supplier,Natural Disaster,Automotive
346,QUALITEST PHARMACEUTICALS,GOOD NEIGHBOR PHARMACY #8085 (OH),2,1,1.7338,74.0,Alternative Supplier,Cyber Attack,Automotive
346,QUALITEST PHARMACEUTICALS,GOOD NEIGHBOR PHARMACY #8085 (OH),2,2,1.7771,55.0,Alternative Supplier,Natural Disaster,Electronics
346,QUALITEST PHARMACEUTICALS,GOOD NEIGHBOR PHARMACY #8085 (OH),2,3,1.9606,28.0,Alternative Supplier,Natural Disaster,Electronics
347,QUALITEST PHARMACEUTICALS,MEDICO PHARMACY #6092 (NY),2,1,1.7338,74.0,Alternative Supplier,Cyber Attack,Automotive
347,QUALITEST PHARMACEUTICALS,MEDICO PHARMACY #6092 (NY),2,2,1.7771,55.0,Alternative Supplier,Natural Disaster,Electronics
347,QUALITEST PHARMACEUTICALS,MEDICO PHARMACY #6092 (NY),2,3,1.9606,28.0,Alternative Supplier,Natural Disaster,Electronics
348,SANDOZ INC,VILLAGE PHARMACY #3656 (WA),2,1,1.7338,74.0,Alternative Supplier,Cyber Attack,Automotive
348,SANDOZ INC,VILLAGE PHARMACY #3656 (WA),2,2,1.7771,55.0,Alternative Supplier,Natural Disaster,Electronics
348,SANDOZ INC,VILLAGE PHARMACY #3656 (WA),2,3,1.9606,28.0,Alternative Supplier,Natural Disaster,Electronics
349,ABBOTT LABORATORIES,QUALITY CARE PHARMACY #7561 (KY),2,1,1.7338,74.0,Alternative Supplier,Cyber Attack,Automotive
349,ABBOTT LABORATORIES,QUALITY CARE PHARMACY #7561 (KY),2,2,1.7771,55.0,Alternative Supplier,Natural Disaster,Electronics
349,ABBOTT LABORATORIES,QUALITY CARE PHARMACY #7561 (KY),2,3,1.9606,28.0,Alternative Supplier,Natural Disaster,Electronics
350,ACTAVIS PHARMA INC,WALGREENS #3635 (NC),2,1,1.7338,74.0,Alternative Supplier,Cyber Attack,Automotive
350,ACTAVIS PHARMA INC,WALGREENS #3635 (NC),2,2,1.7771,55.0,Alternative Supplier,Natural Disaster,Electronics
350,ACTAVIS PHARMA INC,WALGREENS #3635 (NC),2,3,1.9606,28.0,Alternative Supplier,Natural Disaster,Electronics
351,IMPAX LABORATORIES INC,CVS PHARMACY #8273 (OR),2,1,1.7338,74.0,Alternative Supplier,Cyber Attack,Automotive
351,IMPAX LABORATORIES INC,CVS PHARMACY #8273 (OR),2,2,1.7771,55.0,Alternative Supplier,Natural Disaster,Electronics
351,IMPAX LABORATORIES INC,CVS PHARMACY #8273 (OR),2,3,1.9606,28.0,Alternative Supplier,Natural Disaster,Electronics
352,ABBOTT LABORATORIES,PEOPLES PHARMACY #6398 (AR),2,1,1.7338,74.0,Alternative Supplier,Cyber Attack,Automotive
352,ABBOTT LABORATORIES,PEOPLES PHARMACY #6398 (AR),2,2,1.7771,55.0,Alternative Supplier,Natural Disaster,Electronics
352,ABBOTT LABORATORIES,PEOPLES PHARMACY #6398 (AR),2,3,1.9606,28.0,Alternative Supplier,Natural Disaster,Electronics
353,VINTAGE PHARMACEUTICALS LLC,PEOPLES PHARMACY #1524 (OK),2,1,1.7338,74.0,Alternative Supplier,Cyber Attack,Automotive
353,VINTAGE PHARMACEUTICALS LLC,PEOPLES PHARMACY #1524 (OK),2,2,1.7771,55.0,Alternative Supplier,Natural Disaster,Electronics
353,VINTAGE PHARMACEUTICALS LLC,PEOPLES PHARMACY #1524 (OK),2,3,1.9606,28.0,Alternative Supplier,Natural Disaster,Electronics
354,VINTAGE PHARMACEUTICALS LLC,WINN-DIXIE PHARMACY #3574 (OR),2,1,1.7338,74.0,Alternative Supplier,Cyber Attack,Automotive
354,VINTAGE PHARMACEUTICALS LLC,WINN-DIXIE PHARMACY #3574 (OR),2,2,1.7771,55.0,Alternative Supplier,Natural Disaster,Electronics
354,VINTAGE PHARMACEUTICALS LLC,WINN-DIXIE PHARMACY #3574 (OR),2,3,1.9606,28.0,Alternative Supplier,Natural Disaster,Electronics
355,QUALITEST PHARMACEUTICALS,COMMUNITY PHARMACY #9849 (AK),2,1,1.7338,74.0,Alternative Supplier,Cyber Attack,Automotive
355,QUALITEST PHARMACEUTICALS,COMMUNITY PHARMACY #9849 (AK),2,2,1.7771,55.0,Alternative Supplier,Natural Disaster,Electronics
355,QUALITEST PHARMACEUTICALS,COMMUNITY PHARMACY #9849 (AK),2,3,1.9606,28.0,Alternative Supplier,Natural Disaster,Electronics
356,IMPAX LABORATORIES INC,VILLAGE PHARMACY #2291 (AK),2,1,1.7338,74.0,Alternative Supplier,Cyber Attack,Automotive
356,IMPAX LABORATORIES INC,VILLAGE PHARMACY #2291 (AK),2,2,1.7771,55.0,Alternative Supplier,Natural Disaster,Electronics
356,IMPAX LABORATORIES INC,VILLAGE PHARMACY #2291 (AK),2,3,1.9606,28.0,Alternative Supplier,Natural Disaster,Electronics
357,AMNEAL PHARMACEUTICALS LLC,WINN-DIXIE PHARMACY #4828 (HI),2,1,1.7338,74.0,Alternative Supplier,Cyber Attack,Automotive
357,AMNEAL PHARMACEUTICALS LLC,WINN-DIXIE PHARMACY #4828 (HI),2,2,1.7771,55.0,Alternative Supplier,Natural Disaster,Electronics
357,AMNEAL PHARMACEUTICALS LLC,WINN-DIXIE PHARMACY #4828 (HI),2,3,1.9606,28.0,Alternative Supplier,Natural Disaster,Electronics
358,MYLAN PHARMACEUTICALS INC,PUBLIX PHARMACY #2769 (WV),2,1,1.7338,74.0,Alternative Supplier,Cyber Attack,Automotive
358,MYLAN PHARMACEUTICALS INC,PUBLIX PHARMACY #2769 (WV),2,2,1.7771,55.0,Alternative Supplier,Natural Disaster,Electronics
358,MYLAN PHARMACEUTICALS INC,PUBLIX PHARMACY #2769 (WV),2,3,1.9606,28.0,Alternative Supplier,Natural Disaster,Electronics
359,MALLINCKRODT LLC,FAMILY CARE PHARMACY #1847 (OH),2,1,1.7338,74.0,Alternative Supplier,Cyber Attack,Automotive
359,MALLINCKRODT LLC,FAMILY CARE PHARMACY #1847 (OH),2,2,1.7771,55.0,Alternative Supplier,Natural Disaster,Electronics
359,MALLINCKRODT LLC,FAMILY CARE PHARMACY #1847 (OH),2,3,1.9606,28.0,Alternative Supplier,Natural Disaster,Electronics
360,RHODES TECHNOLOGIES,MAIN STREET PHARMACY #8902 (TN),3,1,0.8823,74.0,Alternative Supplier,Cyber Attack,Automotive
360,RHODES TECHNOLOGIES,MAIN STREET PHARMACY #8902 (TN),3,2,0.9256,55.0,Alternative Supplier,Natural Disaster,Electronics
360,RHODES TECHNOLOGIES,MAIN STREET PHARMACY #8902 (TN),3,3,1.0486,88.0,Alternative Supplier,Natural Disaster,Automotive
361,HIKMA PHARMACEUTICALS,WALMART PHARMACY #9312 (PA),3,1,0.8823,74.0,Alternative Supplier,Cyber Attack,Automotive
361,HIKMA PHARMACEUTICALS,WALMART PHARMACY #9312 (PA),3,2,0.9256,55.0,Alternative Supplier,Natural Disaster,Electronics
361,HIKMA PHARMACEUTICALS,WALMART PHARMACY #9312 (PA),3,3,1.0486,88.0,Alternative Supplier,Natural Disaster,Automotive
362,ENDO PHARMACEUTICALS INC,WALMART PHARMACY #1108 (WV),2,1,1.7338,74.0,Alternative Supplier,Cyber Attack,Automotive
362,ENDO PHARMACEUTICALS INC,WALMART PHARMACY #1108 (WV),2,2,1.7771,55.0,Alternative Supplier,Natural Disaster,Electronics
362,ENDO PHARMACEUTICALS INC,WALMART PHARMACY #1108 (WV),2,3,1.9606,28.0,Alternative Supplier,Natural Disaster,Electronics
363,ENDO PHARMACEUTICALS INC,GOOD NEIGHBOR PHARMACY #6839 (WI),3,1,0.8823,74.0,Alternative Supplier,Cyber Attack,Automotive
363,ENDO PHARMACEUTICALS INC,GOOD NEIGHBOR PHARMACY #6839 (WI),3,2,0.9256,55.0,Alternative Supplier,Natural Disaster,Electronics
363,ENDO PHARMACEUTICALS INC,GOOD NEIGHBOR PHARMACY #6839 (WI),3,3,1.0486,88.0,Alternative Supplier,Natural Disaster,Automotive
364,MYLAN PHARMACEUTICALS INC,WALMART PHARMACY #8931 (VA),3,1,0.8823,74.0,Alternative Supplier,Cyber Attack,Automotive
364,MYLAN PHARMACEUTICALS INC,WALMART PHARMACY #8931 (VA),3,2,0.9256,55.0,Alternative Supplier,Natural Disaster,Electronics
364,MYLAN PHARMACEUTICALS INC,WALMART PHARMACY #8931 (VA),3,3,1.0486,88.0,Alternative Supplier,Natural Disaster,Automotive
365,ACTAVIS PHARMA INC,QUALITY CARE PHARMACY #4119 (IL),2,1,1.7338,74.0,Alternative Supplier,Cyber Attack,Automotive
365,ACTAVIS PHARMA INC,QUALITY CARE PHARMACY #4119 (IL),2,2,1.7771,55.0,Alternative Supplier,Natural Disaster,Electronics
365,ACTAVIS PHARMA INC,QUALITY CARE PHARMACY #4119 (IL),2,3,1.9606,28.0,Alternative Supplier,Natural Disaster,Electronics
366,SUN PHARMA GLOBAL INC,WINN-DIXIE PHARMACY #1912 (OH),2,1,1.7338,74.0,Alternative Supplier,Cyber Attack,Automotive
366,SUN PHARMA GLOBAL INC,WINN-DIXIE PHARMACY #1912 (OH),2,2,1.7771,55.0,Alternative Supplier,Natural Disaster,Electronics
366,SUN PHARMA GLOBAL INC,WINN-DIXIE PHARMACY #1912 (OH),2,3,1.9606,28.0,Alternative Supplier,Natural Disaster,Electronics
367,CADISTA PHARMACEUTICALS INC,HOMETOWN PHARMACY #8574 (OR),2,1,1.7338,74.0,Alternative Supplier,Cyber Attack,Automotive
367,CADISTA PHARMACEUTICALS INC,HOMETOWN PHARMACY #8574 (OR),2,2,1.7771,55.0,Alternative Supplier,Natural Disaster,Electronics
367,CADISTA PHARMACEUTICALS INC,HOMETOWN PHARMACY #8574 (OR),2,3,1.9606,28.0,Alternative Supplier,Natural Disaster,Electronics
368,PAR PHARMACEUTICAL INC,QUALITY CARE PHARMACY #4985 (TN),2,1,1.7338,74.0,Alternative Supplier,Cyber Attack,Automotive
368,PAR PHARMACEUTICAL INC,QUALITY CARE PHARMACY #4985 (TN),2,2,1.7771,55.0,Alternative Supplier,Natural Disaster,Electronics
368,PAR PHARMACEUTICAL INC,QUALITY CARE PHARMACY #4985 (TN),2,3,1.9606,28.0,Alternative Supplier,Natural Disaster,Electronics
369,TEVA PHARMACEUTICALS USA INC,FAMILY CARE PHARMACY #5200 (UT),2,1,1.7338,74.0,Alternative Supplier,Cyber Attack,Automotive
369,TEVA PHARMACEUTICALS USA INC,FAMILY CARE PHARMACY #5200 (UT),2,2,1.7771,55.0,Alternative Supplier,Natural Disaster,Electronics
369,TEVA PHARMACEUTICALS USA INC,FAMILY CARE PHARMACY #5200 (UT),2,3,1.9606,28.0,Alternative Supplier,Natural Disaster,Electronics
370,RHODES TECHNOLOGIES,CVS PHARMACY #5473 (MI),2,1,1.7338,74.0,Alternative Supplier,Cyber Attack,Automotive
370,RHODES TECHNOLOGIES,CVS PHARMACY #5473 (MI),2,2,1.7771,55.0,Alternative Supplier,Natural Disaster,Electronics
370,RHODES TECHNOLOGIES,CVS PHARMACY #5473 (MI),2,3,1.9606,28.0,Alternative Supplier,Natural Disaster,Electronics
371,JANSSEN PHARMACEUTICALS INC,VILLAGE PHARMACY #4526 (UT),2,1,1.7338,74.0,Alternative Supplier,Cyber Attack,Automotive
371,JANSSEN PHARMACEUTICALS INC,VILLAGE PHARMACY #4526 (UT),2,2,1.7771,55.0,Alternative Supplier,Natural Disaster,Electronics
371,JANSSEN PHARMACEUTICALS INC,VILLAGE PHARMACY #4526 (UT),2,3,1.9606,28.0,Alternative Supplier,Natural Disaster,Electronics
372,MALLINCKRODT LLC,QUALITY CARE PHARMACY #6847 (WV),2,1,1.7338,74.0,Alternative Supplier,Cyber Attack,Automotive
372,MALLINCKRODT LLC,QUALITY CARE PHARMACY #6847 (WV),2,2,1.7771,55.0,Alternative Supplier,Natural Disaster,Electronics
372,MALLINCKRODT LLC,QUALITY CARE PHARMACY #6847 (WV),2,3,1.9606,28.0,Alternative Supplier,Natural Disaster,Electronics
373,ABBOTT LABORATORIES,HOMETOWN PHARMACY #8558 (MA),2,1,1.7338,74.0,Alternative Supplier,Cyber Attack,Automotive
373,ABBOTT LABORATORIES,HOMETOWN PHARMACY #8558 (MA),2,2,1.7771,55.0,Alternative Supplier,Natural Disaster,Electronics
373,ABBOTT LABORATORIES,HOMETOWN PHARMACY #8558 (MA),2,3,1.9606,28.0,Alternative Supplier,Natural Disaster,Electronics
374,ENDO PHARMACEUTICALS INC,CORNER DRUG STORE #3604 (VA),2,1,1.7338,74.0,Alternative Supplier,Cyber Attack,Automotive
374,ENDO PHARMACEUTICALS INC,CORNER DRUG STORE #3604 (VA),2,2,1.7771,55.0,Alternative Supplier,Natural Disaster,Electronics
374,ENDO PHARMACEUTICALS INC,CORNER DRUG STORE #3604 (VA),2,3,1.9606,28.0,Alternative Supplier,Natural Disaster,Electronics
375,PURDUE PHARMA LP,COMMUNITY PHARMACY #6047 (VA),2,1,1.7338,74.0,Alternative Supplier,Cyber Attack,Automotive
375,PURDUE PHARMA LP,COMMUNITY PHARMACY #6047 (VA),2,2,1.7771,55.0,Alternative Supplier,Natural Disaster,Electronics
375,PURDUE PHARMA LP,COMMUNITY PHARMACY #6047 (VA),2,3,1.9606,28.0,Alternative Supplier,Natural Disaster,Electronics
376,SANDOZ INC,CVS PHARMACY #4109 (IN),2,1,1.7338,74.0,Alternative Supplier,Cyber Attack,Automotive
376,SANDOZ INC,CVS PHARMACY #4109 (IN),2,2,1.7771,55.0,Alternative Supplier,Natural Disaster,Electronics
376,SANDOZ INC,CVS PHARMACY #4109 (IN),2,3,1.9606,28.0,Alternative Supplier,Natural Disaster,Electronics
377,PURDUE PHARMA LP,COMMUNITY PHARMACY #3782 (NC),2,1,1.7338,74.0,Alternative Supplier,Cyber Attack,Automotive
377,PURDUE PHARMA LP,COMMUNITY PHARMACY #3782 (NC),2,2,1.7771,55.0,Alternative Supplier,Natural Disaster,Electronics
377,PURDUE PHARMA LP,COMMUNITY PHARMACY #3782 (NC),2,3,1.9606,28.0,Alternative Supplier,Natural Disaster,Electronics
378,HIKMA PHARMACEUTICALS,CVS PHARMACY #4509 (LA),2,1,1.7338,74.0,Alternative Supplier,Cyber Attack,Automotive
378,HIKMA PHARMACEUTICALS,CVS PHARMACY #4509 (LA),2,2,1.7771,55.0,Alternative Supplier,Natural Disaster,Electronics
378,HIKMA PHARMACEUTICALS,CVS PHARMACY #4509 (LA),2,3,1.9606,28.0,Alternative Supplier,Natural Disaster,Electronics
379,ACTAVIS PHARMA INC,COMMUNITY PHARMACY #3558 (DE),2,1,1.7338,74.0,Alternative Supplier,Cyber Attack,Automotive
379,ACTAVIS PHARMA INC,COMMUNITY PHARMACY #3558 (DE),2,2,1.7771,55.0,Alternative Supplier,Natural Disaster,Electronics
379,ACTAVIS PHARMA INC,COMMUNITY PHARMACY #3558 (DE),2,3,1.9606,28.0,Alternative Supplier,Natural Disaster,Electronics
380,IMPAX LABORATORIES INC,KROGER PHARMACY #6996 (NM),2,1,1.7338,74.0,Alternative Supplier,Cyber Attack,Automotive
380,IMPAX LABORATORIES INC,KROGER PHARMACY #6996 (NM),2,2,1.7771,55.0,Alternative Supplier,Natural Disaster,Electronics
380,IMPAX LABORATORIES INC,KROGER PHARMACY #6996 (NM),2,3,1.9606,28.0,Alternative Supplier,Natural Disaster,Electronics
381,ENDO PHARMACEUTICALS INC,VILLAGE PHARMACY #4087 (DE),3,1,0.8823,74.0,Alternative Supplier,Cyber Attack,Automotive
381,ENDO PHARMACEUTICALS INC,VILLAGE PHARMACY #4087 (DE),3,2,0.9256,55.0,Alternative Supplier,Natural Disaster,Electronics
381,ENDO PHARMACEUTICALS INC,VILLAGE PHARMACY #4087 (DE),3,3,1.0486,88.0,Alternative Supplier,Natural Disaster,Automotive
382,SUN PHARMA GLOBAL INC,SUNRISE PHARMACY #8999 (NC),2,1,1.7338,74.0,Alternative Supplier,Cyber Attack,Automotive
382,SUN PHARMA GLOBAL INC,SUNRISE PHARMACY #8999 (NC),2,2,1.7771,55.0,Alternative Supplier,Natural Disaster,Electronics
382,SUN PHARMA GLOBAL INC,SUNRISE PHARMACY #8999 (NC),2,3,1.9606,28.0,Alternative Supplier,Natural Disaster,Electronics
383,JANSSEN PHARMACEUTICALS INC,MEDICO PHARMACY #2927 (MI),2,1,1.7338,74.0,Alternative Supplier,Cyber Attack,Automotive
383,JANSSEN PHARMACEUTICALS INC,MEDICO PHARMACY #2927 (MI),2,2,1.7771,55.0,Alternative Supplier,Natural Disaster,Electronics
383,JANSSEN PHARMACEUTICALS INC,MEDICO PHARMACY #2927 (MI),2,3,1.9606,28.0,Alternative Supplier,Natural Disaster,Electronics
384,MYLAN PHARMACEUTICALS INC,PEOPLES PHARMACY #6284 (NH),3,1,0.8823,74.0,Alternative Supplier,Cyber Attack,Automotive
384,MYLAN PHARMACEUTICALS INC,PEOPLES PHARMACY #6284 (NH),3,2,0.9256,55.0,Alternative Supplier,Natural Disaster,Electronics
384,MYLAN PHARMACEUTICALS INC,PEOPLES PHARMACY #6284 (NH),3,3,1.0486,88.0,Alternative Supplier,Natural Disaster,Automotive
385,JANSSEN PHARMACEUTICALS INC,QUALITY CARE PHARMACY #8199 (WV),3,1,0.0003,132.0,Customer Delay,Factory Incident,Electronics
385,JANSSEN PHARMACEUTICALS INC,QUALITY CARE PHARMACY #8199 (WV),3,2,0.0003,133.0,Alternative Supplier,Port Congestion,Consumer Goods
385,JANSSEN PHARMACEUTICALS INC,QUALITY CARE PHARMACY #8199 (WV),3,3,0.0005,87.0,Production Reroute,Port Congestion,Consumer Goods
386,ENDO PHARMACEUTICALS INC,SUNRISE PHARMACY #2009 (VA),2,1,1.7338,74.0,Alternative Supplier,Cyber Attack,Automotive
386,ENDO PHARMACEUTICALS INC,SUNRISE PHARMACY #2009 (VA),2,2,1.7771,55.0,Alternative Supplier,Natural Disaster,Electronics
386,ENDO PHARMACEUTICALS INC,SUNRISE PHARMACY #2009 (VA),2,3,1.9606,28.0,Alternative Supplier,Natural Disaster,Electronics
387,QUALITEST PHARMACEUTICALS,QUALITY CARE PHARMACY #3905 (TN),2,1,1.7338,74.0,Alternative Supplier,Cyber Attack,Automotive
387,QUALITEST PHARMACEUTICALS,QUALITY CARE PHARMACY #3905 (TN),2,2,1.7771,55.0,Alternative Supplier,Natural Disaster,Electronics
387,QUALITEST PHARMACEUTICALS,QUALITY CARE PHARMACY #3905 (TN),2,3,1.9606,28.0,Alternative Supplier,Natural Disaster,Electronics
388,IMPAX LABORATORIES INC,HEALTH MART PHARMACY #5181 (MI),2,1,1.7338,74.0,Alternative Supplier,Cyber Attack,Automotive
388,IMPAX LABORATORIES INC,HEALTH MART PHARMACY #5181 (MI),2,2,1.7771,55.0,Alternative Supplier,Natural Disaster,Electronics
388,IMPAX LABORATORIES INC,HEALTH MART PHARMACY #5181 (MI),2,3,1.9606,28.0,Alternative Supplier,Natural Disaster,Electronics
389,PURDUE PHARMA LP,VILLAGE PHARMACY #2073 (WI),2,1,1.7338,74.0,Alternative Supplier,Cyber Attack,Automotive
389,PURDUE PHARMA LP,VILLAGE PHARMACY #2073 (WI),2,2,1.7771,55.0,Alternative Supplier,Natural Disaster,Electronics
389,PURDUE PHARMA LP,VILLAGE PHARMACY #2073 (WI),2,3,1.9606,28.0,Alternative Supplier,Natural Disaster,Electronics
390,IMPAX LABORATORIES INC,VILLAGE PHARMACY #3997 (AL),3,1,0.8823,74.0,Alternative Supplier,Cyber Attack,Automotive
390,IMPAX LABORATORIES INC,VILLAGE PHARMACY #3997 (AL),3,2,0.9256,55.0,Alternative Supplier,Natural Disaster,Electronics
390,IMPAX LABORATORIES INC,VILLAGE PHARMACY #3997 (AL),3,3,1.0486,88.0,Alternative Supplier,Natural Disaster,Automotive
391,IMPAX LABORATORIES INC,PUBLIX PHARMACY #5267 (KS),3,1,0.8823,74.0,Alternative Supplier,Cyber Attack,Automotive
391,IMPAX LABORATORIES INC,PUBLIX PHARMACY #5267 (KS),3,2,0.9256,55.0,Alternative Supplier,Natural Disaster,Electronics
391,IMPAX LABORATORIES INC,PUBLIX PHARMACY #5267 (KS),3,3,1.0486,88.0,Alternative Supplier,Natural Disaster,Automotive
392,ACTAVIS PHARMA INC,GOOD NEIGHBOR PHARMACY #6129 (NC),3,1,0.8823,74.0,Alternative Supplier,Cyber Attack,Automotive
392,ACTAVIS PHARMA INC,GOOD NEIGHBOR PHARMACY #6129 (NC),3,2,0.9256,55.0,Alternative Supplier,Natural Disaster,Electronics
392,ACTAVIS PHARMA INC,GOOD NEIGHBOR PHARMACY #6129 (NC),3,3,1.0486,88.0,Alternative Supplier,Natural Disaster,Automotive
393,VINTAGE PHARMACEUTICALS LLC,FAMILY CARE PHARMACY #2655 (IL),2,1,1.7338,74.0,Alternative Supplier,Cyber Attack,Automotive
393,VINTAGE PHARMACEUTICALS LLC,FAMILY CARE PHARMACY #2655 (IL),2,2,1.7771,55.0,Alternative Supplier,Natural Disaster,Electronics
393,VINTAGE PHARMACEUTICALS LLC,FAMILY CARE PHARMACY #2655 (IL),2,3,1.9606,28.0,Alternative Supplier,Natural Disaster,Electronics
394,RHODES TECHNOLOGIES,PEOPLES PHARMACY #6489 (NJ),2,1,1.7338,74.0,Alternative Supplier,Cyber Attack,Automotive
394,RHODES TECHNOLOGIES,PEOPLES PHARMACY #6489 (NJ),2,2,1.7771,55.0,Alternative Supplier,Natural Disaster,Electronics
394,RHODES TECHNOLOGIES,PEOPLES PHARMACY #6489 (NJ),2,3,1.9606,28.0,Alternative Supplier,Natural Disaster,Electronics
395,QUALITEST PHARMACEUTICALS,SUNRISE PHARMACY #9599 (CT),2,1,1.7338,74.0,Alternative Supplier,Cyber Attack,Automotive
395,QUALITEST PHARMACEUTICALS,SUNRISE PHARMACY #9599 (CT),2,2,1.7771,55.0,Alternative Supplier,Natural Disaster,Electronics
395,QUALITEST PHARMACEUTICALS,SUNRISE PHARMACY #9599 (CT),2,3,1.9606,28.0,Alternative Supplier,Natural Disaster,Electronics
396,WATSON LABORATORIES INC,RITE AID #8791 (VA),2,1,1.7338,74.0,Alternative Supplier,Cyber Attack,Automotive
396,WATSON LABORATORIES INC,RITE AID #8791 (VA),2,2,1.7771,55.0,Alternative Supplier,Natural Disaster,Electronics
396,WATSON LABORATORIES INC,RITE AID #8791 (VA),2,3,1.9606,28.0,Alternative Supplier,Natural Disaster,Electronics
397,PAR PHARMACEUTICAL INC,MAIN STREET PHARMACY #4930 (VA),2,1,1.7338,74.0,Alternative Supplier,Cyber Attack,Automotive
397,PAR PHARMACEUTICAL INC,MAIN STREET PHARMACY #4930 (VA),2,2,1.7771,55.0,Alternative Supplier,Natural Disaster,Electronics
397,PAR PHARMACEUTICAL INC,MAIN STREET PHARMACY #4930 (VA),2,3,1.9606,28.0,Alternative Supplier,Natural Disaster,Electronics
398,JANSSEN PHARMACEUTICALS INC,WINN-DIXIE PHARMACY #2844 (IL),2,1,1.7338,74.0,Alternative Supplier,Cyber Attack,Automotive
398,JANSSEN PHARMACEUTICALS INC,WINN-DIXIE PHARMACY #2844 (IL),2,2,1.7771,55.0,Alternative Supplier,Natural Disaster,Electronics
398,JANSSEN PHARMACEUTICALS INC,WINN-DIXIE PHARMACY #2844 (IL),2,3,1.9606,28.0,Alternative Supplier,Natural Disaster,Electronics
399,CADISTA PHARMACEUTICALS INC,HOMETOWN PHARMACY #4042 (MN),2,1,1.7338,74.0,Alternative Supplier,Cyber Attack,Automotive
399,CADISTA PHARMACEUTICALS INC,HOMETOWN PHARMACY #4042 (MN),2,2,1.7771,55.0,Alternative Supplier,Natural Disaster,Electronics
399,CADISTA PHARMACEUTICALS INC,HOMETOWN PHARMACY #4042 (MN),2,3,1.9606,28.0,Alternative Supplier,Natural Disaster,Electronics
400,QUALITEST PHARMACEUTICALS,WINN-DIXIE PHARMACY #1509 (PA),2,1,1.7338,74.0,Alternative Supplier,Cyber Attack,Automotive
400,QUALITEST PHARMACEUTICALS,WINN-DIXIE PHARMACY #1509 (PA),2,2,1.7771,55.0,Alternative Supplier,Natural Disaster,Electronics
400,QUALITEST PHARMACEUTICALS,WINN-DIXIE PHARMACY #1509 (PA),2,3,1.9606,28.0,Alternative Supplier,Natural Disaster,Electronics
401,ABBOTT LABORATORIES,WALGREENS #2651 (GA),2,1,1.7338,74.0,Alternative Supplier,Cyber Attack,Automotive
401,ABBOTT LABORATORIES,WALGREENS #2651 (GA),2,2,1.7771,55.0,Alternative Supplier,Natural Disaster,Electronics
401,ABBOTT LABORATORIES,WALGREENS #2651 (GA),2,3,1.9606,28.0,Alternative Supplier,Natural Disaster,Electronics
402,SANDOZ INC,COMMUNITY PHARMACY #1898 (TN),2,1,1.7338,74.0,Alternative Supplier,Cyber Attack,Automotive
402,SANDOZ INC,COMMUNITY PHARMACY #1898 (TN),2,2,1.7771,55.0,Alternative Supplier,Natural Disaster,Electronics
402,SANDOZ INC,COMMUNITY PHARMACY #1898 (TN),2,3,1.9606,28.0,Alternative Supplier,Natural Disaster,Electronics
403,SANDOZ INC,GOOD NEIGHBOR PHARMACY #2904 (CT),2,1,1.7338,74.0,Alternative Supplier,Cyber Attack,Automotive
403,SANDOZ INC,GOOD NEIGHBOR PHARMACY #2904 (CT),2,2,1.7771,55.0,Alternative Supplier,Natural Disaster,Electronics
403,SANDOZ INC,GOOD NEIGHBOR PHARMACY #2904 (CT),2,3,1.9606,28.0,Alternative Supplier,Natural Disaster,Electronics
404,PURDUE PHARMA LP,WINN-DIXIE PHARMACY #4833 (LA),2,1,1.7338,74.0,Alternative Supplier,Cyber Attack,Automotive
404,PURDUE PHARMA LP,WINN-DIXIE PHARMACY #4833 (LA),2,2,1.7771,55.0,Alternative Supplier,Natural Disaster,Electronics
404,PURDUE PHARMA LP,WINN-DIXIE PHARMACY #4833 (LA),2,3,1.9606,28.0,Alternative Supplier,Natural Disaster,Electronics
405,WATSON LABORATORIES INC,HOMETOWN PHARMACY #9630 (AL),2,1,1.7338,74.0,Alternative Supplier,Cyber Attack,Automotive
405,WATSON LABORATORIES INC,HOMETOWN PHARMACY #9630 (AL),2,2,1.7771,55.0,Alternative Supplier,Natural Disaster,Electronics
405,WATSON LABORATORIES INC,HOMETOWN PHARMACY #9630 (AL),2,3,1.9606,28.0,Alternative Supplier,Natural Disaster,Electronics
406,ABBOTT LABORATORIES,VILLAGE PHARMACY #1845 (LA),2,1,1.7338,74.0,Alternative Supplier,Cyber Attack,Automotive
406,ABBOTT LABORATORIES,VILLAGE PHARMACY #1845 (LA),2,2,1.7771,55.0,Alternative Supplier,Natural Disaster,Electronics
406,ABBOTT LABORATORIES,VILLAGE PHARMACY #1845 (LA),2,3,1.9606,28.0,Alternative Supplier,Natural Disaster,Electronics
407,RHODES TECHNOLOGIES,SUNRISE PHARMACY #5334 (AL),2,1,1.7338,74.0,Alternative Supplier,Cyber Attack,Automotive
407,RHODES TECHNOLOGIES,SUNRISE PHARMACY #5334 (AL),2,2,1.7771,55.0,Alternative Supplier,Natural Disaster,Electronics
407,RHODES TECHNOLOGIES,SUNRISE PHARMACY #5334 (AL),2,3,1.9606,28.0,Alternative Supplier,Natural Disaster,Electronics
408,CADISTA PHARMACEUTICALS INC,TUG VALLEY PHARMACY #1 (WV),4,1,0.0876,135.0,Production Reroute,Geopolitical,Consumer Goods
408,CADISTA PHARMACEUTICALS INC,TUG VALLEY PHARMACY #1 (WV),4,2,0.3241,151.0,Production Reroute,Cyber Attack,Automotive
408,CADISTA PHARMACEUTICALS INC,TUG VALLEY PHARMACY #1 (WV),4,3,0.3372,89.0,Combined Strategy,Geopolitical,Consumer Goods
409,ABBOTT LABORATORIES,COMMUNITY PHARMACY #7816 (UT),2,1,1.7338,74.0,Alternative Supplier,Cyber Attack,Automotive
409,ABBOTT LABORATORIES,COMMUNITY PHARMACY #7816 (UT),2,2,1.7771,55.0,Alternative Supplier,Natural Disaster,Electronics
409,ABBOTT LABORATORIES,COMMUNITY PHARMACY #7816 (UT),2,3,1.9606,28.0,Alternative Supplier,Natural Disaster,Electronics
410,ENDO PHARMACEUTICALS INC,VILLAGE PHARMACY #5883 (VA),3,1,0.8823,74.0,Alternative Supplier,Cyber Attack,Automotive
410,ENDO PHARMACEUTICALS INC,VILLAGE PHARMACY #5883 (VA),3,2,0.9256,55.0,Alternative Supplier,Natural Disaster,Electronics
410,ENDO PHARMACEUTICALS INC,VILLAGE PHARMACY #5883 (VA),3,3,1.0486,88.0,Alternative Supplier,Natural Disaster,Automotive
411,SANDOZ INC,SUNRISE PHARMACY #7702 (NC),2,1,1.7338,74.0,Alternative Supplier,Cyber Attack,Automotive
411,SANDOZ INC,SUNRISE PHARMACY #7702 (NC),2,2,1.7771,55.0,Alternative Supplier,Natural Disaster,Electronics
411,SANDOZ INC,SUNRISE PHARMACY #7702 (NC),2,3,1.9606,28.0,Alternative Supplier,Natural Disaster,Electronics
412,AMNEAL PHARMACEUTICALS LLC,GOOD NEIGHBOR PHARMACY #7171 (MA),2,1,1.7338,74.0,Alternative Supplier,Cyber Attack,Automotive
412,AMNEAL PHARMACEUTICALS LLC,GOOD NEIGHBOR PHARMACY #7171 (MA),2,2,1.7771,55.0,Alternative Supplier,Natural Disaster,Electronics
412,AMNEAL PHARMACEUTICALS LLC,GOOD NEIGHBOR PHARMACY #7171 (MA),2,3,1.9606,28.0,Alternative Supplier,Natural Disaster,Electronics
413,SANDOZ INC,SUNRISE PHARMACY #7702 (NC),2,1,1.7338,74.0,Alternative Supplier,Cyber Attack,Automotive
413,SANDOZ INC,SUNRISE PHARMACY #7702 (NC),2,2,1.7771,55.0,Alternative Supplier,Natural Disaster,Electronics
413,SANDOZ INC,SUNRISE PHARMACY #7702 (NC),2,3,1.9606,28.0,Alternative Supplier,Natural Disaster,Electronics
414,ABBOTT LABORATORIES,CVS PHARMACY #6803 (KY),3,1,0.8823,74.0,Alternative Supplier,Cyber Attack,Automotive
414,ABBOTT LABORATORIES,CVS PHARMACY #6803 (KY),3,2,0.9256,55.0,Alternative Supplier,Natural Disaster,Electronics
414,ABBOTT LABORATORIES,CVS PHARMACY #6803 (KY),3,3,1.0486,88.0,Alternative Supplier,Natural Disaster,Automotive
415,SUN PHARMA GLOBAL INC,MAIN STREET PHARMACY #4451 (TX),2,1,1.7338,74.0,Alternative Supplier,Cyber Attack,Automotive
415,SUN PHARMA GLOBAL INC,MAIN STREET PHARMACY #4451 (TX),2,2,1.7771,55.0,Alternative Supplier,Natural Disaster,Electronics
415,SUN PHARMA GLOBAL INC,MAIN STREET PHARMACY #4451 (TX),2,3,1.9606,28.0,Alternative Supplier,Natural Disaster,Electronics
416,WATSON LABORATORIES INC,MEDICO PHARMACY #9307 (VA),2,1,1.7338,74.0,Alternative Supplier,Cyber Attack,Automotive
416,WATSON LABORATORIES INC,MEDICO PHARMACY #9307 (VA),2,2,1.7771,55.0,Alternative Supplier,Natural Disaster,Electronics
416,WATSON LABORATORIES INC,MEDICO PHARMACY #9307 (VA),2,3,1.9606,28.0,Alternative Supplier,Natural Disaster,Electronics
417,VINTAGE PHARMACEUTICALS LLC,KROGER PHARMACY #9142 (OH),2,1,1.7338,74.0,Alternative Supplier,Cyber Attack,Automotive
417,VINTAGE PHARMACEUTICALS LLC,KROGER PHARMACY #9142 (OH),2,2,1.7771,55.0,Alternative Supplier,Natural Disaster,Electronics
417,VINTAGE PHARMACEUTICALS LLC,KROGER PHARMACY #9142 (OH),2,3,1.9606,28.0,Alternative Supplier,Natural Disaster,Electronics
418,SANDOZ INC,MAIN STREET PHARMACY #4930 (VA),2,1,1.7338,74.0,Alternative Supplier,Cyber Attack,Automotive
418,SANDOZ INC,MAIN STREET PHARMACY #4930 (VA),2,2,1.7771,55.0,Alternative Supplier,Natural Disaster,Electronics
418,SANDOZ INC,MAIN STREET PHARMACY #4930 (VA),2,3,1.9606,28.0,Alternative Supplier,Natural Disaster,Electronics
419,IMPAX LABORATORIES INC,WALGREENS #7869 (VT),4,1,0.0876,135.0,Production Reroute,Geopolitical,Consumer Goods
419,IMPAX LABORATORIES INC,WALGREENS #7869 (VT),4,2,0.3241,151.0,Production Reroute,Cyber Attack,Automotive
419,IMPAX LABORATORIES INC,WALGREENS #7869 (VT),4,3,0.3372,89.0,Combined Strategy,Geopolitical,Consumer Goods
420,HIKMA PHARMACEUTICALS,PEOPLES PHARMACY #9606 (WI),2,1,1.7338,74.0,Alternative Supplier,Cyber Attack,Automotive
420,HIKMA PHARMACEUTICALS,PEOPLES PHARMACY #9606 (WI),2,2,1.7771,55.0,Alternative Supplier,Natural Disaster,Electronics
420,HIKMA PHARMACEUTICALS,PEOPLES PHARMACY #9606 (WI),2,3,1.9606,28.0,Alternative Supplier,Natural Disaster,Electronics
421,SANDOZ INC,CORNER DRUG STORE #3385 (IN),2,1,1.7338,74.0,Alternative Supplier,Cyber Attack,Automotive
421,SANDOZ INC,CORNER DRUG STORE #3385 (IN),2,2,1.7771,55.0,Alternative Supplier,Natural Disaster,Electronics
421,SANDOZ INC,CORNER DRUG STORE #3385 (IN),2,3,1.9606,28.0,Alternative Supplier,Natural Disaster,Electronics
422,HIKMA PHARMACEUTICALS,HOMETOWN PHARMACY #8707 (WV),2,1,1.7338,74.0,Alternative Supplier,Cyber Attack,Automotive
422,HIKMA PHARMACEUTICALS,HOMETOWN PHARMACY #8707 (WV),2,2,1.7771,55.0,Alternative Supplier,Natural Disaster,Electronics
422,HIKMA PHARMACEUTICALS,HOMETOWN PHARMACY #8707 (WV),2,3,1.9606,28.0,Alternative Supplier,Natural Disaster,Electronics
423,TEVA PHARMACEUTICALS USA INC,KROGER PHARMACY #4300 (VA),3,1,0.8823,74.0,Alternative Supplier,Cyber Attack,Automotive
423,TEVA PHARMACEUTICALS USA INC,KROGER PHARMACY #4300 (VA),3,2,0.9256,55.0,Alternative Supplier,Natural Disaster,Electronics
423,TEVA PHARMACEUTICALS USA INC,KROGER PHARMACY #4300 (VA),3,3,1.0486,88.0,Alternative Supplier,Natural Disaster,Automotive
424,MYLAN PHARMACEUTICALS INC,WINN-DIXIE PHARMACY #8389 (RI),2,1,1.7338,74.0,Alternative Supplier,Cyber Attack,Automotive
424,MYLAN PHARMACEUTICALS INC,WINN-DIXIE PHARMACY #8389 (RI),2,2,1.7771,55.0,Alternative Supplier,Natural Disaster,Electronics
424,MYLAN PHARMACEUTICALS INC,WINN-DIXIE PHARMACY #8389 (RI),2,3,1.9606,28.0,Alternative Supplier,Natural Disaster,Electronics
425,SANDOZ INC,SUNRISE PHARMACY #6637 (LA),2,1,1.7338,74.0,Alternative Supplier,Cyber Attack,Automotive
425,SANDOZ INC,SUNRISE PHARMACY #6637 (LA),2,2,1.7771,55.0,Alternative Supplier,Natural Disaster,Electronics
425,SANDOZ INC,SUNRISE PHARMACY #6637 (LA),2,3,1.9606,28.0,Alternative Supplier,Natural Disaster,Electronics
426,PAR PHARMACEUTICAL INC,WINN-DIXIE PHARMACY #9341 (ND),3,1,0.8823,74.0,Alternative Supplier,Cyber Attack,Automotive
426,PAR PHARMACEUTICAL INC,WINN-DIXIE PHARMACY #9341 (ND),3,2,0.9256,55.0,Alternative Supplier,Natural Disaster,Electronics
426,PAR PHARMACEUTICAL INC,WINN-DIXIE PHARMACY #9341 (ND),3,3,1.0486,88.0,Alternative Supplier,Natural Disaster,Automotive
427,VINTAGE PHARMACEUTICALS LLC,QUALITY CARE PHARMACY #3035 (NY),2,1,1.7338,74.0,Alternative Supplier,Cyber Attack,Automotive
427,VINTAGE PHARMACEUTICALS LLC,QUALITY CARE PHARMACY #3035 (NY),2,2,1.7771,55.0,Alternative Supplier,Natural Disaster,Electronics
427,VINTAGE PHARMACEUTICALS LLC,QUALITY CARE PHARMACY #3035 (NY),2,3,1.9606,28.0,Alternative Supplier,Natural Disaster,Electronics
428,RHODES TECHNOLOGIES,MEDICO PHARMACY #5822 (TN),2,1,1.7338,74.0,Alternative Supplier,Cyber Attack,Automotive
428,RHODES TECHNOLOGIES,MEDICO PHARMACY #5822 (TN),2,2,1.7771,55.0,Alternative Supplier,Natural Disaster,Electronics
428,RHODES TECHNOLOGIES,MEDICO PHARMACY #5822 (TN),2,3,1.9606,28.0,Alternative Supplier,Natural Disaster,Electronics
429,SUN PHARMA GLOBAL INC,PEOPLES PHARMACY #5942 (WI),2,1,1.7338,74.0,Alternative Supplier,Cyber Attack,Automotive
429,SUN PHARMA GLOBAL INC,PEOPLES PHARMACY #5942 (WI),2,2,1.7771,55.0,Alternative Supplier,Natural Disaster,Electronics
429,SUN PHARMA GLOBAL INC,PEOPLES PHARMACY #5942 (WI),2,3,1.9606,28.0,Alternative Supplier,Natural Disaster,Electronics
430,SANDOZ INC,CORNER DRUG STORE #1213 (TN),2,1,1.7338,74.0,Alternative Supplier,Cyber Attack,Automotive
430,SANDOZ INC,CORNER DRUG STORE #1213 (TN),2,2,1.7771,55.0,Alternative Supplier,Natural Disaster,Electronics
430,SANDOZ INC,CORNER DRUG STORE #1213 (TN),2,3,1.9606,28.0,Alternative Supplier,Natural Disaster,Electronics
431,MALLINCKRODT LLC,PEOPLES PHARMACY #4186 (SD),2,1,1.7338,74.0,Alternative Supplier,Cyber Attack,Automotive
431,MALLINCKRODT LLC,PEOPLES PHARMACY #4186 (SD),2,2,1.7771,55.0,Alternative Supplier,Natural Disaster,Electronics
431,MALLINCKRODT LLC,PEOPLES PHARMACY #4186 (SD),2,3,1.9606,28.0,Alternative Supplier,Natural Disaster,Electronics
432,PAR PHARMACEUTICAL INC,COMMUNITY PHARMACY #4205 (PA),2,1,1.7338,74.0,Alternative Supplier,Cyber Attack,Automotive
432,PAR PHARMACEUTICAL INC,COMMUNITY PHARMACY #4205 (PA),2,2,1.7771,55.0,Alternative Supplier,Natural Disaster,Electronics
432,PAR PHARMACEUTICAL INC,COMMUNITY PHARMACY #4205 (PA),2,3,1.9606,28.0,Alternative Supplier,Natural Disaster,Electronics
433,HIKMA PHARMACEUTICALS,RITE AID #6549 (IN),2,1,1.7338,74.0,Alternative Supplier,Cyber Attack,Automotive
433,HIKMA PHARMACEUTICALS,RITE AID #6549 (IN),2,2,1.7771,55.0,Alternative Supplier,Natural Disaster,Electronics
433,HIKMA PHARMACEUTICALS,RITE AID #6549 (IN),2,3,1.9606,28.0,Alternative Supplier,Natural Disaster,Electronics
434,CADISTA PHARMACEUTICALS INC,HEALTH MART PHARMACY #8093 (UT),3,1,0.8823,74.0,Alternative Supplier,Cyber Attack,Automotive
434,CADISTA PHARMACEUTICALS INC,HEALTH MART PHARMACY #8093 (UT),3,2,0.9256,55.0,Alternative Supplier,Natural Disaster,Electronics
434,CADISTA PHARMACEUTICALS INC,HEALTH MART PHARMACY #8093 (UT),3,3,1.0486,88.0,Alternative Supplier,Natural Disaster,Automotive
435,LANNETT COMPANY INC,MAIN STREET PHARMACY #6528 (OH),2,1,1.7338,74.0,Alternative Supplier,Cyber Attack,Automotive
435,LANNETT COMPANY INC,MAIN STREET PHARMACY #6528 (OH),2,2,1.7771,55.0,Alternative Supplier,Natural Disaster,Electronics
435,LANNETT COMPANY INC,MAIN STREET PHARMACY #6528 (OH),2,3,1.9606,28.0,Alternative Supplier,Natural Disaster,Electronics
436,SUN PHARMA GLOBAL INC,HARRIS TEETER PHARMACY #8060 (MI),2,1,1.7338,74.0,Alternative Supplier,Cyber Attack,Automotive
436,SUN PHARMA GLOBAL INC,HARRIS TEETER PHARMACY #8060 (MI),2,2,1.7771,55.0,Alternative Supplier,Natural Disaster,Electronics
436,SUN PHARMA GLOBAL INC,HARRIS TEETER PHARMACY #8060 (MI),2,3,1.9606,28.0,Alternative Supplier,Natural Disaster,Electronics
437,AMNEAL PHARMACEUTICALS LLC,HOMETOWN PHARMACY #8469 (NC),3,1,0.8823,74.0,Alternative Supplier,Cyber Attack,Automotive
437,AMNEAL PHARMACEUTICALS LLC,HOMETOWN PHARMACY #8469 (NC),3,2,0.9256,55.0,Alternative Supplier,Natural Disaster,Electronics
437,AMNEAL PHARMACEUTICALS LLC,HOMETOWN PHARMACY #8469 (NC),3,3,1.0486,88.0,Alternative Supplier,Natural Disaster,Automotive
438,WATSON LABORATORIES INC,CVS PHARMACY #2808 (IN),2,1,1.7338,74.0,Alternative Supplier,Cyber Attack,Automotive
438,WATSON LABORATORIES INC,CVS PHARMACY #2808 (IN),2,2,1.7771,55.0,Alternative Supplier,Natural Disaster,Electronics
438,WATSON LABORATORIES INC,CVS PHARMACY #2808 (IN),2,3,1.9606,28.0,Alternative Supplier,Natural Disaster,Electronics
439,VINTAGE PHARMACEUTICALS LLC,CVS PHARMACY #5446 (LA),2,1,1.7338,74.0,Alternative Supplier,Cyber Attack,Automotive
439,VINTAGE PHARMACEUTICALS LLC,CVS PHARMACY #5446 (LA),2,2,1.7771,55.0,Alternative Supplier,Natural Disaster,Electronics
439,VINTAGE PHARMACEUTICALS LLC,CVS PHARMACY #5446 (LA),2,3,1.9606,28.0,Alternative Supplier,Natural Disaster,Electronics
440,MALLINCKRODT LLC,WALGREENS #4408 (TN),3,1,0.8823,74.0,Alternative Supplier,Cyber Attack,Automotive
440,MALLINCKRODT LLC,WALGREENS #4408 (TN),3,2,0.9256,55.0,Alternative Supplier,Natural Disaster,Electronics
440,MALLINCKRODT LLC,WALGREENS #4408 (TN),3,3,1.0486,88.0,Alternative Supplier,Natural Disaster,Automotive
441,MYLAN PHARMACEUTICALS INC,CORNER DRUG STORE #9454 (NM),2,1,1.7338,74.0,Alternative Supplier,Cyber Attack,Automotive
441,MYLAN PHARMACEUTICALS INC,CORNER DRUG STORE #9454 (NM),2,2,1.7771,55.0,Alternative Supplier,Natural Disaster,Electronics
441,MYLAN PHARMACEUTICALS INC,CORNER DRUG STORE #9454 (NM),2,3,1.9606,28.0,Alternative Supplier,Natural Disaster,Electronics
442,SANDOZ INC,KROGER PHARMACY #5686 (VA),2,1,1.7338,74.0,Alternative Supplier,Cyber Attack,Automotive
442,SANDOZ INC,KROGER PHARMACY #5686 (VA),2,2,1.7771,55.0,Alternative Supplier,Natural Disaster,Electronics
442,SANDOZ INC,KROGER PHARMACY #5686 (VA),2,3,1.9606,28.0,Alternative Supplier,Natural Disaster,Electronics
443,MYLAN PHARMACEUTICALS INC,KROGER PHARMACY #2808 (ND),2,1,1.7338,74.0,Alternative Supplier,Cyber Attack,Automotive
443,MYLAN PHARMACEUTICALS INC,KROGER PHARMACY #2808 (ND),2,2,1.7771,55.0,Alternative Supplier,Natural Disaster,Electronics
443,MYLAN PHARMACEUTICALS INC,KROGER PHARMACY #2808 (ND),2,3,1.9606,28.0,Alternative Supplier,Natural Disaster,Electronics
444,ABBOTT LABORATORIES,CORNER DRUG STORE #8237 (VA),2,1,1.7338,74.0,Alternative Supplier,Cyber Attack,Automotive
444,ABBOTT LABORATORIES,CORNER DRUG STORE #8237 (VA),2,2,1.7771,55.0,Alternative Supplier,Natural Disaster,Electronics
444,ABBOTT LABORATORIES,CORNER DRUG STORE #8237 (VA),2,3,1.9606,28.0,Alternative Supplier,Natural Disaster,Electronics
445,SUN PHARMA GLOBAL INC,HARRIS TEETER PHARMACY #8108 (VA),2,1,1.7338,74.0,Alternative Supplier,Cyber Attack,Automotive
445,SUN PHARMA GLOBAL INC,HARRIS TEETER PHARMACY #8108 (VA),2,2,1.7771,55.0,Alternative Supplier,Natural Disaster,Electronics
445,SUN PHARMA GLOBAL INC,HARRIS TEETER PHARMACY #8108 (VA),2,3,1.9606,28.0,Alternative Supplier,Natural Disaster,Electronics
446,CADISTA PHARMACEUTICALS INC,FAMILY CARE PHARMACY #6923 (IL),3,1,0.8823,74.0,Alternative Supplier,Cyber Attack,Automotive
446,CADISTA PHARMACEUTICALS INC,FAMILY CARE PHARMACY #6923 (IL),3,2,0.9256,55.0,Alternative Supplier,Natural Disaster,Electronics
446,CADISTA PHARMACEUTICALS INC,FAMILY CARE PHARMACY #6923 (IL),3,3,1.0486,88.0,Alternative Supplier,Natural Disaster,Automotive
447,MALLINCKRODT LLC,VILLAGE PHARMACY #3873 (PA),2,1,1.7338,74.0,Alternative Supplier,Cyber Attack,Automotive
447,MALLINCKRODT LLC,VILLAGE PHARMACY #3873 (PA),2,2,1.7771,55.0,Alternative Supplier,Natural Disaster,Electronics
447,MALLINCKRODT LLC,VILLAGE PHARMACY #3873 (PA),2,3,1.9606,28.0,Alternative Supplier,Natural Disaster,Electronics
448,HIKMA PHARMACEUTICALS,PEOPLES PHARMACY #3759 (TN),2,1,1.7338,74.0,Alternative Supplier,Cyber Attack,Automotive
448,HIKMA PHARMACEUTICALS,PEOPLES PHARMACY #3759 (TN),2,2,1.7771,55.0,Alternative Supplier,Natural Disaster,Electronics
448,HIKMA PHARMACEUTICALS,PEOPLES PHARMACY #3759 (TN),2,3,1.9606,28.0,Alternative Supplier,Natural Disaster,Electronics
449,PURDUE PHARMA LP,PEOPLES PHARMACY #1274 (IL),2,1,1.7338,74.0,Alternative Supplier,Cyber Attack,Automotive
449,PURDUE PHARMA LP,PEOPLES PHARMACY #1274 (IL),2,2,1.7771,55.0,Alternative Supplier,Natural Disaster,Electronics
449,PURDUE PHARMA LP,PEOPLES PHARMACY #1274 (IL),2,3,1.9606,28.0,Alternative Supplier,Natural Disaster,Electronics
450,ENDO PHARMACEUTICALS INC,CVS PHARMACY #9326 (KY),2,1,1.7338,74.0,Alternative Supplier,Cyber Attack,Automotive
450,ENDO PHARMACEUTICALS INC,CVS PHARMACY #9326 (KY),2,2,1.7771,55.0,Alternative Supplier,Natural Disaster,Electronics
450,ENDO PHARMACEUTICALS INC,CVS PHARMACY #9326 (KY),2,3,1.9606,28.0,Alternative Supplier,Natural Disaster,Electronics
451,IMPAX LABORATORIES INC,PUBLIX PHARMACY #2055 (NC),2,1,1.7338,74.0,Alternative Supplier,Cyber Attack,Automotive
451,IMPAX LABORATORIES INC,PUBLIX PHARMACY #2055 (NC),2,2,1.7771,55.0,Alternative Supplier,Natural Disaster,Electronics
451,IMPAX LABORATORIES INC,PUBLIX PHARMACY #2055 (NC),2,3,1.9606,28.0,Alternative Supplier,Natural Disaster,Electronics
452,CADISTA PHARMACEUTICALS INC,KROGER PHARMACY #8452 (WA),3,1,0.8823,74.0,Alternative Supplier,Cyber Attack,Automotive
452,CADISTA PHARMACEUTICALS INC,KROGER PHARMACY #8452 (WA),3,2,0.9256,55.0,Alternative Supplier,Natural Disaster,Electronics
452,CADISTA PHARMACEUTICALS INC,KROGER PHARMACY #8452 (WA),3,3,1.0486,88.0,Alternative Supplier,Natural Disaster,Automotive
453,LANNETT COMPANY INC,QUALITY CARE PHARMACY #6847 (WV),2,1,1.7338,74.0,Alternative Supplier,Cyber Attack,Automotive
453,LANNETT COMPANY INC,QUALITY CARE PHARMACY #6847 (WV),2,2,1.7771,55.0,Alternative Supplier,Natural Disaster,Electronics
453,LANNETT COMPANY INC,QUALITY CARE PHARMACY #6847 (WV),2,3,1.9606,28.0,Alternative Supplier,Natural Disaster,Electronics
454,RHODES TECHNOLOGIES,COMMUNITY PHARMACY #7344 (LA),2,1,1.7338,74.0,Alternative Supplier,Cyber Attack,Automotive
454,RHODES TECHNOLOGIES,COMMUNITY PHARMACY #7344 (LA),2,2,1.7771,55.0,Alternative Supplier,Natural Disaster,Electronics
454,RHODES TECHNOLOGIES,COMMUNITY PHARMACY #7344 (LA),2,3,1.9606,28.0,Alternative Supplier,Natural Disaster,Electronics
455,MALLINCKRODT LLC,KROGER PHARMACY #6824 (NE),2,1,1.7338,74.0,Alternative Supplier,Cyber Attack,Automotive
455,MALLINCKRODT LLC,KROGER PHARMACY #6824 (NE),2,2,1.7771,55.0,Alternative Supplier,Natural Disaster,Electronics
455,MALLINCKRODT LLC,KROGER PHARMACY #6824 (NE),2,3,1.9606,28.0,Alternative Supplier,Natural Disaster,Electronics
456,MALLINCKRODT LLC,RITE AID #8167 (LA),2,1,1.7338,74.0,Alternative Supplier,Cyber Attack,Automotive
456,MALLINCKRODT LLC,RITE AID #8167 (LA),2,2,1.7771,55.0,Alternative Supplier,Natural Disaster,Electronics
456,MALLINCKRODT LLC,RITE AID #8167 (LA),2,3,1.9606,28.0,Alternative Supplier,Natural Disaster,Electronics
457,PAR PHARMACEUTICAL INC,HARRIS TEETER PHARMACY #1893 (LA),2,1,1.7338,74.0,Alternative Supplier,Cyber Attack,Automotive
457,PAR PHARMACEUTICAL INC,HARRIS TEETER PHARMACY #1893 (LA),2,2,1.7771,55.0,Alternative Supplier,Natural Disaster,Electronics
457,PAR PHARMACEUTICAL INC,HARRIS TEETER PHARMACY #1893 (LA),2,3,1.9606,28.0,Alternative Supplier,Natural Disaster,Electronics
458,WATSON LABORATORIES INC,HEALTH MART PHARMACY #5407 (IA),2,1,1.7338,74.0,Alternative Supplier,Cyber Attack,Automotive
458,WATSON LABORATORIES INC,HEALTH MART PHARMACY #5407 (IA),2,2,1.7771,55.0,Alternative Supplier,Natural Disaster,Electronics
458,WATSON LABORATORIES INC,HEALTH MART PHARMACY #5407 (IA),2,3,1.9606,28.0,Alternative Supplier,Natural Disaster,Electronics
459,PAR PHARMACEUTICAL INC,GOOD NEIGHBOR PHARMACY #9772 (VA),2,1,1.7338,74.0,Alternative Supplier,Cyber Attack,Automotive
459,PAR PHARMACEUTICAL INC,GOOD NEIGHBOR PHARMACY #9772 (VA),2,2,1.7771,55.0,Alternative Supplier,Natural Disaster,Electronics
459,PAR PHARMACEUTICAL INC,GOOD NEIGHBOR PHARMACY #9772 (VA),2,3,1.9606,28.0,Alternative Supplier,Natural Disaster,Electronics
460,MALLINCKRODT LLC,WALGREENS #8595 (PA),2,1,1.7338,74.0,Alternative Supplier,Cyber Attack,Automotive
460,MALLINCKRODT LLC,WALGREENS #8595 (PA),2,2,1.7771,55.0,Alternative Supplier,Natural Disaster,Electronics
460,MALLINCKRODT LLC,WALGREENS #8595 (PA),2,3,1.9606,28.0,Alternative Supplier,Natural Disaster,Electronics
461,PAR PHARMACEUTICAL INC,HEALTH MART PHARMACY #5260 (PA),2,1,1.7338,74.0,Alternative Supplier,Cyber Attack,Automotive
461,PAR PHARMACEUTICAL INC,HEALTH MART PHARMACY #5260 (PA),2,2,1.7771,55.0,Alternative Supplier,Natural Disaster,Electronics
461,PAR PHARMACEUTICAL INC,HEALTH MART PHARMACY #5260 (PA),2,3,1.9606,28.0,Alternative Supplier,Natural Disaster,Electronics
462,LANNETT COMPANY INC,HARRIS TEETER PHARMACY #4342 (ME),3,1,0.8823,74.0,Alternative Supplier,Cyber Attack,Automotive
462,LANNETT COMPANY INC,HARRIS TEETER PHARMACY #4342 (ME),3,2,0.9256,55.0,Alternative Supplier,Natural Disaster,Electronics
462,LANNETT COMPANY INC,HARRIS TEETER PHARMACY #4342 (ME),3,3,1.0486,88.0,Alternative Supplier,Natural Disaster,Automotive
463,PURDUE PHARMA LP,CVS PHARMACY #5105 (TN),2,1,1.7338,74.0,Alternative Supplier,Cyber Attack,Automotive
463,PURDUE PHARMA LP,CVS PHARMACY #5105 (TN),2,2,1.7771,55.0,Alternative Supplier,Natural Disaster,Electronics
463,PURDUE PHARMA LP,CVS PHARMACY #5105 (TN),2,3,1.9606,28.0,Alternative Supplier,Natural Disaster,Electronics
464,SANDOZ INC,HOMETOWN PHARMACY #6513 (WV),2,1,1.7338,74.0,Alternative Supplier,Cyber Attack,Automotive
464,SANDOZ INC,HOMETOWN PHARMACY #6513 (WV),2,2,1.7771,55.0,Alternative Supplier,Natural Disaster,Electronics
464,SANDOZ INC,HOMETOWN PHARMACY #6513 (WV),2,3,1.9606,28.0,Alternative Supplier,Natural Disaster,Electronics
465,MYLAN PHARMACEUTICALS INC,HOMETOWN PHARMACY #5274 (NY),2,1,1.7338,74.0,Alternative Supplier,Cyber Attack,Automotive
465,MYLAN PHARMACEUTICALS INC,HOMETOWN PHARMACY #5274 (NY),2,2,1.7771,55.0,Alternative Supplier,Natural Disaster,Electronics
465,MYLAN PHARMACEUTICALS INC,HOMETOWN PHARMACY #5274 (NY),2,3,1.9606,28.0,Alternative Supplier,Natural Disaster,Electronics
466,ENDO PHARMACEUTICALS INC,PEOPLES PHARMACY #3668 (MI),2,1,1.7338,74.0,Alternative Supplier,Cyber Attack,Automotive
466,ENDO PHARMACEUTICALS INC,PEOPLES PHARMACY #3668 (MI),2,2,1.7771,55.0,Alternative Supplier,Natural Disaster,Electronics
466,ENDO PHARMACEUTICALS INC,PEOPLES PHARMACY #3668 (MI),2,3,1.9606,28.0,Alternative Supplier,Natural Disaster,Electronics
467,WATSON LABORATORIES INC,CORNER DRUG STORE #3385 (IN),2,1,1.7338,74.0,Alternative Supplier,Cyber Attack,Automotive
467,WATSON LABORATORIES INC,CORNER DRUG STORE #3385 (IN),2,2,1.7771,55.0,Alternative Supplier,Natural Disaster,Electronics
467,WATSON LABORATORIES INC,CORNER DRUG STORE #3385 (IN),2,3,1.9606,28.0,Alternative Supplier,Natural Disaster,Electronics
468,JANSSEN PHARMACEUTICALS INC,WALGREENS #3635 (NC),2,1,1.7338,74.0,Alternative Supplier,Cyber Attack,Automotive
468,JANSSEN PHARMACEUTICALS INC,WALGREENS #3635 (NC),2,2,1.7771,55.0,Alternative Supplier,Natural Disaster,Electronics
468,JANSSEN PHARMACEUTICALS INC,WALGREENS #3635 (NC),2,3,1.9606,28.0,Alternative Supplier,Natural Disaster,Electronics
469,SUN PHARMA GLOBAL INC,FAMILY CARE PHARMACY #3203 (KY),2,1,1.7338,74.0,Alternative Supplier,Cyber Attack,Automotive
469,SUN PHARMA GLOBAL INC,FAMILY CARE PHARMACY #3203 (KY),2,2,1.7771,55.0,Alternative Supplier,Natural Disaster,Electronics
469,SUN PHARMA GLOBAL INC,FAMILY CARE PHARMACY #3203 (KY),2,3,1.9606,28.0,Alternative Supplier,Natural Disaster,Electronics
470,ABBOTT LABORATORIES,WALGREENS #8038 (IN),2,1,1.7338,74.0,Alternative Supplier,Cyber Attack,Automotive
470,ABBOTT LABORATORIES,WALGREENS #8038 (IN),2,2,1.7771,55.0,Alternative Supplier,Natural Disaster,Electronics
470,ABBOTT LABORATORIES,WALGREENS #8038 (IN),2,3,1.9606,28.0,Alternative Supplier,Natural Disaster,Electronics
471,ABBOTT LABORATORIES,WALMART PHARMACY #4214 (AR),2,1,1.7338,74.0,Alternative Supplier,Cyber Attack,Automotive
471,ABBOTT LABORATORIES,WALMART PHARMACY #4214 (AR),2,2,1.7771,55.0,Alternative Supplier,Natural Disaster,Electronics
471,ABBOTT LABORATORIES,WALMART PHARMACY #4214 (AR),2,3,1.9606,28.0,Alternative Supplier,Natural Disaster,Electronics
472,CADISTA PHARMACEUTICALS INC,COMMUNITY PHARMACY #7046 (MI),2,1,1.7338,74.0,Alternative Supplier,Cyber Attack,Automotive
472,CADISTA PHARMACEUTICALS INC,COMMUNITY PHARMACY #7046 (MI),2,2,1.7771,55.0,Alternative Supplier,Natural Disaster,Electronics
472,CADISTA PHARMACEUTICALS INC,COMMUNITY PHARMACY #7046 (MI),2,3,1.9606,28.0,Alternative Supplier,Natural Disaster,Electronics
473,SANDOZ INC,PEOPLES PHARMACY #9504 (KY),2,1,1.7338,74.0,Alternative Supplier,Cyber Attack,Automotive
473,SANDOZ INC,PEOPLES PHARMACY #9504 (KY),2,2,1.7771,55.0,Alternative Supplier,Natural Disaster,Electronics
473,SANDOZ INC,PEOPLES PHARMACY #9504 (KY),2,3,1.9606,28.0,Alternative Supplier,Natural Disaster,Electronics
474,ABBOTT LABORATORIES,GOOD NEIGHBOR PHARMACY #2790 (PA),2,1,1.7338,74.0,Alternative Supplier,Cyber Attack,Automotive
474,ABBOTT LABORATORIES,GOOD NEIGHBOR PHARMACY #2790 (PA),2,2,1.7771,55.0,Alternative Supplier,Natural Disaster,Electronics
474,ABBOTT LABORATORIES,GOOD NEIGHBOR PHARMACY #2790 (PA),2,3,1.9606,28.0,Alternative Supplier,Natural Disaster,Electronics
475,MALLINCKRODT LLC,HEALTH MART PHARMACY #5260 (PA),2,1,1.7338,74.0,Alternative Supplier,Cyber Attack,Automotive
475,MALLINCKRODT LLC,HEALTH MART PHARMACY #5260 (PA),2,2,1.7771,55.0,Alternative Supplier,Natural Disaster,Electronics
475,MALLINCKRODT LLC,HEALTH MART PHARMACY #5260 (PA),2,3,1.9606,28.0,Alternative Supplier,Natural Disaster,Electronics
476,VINTAGE PHARMACEUTICALS LLC,MEDICO PHARMACY #1628 (FL),2,1,1.7338,74.0,Alternative Supplier,Cyber Attack,Automotive
476,VINTAGE PHARMACEUTICALS LLC,MEDICO PHARMACY #1628 (FL),2,2,1.7771,55.0,Alternative Supplier,Natural Disaster,Electronics
476,VINTAGE PHARMACEUTICALS LLC,MEDICO PHARMACY #1628 (FL),2,3,1.9606,28.0,Alternative Supplier,Natural Disaster,Electronics
477,JANSSEN PHARMACEUTICALS INC,CORNER DRUG STORE #5842 (PA),2,1,1.7338,74.0,Alternative Supplier,Cyber Attack,Automotive
477,JANSSEN PHARMACEUTICALS INC,CORNER DRUG STORE #5842 (PA),2,2,1.7771,55.0,Alternative Supplier,Natural Disaster,Electronics
477,JANSSEN PHARMACEUTICALS INC,CORNER DRUG STORE #5842 (PA),2,3,1.9606,28.0,Alternative Supplier,Natural Disaster,Electronics
478,SANDOZ INC,WALGREENS #9879 (MD),2,1,1.7338,74.0,Alternative Supplier,Cyber Attack,Automotive
478,SANDOZ INC,WALGREENS #9879 (MD),2,2,1.7771,55.0,Alternative Supplier,Natural Disaster,Electronics
478,SANDOZ INC,WALGREENS #9879 (MD),2,3,1.9606,28.0,Alternative Supplier,Natural Disaster,Electronics
479,MYLAN PHARMACEUTICALS INC,WINN-DIXIE PHARMACY #8561 (LA),2,1,1.7338,74.0,Alternative Supplier,Cyber Attack,Automotive
479,MYLAN PHARMACEUTICALS INC,WINN-DIXIE PHARMACY #8561 (LA),2,2,1.7771,55.0,Alternative Supplier,Natural Disaster,Electronics
479,MYLAN PHARMACEUTICALS INC,WINN-DIXIE PHARMACY #8561 (LA),2,3,1.9606,28.0,Alternative Supplier,Natural Disaster,Electronics
480,QUALITEST PHARMACEUTICALS,HEALTH MART PHARMACY #5901 (NE),2,1,1.7338,74.0,Alternative Supplier,Cyber Attack,Automotive
480,QUALITEST PHARMACEUTICALS,HEALTH MART PHARMACY #5901 (NE),2,2,1.7771,55.0,Alternative Supplier,Natural Disaster,Electronics
480,QUALITEST PHARMACEUTICALS,HEALTH MART PHARMACY #5901 (NE),2,3,1.9606,28.0,Alternative Supplier,Natural Disaster,Electronics
481,TEVA PHARMACEUTICALS USA INC,RITE AID #7819 (CA),2,1,1.7338,74.0,Alternative Supplier,Cyber Attack,Automotive
481,TEVA PHARMACEUTICALS USA INC,RITE AID #7819 (CA),2,2,1.7771,55.0,Alternative Supplier,Natural Disaster,Electronics
481,TEVA PHARMACEUTICALS USA INC,RITE AID #7819 (CA),2,3,1.9606,28.0,Alternative Supplier,Natural Disaster,Electronics
482,JANSSEN PHARMACEUTICALS INC,WALMART PHARMACY #6240 (NC),2,1,0.0,36.0,Inventory Buffer,Geopolitical,Consumer Goods
482,JANSSEN PHARMACEUTICALS INC,WALMART PHARMACY #6240 (NC),2,2,0.0,19.0,Alternative Supplier,Geopolitical,Automotive
482,JANSSEN PHARMACEUTICALS INC,WALMART PHARMACY #6240 (NC),2,3,0.0,89.0,Alternative Supplier,Factory Incident,Consumer Goods
483,VINTAGE PHARMACEUTICALS LLC,HOMETOWN PHARMACY #6513 (WV),2,1,1.7338,74.0,Alternative Supplier,Cyber Attack,Automotive
483,VINTAGE PHARMACEUTICALS LLC,HOMETOWN PHARMACY #6513 (WV),2,2,1.7771,55.0,Alternative Supplier,Natural Disaster,Electronics
483,VINTAGE PHARMACEUTICALS LLC,HOMETOWN PHARMACY #6513 (WV),2,3,1.9606,28.0,Alternative Supplier,Natural Disaster,Electronics
484,SANDOZ INC,HARRIS TEETER PHARMACY #4474 (IN),2,1,1.7338,74.0,Alternative Supplier,Cyber Attack,Automotive
484,SANDOZ INC,HARRIS TEETER PHARMACY #4474 (IN),2,2,1.7771,55.0,Alternative Supplier,Natural Disaster,Electronics
484,SANDOZ INC,HARRIS TEETER PHARMACY #4474 (IN),2,3,1.9606,28.0,Alternative Supplier,Natural Disaster,Electronics
485,SUN PHARMA GLOBAL INC,COMMUNITY PHARMACY #2490 (KY),3,1,0.8823,74.0,Alternative Supplier,Cyber Attack,Automotive
485,SUN PHARMA GLOBAL INC,COMMUNITY PHARMACY #2490 (KY),3,2,0.9256,55.0,Alternative Supplier,Natural Disaster,Electronics
485,SUN PHARMA GLOBAL INC,COMMUNITY PHARMACY #2490 (KY),3,3,1.0486,88.0,Alternative Supplier,Natural Disaster,Automotive
486,HIKMA PHARMACEUTICALS,COMMUNITY PHARMACY #4854 (WY),3,1,0.8823,74.0,Alternative Supplier,Cyber Attack,Automotive
486,HIKMA PHARMACEUTICALS,COMMUNITY PHARMACY #4854 (WY),3,2,0.9256,55.0,Alternative Supplier,Natural Disaster,Electronics
486,HIKMA PHARMACEUTICALS,COMMUNITY PHARMACY #4854 (WY),3,3,1.0486,88.0,Alternative Supplier,Natural Disaster,Automotive
487,ABBOTT LABORATORIES,COMMUNITY PHARMACY #9318 (AL),2,1,1.7338,74.0,Alternative Supplier,Cyber Attack,Automotive
487,ABBOTT LABORATORIES,COMMUNITY PHARMACY #9318 (AL),2,2,1.7771,55.0,Alternative Supplier,Natural Disaster,Electronics
487,ABBOTT LABORATORIES,COMMUNITY PHARMACY #9318 (AL),2,3,1.9606,28.0,Alternative Supplier,Natural Disaster,Electronics
488,JANSSEN PHARMACEUTICALS INC,QUALITY CARE PHARMACY #3860 (VA),2,1,1.7338,74.0,Alternative Supplier,Cyber Attack,Automotive
488,JANSSEN PHARMACEUTICALS INC,QUALITY CARE PHARMACY #3860 (VA),2,2,1.7771,55.0,Alternative Supplier,Natural Disaster,Electronics
488,JANSSEN PHARMACEUTICALS INC,QUALITY CARE PHARMACY #3860 (VA),2,3,1.9606,28.0,Alternative Supplier,Natural Disaster,Electronics
489,ENDO PHARMACEUTICALS INC,HOMETOWN PHARMACY #7311 (LA),2,1,1.7338,74.0,Alternative Supplier,Cyber Attack,Automotive
489,ENDO PHARMACEUTICALS INC,HOMETOWN PHARMACY #7311 (LA),2,2,1.7771,55.0,Alternative Supplier,Natural Disaster,Electronics
489,ENDO PHARMACEUTICALS INC,HOMETOWN PHARMACY #7311 (LA),2,3,1.9606,28.0,Alternative Supplier,Natural Disaster,Electronics
490,QUALITEST PHARMACEUTICALS,WALGREENS #8038 (IN),2,1,1.7338,74.0,Alternative Supplier,Cyber Attack,Automotive
490,QUALITEST PHARMACEUTICALS,WALGREENS #8038 (IN),2,2,1.7771,55.0,Alternative Supplier,Natural Disaster,Electronics
490,QUALITEST PHARMACEUTICALS,WALGREENS #8038 (IN),2,3,1.9606,28.0,Alternative Supplier,Natural Disaster,Electronics
491,HIKMA PHARMACEUTICALS,WALMART PHARMACY #6376 (OH),3,1,0.8823,74.0,Alternative Supplier,Cyber Attack,Automotive
491,HIKMA PHARMACEUTICALS,WALMART PHARMACY #6376 (OH),3,2,0.9256,55.0,Alternative Supplier,Natural Disaster,Electronics
491,HIKMA PHARMACEUTICALS,WALMART PHARMACY #6376 (OH),3,3,1.0486,88.0,Alternative Supplier,Natural Disaster,Automotive
492,AMNEAL PHARMACEUTICALS LLC,GOOD NEIGHBOR PHARMACY #6452 (TX),2,1,1.7338,74.0,Alternative Supplier,Cyber Attack,Automotive
492,AMNEAL PHARMACEUTICALS LLC,GOOD NEIGHBOR PHARMACY #6452 (TX),2,2,1.7771,55.0,Alternative Supplier,Natural Disaster,Electronics
492,AMNEAL PHARMACEUTICALS LLC,GOOD NEIGHBOR PHARMACY #6452 (TX),2,3,1.9606,28.0,Alternative Supplier,Natural Disaster,Electronics
493,ABBOTT LABORATORIES,QUALITY CARE PHARMACY #4665 (OH),2,1,1.7338,74.0,Alternative Supplier,Cyber Attack,Automotive
493,ABBOTT LABORATORIES,QUALITY CARE PHARMACY #4665 (OH),2,2,1.7771,55.0,Alternative Supplier,Natural Disaster,Electronics
493,ABBOTT LABORATORIES,QUALITY CARE PHARMACY #4665 (OH),2,3,1.9606,28.0,Alternative Supplier,Natural Disaster,Electronics
494,AMNEAL PHARMACEUTICALS LLC,CVS PHARMACY #5105 (TN),2,1,1.7338,74.0,Alternative Supplier,Cyber Attack,Automotive
494,AMNEAL PHARMACEUTICALS LLC,CVS PHARMACY #5105 (TN),2,2,1.7771,55.0,Alternative Supplier,Natural Disaster,Electronics
494,AMNEAL PHARMACEUTICALS LLC,CVS PHARMACY #5105 (TN),2,3,1.9606,28.0,Alternative Supplier,Natural Disaster,Electronics
495,MYLAN PHARMACEUTICALS INC,HOMETOWN PHARMACY #6387 (NC),4,1,0.0,56.0,Alternative Supplier,Geopolitical,Aerospace
495,MYLAN PHARMACEUTICALS INC,HOMETOWN PHARMACY #6387 (NC),4,2,0.0,107.0,Alternative Supplier,Natural Disaster,Automotive
495,MYLAN PHARMACEUTICALS INC,HOMETOWN PHARMACY #6387 (NC),4,3,0.0,154.0,Combined Strategy,Cyber Attack,Automotive
496,SANDOZ INC,COMMUNITY PHARMACY #5405 (TX),2,1,1.7338,74.0,Alternative Supplier,Cyber Attack,Automotive
496,SANDOZ INC,COMMUNITY PHARMACY #5405 (TX),2,2,1.7771,55.0,Alternative Supplier,Natural Disaster,Electronics
496,SANDOZ INC,COMMUNITY PHARMACY #5405 (TX),2,3,1.9606,28.0,Alternative Supplier,Natural Disaster,Electronics
497,MYLAN PHARMACEUTICALS INC,MAIN STREET PHARMACY #6380 (KS),3,1,0.8823,74.0,Alternative Supplier,Cyber Attack,Automotive
497,MYLAN PHARMACEUTICALS INC,MAIN STREET PHARMACY #6380 (KS),3,2,0.9256,55.0,Alternative Supplier,Natural Disaster,Electronics
497,MYLAN PHARMACEUTICALS INC,MAIN STREET PHARMACY #6380 (KS),3,3,1.0486,88.0,Alternative Supplier,Natural Disaster,Automotive
498,RHODES TECHNOLOGIES,CORNER DRUG STORE #3031 (NE),2,1,1.7338,74.0,Alternative Supplier,Cyber Attack,Automotive
498,RHODES TECHNOLOGIES,CORNER DRUG STORE #3031 (NE),2,2,1.7771,55.0,Alternative Supplier,Natural Disaster,Electronics
498,RHODES TECHNOLOGIES,CORNER DRUG STORE #3031 (NE),2,3,1.9606,28.0,Alternative Supplier,Natural Disaster,Electronics
499,IMPAX LABORATORIES INC,COMMUNITY PHARMACY #7647 (MI),2,1,1.7338,74.0,Alternative Supplier,Cyber Attack,Automotive
499,IMPAX LABORATORIES INC,COMMUNITY PHARMACY #7647 (MI),2,2,1.7771,55.0,Alternative Supplier,Natural Disaster,Electronics
499,IMPAX LABORATORIES INC,COMMUNITY PHARMACY #7647 (MI),2,3,1.9606,28.0,Alternative Supplier,Natural Disaster,Electronics
500,HIKMA PHARMACEUTICALS,MEDICO PHARMACY #2352 (OK),3,1,0.8823,74.0,Alternative Supplier,Cyber Attack,Automotive
500,HIKMA PHARMACEUTICALS,MEDICO PHARMACY #2352 (OK),3,2,0.9256,55.0,Alternative Supplier,Natural Disaster,Electronics
500,HIKMA PHARMACEUTICALS,MEDICO PHARMACY #2352 (OK),3,3,1.0486,88.0,Alternative Supplier,Natural Disaster,Automotive
501,SANDOZ INC,HOMETOWN PHARMACY #6061 (MI),2,1,1.7338,74.0,Alternative Supplier,Cyber Attack,Automotive
501,SANDOZ INC,HOMETOWN PHARMACY #6061 (MI),2,2,1.7771,55.0,Alternative Supplier,Natural Disaster,Electronics
501,SANDOZ INC,HOMETOWN PHARMACY #6061 (MI),2,3,1.9606,28.0,Alternative Supplier,Natural Disaster,Electronics
502,ENDO PHARMACEUTICALS INC,FAMILY CARE PHARMACY #6977 (NC),2,1,1.7338,74.0,Alternative Supplier,Cyber Attack,Automotive
502,ENDO PHARMACEUTICALS INC,FAMILY CARE PHARMACY #6977 (NC),2,2,1.7771,55.0,Alternative Supplier,Natural Disaster,Electronics
502,ENDO PHARMACEUTICALS INC,FAMILY CARE PHARMACY #6977 (NC),2,3,1.9606,28.0,Alternative Supplier,Natural Disaster,Electronics
503,VINTAGE PHARMACEUTICALS LLC,HOMETOWN PHARMACY #5569 (NC),2,1,1.7338,74.0,Alternative Supplier,Cyber Attack,Automotive
503,VINTAGE PHARMACEUTICALS LLC,HOMETOWN PHARMACY #5569 (NC),2,2,1.7771,55.0,Alternative Supplier,Natural Disaster,Electronics
503,VINTAGE PHARMACEUTICALS LLC,HOMETOWN PHARMACY #5569 (NC),2,3,1.9606,28.0,Alternative Supplier,Natural Disaster,Electronics
504,ACTAVIS PHARMA INC,HARRIS TEETER PHARMACY #4306 (PA),2,1,1.7338,74.0,Alternative Supplier,Cyber Attack,Automotive
504,ACTAVIS PHARMA INC,HARRIS TEETER PHARMACY #4306 (PA),2,2,1.7771,55.0,Alternative Supplier,Natural Disaster,Electronics
504,ACTAVIS PHARMA INC,HARRIS TEETER PHARMACY #4306 (PA),2,3,1.9606,28.0,Alternative Supplier,Natural Disaster,Electronics
505,MALLINCKRODT LLC,PEOPLES PHARMACY #6990 (OH),2,1,1.7338,74.0,Alternative Supplier,Cyber Attack,Automotive
505,MALLINCKRODT LLC,PEOPLES PHARMACY #6990 (OH),2,2,1.7771,55.0,Alternative Supplier,Natural Disaster,Electronics
505,MALLINCKRODT LLC,PEOPLES PHARMACY #6990 (OH),2,3,1.9606,28.0,Alternative Supplier,Natural Disaster,Electronics
506,ABBOTT LABORATORIES,HARRIS TEETER PHARMACY #9419 (IA),3,1,0.9391,135.0,Production Reroute,Geopolitical,Consumer Goods
506,ABBOTT LABORATORIES,HARRIS TEETER PHARMACY #9419 (IA),3,2,1.1755,151.0,Production Reroute,Cyber Attack,Automotive
506,ABBOTT LABORATORIES,HARRIS TEETER PHARMACY #9419 (IA),3,3,1.1886,89.0,Combined Strategy,Geopolitical,Consumer Goods
507,QUALITEST PHARMACEUTICALS,WALGREENS #4571 (VA),2,1,1.7338,74.0,Alternative Supplier,Cyber Attack,Automotive
507,QUALITEST PHARMACEUTICALS,WALGREENS #4571 (VA),2,2,1.7771,55.0,Alternative Supplier,Natural Disaster,Electronics
507,QUALITEST PHARMACEUTICALS,WALGREENS #4571 (VA),2,3,1.9606,28.0,Alternative Supplier,Natural Disaster,Electronics
508,IMPAX LABORATORIES INC,WINN-DIXIE PHARMACY #6356 (UT),2,1,1.7338,74.0,Alternative Supplier,Cyber Attack,Automotive
508,IMPAX LABORATORIES INC,WINN-DIXIE PHARMACY #6356 (UT),2,2,1.7771,55.0,Alternative Supplier,Natural Disaster,Electronics
508,IMPAX LABORATORIES INC,WINN-DIXIE PHARMACY #6356 (UT),2,3,1.9606,28.0,Alternative Supplier,Natural Disaster,Electronics
509,WATSON LABORATORIES INC,COMMUNITY PHARMACY #9436 (WV),2,1,1.7338,74.0,Alternative Supplier,Cyber Attack,Automotive
509,WATSON LABORATORIES INC,COMMUNITY PHARMACY #9436 (WV),2,2,1.7771,55.0,Alternative Supplier,Natural Disaster,Electronics
509,WATSON LABORATORIES INC,COMMUNITY PHARMACY #9436 (WV),2,3,1.9606,28.0,Alternative Supplier,Natural Disaster,Electronics
510,JANSSEN PHARMACEUTICALS INC,RITE AID #9322 (LA),2,1,1.7338,74.0,Alternative Supplier,Cyber Attack,Automotive
510,JANSSEN PHARMACEUTICALS INC,RITE AID #9322 (LA),2,2,1.7771,55.0,Alternative Supplier,Natural Disaster,Electronics
510,JANSSEN PHARMACEUTICALS INC,RITE AID #9322 (LA),2,3,1.9606,28.0,Alternative Supplier,Natural Disaster,Electronics
511,WATSON LABORATORIES INC,PEOPLES PHARMACY #3390 (LA),2,1,1.7338,74.0,Alternative Supplier,Cyber Attack,Automotive
511,WATSON LABORATORIES INC,PEOPLES PHARMACY #3390 (LA),2,2,1.7771,55.0,Alternative Supplier,Natural Disaster,Electronics
511,WATSON LABORATORIES INC,PEOPLES PHARMACY #3390 (LA),2,3,1.9606,28.0,Alternative Supplier,Natural Disaster,Electronics
512,LANNETT COMPANY INC,WALGREENS #8038 (IN),2,1,1.7338,74.0,Alternative Supplier,Cyber Attack,Automotive
512,LANNETT COMPANY INC,WALGREENS #8038 (IN),2,2,1.7771,55.0,Alternative Supplier,Natural Disaster,Electronics
512,LANNETT COMPANY INC,WALGREENS #8038 (IN),2,3,1.9606,28.0,Alternative Supplier,Natural Disaster,Electronics
513,SANDOZ INC,PUBLIX PHARMACY #7202 (CT),2,1,1.7338,74.0,Alternative Supplier,Cyber Attack,Automotive
513,SANDOZ INC,PUBLIX PHARMACY #7202 (CT),2,2,1.7771,55.0,Alternative Supplier,Natural Disaster,Electronics
513,SANDOZ INC,PUBLIX PHARMACY #7202 (CT),2,3,1.9606,28.0,Alternative Supplier,Natural Disaster,Electronics
514,JANSSEN PHARMACEUTICALS INC,GOOD NEIGHBOR PHARMACY #5339 (PA),2,1,1.7338,74.0,Alternative Supplier,Cyber Attack,Automotive
514,JANSSEN PHARMACEUTICALS INC,GOOD NEIGHBOR PHARMACY #5339 (PA),2,2,1.7771,55.0,Alternative Supplier,Natural Disaster,Electronics
514,JANSSEN PHARMACEUTICALS INC,GOOD NEIGHBOR PHARMACY #5339 (PA),2,3,1.9606,28.0,Alternative Supplier,Natural Disaster,Electronics
515,PURDUE PHARMA LP,MAIN STREET PHARMACY #3220 (NV),2,1,1.7338,74.0,Alternative Supplier,Cyber Attack,Automotive
515,PURDUE PHARMA LP,MAIN STREET PHARMACY #3220 (NV),2,2,1.7771,55.0,Alternative Supplier,Natural Disaster,Electronics
515,PURDUE PHARMA LP,MAIN STREET PHARMACY #3220 (NV),2,3,1.9606,28.0,Alternative Supplier,Natural Disaster,Electronics
516,WATSON LABORATORIES INC,SUNRISE PHARMACY #7649 (PA),2,1,1.7338,74.0,Alternative Supplier,Cyber Attack,Automotive
516,WATSON LABORATORIES INC,SUNRISE PHARMACY #7649 (PA),2,2,1.7771,55.0,Alternative Supplier,Natural Disaster,Electronics
516,WATSON LABORATORIES INC,SUNRISE PHARMACY #7649 (PA),2,3,1.9606,28.0,Alternative Supplier,Natural Disaster,Electronics
517,MALLINCKRODT LLC,FAMILY CARE PHARMACY #1327 (ND),2,1,1.7338,74.0,Alternative Supplier,Cyber Attack,Automotive
517,MALLINCKRODT LLC,FAMILY CARE PHARMACY #1327 (ND),2,2,1.7771,55.0,Alternative Supplier,Natural Disaster,Electronics
517,MALLINCKRODT LLC,FAMILY CARE PHARMACY #1327 (ND),2,3,1.9606,28.0,Alternative Supplier,Natural Disaster,Electronics
518,TEVA PHARMACEUTICALS USA INC,MEDICO PHARMACY #8971 (LA),2,1,1.7338,74.0,Alternative Supplier,Cyber Attack,Automotive
518,TEVA PHARMACEUTICALS USA INC,MEDICO PHARMACY #8971 (LA),2,2,1.7771,55.0,Alternative Supplier,Natural Disaster,Electronics
518,TEVA PHARMACEUTICALS USA INC,MEDICO PHARMACY #8971 (LA),2,3,1.9606,28.0,Alternative Supplier,Natural Disaster,Electronics
519,PURDUE PHARMA LP,VILLAGE PHARMACY #9720 (VA),2,1,1.7338,74.0,Alternative Supplier,Cyber Attack,Automotive
519,PURDUE PHARMA LP,VILLAGE PHARMACY #9720 (VA),2,2,1.7771,55.0,Alternative Supplier,Natural Disaster,Electronics
519,PURDUE PHARMA LP,VILLAGE PHARMACY #9720 (VA),2,3,1.9606,28.0,Alternative Supplier,Natural Disaster,Electronics
520,WATSON LABORATORIES INC,QUALITY CARE PHARMACY #3729 (OH),2,1,1.7338,74.0,Alternative Supplier,Cyber Attack,Automotive
520,WATSON LABORATORIES INC,QUALITY CARE PHARMACY #3729 (OH),2,2,1.7771,55.0,Alternative Supplier,Natural Disaster,Electronics
520,WATSON LABORATORIES INC,QUALITY CARE PHARMACY #3729 (OH),2,3,1.9606,28.0,Alternative Supplier,Natural Disaster,Electronics
521,SUN PHARMA GLOBAL INC,PEOPLES PHARMACY #2825 (IA),2,1,1.7338,74.0,Alternative Supplier,Cyber Attack,Automotive
521,SUN PHARMA GLOBAL INC,PEOPLES PHARMACY #2825 (IA),2,2,1.7771,55.0,Alternative Supplier,Natural Disaster,Electronics
521,SUN PHARMA GLOBAL INC,PEOPLES PHARMACY #2825 (IA),2,3,1.9606,28.0,Alternative Supplier,Natural Disaster,Electronics
522,SUN PHARMA GLOBAL INC,WALMART PHARMACY #1339 (NC),3,1,0.8823,74.0,Alternative Supplier,Cyber Attack,Automotive
522,SUN PHARMA GLOBAL INC,WALMART PHARMACY #1339 (NC),3,2,0.9256,55.0,Alternative Supplier,Natural Disaster,Electronics
522,SUN PHARMA GLOBAL INC,WALMART PHARMACY #1339 (NC),3,3,1.0486,88.0,Alternative Supplier,Natural Disaster,Automotive
523,SUN PHARMA GLOBAL INC,HOMETOWN PHARMACY #9727 (AK),2,1,1.7338,74.0,Alternative Supplier,Cyber Attack,Automotive
523,SUN PHARMA GLOBAL INC,HOMETOWN PHARMACY #9727 (AK),2,2,1.7771,55.0,Alternative Supplier,Natural Disaster,Electronics
523,SUN PHARMA GLOBAL INC,HOMETOWN PHARMACY #9727 (AK),2,3,1.9606,28.0,Alternative Supplier,Natural Disaster,Electronics
524,ACTAVIS PHARMA INC,PUBLIX PHARMACY #1697 (MI),3,1,0.8823,74.0,Alternative Supplier,Cyber Attack,Automotive
524,ACTAVIS PHARMA INC,PUBLIX PHARMACY #1697 (MI),3,2,0.9256,55.0,Alternative Supplier,Natural Disaster,Electronics
524,ACTAVIS PHARMA INC,PUBLIX PHARMACY #1697 (MI),3,3,1.0486,88.0,Alternative Supplier,Natural Disaster,Automotive
525,ABBOTT LABORATORIES,MEDICO PHARMACY #8978 (MI),2,1,1.7338,74.0,Alternative Supplier,Cyber Attack,Automotive
525,ABBOTT LABORATORIES,MEDICO PHARMACY #8978 (MI),2,2,1.7771,55.0,Alternative Supplier,Natural Disaster,Electronics
525,ABBOTT LABORATORIES,MEDICO PHARMACY #8978 (MI),2,3,1.9606,28.0,Alternative Supplier,Natural Disaster,Electronics
526,TEVA PHARMACEUTICALS USA INC,HARRIS TEETER PHARMACY #7528 (IN),3,1,0.8823,74.0,Alternative Supplier,Cyber Attack,Automotive
526,TEVA PHARMACEUTICALS USA INC,HARRIS TEETER PHARMACY #7528 (IN),3,2,0.9256,55.0,Alternative Supplier,Natural Disaster,Electronics
526,TEVA PHARMACEUTICALS USA INC,HARRIS TEETER PHARMACY #7528 (IN),3,3,1.0486,88.0,Alternative Supplier,Natural Disaster,Automotive
527,JANSSEN PHARMACEUTICALS INC,VILLAGE PHARMACY #8618 (LA),2,1,1.7338,74.0,Alternative Supplier,Cyber Attack,Automotive
527,JANSSEN PHARMACEUTICALS INC,VILLAGE PHARMACY #8618 (LA),2,2,1.7771,55.0,Alternative Supplier,Natural Disaster,Electronics
527,JANSSEN PHARMACEUTICALS INC,VILLAGE PHARMACY #8618 (LA),2,3,1.9606,28.0,Alternative Supplier,Natural Disaster,Electronics
528,TEVA PHARMACEUTICALS USA INC,WALGREENS #8885 (WI),2,1,1.7338,74.0,Alternative Supplier,Cyber Attack,Automotive
528,TEVA PHARMACEUTICALS USA INC,WALGREENS #8885 (WI),2,2,1.7771,55.0,Alternative Supplier,Natural Disaster,Electronics
528,TEVA PHARMACEUTICALS USA INC,WALGREENS #8885 (WI),2,3,1.9606,28.0,Alternative Supplier,Natural Disaster,Electronics
529,VINTAGE PHARMACEUTICALS LLC,RITE AID #9320 (LA),2,1,1.7338,74.0,Alternative Supplier,Cyber Attack,Automotive
529,VINTAGE PHARMACEUTICALS LLC,RITE AID #9320 (LA),2,2,1.7771,55.0,Alternative Supplier,Natural Disaster,Electronics
529,VINTAGE PHARMACEUTICALS LLC,RITE AID #9320 (LA),2,3,1.9606,28.0,Alternative Supplier,Natural Disaster,Electronics
530,AMNEAL PHARMACEUTICALS LLC,WINN-DIXIE PHARMACY #2880 (MI),3,1,0.8823,74.0,Alternative Supplier,Cyber Attack,Automotive
530,AMNEAL PHARMACEUTICALS LLC,WINN-DIXIE PHARMACY #2880 (MI),3,2,0.9256,55.0,Alternative Supplier,Natural Disaster,Electronics
530,AMNEAL PHARMACEUTICALS LLC,WINN-DIXIE PHARMACY #2880 (MI),3,3,1.0486,88.0,Alternative Supplier,Natural Disaster,Automotive
531,MYLAN PHARMACEUTICALS INC,PEOPLES PHARMACY #6564 (IN),2,1,1.7338,74.0,Alternative Supplier,Cyber Attack,Automotive
531,MYLAN PHARMACEUTICALS INC,PEOPLES PHARMACY #6564 (IN),2,2,1.7771,55.0,Alternative Supplier,Natural Disaster,Electronics
531,MYLAN PHARMACEUTICALS INC,PEOPLES PHARMACY #6564 (IN),2,3,1.9606,28.0,Alternative Supplier,Natural Disaster,Electronics
532,PAR PHARMACEUTICAL INC,KROGER PHARMACY #3100 (MI),2,1,1.7338,74.0,Alternative Supplier,Cyber Attack,Automotive
532,PAR PHARMACEUTICAL INC,KROGER PHARMACY #3100 (MI),2,2,1.7771,55.0,Alternative Supplier,Natural Disaster,Electronics
532,PAR PHARMACEUTICAL INC,KROGER PHARMACY #3100 (MI),2,3,1.9606,28.0,Alternative Supplier,Natural Disaster,Electronics
533,ENDO PHARMACEUTICALS INC,VILLAGE PHARMACY #8587 (CT),2,1,1.7338,74.0,Alternative Supplier,Cyber Attack,Automotive
533,ENDO PHARMACEUTICALS INC,VILLAGE PHARMACY #8587 (CT),2,2,1.7771,55.0,Alternative Supplier,Natural Disaster,Electronics
533,ENDO PHARMACEUTICALS INC,VILLAGE PHARMACY #8587 (CT),2,3,1.9606,28.0,Alternative Supplier,Natural Disaster,Electronics
534,ACTAVIS PHARMA INC,CORNER DRUG STORE #4480 (IN),2,1,1.7338,74.0,Alternative Supplier,Cyber Attack,Automotive
534,ACTAVIS PHARMA INC,CORNER DRUG STORE #4480 (IN),2,2,1.7771,55.0,Alternative Supplier,Natural Disaster,Electronics
534,ACTAVIS PHARMA INC,CORNER DRUG STORE #4480 (IN),2,3,1.9606,28.0,Alternative Supplier,Natural Disaster,Electronics
535,SUN PHARMA GLOBAL INC,CVS PHARMACY #6414 (OK),2,1,1.7338,74.0,Alternative Supplier,Cyber Attack,Automotive
535,SUN PHARMA GLOBAL INC,CVS PHARMACY #6414 (OK),2,2,1.7771,55.0,Alternative Supplier,Natural Disaster,Electronics
535,SUN PHARMA GLOBAL INC,CVS PHARMACY #6414 (OK),2,3,1.9606,28.0,Alternative Supplier,Natural Disaster,Electronics
536,JANSSEN PHARMACEUTICALS INC,CORNER DRUG STORE #2658 (AK),3,1,0.9391,135.0,Production Reroute,Geopolitical,Consumer Goods
536,JANSSEN PHARMACEUTICALS INC,CORNER DRUG STORE #2658 (AK),3,2,1.1755,151.0,Production Reroute,Cyber Attack,Automotive
536,JANSSEN PHARMACEUTICALS INC,CORNER DRUG STORE #2658 (AK),3,3,1.1886,89.0,Combined Strategy,Geopolitical,Consumer Goods
537,QUALITEST PHARMACEUTICALS,HARRIS TEETER PHARMACY #9191 (IN),2,1,1.7338,74.0,Alternative Supplier,Cyber Attack,Automotive
537,QUALITEST PHARMACEUTICALS,HARRIS TEETER PHARMACY #9191 (IN),2,2,1.7771,55.0,Alternative Supplier,Natural Disaster,Electronics
537,QUALITEST PHARMACEUTICALS,HARRIS TEETER PHARMACY #9191 (IN),2,3,1.9606,28.0,Alternative Supplier,Natural Disaster,Electronics
538,RHODES TECHNOLOGIES,MAIN STREET PHARMACY #5473 (OH),2,1,1.7338,74.0,Alternative Supplier,Cyber Attack,Automotive
538,RHODES TECHNOLOGIES,MAIN STREET PHARMACY #5473 (OH),2,2,1.7771,55.0,Alternative Supplier,Natural Disaster,Electronics
538,RHODES TECHNOLOGIES,MAIN STREET PHARMACY #5473 (OH),2,3,1.9606,28.0,Alternative Supplier,Natural Disaster,Electronics
539,RHODES TECHNOLOGIES,HOMETOWN PHARMACY #4482 (KY),2,1,1.7338,74.0,Alternative Supplier,Cyber Attack,Automotive
539,RHODES TECHNOLOGIES,HOMETOWN PHARMACY #4482 (KY),2,2,1.7771,55.0,Alternative Supplier,Natural Disaster,Electronics
539,RHODES TECHNOLOGIES,HOMETOWN PHARMACY #4482 (KY),2,3,1.9606,28.0,Alternative Supplier,Natural Disaster,Electronics
540,LANNETT COMPANY INC,CORNER DRUG STORE #2236 (KY),2,1,1.7338,74.0,Alternative Supplier,Cyber Attack,Automotive
540,LANNETT COMPANY INC,CORNER DRUG STORE #2236 (KY),2,2,1.7771,55.0,Alternative Supplier,Natural Disaster,Electronics
540,LANNETT COMPANY INC,CORNER DRUG STORE #2236 (KY),2,3,1.9606,28.0,Alternative Supplier,Natural Disaster,Electronics
541,CADISTA PHARMACEUTICALS INC,KROGER PHARMACY #9499 (WI),3,1,0.8823,74.0,Alternative Supplier,Cyber Attack,Automotive
541,CADISTA PHARMACEUTICALS INC,KROGER PHARMACY #9499 (WI),3,2,0.9256,55.0,Alternative Supplier,Natural Disaster,Electronics
541,CADISTA PHARMACEUTICALS INC,KROGER PHARMACY #9499 (WI),3,3,1.0486,88.0,Alternative Supplier,Natural Disaster,Automotive
542,AMNEAL PHARMACEUTICALS LLC,MEDICO PHARMACY #4239 (VT),4,1,0.0876,135.0,Production Reroute,Geopolitical,Consumer Goods
542,AMNEAL PHARMACEUTICALS LLC,MEDICO PHARMACY #4239 (VT),4,2,0.3241,151.0,Production Reroute,Cyber Attack,Automotive
542,AMNEAL PHARMACEUTICALS LLC,MEDICO PHARMACY #4239 (VT),4,3,0.3372,89.0,Combined Strategy,Geopolitical,Consumer Goods
543,IMPAX LABORATORIES INC,HARRIS TEETER PHARMACY #9689 (OK),2,1,1.7338,74.0,Alternative Supplier,Cyber Attack,Automotive
543,IMPAX LABORATORIES INC,HARRIS TEETER PHARMACY #9689 (OK),2,2,1.7771,55.0,Alternative Supplier,Natural Disaster,Electronics
543,IMPAX LABORATORIES INC,HARRIS TEETER PHARMACY #9689 (OK),2,3,1.9606,28.0,Alternative Supplier,Natural Disaster,Electronics
544,JANSSEN PHARMACEUTICALS INC,MAIN STREET PHARMACY #8777 (MI),2,1,1.7338,74.0,Alternative Supplier,Cyber Attack,Automotive
544,JANSSEN PHARMACEUTICALS INC,MAIN STREET PHARMACY #8777 (MI),2,2,1.7771,55.0,Alternative Supplier,Natural Disaster,Electronics
544,JANSSEN PHARMACEUTICALS INC,MAIN STREET PHARMACY #8777 (MI),2,3,1.9606,28.0,Alternative Supplier,Natural Disaster,Electronics
545,CADISTA PHARMACEUTICALS INC,MEDICO PHARMACY #9378 (TN),2,1,1.7338,74.0,Alternative Supplier,Cyber Attack,Automotive
545,CADISTA PHARMACEUTICALS INC,MEDICO PHARMACY #9378 (TN),2,2,1.7771,55.0,Alternative Supplier,Natural Disaster,Electronics
545,CADISTA PHARMACEUTICALS INC,MEDICO PHARMACY #9378 (TN),2,3,1.9606,28.0,Alternative Supplier,Natural Disaster,Electronics
546,IMPAX LABORATORIES INC,CVS PHARMACY #6302 (ID),3,1,0.8823,74.0,Alternative Supplier,Cyber Attack,Automotive
546,IMPAX LABORATORIES INC,CVS PHARMACY #6302 (ID),3,2,0.9256,55.0,Alternative Supplier,Natural Disaster,Electronics
546,IMPAX LABORATORIES INC,CVS PHARMACY #6302 (ID),3,3,1.0486,88.0,Alternative Supplier,Natural Disaster,Automotive
547,PAR PHARMACEUTICAL INC,MAIN STREET PHARMACY #4656 (ME),2,1,1.7338,74.0,Alternative Supplier,Cyber Attack,Automotive
547,PAR PHARMACEUTICAL INC,MAIN STREET PHARMACY #4656 (ME),2,2,1.7771,55.0,Alternative Supplier,Natural Disaster,Electronics
547,PAR PHARMACEUTICAL INC,MAIN STREET PHARMACY #4656 (ME),2,3,1.9606,28.0,Alternative Supplier,Natural Disaster,Electronics
548,IMPAX LABORATORIES INC,VILLAGE PHARMACY #4459 (DE),3,1,0.8823,74.0,Alternative Supplier,Cyber Attack,Automotive
548,IMPAX LABORATORIES INC,VILLAGE PHARMACY #4459 (DE),3,2,0.9256,55.0,Alternative Supplier,Natural Disaster,Electronics
548,IMPAX LABORATORIES INC,VILLAGE PHARMACY #4459 (DE),3,3,1.0486,88.0,Alternative Supplier,Natural Disaster,Automotive
549,ACTAVIS PHARMA INC,VILLAGE PHARMACY #4294 (PA),2,1,1.7338,74.0,Alternative Supplier,Cyber Attack,Automotive
549,ACTAVIS PHARMA INC,VILLAGE PHARMACY #4294 (PA),2,2,1.7771,55.0,Alternative Supplier,Natural Disaster,Electronics
549,ACTAVIS PHARMA INC,VILLAGE PHARMACY #4294 (PA),2,3,1.9606,28.0,Alternative Supplier,Natural Disaster,Electronics
550,MYLAN PHARMACEUTICALS INC,WALMART PHARMACY #1339 (NC),2,1,1.7338,74.0,Alternative Supplier,Cyber Attack,Automotive
550,MYLAN PHARMACEUTICALS INC,WALMART PHARMACY #1339 (NC),2,2,1.7771,55.0,Alternative Supplier,Natural Disaster,Electronics
550,MYLAN PHARMACEUTICALS INC,WALMART PHARMACY #1339 (NC),2,3,1.9606,28.0,Alternative Supplier,Natural Disaster,Electronics
551,TEVA PHARMACEUTICALS USA INC,CORNER DRUG STORE #6232 (MI),2,1,1.7338,74.0,Alternative Supplier,Cyber Attack,Automotive
551,TEVA PHARMACEUTICALS USA INC,CORNER DRUG STORE #6232 (MI),2,2,1.7771,55.0,Alternative Supplier,Natural Disaster,Electronics
551,TEVA PHARMACEUTICALS USA INC,CORNER DRUG STORE #6232 (MI),2,3,1.9606,28.0,Alternative Supplier,Natural Disaster,Electronics
552,CADISTA PHARMACEUTICALS INC,HARRIS TEETER PHARMACY #7261 (KY),2,1,1.7338,74.0,Alternative Supplier,Cyber Attack,Automotive
552,CADISTA PHARMACEUTICALS INC,HARRIS TEETER PHARMACY #7261 (KY),2,2,1.7771,55.0,Alternative Supplier,Natural Disaster,Electronics
552,CADISTA PHARMACEUTICALS INC,HARRIS TEETER PHARMACY #7261 (KY),2,3,1.9606,28.0,Alternative Supplier,Natural Disaster,Electronics
553,SUN PHARMA GLOBAL INC,GOOD NEIGHBOR PHARMACY #7746 (TN),2,1,1.7338,74.0,Alternative Supplier,Cyber Attack,Automotive
553,SUN PHARMA GLOBAL INC,GOOD NEIGHBOR PHARMACY #7746 (TN),2,2,1.7771,55.0,Alternative Supplier,Natural Disaster,Electronics
553,SUN PHARMA GLOBAL INC,GOOD NEIGHBOR PHARMACY #7746 (TN),2,3,1.9606,28.0,Alternative Supplier,Natural Disaster,Electronics
554,MALLINCKRODT LLC,CVS PHARMACY #6466 (KY),3,1,0.8823,74.0,Alternative Supplier,Cyber Attack,Automotive
554,MALLINCKRODT LLC,CVS PHARMACY #6466 (KY),3,2,0.9256,55.0,Alternative Supplier,Natural Disaster,Electronics
554,MALLINCKRODT LLC,CVS PHARMACY #6466 (KY),3,3,1.0486,88.0,Alternative Supplier,Natural Disaster,Automotive
555,ABBOTT LABORATORIES,HEALTH MART PHARMACY #8815 (OH),2,1,1.7338,74.0,Alternative Supplier,Cyber Attack,Automotive
555,ABBOTT LABORATORIES,HEALTH MART PHARMACY #8815 (OH),2,2,1.7771,55.0,Alternative Supplier,Natural Disaster,Electronics
555,ABBOTT LABORATORIES,HEALTH MART PHARMACY #8815 (OH),2,3,1.9606,28.0,Alternative Supplier,Natural Disaster,Electronics
556,SANDOZ INC,WALGREENS #1373 (PA),2,1,1.7338,74.0,Alternative Supplier,Cyber Attack,Automotive
556,SANDOZ INC,WALGREENS #1373 (PA),2,2,1.7771,55.0,Alternative Supplier,Natural Disaster,Electronics
556,SANDOZ INC,WALGREENS #1373 (PA),2,3,1.9606,28.0,Alternative Supplier,Natural Disaster,Electronics
557,WATSON LABORATORIES INC,VILLAGE PHARMACY #9720 (VA),2,1,1.7338,74.0,Alternative Supplier,Cyber Attack,Automotive
557,WATSON LABORATORIES INC,VILLAGE PHARMACY #9720 (VA),2,2,1.7771,55.0,Alternative Supplier,Natural Disaster,Electronics
557,WATSON LABORATORIES INC,VILLAGE PHARMACY #9720 (VA),2,3,1.9606,28.0,Alternative Supplier,Natural Disaster,Electronics
558,LANNETT COMPANY INC,VILLAGE PHARMACY #2028 (TN),2,1,1.7338,74.0,Alternative Supplier,Cyber Attack,Automotive
558,LANNETT COMPANY INC,VILLAGE PHARMACY #2028 (TN),2,2,1.7771,55.0,Alternative Supplier,Natural Disaster,Electronics
558,LANNETT COMPANY INC,VILLAGE PHARMACY #2028 (TN),2,3,1.9606,28.0,Alternative Supplier,Natural Disaster,Electronics
559,RHODES TECHNOLOGIES,QUALITY CARE PHARMACY #6849 (ID),2,1,1.7338,74.0,Alternative Supplier,Cyber Attack,Automotive
559,RHODES TECHNOLOGIES,QUALITY CARE PHARMACY #6849 (ID),2,2,1.7771,55.0,Alternative Supplier,Natural Disaster,Electronics
559,RHODES TECHNOLOGIES,QUALITY CARE PHARMACY #6849 (ID),2,3,1.9606,28.0,Alternative Supplier,Natural Disaster,Electronics
560,SUN PHARMA GLOBAL INC,KROGER PHARMACY #9531 (NJ),2,1,1.7338,74.0,Alternative Supplier,Cyber Attack,Automotive
560,SUN PHARMA GLOBAL INC,KROGER PHARMACY #9531 (NJ),2,2,1.7771,55.0,Alternative Supplier,Natural Disaster,Electronics
560,SUN PHARMA GLOBAL INC,KROGER PHARMACY #9531 (NJ),2,3,1.9606,28.0,Alternative Supplier,Natural Disaster,Electronics
561,WATSON LABORATORIES INC,CORNER DRUG STORE #6232 (MI),2,1,1.7338,74.0,Alternative Supplier,Cyber Attack,Automotive
561,WATSON LABORATORIES INC,CORNER DRUG STORE #6232 (MI),2,2,1.7771,55.0,Alternative Supplier,Natural Disaster,Electronics
561,WATSON LABORATORIES INC,CORNER DRUG STORE #6232 (MI),2,3,1.9606,28.0,Alternative Supplier,Natural Disaster,Electronics
562,ENDO PHARMACEUTICALS INC,FAMILY CARE PHARMACY #6977 (NC),2,1,1.7338,74.0,Alternative Supplier,Cyber Attack,Automotive
562,ENDO PHARMACEUTICALS INC,FAMILY CARE PHARMACY #6977 (NC),2,2,1.7771,55.0,Alternative Supplier,Natural Disaster,Electronics
562,ENDO PHARMACEUTICALS INC,FAMILY CARE PHARMACY #6977 (NC),2,3,1.9606,28.0,Alternative Supplier,Natural Disaster,Electronics
563,PURDUE PHARMA LP,RITE AID #3349 (TN),2,1,1.7338,74.0,Alternative Supplier,Cyber Attack,Automotive
563,PURDUE PHARMA LP,RITE AID #3349 (TN),2,2,1.7771,55.0,Alternative Supplier,Natural Disaster,Electronics
563,PURDUE PHARMA LP,RITE AID #3349 (TN),2,3,1.9606,28.0,Alternative Supplier,Natural Disaster,Electronics
564,HIKMA PHARMACEUTICALS,GOOD NEIGHBOR PHARMACY #5677 (LA),2,1,1.7338,74.0,Alternative Supplier,Cyber Attack,Automotive
564,HIKMA PHARMACEUTICALS,GOOD NEIGHBOR PHARMACY #5677 (LA),2,2,1.7771,55.0,Alternative Supplier,Natural Disaster,Electronics
564,HIKMA PHARMACEUTICALS,GOOD NEIGHBOR PHARMACY #5677 (LA),2,3,1.9606,28.0,Alternative Supplier,Natural Disaster,Electronics
565,MALLINCKRODT LLC,QUALITY CARE PHARMACY #6507 (NC),3,1,0.8823,74.0,Alternative Supplier,Cyber Attack,Automotive
565,MALLINCKRODT LLC,QUALITY CARE PHARMACY #6507 (NC),3,2,0.9256,55.0,Alternative Supplier,Natural Disaster,Electronics
565,MALLINCKRODT LLC,QUALITY CARE PHARMACY #6507 (NC),3,3,1.0486,88.0,Alternative Supplier,Natural Disaster,Automotive
566,PURDUE PHARMA LP,HARRIS TEETER PHARMACY #1096 (WV),3,1,0.8823,74.0,Alternative Supplier,Cyber Attack,Automotive
566,PURDUE PHARMA LP,HARRIS TEETER PHARMACY #1096 (WV),3,2,0.9256,55.0,Alternative Supplier,Natural Disaster,Electronics
566,PURDUE PHARMA LP,HARRIS TEETER PHARMACY #1096 (WV),3,3,1.0486,88.0,Alternative Supplier,Natural Disaster,Automotive
567,PAR PHARMACEUTICAL INC,WINN-DIXIE PHARMACY #5962 (PA),2,1,1.7338,74.0,Alternative Supplier,Cyber Attack,Automotive
567,PAR PHARMACEUTICAL INC,WINN-DIXIE PHARMACY #5962 (PA),2,2,1.7771,55.0,Alternative Supplier,Natural Disaster,Electronics
567,PAR PHARMACEUTICAL INC,WINN-DIXIE PHARMACY #5962 (PA),2,3,1.9606,28.0,Alternative Supplier,Natural Disaster,Electronics
568,QUALITEST PHARMACEUTICALS,WALMART PHARMACY #9312 (PA),2,1,1.7338,74.0,Alternative Supplier,Cyber Attack,Automotive
568,QUALITEST PHARMACEUTICALS,WALMART PHARMACY #9312 (PA),2,2,1.7771,55.0,Alternative Supplier,Natural Disaster,Electronics
568,QUALITEST PHARMACEUTICALS,WALMART PHARMACY #9312 (PA),2,3,1.9606,28.0,Alternative Supplier,Natural Disaster,Electronics
569,PAR PHARMACEUTICAL INC,FAMILY CARE PHARMACY #5612 (LA),2,1,1.7338,74.0,Alternative Supplier,Cyber Attack,Automotive
569,PAR PHARMACEUTICAL INC,FAMILY CARE PHARMACY #5612 (LA),2,2,1.7771,55.0,Alternative Supplier,Natural Disaster,Electronics
569,PAR PHARMACEUTICAL INC,FAMILY CARE PHARMACY #5612 (LA),2,3,1.9606,28.0,Alternative Supplier,Natural Disaster,Electronics
570,CADISTA PHARMACEUTICALS INC,CORNER DRUG STORE #4480 (IN),3,1,0.8823,74.0,Alternative Supplier,Cyber Attack,Automotive
570,CADISTA PHARMACEUTICALS INC,CORNER DRUG STORE #4480 (IN),3,2,0.9256,55.0,Alternative Supplier,Natural Disaster,Electronics
570,CADISTA PHARMACEUTICALS INC,CORNER DRUG STORE #4480 (IN),3,3,1.0486,88.0,Alternative Supplier,Natural Disaster,Automotive
571,ENDO PHARMACEUTICALS INC,HARRIS TEETER PHARMACY #3473 (WV),3,1,0.8823,74.0,Alternative Supplier,Cyber Attack,Automotive
571,ENDO PHARMACEUTICALS INC,HARRIS TEETER PHARMACY #3473 (WV),3,2,0.9256,55.0,Alternative Supplier,Natural Disaster,Electronics
571,ENDO PHARMACEUTICALS INC,HARRIS TEETER PHARMACY #3473 (WV),3,3,1.0486,88.0,Alternative Supplier,Natural Disaster,Automotive
572,IMPAX LABORATORIES INC,PEOPLES PHARMACY #1397 (OH),2,1,1.7338,74.0,Alternative Supplier,Cyber Attack,Automotive
572,IMPAX LABORATORIES INC,PEOPLES PHARMACY #1397 (OH),2,2,1.7771,55.0,Alternative Supplier,Natural Disaster,Electronics
572,IMPAX LABORATORIES INC,PEOPLES PHARMACY #1397 (OH),2,3,1.9606,28.0,Alternative Supplier,Natural Disaster,Electronics
573,MALLINCKRODT LLC,GOOD NEIGHBOR PHARMACY #8844 (OK),2,1,1.7338,74.0,Alternative Supplier,Cyber Attack,Automotive
573,MALLINCKRODT LLC,GOOD NEIGHBOR PHARMACY #8844 (OK),2,2,1.7771,55.0,Alternative Supplier,Natural Disaster,Electronics
573,MALLINCKRODT LLC,GOOD NEIGHBOR PHARMACY #8844 (OK),2,3,1.9606,28.0,Alternative Supplier,Natural Disaster,Electronics
574,RHODES TECHNOLOGIES,WALMART PHARMACY #6240 (NC),3,1,0.0,48.0,Alternative Supplier,Natural Disaster,Electronics
574,RHODES TECHNOLOGIES,WALMART PHARMACY #6240 (NC),3,2,0.0,140.0,Production Reroute,Natural Disaster,Electronics
574,RHODES TECHNOLOGIES,WALMART PHARMACY #6240 (NC),3,3,0.0,86.0,Alternative Supplier,Cyber Attack,Electronics
575,SANDOZ INC,WALGREENS #9211 (LA),2,1,1.7338,74.0,Alternative Supplier,Cyber Attack,Automotive
575,SANDOZ INC,WALGREENS #9211 (LA),2,2,1.7771,55.0,Alternative Supplier,Natural Disaster,Electronics
575,SANDOZ INC,WALGREENS #9211 (LA),2,3,1.9606,28.0,Alternative Supplier,Natural Disaster,Electronics
576,VINTAGE PHARMACEUTICALS LLC,PEOPLES PHARMACY #2093 (AR),2,1,1.7338,74.0,Alternative Supplier,Cyber Attack,Automotive
576,VINTAGE PHARMACEUTICALS LLC,PEOPLES PHARMACY #2093 (AR),2,2,1.7771,55.0,Alternative Supplier,Natural Disaster,Electronics
576,VINTAGE PHARMACEUTICALS LLC,PEOPLES PHARMACY #2093 (AR),2,3,1.9606,28.0,Alternative Supplier,Natural Disaster,Electronics
577,QUALITEST PHARMACEUTICALS,WALGREENS #3575 (OH),2,1,1.7338,74.0,Alternative Supplier,Cyber Attack,Automotive
577,QUALITEST PHARMACEUTICALS,WALGREENS #3575 (OH),2,2,1.7771,55.0,Alternative Supplier,Natural Disaster,Electronics
577,QUALITEST PHARMACEUTICALS,WALGREENS #3575 (OH),2,3,1.9606,28.0,Alternative Supplier,Natural Disaster,Electronics
578,LANNETT COMPANY INC,PEOPLES PHARMACY #7557 (OH),2,1,1.7338,74.0,Alternative Supplier,Cyber Attack,Automotive
578,LANNETT COMPANY INC,PEOPLES PHARMACY #7557 (OH),2,2,1.7771,55.0,Alternative Supplier,Natural Disaster,Electronics
578,LANNETT COMPANY INC,PEOPLES PHARMACY #7557 (OH),2,3,1.9606,28.0,Alternative Supplier,Natural Disaster,Electronics
579,PURDUE PHARMA LP,WALGREENS #9879 (MD),2,1,1.7338,74.0,Alternative Supplier,Cyber Attack,Automotive
579,PURDUE PHARMA LP,WALGREENS #9879 (MD),2,2,1.7771,55.0,Alternative Supplier,Natural Disaster,Electronics
579,PURDUE PHARMA LP,WALGREENS #9879 (MD),2,3,1.9606,28.0,Alternative Supplier,Natural Disaster,Electronics
580,JANSSEN PHARMACEUTICALS INC,PEOPLES PHARMACY #5108 (MI),2,1,1.7338,74.0,Alternative Supplier,Cyber Attack,Automotive
580,JANSSEN PHARMACEUTICALS INC,PEOPLES PHARMACY #5108 (MI),2,2,1.7771,55.0,Alternative Supplier,Natural Disaster,Electronics
580,JANSSEN PHARMACEUTICALS INC,PEOPLES PHARMACY #5108 (MI),2,3,1.9606,28.0,Alternative Supplier,Natural Disaster,Electronics
581,HIKMA PHARMACEUTICALS,CORNER DRUG STORE #6200 (PA),3,1,0.8823,74.0,Alternative Supplier,Cyber Attack,Automotive
581,HIKMA PHARMACEUTICALS,CORNER DRUG STORE #6200 (PA),3,2,0.9256,55.0,Alternative Supplier,Natural Disaster,Electronics
581,HIKMA PHARMACEUTICALS,CORNER DRUG STORE #6200 (PA),3,3,1.0486,88.0,Alternative Supplier,Natural Disaster,Automotive
582,SANDOZ INC,GOOD NEIGHBOR PHARMACY #2790 (PA),2,1,1.7338,74.0,Alternative Supplier,Cyber Attack,Automotive
582,SANDOZ INC,GOOD NEIGHBOR PHARMACY #2790 (PA),2,2,1.7771,55.0,Alternative Supplier,Natural Disaster,Electronics
582,SANDOZ INC,GOOD NEIGHBOR PHARMACY #2790 (PA),2,3,1.9606,28.0,Alternative Supplier,Natural Disaster,Electronics
583,ACTAVIS PHARMA INC,COMMUNITY PHARMACY #2490 (KY),2,1,1.7338,74.0,Alternative Supplier,Cyber Attack,Automotive
583,ACTAVIS PHARMA INC,COMMUNITY PHARMACY #2490 (KY),2,2,1.7771,55.0,Alternative Supplier,Natural Disaster,Electronics
583,ACTAVIS PHARMA INC,COMMUNITY PHARMACY #2490 (KY),2,3,1.9606,28.0,Alternative Supplier,Natural Disaster,Electronics
584,ENDO PHARMACEUTICALS INC,PUBLIX PHARMACY #9833 (MI),2,1,1.7338,74.0,Alternative Supplier,Cyber Attack,Automotive
584,ENDO PHARMACEUTICALS INC,PUBLIX PHARMACY #9833 (MI),2,2,1.7771,55.0,Alternative Supplier,Natural Disaster,Electronics
584,ENDO PHARMACEUTICALS INC,PUBLIX PHARMACY #9833 (MI),2,3,1.9606,28.0,Alternative Supplier,Natural Disaster,Electronics
585,IMPAX LABORATORIES INC,MEDICO PHARMACY #4938 (TN),2,1,1.7338,74.0,Alternative Supplier,Cyber Attack,Automotive
585,IMPAX LABORATORIES INC,MEDICO PHARMACY #4938 (TN),2,2,1.7771,55.0,Alternative Supplier,Natural Disaster,Electronics
585,IMPAX LABORATORIES INC,MEDICO PHARMACY #4938 (TN),2,3,1.9606,28.0,Alternative Supplier,Natural Disaster,Electronics
586,CADISTA PHARMACEUTICALS INC,MEDICO PHARMACY #3872 (CT),2,1,1.7338,74.0,Alternative Supplier,Cyber Attack,Automotive
586,CADISTA PHARMACEUTICALS INC,MEDICO PHARMACY #3872 (CT),2,2,1.7771,55.0,Alternative Supplier,Natural Disaster,Electronics
586,CADISTA PHARMACEUTICALS INC,MEDICO PHARMACY #3872 (CT),2,3,1.9606,28.0,Alternative Supplier,Natural Disaster,Electronics
587,WATSON LABORATORIES INC,WALGREENS #6088 (NV),2,1,1.7338,74.0,Alternative Supplier,Cyber Attack,Automotive
587,WATSON LABORATORIES INC,WALGREENS #6088 (NV),2,2,1.7771,55.0,Alternative Supplier,Natural Disaster,Electronics
587,WATSON LABORATORIES INC,WALGREENS #6088 (NV),2,3,1.9606,28.0,Alternative Supplier,Natural Disaster,Electronics
588,VINTAGE PHARMACEUTICALS LLC,PEOPLES PHARMACY #8235 (MT),2,1,1.7338,74.0,Alternative Supplier,Cyber Attack,Automotive
588,VINTAGE PHARMACEUTICALS LLC,PEOPLES PHARMACY #8235 (MT),2,2,1.7771,55.0,Alternative Supplier,Natural Disaster,Electronics
588,VINTAGE PHARMACEUTICALS LLC,PEOPLES PHARMACY #8235 (MT),2,3,1.9606,28.0,Alternative Supplier,Natural Disaster,Electronics
589,VINTAGE PHARMACEUTICALS LLC,WINN-DIXIE PHARMACY #6356 (UT),2,1,1.7338,74.0,Alternative Supplier,Cyber Attack,Automotive
589,VINTAGE PHARMACEUTICALS LLC,WINN-DIXIE PHARMACY #6356 (UT),2,2,1.7771,55.0,Alternative Supplier,Natural Disaster,Electronics
589,VINTAGE PHARMACEUTICALS LLC,WINN-DIXIE PHARMACY #6356 (UT),2,3,1.9606,28.0,Alternative Supplier,Natural Disaster,Electronics
590,MALLINCKRODT LLC,GOOD NEIGHBOR PHARMACY #5339 (PA),2,1,1.7338,74.0,Alternative Supplier,Cyber Attack,Automotive
590,MALLINCKRODT LLC,GOOD NEIGHBOR PHARMACY #5339 (PA),2,2,1.7771,55.0,Alternative Supplier,Natural Disaster,Electronics
590,MALLINCKRODT LLC,GOOD NEIGHBOR PHARMACY #5339 (PA),2,3,1.9606,28.0,Alternative Supplier,Natural Disaster,Electronics
591,HIKMA PHARMACEUTICALS,GOOD NEIGHBOR PHARMACY #7697 (PA),2,1,1.7338,74.0,Alternative Supplier,Cyber Attack,Automotive
591,HIKMA PHARMACEUTICALS,GOOD NEIGHBOR PHARMACY #7697 (PA),2,2,1.7771,55.0,Alternative Supplier,Natural Disaster,Electronics
591,HIKMA PHARMACEUTICALS,GOOD NEIGHBOR PHARMACY #7697 (PA),2,3,1.9606,28.0,Alternative Supplier,Natural Disaster,Electronics
592,IMPAX LABORATORIES INC,KROGER PHARMACY #8403 (NV),2,1,1.7338,74.0,Alternative Supplier,Cyber Attack,Automotive
592,IMPAX LABORATORIES INC,KROGER PHARMACY #8403 (NV),2,2,1.7771,55.0,Alternative Supplier,Natural Disaster,Electronics
592,IMPAX LABORATORIES INC,KROGER PHARMACY #8403 (NV),2,3,1.9606,28.0,Alternative Supplier,Natural Disaster,Electronics
593,CADISTA PHARMACEUTICALS INC,WINN-DIXIE PHARMACY #8378 (VA),2,1,1.7338,74.0,Alternative Supplier,Cyber Attack,Automotive
593,CADISTA PHARMACEUTICALS INC,WINN-DIXIE PHARMACY #8378 (VA),2,2,1.7771,55.0,Alternative Supplier,Natural Disaster,Electronics
593,CADISTA PHARMACEUTICALS INC,WINN-DIXIE PHARMACY #8378 (VA),2,3,1.9606,28.0,Alternative Supplier,Natural Disaster,Electronics
594,TEVA PHARMACEUTICALS USA INC,GOOD NEIGHBOR PHARMACY #5650 (PA),2,1,1.7338,74.0,Alternative Supplier,Cyber Attack,Automotive
594,TEVA PHARMACEUTICALS USA INC,GOOD NEIGHBOR PHARMACY #5650 (PA),2,2,1.7771,55.0,Alternative Supplier,Natural Disaster,Electronics
594,TEVA PHARMACEUTICALS USA INC,GOOD NEIGHBOR PHARMACY #5650 (PA),2,3,1.9606,28.0,Alternative Supplier,Natural Disaster,Electronics
595,ABBOTT LABORATORIES,SUNRISE PHARMACY #1937 (TN),2,1,1.7338,74.0,Alternative Supplier,Cyber Attack,Automotive
595,ABBOTT LABORATORIES,SUNRISE PHARMACY #1937 (TN),2,2,1.7771,55.0,Alternative Supplier,Natural Disaster,Electronics
595,ABBOTT LABORATORIES,SUNRISE PHARMACY #1937 (TN),2,3,1.9606,28.0,Alternative Supplier,Natural Disaster,Electronics
596,SANDOZ INC,KROGER PHARMACY #8012 (VA),2,1,1.7338,74.0,Alternative Supplier,Cyber Attack,Automotive
596,SANDOZ INC,KROGER PHARMACY #8012 (VA),2,2,1.7771,55.0,Alternative Supplier,Natural Disaster,Electronics
596,SANDOZ INC,KROGER PHARMACY #8012 (VA),2,3,1.9606,28.0,Alternative Supplier,Natural Disaster,Electronics
597,LANNETT COMPANY INC,WALMART PHARMACY #7653 (PA),2,1,1.7338,74.0,Alternative Supplier,Cyber Attack,Automotive
597,LANNETT COMPANY INC,WALMART PHARMACY #7653 (PA),2,2,1.7771,55.0,Alternative Supplier,Natural Disaster,Electronics
597,LANNETT COMPANY INC,WALMART PHARMACY #7653 (PA),2,3,1.9606,28.0,Alternative Supplier,Natural Disaster,Electronics
598,MALLINCKRODT LLC,KROGER PHARMACY #5892 (NJ),2,1,1.7338,74.0,Alternative Supplier,Cyber Attack,Automotive
598,MALLINCKRODT LLC,KROGER PHARMACY #5892 (NJ),2,2,1.7771,55.0,Alternative Supplier,Natural Disaster,Electronics
598,MALLINCKRODT LLC,KROGER PHARMACY #5892 (NJ),2,3,1.9606,28.0,Alternative Supplier,Natural Disaster,Electronics
599,JANSSEN PHARMACEUTICALS INC,WALGREENS #3575 (OH),2,1,1.7338,74.0,Alternative Supplier,Cyber Attack,Automotive
599,JANSSEN PHARMACEUTICALS INC,WALGREENS #3575 (OH),2,2,1.7771,55.0,Alternative Supplier,Natural Disaster,Electronics
599,JANSSEN PHARMACEUTICALS INC,WALGREENS #3575 (OH),2,3,1.9606,28.0,Alternative Supplier,Natural Disaster,Electronics
600,TEVA PHARMACEUTICALS USA INC,SUNRISE PHARMACY #6615 (LA),2,1,1.7338,74.0,Alternative Supplier,Cyber Attack,Automotive
600,TEVA PHARMACEUTICALS USA INC,SUNRISE PHARMACY #6615 (LA),2,2,1.7771,55.0,Alternative Supplier,Natural Disaster,Electronics
600,TEVA PHARMACEUTICALS USA INC,SUNRISE PHARMACY #6615 (LA),2,3,1.9606,28.0,Alternative Supplier,Natural Disaster,Electronics
601,ACTAVIS PHARMA INC,WALMART PHARMACY #9460 (CT),2,1,1.7338,74.0,Alternative Supplier,Cyber Attack,Automotive
601,ACTAVIS PHARMA INC,WALMART PHARMACY #9460 (CT),2,2,1.7771,55.0,Alternative Supplier,Natural Disaster,Electronics
601,ACTAVIS PHARMA INC,WALMART PHARMACY #9460 (CT),2,3,1.9606,28.0,Alternative Supplier,Natural Disaster,Electronics
602,ABBOTT LABORATORIES,KROGER PHARMACY #8403 (NV),2,1,1.7338,74.0,Alternative Supplier,Cyber Attack,Automotive
602,ABBOTT LABORATORIES,KROGER PHARMACY #8403 (NV),2,2,1.7771,55.0,Alternative Supplier,Natural Disaster,Electronics
602,ABBOTT LABORATORIES,KROGER PHARMACY #8403 (NV),2,3,1.9606,28.0,Alternative Supplier,Natural Disaster,Electronics
603,AMNEAL PHARMACEUTICALS LLC,PUBLIX PHARMACY #7202 (CT),2,1,1.7338,74.0,Alternative Supplier,Cyber Attack,Automotive
603,AMNEAL PHARMACEUTICALS LLC,PUBLIX PHARMACY #7202 (CT),2,2,1.7771,55.0,Alternative Supplier,Natural Disaster,Electronics
603,AMNEAL PHARMACEUTICALS LLC,PUBLIX PHARMACY #7202 (CT),2,3,1.9606,28.0,Alternative Supplier,Natural Disaster,Electronics
604,ABBOTT LABORATORIES,GOOD NEIGHBOR PHARMACY #3769 (AL),2,1,1.7338,74.0,Alternative Supplier,Cyber Attack,Automotive
604,ABBOTT LABORATORIES,GOOD NEIGHBOR PHARMACY #3769 (AL),2,2,1.7771,55.0,Alternative Supplier,Natural Disaster,Electronics
604,ABBOTT LABORATORIES,GOOD NEIGHBOR PHARMACY #3769 (AL),2,3,1.9606,28.0,Alternative Supplier,Natural Disaster,Electronics
605,HIKMA PHARMACEUTICALS,WALGREENS #5846 (PA),2,1,1.7338,74.0,Alternative Supplier,Cyber Attack,Automotive
605,HIKMA PHARMACEUTICALS,WALGREENS #5846 (PA),2,2,1.7771,55.0,Alternative Supplier,Natural Disaster,Electronics
605,HIKMA PHARMACEUTICALS,WALGREENS #5846 (PA),2,3,1.9606,28.0,Alternative Supplier,Natural Disaster,Electronics
606,SUN PHARMA GLOBAL INC,KROGER PHARMACY #9282 (UT),2,1,1.7338,74.0,Alternative Supplier,Cyber Attack,Automotive
606,SUN PHARMA GLOBAL INC,KROGER PHARMACY #9282 (UT),2,2,1.7771,55.0,Alternative Supplier,Natural Disaster,Electronics
606,SUN PHARMA GLOBAL INC,KROGER PHARMACY #9282 (UT),2,3,1.9606,28.0,Alternative Supplier,Natural Disaster,Electronics
607,TEVA PHARMACEUTICALS USA INC,CORNER DRUG STORE #4406 (KY),2,1,1.7338,74.0,Alternative Supplier,Cyber Attack,Automotive
607,TEVA PHARMACEUTICALS USA INC,CORNER DRUG STORE #4406 (KY),2,2,1.7771,55.0,Alternative Supplier,Natural Disaster,Electronics
607,TEVA PHARMACEUTICALS USA INC,CORNER DRUG STORE #4406 (KY),2,3,1.9606,28.0,Alternative Supplier,Natural Disaster,Electronics
608,ACTAVIS PHARMA INC,GOOD NEIGHBOR PHARMACY #6129 (NC),2,1,0.0,35.0,Inventory Buffer,Factory Incident,Automotive
608,ACTAVIS PHARMA INC,GOOD NEIGHBOR PHARMACY #6129 (NC),2,2,0.0,94.0,Alternative Supplier,Geopolitical,Aerospace
608,ACTAVIS PHARMA INC,GOOD NEIGHBOR PHARMACY #6129 (NC),2,3,0.0,23.0,Alternative Supplier,Factory Incident,Electronics
609,SANDOZ INC,WINN-DIXIE PHARMACY #8378 (VA),2,1,1.7338,74.0,Alternative Supplier,Cyber Attack,Automotive
609,SANDOZ INC,WINN-DIXIE PHARMACY #8378 (VA),2,2,1.7771,55.0,Alternative Supplier,Natural Disaster,Electronics
609,SANDOZ INC,WINN-DIXIE PHARMACY #8378 (VA),2,3,1.9606,28.0,Alternative Supplier,Natural Disaster,Electronics
610,ACTAVIS PHARMA INC,CVS PHARMACY #1671 (OH),2,1,1.7338,74.0,Alternative Supplier,Cyber Attack,Automotive
610,ACTAVIS PHARMA INC,CVS PHARMACY #1671 (OH),2,2,1.7771,55.0,Alternative Supplier,Natural Disaster,Electronics
610,ACTAVIS PHARMA INC,CVS PHARMACY #1671 (OH),2,3,1.9606,28.0,Alternative Supplier,Natural Disaster,Electronics
611,SANDOZ INC,HOMETOWN PHARMACY #6513 (WV),3,1,0.8823,74.0,Alternative Supplier,Cyber Attack,Automotive
611,SANDOZ INC,HOMETOWN PHARMACY #6513 (WV),3,2,0.9256,55.0,Alternative Supplier,Natural Disaster,Electronics
611,SANDOZ INC,HOMETOWN PHARMACY #6513 (WV),3,3,1.0486,88.0,Alternative Supplier,Natural Disaster,Automotive
612,PAR PHARMACEUTICAL INC,HARRIS TEETER PHARMACY #6063 (NC),1,1,0.0,10.0,Production Reroute,Factory Incident,Consumer Goods
612,PAR PHARMACEUTICAL INC,HARRIS TEETER PHARMACY #6063 (NC),1,2,0.0,24.0,Alternative Supplier,Labor Strike,Electronics
612,PAR PHARMACEUTICAL INC,HARRIS TEETER PHARMACY #6063 (NC),1,3,0.0,9.0,Alternative Supplier,Labor Strike,Pharmaceuticals
613,CADISTA PHARMACEUTICALS INC,PEOPLES PHARMACY #5108 (MI),2,1,1.7338,74.0,Alternative Supplier,Cyber Attack,Automotive
613,CADISTA PHARMACEUTICALS INC,PEOPLES PHARMACY #5108 (MI),2,2,1.7771,55.0,Alternative Supplier,Natural Disaster,Electronics
613,CADISTA PHARMACEUTICALS INC,PEOPLES PHARMACY #5108 (MI),2,3,1.9606,28.0,Alternative Supplier,Natural Disaster,Electronics
614,CADISTA PHARMACEUTICALS INC,KROGER PHARMACY #5322 (OH),3,1,0.8823,74.0,Alternative Supplier,Cyber Attack,Automotive
614,CADISTA PHARMACEUTICALS INC,KROGER PHARMACY #5322 (OH),3,2,0.9256,55.0,Alternative Supplier,Natural Disaster,Electronics
614,CADISTA PHARMACEUTICALS INC,KROGER PHARMACY #5322 (OH),3,3,1.0486,88.0,Alternative Supplier,Natural Disaster,Automotive
615,MYLAN PHARMACEUTICALS INC,PEOPLES PHARMACY #9504 (KY),3,1,0.8823,74.0,Alternative Supplier,Cyber Attack,Automotive
615,MYLAN PHARMACEUTICALS INC,PEOPLES PHARMACY #9504 (KY),3,2,0.9256,55.0,Alternative Supplier,Natural Disaster,Electronics
615,MYLAN PHARMACEUTICALS INC,PEOPLES PHARMACY #9504 (KY),3,3,1.0486,88.0,Alternative Supplier,Natural Disaster,Automotive
616,ACTAVIS PHARMA INC,PUBLIX PHARMACY #4394 (MD),2,1,1.7338,74.0,Alternative Supplier,Cyber Attack,Automotive
616,ACTAVIS PHARMA INC,PUBLIX PHARMACY #4394 (MD),2,2,1.7771,55.0,Alternative Supplier,Natural Disaster,Electronics
616,ACTAVIS PHARMA INC,PUBLIX PHARMACY #4394 (MD),2,3,1.9606,28.0,Alternative Supplier,Natural Disaster,Electronics
617,WATSON LABORATORIES INC,FAMILY CARE PHARMACY #9932 (MI),2,1,1.7338,74.0,Alternative Supplier,Cyber Attack,Automotive
617,WATSON LABORATORIES INC,FAMILY CARE PHARMACY #9932 (MI),2,2,1.7771,55.0,Alternative Supplier,Natural Disaster,Electronics
617,WATSON LABORATORIES INC,FAMILY CARE PHARMACY #9932 (MI),2,3,1.9606,28.0,Alternative Supplier,Natural Disaster,Electronics
618,MALLINCKRODT LLC,QUALITY CARE PHARMACY #3706 (PA),2,1,1.7338,74.0,Alternative Supplier,Cyber Attack,Automotive
618,MALLINCKRODT LLC,QUALITY CARE PHARMACY #3706 (PA),2,2,1.7771,55.0,Alternative Supplier,Natural Disaster,Electronics
618,MALLINCKRODT LLC,QUALITY CARE PHARMACY #3706 (PA),2,3,1.9606,28.0,Alternative Supplier,Natural Disaster,Electronics
619,ABBOTT LABORATORIES,COMMUNITY PHARMACY #8229 (IN),2,1,1.7338,74.0,Alternative Supplier,Cyber Attack,Automotive
619,ABBOTT LABORATORIES,COMMUNITY PHARMACY #8229 (IN),2,2,1.7771,55.0,Alternative Supplier,Natural Disaster,Electronics
619,ABBOTT LABORATORIES,COMMUNITY PHARMACY #8229 (IN),2,3,1.9606,28.0,Alternative Supplier,Natural Disaster,Electronics
620,QUALITEST PHARMACEUTICALS,PUBLIX PHARMACY #6343 (IN),2,1,1.7338,74.0,Alternative Supplier,Cyber Attack,Automotive
620,QUALITEST PHARMACEUTICALS,PUBLIX PHARMACY #6343 (IN),2,2,1.7771,55.0,Alternative Supplier,Natural Disaster,Electronics
620,QUALITEST PHARMACEUTICALS,PUBLIX PHARMACY #6343 (IN),2,3,1.9606,28.0,Alternative Supplier,Natural Disaster,Electronics
621,TEVA PHARMACEUTICALS USA INC,PUBLIX PHARMACY #6343 (IN),2,1,1.7338,74.0,Alternative Supplier,Cyber Attack,Automotive
621,TEVA PHARMACEUTICALS USA INC,PUBLIX PHARMACY #6343 (IN),2,2,1.7771,55.0,Alternative Supplier,Natural Disaster,Electronics
621,TEVA PHARMACEUTICALS USA INC,PUBLIX PHARMACY #6343 (IN),2,3,1.9606,28.0,Alternative Supplier,Natural Disaster,Electronics
622,TEVA PHARMACEUTICALS USA INC,KROGER PHARMACY #3523 (OH),2,1,1.7338,74.0,Alternative Supplier,Cyber Attack,Automotive
622,TEVA PHARMACEUTICALS USA INC,KROGER PHARMACY #3523 (OH),2,2,1.7771,55.0,Alternative Supplier,Natural Disaster,Electronics
622,TEVA PHARMACEUTICALS USA INC,KROGER PHARMACY #3523 (OH),2,3,1.9606,28.0,Alternative Supplier,Natural Disaster,Electronics
623,PAR PHARMACEUTICAL INC,PEOPLES PHARMACY #8932 (PA),2,1,1.7338,74.0,Alternative Supplier,Cyber Attack,Automotive
623,PAR PHARMACEUTICAL INC,PEOPLES PHARMACY #8932 (PA),2,2,1.7771,55.0,Alternative Supplier,Natural Disaster,Electronics
623,PAR PHARMACEUTICAL INC,PEOPLES PHARMACY #8932 (PA),2,3,1.9606,28.0,Alternative Supplier,Natural Disaster,Electronics
624,ABBOTT LABORATORIES,MEDICO PHARMACY #3176 (VA),2,1,1.7338,74.0,Alternative Supplier,Cyber Attack,Automotive
624,ABBOTT LABORATORIES,MEDICO PHARMACY #3176 (VA),2,2,1.7771,55.0,Alternative Supplier,Natural Disaster,Electronics
624,ABBOTT LABORATORIES,MEDICO PHARMACY #3176 (VA),2,3,1.9606,28.0,Alternative Supplier,Natural Disaster,Electronics
625,ABBOTT LABORATORIES,CVS PHARMACY #3187 (KY),2,1,0.0,27.0,Inventory Buffer,Geopolitical,Aerospace
625,ABBOTT LABORATORIES,CVS PHARMACY #3187 (KY),2,2,0.0,43.0,Alternative Supplier,Cyber Attack,Electronics
625,ABBOTT LABORATORIES,CVS PHARMACY #3187 (KY),2,3,0.0,107.0,Alternative Supplier,Labor Strike,Aerospace
626,AMNEAL PHARMACEUTICALS LLC,KROGER PHARMACY #2038 (MI),2,1,1.7338,74.0,Alternative Supplier,Cyber Attack,Automotive
626,AMNEAL PHARMACEUTICALS LLC,KROGER PHARMACY #2038 (MI),2,2,1.7771,55.0,Alternative Supplier,Natural Disaster,Electronics
626,AMNEAL PHARMACEUTICALS LLC,KROGER PHARMACY #2038 (MI),2,3,1.9606,28.0,Alternative Supplier,Natural Disaster,Electronics
627,VINTAGE PHARMACEUTICALS LLC,QUALITY CARE PHARMACY #6823 (IN),2,1,1.7338,74.0,Alternative Supplier,Cyber Attack,Automotive
627,VINTAGE PHARMACEUTICALS LLC,QUALITY CARE PHARMACY #6823 (IN),2,2,1.7771,55.0,Alternative Supplier,Natural Disaster,Electronics
627,VINTAGE PHARMACEUTICALS LLC,QUALITY CARE PHARMACY #6823 (IN),2,3,1.9606,28.0,Alternative Supplier,Natural Disaster,Electronics
628,SANDOZ INC,HOMETOWN PHARMACY #2172 (WV),2,1,1.7338,74.0,Alternative Supplier,Cyber Attack,Automotive
628,SANDOZ INC,HOMETOWN PHARMACY #2172 (WV),2,2,1.7771,55.0,Alternative Supplier,Natural Disaster,Electronics
628,SANDOZ INC,HOMETOWN PHARMACY #2172 (WV),2,3,1.9606,28.0,Alternative Supplier,Natural Disaster,Electronics
629,PURDUE PHARMA LP,CVS PHARMACY #6755 (TN),2,1,1.7338,74.0,Alternative Supplier,Cyber Attack,Automotive
629,PURDUE PHARMA LP,CVS PHARMACY #6755 (TN),2,2,1.7771,55.0,Alternative Supplier,Natural Disaster,Electronics
629,PURDUE PHARMA LP,CVS PHARMACY #6755 (TN),2,3,1.9606,28.0,Alternative Supplier,Natural Disaster,Electronics
630,SUN PHARMA GLOBAL INC,RITE AID #7819 (CA),2,1,1.7338,74.0,Alternative Supplier,Cyber Attack,Automotive
630,SUN PHARMA GLOBAL INC,RITE AID #7819 (CA),2,2,1.7771,55.0,Alternative Supplier,Natural Disaster,Electronics
630,SUN PHARMA GLOBAL INC,RITE AID #7819 (CA),2,3,1.9606,28.0,Alternative Supplier,Natural Disaster,Electronics
631,WATSON LABORATORIES INC,SUNRISE PHARMACY #3108 (NM),3,1,0.9391,135.0,Production Reroute,Geopolitical,Consumer Goods
631,WATSON LABORATORIES INC,SUNRISE PHARMACY #3108 (NM),3,2,1.1755,151.0,Production Reroute,Cyber Attack,Automotive
631,WATSON LABORATORIES INC,SUNRISE PHARMACY #3108 (NM),3,3,1.1886,89.0,Combined Strategy,Geopolitical,Consumer Goods
632,SANDOZ INC,WALMART PHARMACY #6240 (NC),2,1,1.7338,74.0,Alternative Supplier,Cyber Attack,Automotive
632,SANDOZ INC,WALMART PHARMACY #6240 (NC),2,2,1.7771,55.0,Alternative Supplier,Natural Disaster,Electronics
632,SANDOZ INC,WALMART PHARMACY #6240 (NC),2,3,1.9606,28.0,Alternative Supplier,Natural Disaster,Electronics
633,SUN PHARMA GLOBAL INC,PEOPLES PHARMACY #8235 (MT),2,1,1.7338,74.0,Alternative Supplier,Cyber Attack,Automotive
633,SUN PHARMA GLOBAL INC,PEOPLES PHARMACY #8235 (MT),2,2,1.7771,55.0,Alternative Supplier,Natural Disaster,Electronics
633,SUN PHARMA GLOBAL INC,PEOPLES PHARMACY #8235 (MT),2,3,1.9606,28.0,Alternative Supplier,Natural Disaster,Electronics
634,QUALITEST PHARMACEUTICALS,PEOPLES PHARMACY #2660 (NC),2,1,1.7338,74.0,Alternative Supplier,Cyber Attack,Automotive
634,QUALITEST PHARMACEUTICALS,PEOPLES PHARMACY #2660 (NC),2,2,1.7771,55.0,Alternative Supplier,Natural Disaster,Electronics
634,QUALITEST PHARMACEUTICALS,PEOPLES PHARMACY #2660 (NC),2,3,1.9606,28.0,Alternative Supplier,Natural Disaster,Electronics
635,PURDUE PHARMA LP,RITE AID #1037 (WA),2,1,1.7338,74.0,Alternative Supplier,Cyber Attack,Automotive
635,PURDUE PHARMA LP,RITE AID #1037 (WA),2,2,1.7771,55.0,Alternative Supplier,Natural Disaster,Electronics
635,PURDUE PHARMA LP,RITE AID #1037 (WA),2,3,1.9606,28.0,Alternative Supplier,Natural Disaster,Electronics
636,ACTAVIS PHARMA INC,FAMILY CARE PHARMACY #8739 (NM),2,1,1.7338,74.0,Alternative Supplier,Cyber Attack,Automotive
636,ACTAVIS PHARMA INC,FAMILY CARE PHARMACY #8739 (NM),2,2,1.7771,55.0,Alternative Supplier,Natural Disaster,Electronics
636,ACTAVIS PHARMA INC,FAMILY CARE PHARMACY #8739 (NM),2,3,1.9606,28.0,Alternative Supplier,Natural Disaster,Electronics
637,ACTAVIS PHARMA INC,SUNRISE PHARMACY #2784 (IN),2,1,1.7338,74.0,Alternative Supplier,Cyber Attack,Automotive
637,ACTAVIS PHARMA INC,SUNRISE PHARMACY #2784 (IN),2,2,1.7771,55.0,Alternative Supplier,Natural Disaster,Electronics
637,ACTAVIS PHARMA INC,SUNRISE PHARMACY #2784 (IN),2,3,1.9606,28.0,Alternative Supplier,Natural Disaster,Electronics
638,HIKMA PHARMACEUTICALS,MAIN STREET PHARMACY #4198 (PA),2,1,1.7338,74.0,Alternative Supplier,Cyber Attack,Automotive
638,HIKMA PHARMACEUTICALS,MAIN STREET PHARMACY #4198 (PA),2,2,1.7771,55.0,Alternative Supplier,Natural Disaster,Electronics
638,HIKMA PHARMACEUTICALS,MAIN STREET PHARMACY #4198 (PA),2,3,1.9606,28.0,Alternative Supplier,Natural Disaster,Electronics
639,JANSSEN PHARMACEUTICALS INC,HOMETOWN PHARMACY #7311 (LA),2,1,1.7338,74.0,Alternative Supplier,Cyber Attack,Automotive
639,JANSSEN PHARMACEUTICALS INC,HOMETOWN PHARMACY #7311 (LA),2,2,1.7771,55.0,Alternative Supplier,Natural Disaster,Electronics
639,JANSSEN PHARMACEUTICALS INC,HOMETOWN PHARMACY #7311 (LA),2,3,1.9606,28.0,Alternative Supplier,Natural Disaster,Electronics
640,RHODES TECHNOLOGIES,WALMART PHARMACY #6240 (NC),3,1,0.4499,74.0,Alternative Supplier,Cyber Attack,Automotive
640,RHODES TECHNOLOGIES,WALMART PHARMACY #6240 (NC),3,2,0.4809,55.0,Alternative Supplier,Natural Disaster,Electronics
640,RHODES TECHNOLOGIES,WALMART PHARMACY #6240 (NC),3,3,0.6155,28.0,Alternative Supplier,Natural Disaster,Electronics
641,SANDOZ INC,WALGREENS #1949 (IN),2,1,1.7338,74.0,Alternative Supplier,Cyber Attack,Automotive
641,SANDOZ INC,WALGREENS #1949 (IN),2,2,1.7771,55.0,Alternative Supplier,Natural Disaster,Electronics
641,SANDOZ INC,WALGREENS #1949 (IN),2,3,1.9606,28.0,Alternative Supplier,Natural Disaster,Electronics
642,ACTAVIS PHARMA INC,PUBLIX PHARMACY #5706 (MT),2,1,1.7338,74.0,Alternative Supplier,Cyber Attack,Automotive
642,ACTAVIS PHARMA INC,PUBLIX PHARMACY #5706 (MT),2,2,1.7771,55.0,Alternative Supplier,Natural Disaster,Electronics
642,ACTAVIS PHARMA INC,PUBLIX PHARMACY #5706 (MT),2,3,1.9606,28.0,Alternative Supplier,Natural Disaster,Electronics
643,WATSON LABORATORIES INC,GOOD NEIGHBOR PHARMACY #9772 (VA),2,1,1.7338,74.0,Alternative Supplier,Cyber Attack,Automotive
643,WATSON LABORATORIES INC,GOOD NEIGHBOR PHARMACY #9772 (VA),2,2,1.7771,55.0,Alternative Supplier,Natural Disaster,Electronics
643,WATSON LABORATORIES INC,GOOD NEIGHBOR PHARMACY #9772 (VA),2,3,1.9606,28.0,Alternative Supplier,Natural Disaster,Electronics
644,WATSON LABORATORIES INC,CVS PHARMACY #6803 (KY),2,1,1.7338,74.0,Alternative Supplier,Cyber Attack,Automotive
644,WATSON LABORATORIES INC,CVS PHARMACY #6803 (KY),2,2,1.7771,55.0,Alternative Supplier,Natural Disaster,Electronics
644,WATSON LABORATORIES INC,CVS PHARMACY #6803 (KY),2,3,1.9606,28.0,Alternative Supplier,Natural Disaster,Electronics
645,RHODES TECHNOLOGIES,QUALITY CARE PHARMACY #2449 (MD),3,1,0.8575,135.0,Production Reroute,Geopolitical,Consumer Goods
645,RHODES TECHNOLOGIES,QUALITY CARE PHARMACY #2449 (MD),3,2,0.967,69.0,Customer Delay,Cyber Attack,Automotive
645,RHODES TECHNOLOGIES,QUALITY CARE PHARMACY #2449 (MD),3,3,0.9749,151.0,Production Reroute,Cyber Attack,Automotive
646,WATSON LABORATORIES INC,HEALTH MART PHARMACY #4740 (VA),2,1,1.7338,74.0,Alternative Supplier,Cyber Attack,Automotive
646,WATSON LABORATORIES INC,HEALTH MART PHARMACY #4740 (VA),2,2,1.7771,55.0,Alternative Supplier,Natural Disaster,Electronics
646,WATSON LABORATORIES INC,HEALTH MART PHARMACY #4740 (VA),2,3,1.9606,28.0,Alternative Supplier,Natural Disaster,Electronics
647,MYLAN PHARMACEUTICALS INC,HOMETOWN PHARMACY #8919 (KY),3,1,0.8823,74.0,Alternative Supplier,Cyber Attack,Automotive
647,MYLAN PHARMACEUTICALS INC,HOMETOWN PHARMACY #8919 (KY),3,2,0.9256,55.0,Alternative Supplier,Natural Disaster,Electronics
647,MYLAN PHARMACEUTICALS INC,HOMETOWN PHARMACY #8919 (KY),3,3,1.0486,88.0,Alternative Supplier,Natural Disaster,Automotive
648,PAR PHARMACEUTICAL INC,SUNRISE PHARMACY #4402 (PA),2,1,1.7338,74.0,Alternative Supplier,Cyber Attack,Automotive
648,PAR PHARMACEUTICAL INC,SUNRISE PHARMACY #4402 (PA),2,2,1.7771,55.0,Alternative Supplier,Natural Disaster,Electronics
648,PAR PHARMACEUTICAL INC,SUNRISE PHARMACY #4402 (PA),2,3,1.9606,28.0,Alternative Supplier,Natural Disaster,Electronics
649,ABBOTT LABORATORIES,SUNRISE PHARMACY #2882 (KY),2,1,1.7338,74.0,Alternative Supplier,Cyber Attack,Automotive
649,ABBOTT LABORATORIES,SUNRISE PHARMACY #2882 (KY),2,2,1.7771,55.0,Alternative Supplier,Natural Disaster,Electronics
649,ABBOTT LABORATORIES,SUNRISE PHARMACY #2882 (KY),2,3,1.9606,28.0,Alternative Supplier,Natural Disaster,Electronics
650,MALLINCKRODT LLC,KROGER PHARMACY #6683 (OH),2,1,1.7338,74.0,Alternative Supplier,Cyber Attack,Automotive
650,MALLINCKRODT LLC,KROGER PHARMACY #6683 (OH),2,2,1.7771,55.0,Alternative Supplier,Natural Disaster,Electronics
650,MALLINCKRODT LLC,KROGER PHARMACY #6683 (OH),2,3,1.9606,28.0,Alternative Supplier,Natural Disaster,Electronics
651,LANNETT COMPANY INC,CORNER DRUG STORE #4406 (KY),2,1,1.7338,74.0,Alternative Supplier,Cyber Attack,Automotive
651,LANNETT COMPANY INC,CORNER DRUG STORE #4406 (KY),2,2,1.7771,55.0,Alternative Supplier,Natural Disaster,Electronics
651,LANNETT COMPANY INC,CORNER DRUG STORE #4406 (KY),2,3,1.9606,28.0,Alternative Supplier,Natural Disaster,Electronics
652,ACTAVIS PHARMA INC,WALGREENS #6656 (TN),2,1,1.7338,74.0,Alternative Supplier,Cyber Attack,Automotive
652,ACTAVIS PHARMA INC,WALGREENS #6656 (TN),2,2,1.7771,55.0,Alternative Supplier,Natural Disaster,Electronics
652,ACTAVIS PHARMA INC,WALGREENS #6656 (TN),2,3,1.9606,28.0,Alternative Supplier,Natural Disaster,Electronics
653,QUALITEST PHARMACEUTICALS,COMMUNITY PHARMACY #5405 (TX),2,1,1.7338,74.0,Alternative Supplier,Cyber Attack,Automotive
653,QUALITEST PHARMACEUTICALS,COMMUNITY PHARMACY #5405 (TX),2,2,1.7771,55.0,Alternative Supplier,Natural Disaster,Electronics
653,QUALITEST PHARMACEUTICALS,COMMUNITY PHARMACY #5405 (TX),2,3,1.9606,28.0,Alternative Supplier,Natural Disaster,Electronics
654,ACTAVIS PHARMA INC,QUALITY CARE PHARMACY #6847 (WV),2,1,1.7338,74.0,Alternative Supplier,Cyber Attack,Automotive
654,ACTAVIS PHARMA INC,QUALITY CARE PHARMACY #6847 (WV),2,2,1.7771,55.0,Alternative Supplier,Natural Disaster,Electronics
654,ACTAVIS PHARMA INC,QUALITY CARE PHARMACY #6847 (WV),2,3,1.9606,28.0,Alternative Supplier,Natural Disaster,Electronics
655,AMNEAL PHARMACEUTICALS LLC,WINN-DIXIE PHARMACY #5889 (PA),2,1,1.7338,74.0,Alternative Supplier,Cyber Attack,Automotive
655,AMNEAL PHARMACEUTICALS LLC,WINN-DIXIE PHARMACY #5889 (PA),2,2,1.7771,55.0,Alternative Supplier,Natural Disaster,Electronics
655,AMNEAL PHARMACEUTICALS LLC,WINN-DIXIE PHARMACY #5889 (PA),2,3,1.9606,28.0,Alternative Supplier,Natural Disaster,Electronics
656,ABBOTT LABORATORIES,SUNRISE PHARMACY #7243 (WV),2,1,1.7338,74.0,Alternative Supplier,Cyber Attack,Automotive
656,ABBOTT LABORATORIES,SUNRISE PHARMACY #7243 (WV),2,2,1.7771,55.0,Alternative Supplier,Natural Disaster,Electronics
656,ABBOTT LABORATORIES,SUNRISE PHARMACY #7243 (WV),2,3,1.9606,28.0,Alternative Supplier,Natural Disaster,Electronics
657,IMPAX LABORATORIES INC,QUALITY CARE PHARMACY #6849 (ID),2,1,1.7338,74.0,Alternative Supplier,Cyber Attack,Automotive
657,IMPAX LABORATORIES INC,QUALITY CARE PHARMACY #6849 (ID),2,2,1.7771,55.0,Alternative Supplier,Natural Disaster,Electronics
657,IMPAX LABORATORIES INC,QUALITY CARE PHARMACY #6849 (ID),2,3,1.9606,28.0,Alternative Supplier,Natural Disaster,Electronics
658,ENDO PHARMACEUTICALS INC,WALGREENS #6014 (MI),2,1,1.7338,74.0,Alternative Supplier,Cyber Attack,Automotive
658,ENDO PHARMACEUTICALS INC,WALGREENS #6014 (MI),2,2,1.7771,55.0,Alternative Supplier,Natural Disaster,Electronics
658,ENDO PHARMACEUTICALS INC,WALGREENS #6014 (MI),2,3,1.9606,28.0,Alternative Supplier,Natural Disaster,Electronics
659,PURDUE PHARMA LP,VILLAGE PHARMACY #2822 (WV),2,1,1.7338,74.0,Alternative Supplier,Cyber Attack,Automotive
659,PURDUE PHARMA LP,VILLAGE PHARMACY #2822 (WV),2,2,1.7771,55.0,Alternative Supplier,Natural Disaster,Electronics
659,PURDUE PHARMA LP,VILLAGE PHARMACY #2822 (WV),2,3,1.9606,28.0,Alternative Supplier,Natural Disaster,Electronics
660,CADISTA PHARMACEUTICALS INC,COMMUNITY PHARMACY #3782 (NC),3,1,0.8823,74.0,Alternative Supplier,Cyber Attack,Automotive
660,CADISTA PHARMACEUTICALS INC,COMMUNITY PHARMACY #3782 (NC),3,2,0.9256,55.0,Alternative Supplier,Natural Disaster,Electronics
660,CADISTA PHARMACEUTICALS INC,COMMUNITY PHARMACY #3782 (NC),3,3,1.0486,88.0,Alternative Supplier,Natural Disaster,Automotive
661,HIKMA PHARMACEUTICALS,HARRIS TEETER PHARMACY #7528 (IN),2,1,1.7338,74.0,Alternative Supplier,Cyber Attack,Automotive
661,HIKMA PHARMACEUTICALS,HARRIS TEETER PHARMACY #7528 (IN),2,2,1.7771,55.0,Alternative Supplier,Natural Disaster,Electronics
661,HIKMA PHARMACEUTICALS,HARRIS TEETER PHARMACY #7528 (IN),2,3,1.9606,28.0,Alternative Supplier,Natural Disaster,Electronics
662,WATSON LABORATORIES INC,KROGER PHARMACY #8012 (VA),2,1,1.7338,74.0,Alternative Supplier,Cyber Attack,Automotive
662,WATSON LABORATORIES INC,KROGER PHARMACY #8012 (VA),2,2,1.7771,55.0,Alternative Supplier,Natural Disaster,Electronics
662,WATSON LABORATORIES INC,KROGER PHARMACY #8012 (VA),2,3,1.9606,28.0,Alternative Supplier,Natural Disaster,Electronics
663,LANNETT COMPANY INC,VILLAGE PHARMACY #2073 (WI),2,1,1.7338,74.0,Alternative Supplier,Cyber Attack,Automotive
663,LANNETT COMPANY INC,VILLAGE PHARMACY #2073 (WI),2,2,1.7771,55.0,Alternative Supplier,Natural Disaster,Electronics
663,LANNETT COMPANY INC,VILLAGE PHARMACY #2073 (WI),2,3,1.9606,28.0,Alternative Supplier,Natural Disaster,Electronics
664,CADISTA PHARMACEUTICALS INC,COMMUNITY PHARMACY #9334 (IN),2,1,1.7338,74.0,Alternative Supplier,Cyber Attack,Automotive
664,CADISTA PHARMACEUTICALS INC,COMMUNITY PHARMACY #9334 (IN),2,2,1.7771,55.0,Alternative Supplier,Natural Disaster,Electronics
664,CADISTA PHARMACEUTICALS INC,COMMUNITY PHARMACY #9334 (IN),2,3,1.9606,28.0,Alternative Supplier,Natural Disaster,Electronics
665,TEVA PHARMACEUTICALS USA INC,CORNER DRUG STORE #6232 (MI),2,1,1.7338,74.0,Alternative Supplier,Cyber Attack,Automotive
665,TEVA PHARMACEUTICALS USA INC,CORNER DRUG STORE #6232 (MI),2,2,1.7771,55.0,Alternative Supplier,Natural Disaster,Electronics
665,TEVA PHARMACEUTICALS USA INC,CORNER DRUG STORE #6232 (MI),2,3,1.9606,28.0,Alternative Supplier,Natural Disaster,Electronics
666,HIKMA PHARMACEUTICALS,QUALITY CARE PHARMACY #4445 (LA),2,1,1.7338,74.0,Alternative Supplier,Cyber Attack,Automotive
666,HIKMA PHARMACEUTICALS,QUALITY CARE PHARMACY #4445 (LA),2,2,1.7771,55.0,Alternative Supplier,Natural Disaster,Electronics
666,HIKMA PHARMACEUTICALS,QUALITY CARE PHARMACY #4445 (LA),2,3,1.9606,28.0,Alternative Supplier,Natural Disaster,Electronics
667,AMNEAL PHARMACEUTICALS LLC,VILLAGE PHARMACY #8587 (CT),2,1,1.7338,74.0,Alternative Supplier,Cyber Attack,Automotive
667,AMNEAL PHARMACEUTICALS LLC,VILLAGE PHARMACY #8587 (CT),2,2,1.7771,55.0,Alternative Supplier,Natural Disaster,Electronics
667,AMNEAL PHARMACEUTICALS LLC,VILLAGE PHARMACY #8587 (CT),2,3,1.9606,28.0,Alternative Supplier,Natural Disaster,Electronics
668,IMPAX LABORATORIES INC,PEOPLES PHARMACY #2912 (WV),2,1,1.7338,74.0,Alternative Supplier,Cyber Attack,Automotive
668,IMPAX LABORATORIES INC,PEOPLES PHARMACY #2912 (WV),2,2,1.7771,55.0,Alternative Supplier,Natural Disaster,Electronics
668,IMPAX LABORATORIES INC,PEOPLES PHARMACY #2912 (WV),2,3,1.9606,28.0,Alternative Supplier,Natural Disaster,Electronics
669,SUN PHARMA GLOBAL INC,COMMUNITY PHARMACY #4270 (AR),2,1,1.7338,74.0,Alternative Supplier,Cyber Attack,Automotive
669,SUN PHARMA GLOBAL INC,COMMUNITY PHARMACY #4270 (AR),2,2,1.7771,55.0,Alternative Supplier,Natural Disaster,Electronics
669,SUN PHARMA GLOBAL INC,COMMUNITY PHARMACY #4270 (AR),2,3,1.9606,28.0,Alternative Supplier,Natural Disaster,Electronics
670,PURDUE PHARMA LP,WALMART PHARMACY #9460 (CT),2,1,1.7338,74.0,Alternative Supplier,Cyber Attack,Automotive
670,PURDUE PHARMA LP,WALMART PHARMACY #9460 (CT),2,2,1.7771,55.0,Alternative Supplier,Natural Disaster,Electronics
670,PURDUE PHARMA LP,WALMART PHARMACY #9460 (CT),2,3,1.9606,28.0,Alternative Supplier,Natural Disaster,Electronics
671,WATSON LABORATORIES INC,CORNER DRUG STORE #1453 (OH),2,1,1.7338,74.0,Alternative Supplier,Cyber Attack,Automotive
671,WATSON LABORATORIES INC,CORNER DRUG STORE #1453 (OH),2,2,1.7771,55.0,Alternative Supplier,Natural Disaster,Electronics
671,WATSON LABORATORIES INC,CORNER DRUG STORE #1453 (OH),2,3,1.9606,28.0,Alternative Supplier,Natural Disaster,Electronics
672,SANDOZ INC,QUALITY CARE PHARMACY #6273 (HI),2,1,1.7338,74.0,Alternative Supplier,Cyber Attack,Automotive
672,SANDOZ INC,QUALITY CARE PHARMACY #6273 (HI),2,2,1.7771,55.0,Alternative Supplier,Natural Disaster,Electronics
672,SANDOZ INC,QUALITY CARE PHARMACY #6273 (HI),2,3,1.9606,28.0,Alternative Supplier,Natural Disaster,Electronics
673,MYLAN PHARMACEUTICALS INC,WALMART PHARMACY #2686 (MN),2,1,0.4507,23.0,Alternative Supplier,Cyber Attack,Electronics
673,MYLAN PHARMACEUTICALS INC,WALMART PHARMACY #2686 (MN),2,2,0.7981,51.0,Alternative Supplier,Port Congestion,Aerospace
673,MYLAN PHARMACEUTICALS INC,WALMART PHARMACY #2686 (MN),2,3,0.8577,74.0,Alternative Supplier,Cyber Attack,Automotive
674,JANSSEN PHARMACEUTICALS INC,WINN-DIXIE PHARMACY #4694 (OH),2,1,1.7338,74.0,Alternative Supplier,Cyber Attack,Automotive
674,JANSSEN PHARMACEUTICALS INC,WINN-DIXIE PHARMACY #4694 (OH),2,2,1.7771,55.0,Alternative Supplier,Natural Disaster,Electronics
674,JANSSEN PHARMACEUTICALS INC,WINN-DIXIE PHARMACY #4694 (OH),2,3,1.9606,28.0,Alternative Supplier,Natural Disaster,Electronics
675,ACTAVIS PHARMA INC,FAMILY CARE PHARMACY #2731 (OH),3,1,0.8823,74.0,Alternative Supplier,Cyber Attack,Automotive
675,ACTAVIS PHARMA INC,FAMILY CARE PHARMACY #2731 (OH),3,2,0.9256,55.0,Alternative Supplier,Natural Disaster,Electronics
675,ACTAVIS PHARMA INC,FAMILY CARE PHARMACY #2731 (OH),3,3,1.0486,88.0,Alternative Supplier,Natural Disaster,Automotive
676,VINTAGE PHARMACEUTICALS LLC,SUNRISE PHARMACY #8451 (IN),2,1,1.7338,74.0,Alternative Supplier,Cyber Attack,Automotive
676,VINTAGE PHARMACEUTICALS LLC,SUNRISE PHARMACY #8451 (IN),2,2,1.7771,55.0,Alternative Supplier,Natural Disaster,Electronics
676,VINTAGE PHARMACEUTICALS LLC,SUNRISE PHARMACY #8451 (IN),2,3,1.9606,28.0,Alternative Supplier,Natural Disaster,Electronics
677,HIKMA PHARMACEUTICALS,HOMETOWN PHARMACY #5569 (NC),2,1,1.7338,74.0,Alternative Supplier,Cyber Attack,Automotive
677,HIKMA PHARMACEUTICALS,HOMETOWN PHARMACY #5569 (NC),2,2,1.7771,55.0,Alternative Supplier,Natural Disaster,Electronics
677,HIKMA PHARMACEUTICALS,HOMETOWN PHARMACY #5569 (NC),2,3,1.9606,28.0,Alternative Supplier,Natural Disaster,Electronics
678,ACTAVIS PHARMA INC,FAMILY CARE PHARMACY #2595 (OH),2,1,1.7338,74.0,Alternative Supplier,Cyber Attack,Automotive
678,ACTAVIS PHARMA INC,FAMILY CARE PHARMACY #2595 (OH),2,2,1.7771,55.0,Alternative Supplier,Natural Disaster,Electronics
678,ACTAVIS PHARMA INC,FAMILY CARE PHARMACY #2595 (OH),2,3,1.9606,28.0,Alternative Supplier,Natural Disaster,Electronics
679,TEVA PHARMACEUTICALS USA INC,VILLAGE PHARMACY #2028 (TN),2,1,1.7338,74.0,Alternative Supplier,Cyber Attack,Automotive
679,TEVA PHARMACEUTICALS USA INC,VILLAGE PHARMACY #2028 (TN),2,2,1.7771,55.0,Alternative Supplier,Natural Disaster,Electronics
679,TEVA PHARMACEUTICALS USA INC,VILLAGE PHARMACY #2028 (TN),2,3,1.9606,28.0,Alternative Supplier,Natural Disaster,Electronics
680,AMNEAL PHARMACEUTICALS LLC,COMMUNITY PHARMACY #7046 (MI),3,1,0.8823,74.0,Alternative Supplier,Cyber Attack,Automotive
680,AMNEAL PHARMACEUTICALS LLC,COMMUNITY PHARMACY #7046 (MI),3,2,0.9256,55.0,Alternative Supplier,Natural Disaster,Electronics
680,AMNEAL PHARMACEUTICALS LLC,COMMUNITY PHARMACY #7046 (MI),3,3,1.0486,88.0,Alternative Supplier,Natural Disaster,Automotive
681,ACTAVIS PHARMA INC,VILLAGE PHARMACY #9964 (OH),2,1,1.7338,74.0,Alternative Supplier,Cyber Attack,Automotive
681,ACTAVIS PHARMA INC,VILLAGE PHARMACY #9964 (OH),2,2,1.7771,55.0,Alternative Supplier,Natural Disaster,Electronics
681,ACTAVIS PHARMA INC,VILLAGE PHARMACY #9964 (OH),2,3,1.9606,28.0,Alternative Supplier,Natural Disaster,Electronics
682,ACTAVIS PHARMA INC,WALGREENS #5175 (PA),2,1,1.7338,74.0,Alternative Supplier,Cyber Attack,Automotive
682,ACTAVIS PHARMA INC,WALGREENS #5175 (PA),2,2,1.7771,55.0,Alternative Supplier,Natural Disaster,Electronics
682,ACTAVIS PHARMA INC,WALGREENS #5175 (PA),2,3,1.9606,28.0,Alternative Supplier,Natural Disaster,Electronics
683,LANNETT COMPANY INC,MAIN STREET PHARMACY #2648 (MO),2,1,0.0,126.0,Customer Delay,Natural Disaster,Pharmaceuticals
683,LANNETT COMPANY INC,MAIN STREET PHARMACY #2648 (MO),2,2,0.0,137.0,Customer Delay,Natural Disaster,Electronics
683,LANNETT COMPANY INC,MAIN STREET PHARMACY #2648 (MO),2,3,0.0,58.0,Inventory Buffer,Port Congestion,Consumer Goods
684,WATSON LABORATORIES INC,WINN-DIXIE PHARMACY #3112 (LA),2,1,1.7338,74.0,Alternative Supplier,Cyber Attack,Automotive
684,WATSON LABORATORIES INC,WINN-DIXIE PHARMACY #3112 (LA),2,2,1.7771,55.0,Alternative Supplier,Natural Disaster,Electronics
684,WATSON LABORATORIES INC,WINN-DIXIE PHARMACY #3112 (LA),2,3,1.9606,28.0,Alternative Supplier,Natural Disaster,Electronics
685,MALLINCKRODT LLC,HOMETOWN PHARMACY #6387 (NC),2,1,1.7338,74.0,Alternative Supplier,Cyber Attack,Automotive
685,MALLINCKRODT LLC,HOMETOWN PHARMACY #6387 (NC),2,2,1.7771,55.0,Alternative Supplier,Natural Disaster,Electronics
685,MALLINCKRODT LLC,HOMETOWN PHARMACY #6387 (NC),2,3,1.9606,28.0,Alternative Supplier,Natural Disaster,Electronics
686,ACTAVIS PHARMA INC,WALGREENS #4642 (PA),2,1,1.7338,74.0,Alternative Supplier,Cyber Attack,Automotive
686,ACTAVIS PHARMA INC,WALGREENS #4642 (PA),2,2,1.7771,55.0,Alternative Supplier,Natural Disaster,Electronics
686,ACTAVIS PHARMA INC,WALGREENS #4642 (PA),2,3,1.9606,28.0,Alternative Supplier,Natural Disaster,Electronics
687,IMPAX LABORATORIES INC,PUBLIX PHARMACY #6736 (TN),2,1,1.7338,74.0,Alternative Supplier,Cyber Attack,Automotive
687,IMPAX LABORATORIES INC,PUBLIX PHARMACY #6736 (TN),2,2,1.7771,55.0,Alternative Supplier,Natural Disaster,Electronics
687,IMPAX LABORATORIES INC,PUBLIX PHARMACY #6736 (TN),2,3,1.9606,28.0,Alternative Supplier,Natural Disaster,Electronics
688,ACTAVIS PHARMA INC,QUALITY CARE PHARMACY #6847 (WV),2,1,1.7338,74.0,Alternative Supplier,Cyber Attack,Automotive
688,ACTAVIS PHARMA INC,QUALITY CARE PHARMACY #6847 (WV),2,2,1.7771,55.0,Alternative Supplier,Natural Disaster,Electronics
688,ACTAVIS PHARMA INC,QUALITY CARE PHARMACY #6847 (WV),2,3,1.9606,28.0,Alternative Supplier,Natural Disaster,Electronics
689,SANDOZ INC,VILLAGE PHARMACY #7454 (PA),3,1,0.8823,74.0,Alternative Supplier,Cyber Attack,Automotive
689,SANDOZ INC,VILLAGE PHARMACY #7454 (PA),3,2,0.9256,55.0,Alternative Supplier,Natural Disaster,Electronics
689,SANDOZ INC,VILLAGE PHARMACY #7454 (PA),3,3,1.0486,88.0,Alternative Supplier,Natural Disaster,Automotive
690,JANSSEN PHARMACEUTICALS INC,CORNER DRUG STORE #1213 (TN),2,1,1.7338,74.0,Alternative Supplier,Cyber Attack,Automotive
690,JANSSEN PHARMACEUTICALS INC,CORNER DRUG STORE #1213 (TN),2,2,1.7771,55.0,Alternative Supplier,Natural Disaster,Electronics
690,JANSSEN PHARMACEUTICALS INC,CORNER DRUG STORE #1213 (TN),2,3,1.9606,28.0,Alternative Supplier,Natural Disaster,Electronics
691,AMNEAL PHARMACEUTICALS LLC,MEDICO PHARMACY #9378 (TN),3,1,0.8823,74.0,Alternative Supplier,Cyber Attack,Automotive
691,AMNEAL PHARMACEUTICALS LLC,MEDICO PHARMACY #9378 (TN),3,2,0.9256,55.0,Alternative Supplier,Natural Disaster,Electronics
691,AMNEAL PHARMACEUTICALS LLC,MEDICO PHARMACY #9378 (TN),3,3,1.0486,88.0,Alternative Supplier,Natural Disaster,Automotive
692,HIKMA PHARMACEUTICALS,PUBLIX PHARMACY #1973 (TN),2,1,1.7338,74.0,Alternative Supplier,Cyber Attack,Automotive
692,HIKMA PHARMACEUTICALS,PUBLIX PHARMACY #1973 (TN),2,2,1.7771,55.0,Alternative Supplier,Natural Disaster,Electronics
692,HIKMA PHARMACEUTICALS,PUBLIX PHARMACY #1973 (TN),2,3,1.9606,28.0,Alternative Supplier,Natural Disaster,Electronics
693,MALLINCKRODT LLC,PEOPLES PHARMACY #2912 (WV),2,1,1.7338,74.0,Alternative Supplier,Cyber Attack,Automotive
693,MALLINCKRODT LLC,PEOPLES PHARMACY #2912 (WV),2,2,1.7771,55.0,Alternative Supplier,Natural Disaster,Electronics
693,MALLINCKRODT LLC,PEOPLES PHARMACY #2912 (WV),2,3,1.9606,28.0,Alternative Supplier,Natural Disaster,Electronics
694,QUALITEST PHARMACEUTICALS,VILLAGE PHARMACY #2822 (WV),2,1,1.7338,74.0,Alternative Supplier,Cyber Attack,Automotive
694,QUALITEST PHARMACEUTICALS,VILLAGE PHARMACY #2822 (WV),2,2,1.7771,55.0,Alternative Supplier,Natural Disaster,Electronics
694,QUALITEST PHARMACEUTICALS,VILLAGE PHARMACY #2822 (WV),2,3,1.9606,28.0,Alternative Supplier,Natural Disaster,Electronics
695,AMNEAL PHARMACEUTICALS LLC,COMMUNITY PHARMACY #5731 (WV),3,1,0.8823,74.0,Alternative Supplier,Cyber Attack,Automotive
695,AMNEAL PHARMACEUTICALS LLC,COMMUNITY PHARMACY #5731 (WV),3,2,0.9256,55.0,Alternative Supplier,Natural Disaster,Electronics
695,AMNEAL PHARMACEUTICALS LLC,COMMUNITY PHARMACY #5731 (WV),3,3,1.0486,88.0,Alternative Supplier,Natural Disaster,Automotive
696,MYLAN PHARMACEUTICALS INC,COMMUNITY PHARMACY #5731 (WV),3,1,0.8823,74.0,Alternative Supplier,Cyber Attack,Automotive
696,MYLAN PHARMACEUTICALS INC,COMMUNITY PHARMACY #5731 (WV),3,2,0.9256,55.0,Alternative Supplier,Natural Disaster,Electronics
696,MYLAN PHARMACEUTICALS INC,COMMUNITY PHARMACY #5731 (WV),3,3,1.0486,88.0,Alternative Supplier,Natural Disaster,Automotive
697,CADISTA PHARMACEUTICALS INC,WALGREENS #6014 (MI),2,1,1.7338,74.0,Alternative Supplier,Cyber Attack,Automotive
697,CADISTA PHARMACEUTICALS INC,WALGREENS #6014 (MI),2,2,1.7771,55.0,Alternative Supplier,Natural Disaster,Electronics
697,CADISTA PHARMACEUTICALS INC,WALGREENS #6014 (MI),2,3,1.9606,28.0,Alternative Supplier,Natural Disaster,Electronics
698,PURDUE PHARMA LP,MEDICO PHARMACY #5873 (MI),2,1,1.7338,74.0,Alternative Supplier,Cyber Attack,Automotive
698,PURDUE PHARMA LP,MEDICO PHARMACY #5873 (MI),2,2,1.7771,55.0,Alternative Supplier,Natural Disaster,Electronics
698,PURDUE PHARMA LP,MEDICO PHARMACY #5873 (MI),2,3,1.9606,28.0,Alternative Supplier,Natural Disaster,Electronics
699,SUN PHARMA GLOBAL INC,HARRIS TEETER PHARMACY #1284 (MN),3,1,0.8823,74.0,Alternative Supplier,Cyber Attack,Automotive
699,SUN PHARMA GLOBAL INC,HARRIS TEETER PHARMACY #1284 (MN),3,2,0.9256,55.0,Alternative Supplier,Natural Disaster,Electronics
699,SUN PHARMA GLOBAL INC,HARRIS TEETER PHARMACY #1284 (MN),3,3,1.0486,88.0,Alternative Supplier,Natural Disaster,Automotive
700,MALLINCKRODT LLC,HOMETOWN PHARMACY #7488 (TN),3,1,0.8823,74.0,Alternative Supplier,Cyber Attack,Automotive
700,MALLINCKRODT LLC,HOMETOWN PHARMACY #7488 (TN),3,2,0.9256,55.0,Alternative Supplier,Natural Disaster,Electronics
700,MALLINCKRODT LLC,HOMETOWN PHARMACY #7488 (TN),3,3,1.0486,88.0,Alternative Supplier,Natural Disaster,Automotive
701,AMNEAL PHARMACEUTICALS LLC,WINN-DIXIE PHARMACY #1109 (AL),3,1,0.8823,74.0,Alternative Supplier,Cyber Attack,Automotive
701,AMNEAL PHARMACEUTICALS LLC,WINN-DIXIE PHARMACY #1109 (AL),3,2,0.9256,55.0,Alternative Supplier,Natural Disaster,Electronics
701,AMNEAL PHARMACEUTICALS LLC,WINN-DIXIE PHARMACY #1109 (AL),3,3,1.0486,88.0,Alternative Supplier,Natural Disaster,Automotive
702,PURDUE PHARMA LP,GOOD NEIGHBOR PHARMACY #9772 (VA),2,1,1.7338,74.0,Alternative Supplier,Cyber Attack,Automotive
702,PURDUE PHARMA LP,GOOD NEIGHBOR PHARMACY #9772 (VA),2,2,1.7771,55.0,Alternative Supplier,Natural Disaster,Electronics
702,PURDUE PHARMA LP,GOOD NEIGHBOR PHARMACY #9772 (VA),2,3,1.9606,28.0,Alternative Supplier,Natural Disaster,Electronics
703,CADISTA PHARMACEUTICALS INC,PEOPLES PHARMACY #2093 (AR),2,1,1.7338,74.0,Alternative Supplier,Cyber Attack,Automotive
703,CADISTA PHARMACEUTICALS INC,PEOPLES PHARMACY #2093 (AR),2,2,1.7771,55.0,Alternative Supplier,Natural Disaster,Electronics
703,CADISTA PHARMACEUTICALS INC,PEOPLES PHARMACY #2093 (AR),2,3,1.9606,28.0,Alternative Supplier,Natural Disaster,Electronics
704,MALLINCKRODT LLC,HEALTH MART PHARMACY #4338 (LA),2,1,1.7338,74.0,Alternative Supplier,Cyber Attack,Automotive
704,MALLINCKRODT LLC,HEALTH MART PHARMACY #4338 (LA),2,2,1.7771,55.0,Alternative Supplier,Natural Disaster,Electronics
704,MALLINCKRODT LLC,HEALTH MART PHARMACY #4338 (LA),2,3,1.9606,28.0,Alternative Supplier,Natural Disaster,Electronics
705,ABBOTT LABORATORIES,KROGER PHARMACY #4300 (VA),3,1,0.8823,74.0,Alternative Supplier,Cyber Attack,Automotive
705,ABBOTT LABORATORIES,KROGER PHARMACY #4300 (VA),3,2,0.9256,55.0,Alternative Supplier,Natural Disaster,Electronics
705,ABBOTT LABORATORIES,KROGER PHARMACY #4300 (VA),3,3,1.0486,88.0,Alternative Supplier,Natural Disaster,Automotive
706,TEVA PHARMACEUTICALS USA INC,WALMART PHARMACY #3043 (PA),2,1,1.7338,74.0,Alternative Supplier,Cyber Attack,Automotive
706,TEVA PHARMACEUTICALS USA INC,WALMART PHARMACY #3043 (PA),2,2,1.7771,55.0,Alternative Supplier,Natural Disaster,Electronics
706,TEVA PHARMACEUTICALS USA INC,WALMART PHARMACY #3043 (PA),2,3,1.9606,28.0,Alternative Supplier,Natural Disaster,Electronics
707,JANSSEN PHARMACEUTICALS INC,MAIN STREET PHARMACY #7456 (MI),2,1,1.7338,74.0,Alternative Supplier,Cyber Attack,Automotive
707,JANSSEN PHARMACEUTICALS INC,MAIN STREET PHARMACY #7456 (MI),2,2,1.7771,55.0,Alternative Supplier,Natural Disaster,Electronics
707,JANSSEN PHARMACEUTICALS INC,MAIN STREET PHARMACY #7456 (MI),2,3,1.9606,28.0,Alternative Supplier,Natural Disaster,Electronics
708,WATSON LABORATORIES INC,SUNRISE PHARMACY #9538 (OH),2,1,1.7338,74.0,Alternative Supplier,Cyber Attack,Automotive
708,WATSON LABORATORIES INC,SUNRISE PHARMACY #9538 (OH),2,2,1.7771,55.0,Alternative Supplier,Natural Disaster,Electronics
708,WATSON LABORATORIES INC,SUNRISE PHARMACY #9538 (OH),2,3,1.9606,28.0,Alternative Supplier,Natural Disaster,Electronics
709,PAR PHARMACEUTICAL INC,QUALITY CARE PHARMACY #3706 (PA),2,1,1.7338,74.0,Alternative Supplier,Cyber Attack,Automotive
709,PAR PHARMACEUTICAL INC,QUALITY CARE PHARMACY #3706 (PA),2,2,1.7771,55.0,Alternative Supplier,Natural Disaster,Electronics
709,PAR PHARMACEUTICAL INC,QUALITY CARE PHARMACY #3706 (PA),2,3,1.9606,28.0,Alternative Supplier,Natural Disaster,Electronics
710,SANDOZ INC,SUNRISE PHARMACY #7243 (WV),2,1,0.0,19.0,Alternative Supplier,Geopolitical,Electronics
710,SANDOZ INC,SUNRISE PHARMACY #7243 (WV),2,2,0.0,39.0,Combined Strategy,Geopolitical,Electronics
710,SANDOZ INC,SUNRISE PHARMACY #7243 (WV),2,3,0.0,25.0,Alternative Supplier,Cyber Attack,Consumer Goods
711,ENDO PHARMACEUTICALS INC,FAMILY CARE PHARMACY #8739 (NM),2,1,1.7338,74.0,Alternative Supplier,Cyber Attack,Automotive
711,ENDO PHARMACEUTICALS INC,FAMILY CARE PHARMACY #8739 (NM),2,2,1.7771,55.0,Alternative Supplier,Natural Disaster,Electronics
711,ENDO PHARMACEUTICALS INC,FAMILY CARE PHARMACY #8739 (NM),2,3,1.9606,28.0,Alternative Supplier,Natural Disaster,Electronics
712,ABBOTT LABORATORIES,GOOD NEIGHBOR PHARMACY #2984 (ME),2,1,1.7338,74.0,Alternative Supplier,Cyber Attack,Automotive
712,ABBOTT LABORATORIES,GOOD NEIGHBOR PHARMACY #2984 (ME),2,2,1.7771,55.0,Alternative Supplier,Natural Disaster,Electronics
712,ABBOTT LABORATORIES,GOOD NEIGHBOR PHARMACY #2984 (ME),2,3,1.9606,28.0,Alternative Supplier,Natural Disaster,Electronics
713,MYLAN PHARMACEUTICALS INC,PEOPLES PHARMACY #2021 (TN),2,1,1.7338,74.0,Alternative Supplier,Cyber Attack,Automotive
713,MYLAN PHARMACEUTICALS INC,PEOPLES PHARMACY #2021 (TN),2,2,1.7771,55.0,Alternative Supplier,Natural Disaster,Electronics
713,MYLAN PHARMACEUTICALS INC,PEOPLES PHARMACY #2021 (TN),2,3,1.9606,28.0,Alternative Supplier,Natural Disaster,Electronics
714,SANDOZ INC,PUBLIX PHARMACY #8653 (MI),3,1,0.8823,74.0,Alternative Supplier,Cyber Attack,Automotive
714,SANDOZ INC,PUBLIX PHARMACY #8653 (MI),3,2,0.9256,55.0,Alternative Supplier,Natural Disaster,Electronics
714,SANDOZ INC,PUBLIX PHARMACY #8653 (MI),3,3,1.0486,88.0,Alternative Supplier,Natural Disaster,Automotive
715,ACTAVIS PHARMA INC,RITE AID #1037 (WA),2,1,1.7338,74.0,Alternative Supplier,Cyber Attack,Automotive
715,ACTAVIS PHARMA INC,RITE AID #1037 (WA),2,2,1.7771,55.0,Alternative Supplier,Natural Disaster,Electronics
715,ACTAVIS PHARMA INC,RITE AID #1037 (WA),2,3,1.9606,28.0,Alternative Supplier,Natural Disaster,Electronics
716,PURDUE PHARMA LP,RITE AID #3349 (TN),2,1,1.7338,74.0,Alternative Supplier,Cyber Attack,Automotive
716,PURDUE PHARMA LP,RITE AID #3349 (TN),2,2,1.7771,55.0,Alternative Supplier,Natural Disaster,Electronics
716,PURDUE PHARMA LP,RITE AID #3349 (TN),2,3,1.9606,28.0,Alternative Supplier,Natural Disaster,Electronics
717,HIKMA PHARMACEUTICALS,HARRIS TEETER PHARMACY #6063 (NC),3,1,0.8823,74.0,Alternative Supplier,Cyber Attack,Automotive
717,HIKMA PHARMACEUTICALS,HARRIS TEETER PHARMACY #6063 (NC),3,2,0.9256,55.0,Alternative Supplier,Natural Disaster,Electronics
717,HIKMA PHARMACEUTICALS,HARRIS TEETER PHARMACY #6063 (NC),3,3,1.0486,88.0,Alternative Supplier,Natural Disaster,Automotive
718,ENDO PHARMACEUTICALS INC,MEDICO PHARMACY #9378 (TN),2,1,1.7338,74.0,Alternative Supplier,Cyber Attack,Automotive
718,ENDO PHARMACEUTICALS INC,MEDICO PHARMACY #9378 (TN),2,2,1.7771,55.0,Alternative Supplier,Natural Disaster,Electronics
718,ENDO PHARMACEUTICALS INC,MEDICO PHARMACY #9378 (TN),2,3,1.9606,28.0,Alternative Supplier,Natural Disaster,Electronics
719,MYLAN PHARMACEUTICALS INC,WALMART PHARMACY #1108 (WV),3,1,0.8823,74.0,Alternative Supplier,Cyber Attack,Automotive
719,MYLAN PHARMACEUTICALS INC,WALMART PHARMACY #1108 (WV),3,2,0.9256,55.0,Alternative Supplier,Natural Disaster,Electronics
719,MYLAN PHARMACEUTICALS INC,WALMART PHARMACY #1108 (WV),3,3,1.0486,88.0,Alternative Supplier,Natural Disaster,Automotive
720,QUALITEST PHARMACEUTICALS,KROGER PHARMACY #8012 (VA),2,1,1.7338,74.0,Alternative Supplier,Cyber Attack,Automotive
720,QUALITEST PHARMACEUTICALS,KROGER PHARMACY #8012 (VA),2,2,1.7771,55.0,Alternative Supplier,Natural Disaster,Electronics
720,QUALITEST PHARMACEUTICALS,KROGER PHARMACY #8012 (VA),2,3,1.9606,28.0,Alternative Supplier,Natural Disaster,Electronics
721,WATSON LABORATORIES INC,MAIN STREET PHARMACY #7935 (KY),2,1,1.7338,74.0,Alternative Supplier,Cyber Attack,Automotive
721,WATSON LABORATORIES INC,MAIN STREET PHARMACY #7935 (KY),2,2,1.7771,55.0,Alternative Supplier,Natural Disaster,Electronics
721,WATSON LABORATORIES INC,MAIN STREET PHARMACY #7935 (KY),2,3,1.9606,28.0,Alternative Supplier,Natural Disaster,Electronics
722,JANSSEN PHARMACEUTICALS INC,SUNRISE PHARMACY #3285 (MN),3,1,0.8823,74.0,Alternative Supplier,Cyber Attack,Automotive
722,JANSSEN PHARMACEUTICALS INC,SUNRISE PHARMACY #3285 (MN),3,2,0.9256,55.0,Alternative Supplier,Natural Disaster,Electronics
722,JANSSEN PHARMACEUTICALS INC,SUNRISE PHARMACY #3285 (MN),3,3,1.0486,88.0,Alternative Supplier,Natural Disaster,Automotive
723,QUALITEST PHARMACEUTICALS,PUBLIX PHARMACY #2014 (PA),2,1,1.7338,74.0,Alternative Supplier,Cyber Attack,Automotive
723,QUALITEST PHARMACEUTICALS,PUBLIX PHARMACY #2014 (PA),2,2,1.7771,55.0,Alternative Supplier,Natural Disaster,Electronics
723,QUALITEST PHARMACEUTICALS,PUBLIX PHARMACY #2014 (PA),2,3,1.9606,28.0,Alternative Supplier,Natural Disaster,Electronics
724,QUALITEST PHARMACEUTICALS,HARRIS TEETER PHARMACY #3473 (WV),2,1,1.7338,74.0,Alternative Supplier,Cyber Attack,Automotive
724,QUALITEST PHARMACEUTICALS,HARRIS TEETER PHARMACY #3473 (WV),2,2,1.7771,55.0,Alternative Supplier,Natural Disaster,Electronics
724,QUALITEST PHARMACEUTICALS,HARRIS TEETER PHARMACY #3473 (WV),2,3,1.9606,28.0,Alternative Supplier,Natural Disaster,Electronics
725,JANSSEN PHARMACEUTICALS INC,WALMART PHARMACY #9312 (PA),2,1,1.7338,74.0,Alternative Supplier,Cyber Attack,Automotive
725,JANSSEN PHARMACEUTICALS INC,WALMART PHARMACY #9312 (PA),2,2,1.7771,55.0,Alternative Supplier,Natural Disaster,Electronics
725,JANSSEN PHARMACEUTICALS INC,WALMART PHARMACY #9312 (PA),2,3,1.9606,28.0,Alternative Supplier,Natural Disaster,Electronics
726,RHODES TECHNOLOGIES,FAMILY CARE PHARMACY #2951 (LA),2,1,1.7338,74.0,Alternative Supplier,Cyber Attack,Automotive
726,RHODES TECHNOLOGIES,FAMILY CARE PHARMACY #2951 (LA),2,2,1.7771,55.0,Alternative Supplier,Natural Disaster,Electronics
726,RHODES TECHNOLOGIES,FAMILY CARE PHARMACY #2951 (LA),2,3,1.9606,28.0,Alternative Supplier,Natural Disaster,Electronics
727,MYLAN PHARMACEUTICALS INC,CVS PHARMACY #2408 (IN),2,1,1.7338,74.0,Alternative Supplier,Cyber Attack,Automotive
727,MYLAN PHARMACEUTICALS INC,CVS PHARMACY #2408 (IN),2,2,1.7771,55.0,Alternative Supplier,Natural Disaster,Electronics
727,MYLAN PHARMACEUTICALS INC,CVS PHARMACY #2408 (IN),2,3,1.9606,28.0,Alternative Supplier,Natural Disaster,Electronics
728,IMPAX LABORATORIES INC,WALGREENS #8038 (IN),2,1,1.7338,74.0,Alternative Supplier,Cyber Attack,Automotive
728,IMPAX LABORATORIES INC,WALGREENS #8038 (IN),2,2,1.7771,55.0,Alternative Supplier,Natural Disaster,Electronics
728,IMPAX LABORATORIES INC,WALGREENS #8038 (IN),2,3,1.9606,28.0,Alternative Supplier,Natural Disaster,Electronics
729,SUN PHARMA GLOBAL INC,WALMART PHARMACY #4084 (VA),3,1,0.8823,74.0,Alternative Supplier,Cyber Attack,Automotive
729,SUN PHARMA GLOBAL INC,WALMART PHARMACY #4084 (VA),3,2,0.9256,55.0,Alternative Supplier,Natural Disaster,Electronics
729,SUN PHARMA GLOBAL INC,WALMART PHARMACY #4084 (VA),3,3,1.0486,88.0,Alternative Supplier,Natural Disaster,Automotive
730,SANDOZ INC,SUNRISE PHARMACY #7243 (WV),2,1,0.0,66.0,Customer Delay,Factory Incident,Consumer Goods
730,SANDOZ INC,SUNRISE PHARMACY #7243 (WV),2,2,0.0,62.0,Alternative Supplier,Port Congestion,Aerospace
730,SANDOZ INC,SUNRISE PHARMACY #7243 (WV),2,3,0.0,30.0,Inventory Buffer,Port Congestion,Consumer Goods
731,JANSSEN PHARMACEUTICALS INC,QUALITY CARE PHARMACY #8199 (WV),3,1,0.8823,74.0,Alternative Supplier,Cyber Attack,Automotive
731,JANSSEN PHARMACEUTICALS INC,QUALITY CARE PHARMACY #8199 (WV),3,2,0.9256,55.0,Alternative Supplier,Natural Disaster,Electronics
731,JANSSEN PHARMACEUTICALS INC,QUALITY CARE PHARMACY #8199 (WV),3,3,1.0486,88.0,Alternative Supplier,Natural Disaster,Automotive
732,ABBOTT LABORATORIES,CVS PHARMACY #6838 (TN),2,1,1.7338,74.0,Alternative Supplier,Cyber Attack,Automotive
732,ABBOTT LABORATORIES,CVS PHARMACY #6838 (TN),2,2,1.7771,55.0,Alternative Supplier,Natural Disaster,Electronics
732,ABBOTT LABORATORIES,CVS PHARMACY #6838 (TN),2,3,1.9606,28.0,Alternative Supplier,Natural Disaster,Electronics
733,JANSSEN PHARMACEUTICALS INC,CORNER DRUG STORE #9661 (KY),2,1,1.7338,74.0,Alternative Supplier,Cyber Attack,Automotive
733,JANSSEN PHARMACEUTICALS INC,CORNER DRUG STORE #9661 (KY),2,2,1.7771,55.0,Alternative Supplier,Natural Disaster,Electronics
733,JANSSEN PHARMACEUTICALS INC,CORNER DRUG STORE #9661 (KY),2,3,1.9606,28.0,Alternative Supplier,Natural Disaster,Electronics
734,HIKMA PHARMACEUTICALS,QUALITY CARE PHARMACY #8047 (TX),3,1,0.8823,74.0,Alternative Supplier,Cyber Attack,Automotive
734,HIKMA PHARMACEUTICALS,QUALITY CARE PHARMACY #8047 (TX),3,2,0.9256,55.0,Alternative Supplier,Natural Disaster,Electronics
734,HIKMA PHARMACEUTICALS,QUALITY CARE PHARMACY #8047 (TX),3,3,1.0486,88.0,Alternative Supplier,Natural Disaster,Automotive
735,HIKMA PHARMACEUTICALS,WINN-DIXIE PHARMACY #5077 (VA),2,1,1.7338,74.0,Alternative Supplier,Cyber Attack,Automotive
735,HIKMA PHARMACEUTICALS,WINN-DIXIE PHARMACY #5077 (VA),2,2,1.7771,55.0,Alternative Supplier,Natural Disaster,Electronics
735,HIKMA PHARMACEUTICALS,WINN-DIXIE PHARMACY #5077 (VA),2,3,1.9606,28.0,Alternative Supplier,Natural Disaster,Electronics
736,VINTAGE PHARMACEUTICALS LLC,PEOPLES PHARMACY #1397 (OH),2,1,1.7338,74.0,Alternative Supplier,Cyber Attack,Automotive
736,VINTAGE PHARMACEUTICALS LLC,PEOPLES PHARMACY #1397 (OH),2,2,1.7771,55.0,Alternative Supplier,Natural Disaster,Electronics
736,VINTAGE PHARMACEUTICALS LLC,PEOPLES PHARMACY #1397 (OH),2,3,1.9606,28.0,Alternative Supplier,Natural Disaster,Electronics
737,VINTAGE PHARMACEUTICALS LLC,WALGREENS #4642 (PA),2,1,1.7338,74.0,Alternative Supplier,Cyber Attack,Automotive
737,VINTAGE PHARMACEUTICALS LLC,WALGREENS #4642 (PA),2,2,1.7771,55.0,Alternative Supplier,Natural Disaster,Electronics
737,VINTAGE PHARMACEUTICALS LLC,WALGREENS #4642 (PA),2,3,1.9606,28.0,Alternative Supplier,Natural Disaster,Electronics
738,LANNETT COMPANY INC,HOMETOWN PHARMACY #8469 (NC),2,1,1.7338,74.0,Alternative Supplier,Cyber Attack,Automotive
738,LANNETT COMPANY INC,HOMETOWN PHARMACY #8469 (NC),2,2,1.7771,55.0,Alternative Supplier,Natural Disaster,Electronics
738,LANNETT COMPANY INC,HOMETOWN PHARMACY #8469 (NC),2,3,1.9606,28.0,Alternative Supplier,Natural Disaster,Electronics
739,PAR PHARMACEUTICAL INC,PUBLIX PHARMACY #5706 (MT),2,1,1.7338,74.0,Alternative Supplier,Cyber Attack,Automotive
739,PAR PHARMACEUTICAL INC,PUBLIX PHARMACY #5706 (MT),2,2,1.7771,55.0,Alternative Supplier,Natural Disaster,Electronics
739,PAR PHARMACEUTICAL INC,PUBLIX PHARMACY #5706 (MT),2,3,1.9606,28.0,Alternative Supplier,Natural Disaster,Electronics
740,ACTAVIS PHARMA INC,WINN-DIXIE PHARMACY #8389 (RI),2,1,1.7338,74.0,Alternative Supplier,Cyber Attack,Automotive
740,ACTAVIS PHARMA INC,WINN-DIXIE PHARMACY #8389 (RI),2,2,1.7771,55.0,Alternative Supplier,Natural Disaster,Electronics
740,ACTAVIS PHARMA INC,WINN-DIXIE PHARMACY #8389 (RI),2,3,1.9606,28.0,Alternative Supplier,Natural Disaster,Electronics
741,ABBOTT LABORATORIES,PUBLIX PHARMACY #2234 (VA),2,1,1.7338,74.0,Alternative Supplier,Cyber Attack,Automotive
741,ABBOTT LABORATORIES,PUBLIX PHARMACY #2234 (VA),2,2,1.7771,55.0,Alternative Supplier,Natural Disaster,Electronics
741,ABBOTT LABORATORIES,PUBLIX PHARMACY #2234 (VA),2,3,1.9606,28.0,Alternative Supplier,Natural Disaster,Electronics
742,QUALITEST PHARMACEUTICALS,MEDICO PHARMACY #6745 (VA),2,1,1.7338,74.0,Alternative Supplier,Cyber Attack,Automotive
742,QUALITEST PHARMACEUTICALS,MEDICO PHARMACY #6745 (VA),2,2,1.7771,55.0,Alternative Supplier,Natural Disaster,Electronics
742,QUALITEST PHARMACEUTICALS,MEDICO PHARMACY #6745 (VA),2,3,1.9606,28.0,Alternative Supplier,Natural Disaster,Electronics
743,TEVA PHARMACEUTICALS USA INC,SUNRISE PHARMACY #7649 (PA),2,1,1.7338,74.0,Alternative Supplier,Cyber Attack,Automotive
743,TEVA PHARMACEUTICALS USA INC,SUNRISE PHARMACY #7649 (PA),2,2,1.7771,55.0,Alternative Supplier,Natural Disaster,Electronics
743,TEVA PHARMACEUTICALS USA INC,SUNRISE PHARMACY #7649 (PA),2,3,1.9606,28.0,Alternative Supplier,Natural Disaster,Electronics
744,WATSON LABORATORIES INC,WALMART PHARMACY #2539 (MI),2,1,1.7338,74.0,Alternative Supplier,Cyber Attack,Automotive
744,WATSON LABORATORIES INC,WALMART PHARMACY #2539 (MI),2,2,1.7771,55.0,Alternative Supplier,Natural Disaster,Electronics
744,WATSON LABORATORIES INC,WALMART PHARMACY #2539 (MI),2,3,1.9606,28.0,Alternative Supplier,Natural Disaster,Electronics
745,IMPAX LABORATORIES INC,WINN-DIXIE PHARMACY #3643 (MI),2,1,1.7338,74.0,Alternative Supplier,Cyber Attack,Automotive
745,IMPAX LABORATORIES INC,WINN-DIXIE PHARMACY #3643 (MI),2,2,1.7771,55.0,Alternative Supplier,Natural Disaster,Electronics
745,IMPAX LABORATORIES INC,WINN-DIXIE PHARMACY #3643 (MI),2,3,1.9606,28.0,Alternative Supplier,Natural Disaster,Electronics
746,VINTAGE PHARMACEUTICALS LLC,PEOPLES PHARMACY #8170 (VA),2,1,1.7338,74.0,Alternative Supplier,Cyber Attack,Automotive
746,VINTAGE PHARMACEUTICALS LLC,PEOPLES PHARMACY #8170 (VA),2,2,1.7771,55.0,Alternative Supplier,Natural Disaster,Electronics
746,VINTAGE PHARMACEUTICALS LLC,PEOPLES PHARMACY #8170 (VA),2,3,1.9606,28.0,Alternative Supplier,Natural Disaster,Electronics
747,IMPAX LABORATORIES INC,WALMART PHARMACY #4214 (AR),2,1,1.7338,74.0,Alternative Supplier,Cyber Attack,Automotive
747,IMPAX LABORATORIES INC,WALMART PHARMACY #4214 (AR),2,2,1.7771,55.0,Alternative Supplier,Natural Disaster,Electronics
747,IMPAX LABORATORIES INC,WALMART PHARMACY #4214 (AR),2,3,1.9606,28.0,Alternative Supplier,Natural Disaster,Electronics
748,LANNETT COMPANY INC,KROGER PHARMACY #5892 (NJ),2,1,1.7338,74.0,Alternative Supplier,Cyber Attack,Automotive
748,LANNETT COMPANY INC,KROGER PHARMACY #5892 (NJ),2,2,1.7771,55.0,Alternative Supplier,Natural Disaster,Electronics
748,LANNETT COMPANY INC,KROGER PHARMACY #5892 (NJ),2,3,1.9606,28.0,Alternative Supplier,Natural Disaster,Electronics
749,IMPAX LABORATORIES INC,HARRIS TEETER PHARMACY #6063 (NC),3,1,0.0,119.0,Alternative Supplier,Natural Disaster,Pharmaceuticals
749,IMPAX LABORATORIES INC,HARRIS TEETER PHARMACY #6063 (NC),3,2,0.0003,62.0,Inventory Buffer,Geopolitical,Aerospace
749,IMPAX LABORATORIES INC,HARRIS TEETER PHARMACY #6063 (NC),3,3,0.0003,135.0,Inventory Buffer,Port Congestion,Consumer Goods
750,QUALITEST PHARMACEUTICALS,VILLAGE PHARMACY #7086 (IN),2,1,1.7338,74.0,Alternative Supplier,Cyber Attack,Automotive
750,QUALITEST PHARMACEUTICALS,VILLAGE PHARMACY #7086 (IN),2,2,1.7771,55.0,Alternative Supplier,Natural Disaster,Electronics
750,QUALITEST PHARMACEUTICALS,VILLAGE PHARMACY #7086 (IN),2,3,1.9606,28.0,Alternative Supplier,Natural Disaster,Electronics
751,LANNETT COMPANY INC,MAIN STREET PHARMACY #5473 (OH),3,1,0.8823,74.0,Alternative Supplier,Cyber Attack,Automotive
751,LANNETT COMPANY INC,MAIN STREET PHARMACY #5473 (OH),3,2,0.9256,55.0,Alternative Supplier,Natural Disaster,Electronics
751,LANNETT COMPANY INC,MAIN STREET PHARMACY #5473 (OH),3,3,1.0486,88.0,Alternative Supplier,Natural Disaster,Automotive
752,CADISTA PHARMACEUTICALS INC,MAIN STREET PHARMACY #7456 (MI),2,1,1.7338,74.0,Alternative Supplier,Cyber Attack,Automotive
752,CADISTA PHARMACEUTICALS INC,MAIN STREET PHARMACY #7456 (MI),2,2,1.7771,55.0,Alternative Supplier,Natural Disaster,Electronics
752,CADISTA PHARMACEUTICALS INC,MAIN STREET PHARMACY #7456 (MI),2,3,1.9606,28.0,Alternative Supplier,Natural Disaster,Electronics
753,AMNEAL PHARMACEUTICALS LLC,GOOD NEIGHBOR PHARMACY #7994 (IN),3,1,0.8823,74.0,Alternative Supplier,Cyber Attack,Automotive
753,AMNEAL PHARMACEUTICALS LLC,GOOD NEIGHBOR PHARMACY #7994 (IN),3,2,0.9256,55.0,Alternative Supplier,Natural Disaster,Electronics
753,AMNEAL PHARMACEUTICALS LLC,GOOD NEIGHBOR PHARMACY #7994 (IN),3,3,1.0486,88.0,Alternative Supplier,Natural Disaster,Automotive
754,TEVA PHARMACEUTICALS USA INC,MAIN STREET PHARMACY #1667 (MI),2,1,1.7338,74.0,Alternative Supplier,Cyber Attack,Automotive
754,TEVA PHARMACEUTICALS USA INC,MAIN STREET PHARMACY #1667 (MI),2,2,1.7771,55.0,Alternative Supplier,Natural Disaster,Electronics
754,TEVA PHARMACEUTICALS USA INC,MAIN STREET PHARMACY #1667 (MI),2,3,1.9606,28.0,Alternative Supplier,Natural Disaster,Electronics
755,TEVA PHARMACEUTICALS USA INC,PUBLIX PHARMACY #1697 (MI),2,1,1.7338,74.0,Alternative Supplier,Cyber Attack,Automotive
755,TEVA PHARMACEUTICALS USA INC,PUBLIX PHARMACY #1697 (MI),2,2,1.7771,55.0,Alternative Supplier,Natural Disaster,Electronics
755,TEVA PHARMACEUTICALS USA INC,PUBLIX PHARMACY #1697 (MI),2,3,1.9606,28.0,Alternative Supplier,Natural Disaster,Electronics
756,ENDO PHARMACEUTICALS INC,PEOPLES PHARMACY #6594 (KY),3,1,0.8823,74.0,Alternative Supplier,Cyber Attack,Automotive
756,ENDO PHARMACEUTICALS INC,PEOPLES PHARMACY #6594 (KY),3,2,0.9256,55.0,Alternative Supplier,Natural Disaster,Electronics
756,ENDO PHARMACEUTICALS INC,PEOPLES PHARMACY #6594 (KY),3,3,1.0486,88.0,Alternative Supplier,Natural Disaster,Automotive
757,IMPAX LABORATORIES INC,CVS PHARMACY #5523 (NC),3,1,0.8823,74.0,Alternative Supplier,Cyber Attack,Automotive
757,IMPAX LABORATORIES INC,CVS PHARMACY #5523 (NC),3,2,0.9256,55.0,Alternative Supplier,Natural Disaster,Electronics
757,IMPAX LABORATORIES INC,CVS PHARMACY #5523 (NC),3,3,1.0486,88.0,Alternative Supplier,Natural Disaster,Automotive
758,SANDOZ INC,PEOPLES PHARMACY #1397 (OH),2,1,1.7338,74.0,Alternative Supplier,Cyber Attack,Automotive
758,SANDOZ INC,PEOPLES PHARMACY #1397 (OH),2,2,1.7771,55.0,Alternative Supplier,Natural Disaster,Electronics
758,SANDOZ INC,PEOPLES PHARMACY #1397 (OH),2,3,1.9606,28.0,Alternative Supplier,Natural Disaster,Electronics
759,SUN PHARMA GLOBAL INC,MEDICO PHARMACY #4957 (HI),2,1,0.0,91.0,Inventory Buffer,Port Congestion,Electronics
759,SUN PHARMA GLOBAL INC,MEDICO PHARMACY #4957 (HI),2,2,0.0,76.0,Alternative Supplier,Labor Strike,Automotive
759,SUN PHARMA GLOBAL INC,MEDICO PHARMACY #4957 (HI),2,3,0.0,32.0,Inventory Buffer,Geopolitical,Consumer Goods
760,VINTAGE PHARMACEUTICALS LLC,CORNER DRUG STORE #6200 (PA),2,1,1.7338,74.0,Alternative Supplier,Cyber Attack,Automotive
760,VINTAGE PHARMACEUTICALS LLC,CORNER DRUG STORE #6200 (PA),2,2,1.7771,55.0,Alternative Supplier,Natural Disaster,Electronics
760,VINTAGE PHARMACEUTICALS LLC,CORNER DRUG STORE #6200 (PA),2,3,1.9606,28.0,Alternative Supplier,Natural Disaster,Electronics
761,PAR PHARMACEUTICAL INC,PUBLIX PHARMACY #2234 (VA),2,1,1.7338,74.0,Alternative Supplier,Cyber Attack,Automotive
761,PAR PHARMACEUTICAL INC,PUBLIX PHARMACY #2234 (VA),2,2,1.7771,55.0,Alternative Supplier,Natural Disaster,Electronics
761,PAR PHARMACEUTICAL INC,PUBLIX PHARMACY #2234 (VA),2,3,1.9606,28.0,Alternative Supplier,Natural Disaster,Electronics
762,CADISTA PHARMACEUTICALS INC,HARRIS TEETER PHARMACY #5982 (VT),2,1,0.0,75.0,Inventory Buffer,Labor Strike,Electronics
762,CADISTA PHARMACEUTICALS INC,HARRIS TEETER PHARMACY #5982 (VT),2,2,0.0,56.0,Inventory Buffer,Port Congestion,Automotive
762,CADISTA PHARMACEUTICALS INC,HARRIS TEETER PHARMACY #5982 (VT),2,3,0.0,52.0,Customer Delay,Port Congestion,Electronics
763,HIKMA PHARMACEUTICALS,HEALTH MART PHARMACY #6078 (KY),2,1,1.7338,74.0,Alternative Supplier,Cyber Attack,Automotive
763,HIKMA PHARMACEUTICALS,HEALTH MART PHARMACY #6078 (KY),2,2,1.7771,55.0,Alternative Supplier,Natural Disaster,Electronics
763,HIKMA PHARMACEUTICALS,HEALTH MART PHARMACY #6078 (KY),2,3,1.9606,28.0,Alternative Supplier,Natural Disaster,Electronics
764,SUN PHARMA GLOBAL INC,GOOD NEIGHBOR PHARMACY #6272 (NC),2,1,1.7338,74.0,Alternative Supplier,Cyber Attack,Automotive
764,SUN PHARMA GLOBAL INC,GOOD NEIGHBOR PHARMACY #6272 (NC),2,2,1.7771,55.0,Alternative Supplier,Natural Disaster,Electronics
764,SUN PHARMA GLOBAL INC,GOOD NEIGHBOR PHARMACY #6272 (NC),2,3,1.9606,28.0,Alternative Supplier,Natural Disaster,Electronics
765,VINTAGE PHARMACEUTICALS LLC,CVS PHARMACY #9428 (AK),2,1,1.7338,74.0,Alternative Supplier,Cyber Attack,Automotive
765,VINTAGE PHARMACEUTICALS LLC,CVS PHARMACY #9428 (AK),2,2,1.7771,55.0,Alternative Supplier,Natural Disaster,Electronics
765,VINTAGE PHARMACEUTICALS LLC,CVS PHARMACY #9428 (AK),2,3,1.9606,28.0,Alternative Supplier,Natural Disaster,Electronics
766,AMNEAL PHARMACEUTICALS LLC,COMMUNITY PHARMACY #6047 (VA),2,1,1.7338,74.0,Alternative Supplier,Cyber Attack,Automotive
766,AMNEAL PHARMACEUTICALS LLC,COMMUNITY PHARMACY #6047 (VA),2,2,1.7771,55.0,Alternative Supplier,Natural Disaster,Electronics
766,AMNEAL PHARMACEUTICALS LLC,COMMUNITY PHARMACY #6047 (VA),2,3,1.9606,28.0,Alternative Supplier,Natural Disaster,Electronics
767,CADISTA PHARMACEUTICALS INC,PUBLIX PHARMACY #2397 (LA),2,1,1.7338,74.0,Alternative Supplier,Cyber Attack,Automotive
767,CADISTA PHARMACEUTICALS INC,PUBLIX PHARMACY #2397 (LA),2,2,1.7771,55.0,Alternative Supplier,Natural Disaster,Electronics
767,CADISTA PHARMACEUTICALS INC,PUBLIX PHARMACY #2397 (LA),2,3,1.9606,28.0,Alternative Supplier,Natural Disaster,Electronics
768,ENDO PHARMACEUTICALS INC,HOMETOWN PHARMACY #4342 (MI),2,1,1.7338,74.0,Alternative Supplier,Cyber Attack,Automotive
768,ENDO PHARMACEUTICALS INC,HOMETOWN PHARMACY #4342 (MI),2,2,1.7771,55.0,Alternative Supplier,Natural Disaster,Electronics
768,ENDO PHARMACEUTICALS INC,HOMETOWN PHARMACY #4342 (MI),2,3,1.9606,28.0,Alternative Supplier,Natural Disaster,Electronics
769,SANDOZ INC,WALGREENS #2968 (NH),2,1,1.7338,74.0,Alternative Supplier,Cyber Attack,Automotive
769,SANDOZ INC,WALGREENS #2968 (NH),2,2,1.7771,55.0,Alternative Supplier,Natural Disaster,Electronics
769,SANDOZ INC,WALGREENS #2968 (NH),2,3,1.9606,28.0,Alternative Supplier,Natural Disaster,Electronics
770,ENDO PHARMACEUTICALS INC,SUNRISE PHARMACY #1937 (TN),2,1,1.7338,74.0,Alternative Supplier,Cyber Attack,Automotive
770,ENDO PHARMACEUTICALS INC,SUNRISE PHARMACY #1937 (TN),2,2,1.7771,55.0,Alternative Supplier,Natural Disaster,Electronics
770,ENDO PHARMACEUTICALS INC,SUNRISE PHARMACY #1937 (TN),2,3,1.9606,28.0,Alternative Supplier,Natural Disaster,Electronics
771,TEVA PHARMACEUTICALS USA INC,MEDICO PHARMACY #4938 (TN),2,1,1.7338,74.0,Alternative Supplier,Cyber Attack,Automotive
771,TEVA PHARMACEUTICALS USA INC,MEDICO PHARMACY #4938 (TN),2,2,1.7771,55.0,Alternative Supplier,Natural Disaster,Electronics
771,TEVA PHARMACEUTICALS USA INC,MEDICO PHARMACY #4938 (TN),2,3,1.9606,28.0,Alternative Supplier,Natural Disaster,Electronics
772,TEVA PHARMACEUTICALS USA INC,VILLAGE PHARMACY #7086 (IN),2,1,1.7338,74.0,Alternative Supplier,Cyber Attack,Automotive
772,TEVA PHARMACEUTICALS USA INC,VILLAGE PHARMACY #7086 (IN),2,2,1.7771,55.0,Alternative Supplier,Natural Disaster,Electronics
772,TEVA PHARMACEUTICALS USA INC,VILLAGE PHARMACY #7086 (IN),2,3,1.9606,28.0,Alternative Supplier,Natural Disaster,Electronics
773,RHODES TECHNOLOGIES,MEDICO PHARMACY #9378 (TN),2,1,1.7338,74.0,Alternative Supplier,Cyber Attack,Automotive
773,RHODES TECHNOLOGIES,MEDICO PHARMACY #9378 (TN),2,2,1.7771,55.0,Alternative Supplier,Natural Disaster,Electronics
773,RHODES TECHNOLOGIES,MEDICO PHARMACY #9378 (TN),2,3,1.9606,28.0,Alternative Supplier,Natural Disaster,Electronics
774,TEVA PHARMACEUTICALS USA INC,QUALITY CARE PHARMACY #3905 (TN),2,1,1.7338,74.0,Alternative Supplier,Cyber Attack,Automotive
774,TEVA PHARMACEUTICALS USA INC,QUALITY CARE PHARMACY #3905 (TN),2,2,1.7771,55.0,Alternative Supplier,Natural Disaster,Electronics
774,TEVA PHARMACEUTICALS USA INC,QUALITY CARE PHARMACY #3905 (TN),2,3,1.9606,28.0,Alternative Supplier,Natural Disaster,Electronics
775,AMNEAL PHARMACEUTICALS LLC,WALGREENS #6088 (NV),2,1,1.7338,74.0,Alternative Supplier,Cyber Attack,Automotive
775,AMNEAL PHARMACEUTICALS LLC,WALGREENS #6088 (NV),2,2,1.7771,55.0,Alternative Supplier,Natural Disaster,Electronics
775,AMNEAL PHARMACEUTICALS LLC,WALGREENS #6088 (NV),2,3,1.9606,28.0,Alternative Supplier,Natural Disaster,Electronics
776,SANDOZ INC,CORNER DRUG STORE #9661 (KY),2,1,1.7338,74.0,Alternative Supplier,Cyber Attack,Automotive
776,SANDOZ INC,CORNER DRUG STORE #9661 (KY),2,2,1.7771,55.0,Alternative Supplier,Natural Disaster,Electronics
776,SANDOZ INC,CORNER DRUG STORE #9661 (KY),2,3,1.9606,28.0,Alternative Supplier,Natural Disaster,Electronics
777,ENDO PHARMACEUTICALS INC,WINN-DIXIE PHARMACY #5077 (VA),2,1,1.7338,74.0,Alternative Supplier,Cyber Attack,Automotive
777,ENDO PHARMACEUTICALS INC,WINN-DIXIE PHARMACY #5077 (VA),2,2,1.7771,55.0,Alternative Supplier,Natural Disaster,Electronics
777,ENDO PHARMACEUTICALS INC,WINN-DIXIE PHARMACY #5077 (VA),2,3,1.9606,28.0,Alternative Supplier,Natural Disaster,Electronics
778,SUN PHARMA GLOBAL INC,KROGER PHARMACY #3523 (OH),2,1,1.7338,74.0,Alternative Supplier,Cyber Attack,Automotive
778,SUN PHARMA GLOBAL INC,KROGER PHARMACY #3523 (OH),2,2,1.7771,55.0,Alternative Supplier,Natural Disaster,Electronics
778,SUN PHARMA GLOBAL INC,KROGER PHARMACY #3523 (OH),2,3,1.9606,28.0,Alternative Supplier,Natural Disaster,Electronics
779,RHODES TECHNOLOGIES,SUNRISE PHARMACY #1937 (TN),2,1,1.7338,74.0,Alternative Supplier,Cyber Attack,Automotive
779,RHODES TECHNOLOGIES,SUNRISE PHARMACY #1937 (TN),2,2,1.7771,55.0,Alternative Supplier,Natural Disaster,Electronics
779,RHODES TECHNOLOGIES,SUNRISE PHARMACY #1937 (TN),2,3,1.9606,28.0,Alternative Supplier,Natural Disaster,Electronics
780,ABBOTT LABORATORIES,KROGER PHARMACY #9282 (UT),3,1,0.8823,74.0,Alternative Supplier,Cyber Attack,Automotive
780,ABBOTT LABORATORIES,KROGER PHARMACY #9282 (UT),3,2,0.9256,55.0,Alternative Supplier,Natural Disaster,Electronics
780,ABBOTT LABORATORIES,KROGER PHARMACY #9282 (UT),3,3,1.0486,88.0,Alternative Supplier,Natural Disaster,Automotive
781,LANNETT COMPANY INC,CORNER DRUG STORE #8392 (NM),2,1,1.7338,74.0,Alternative Supplier,Cyber Attack,Automotive
781,LANNETT COMPANY INC,CORNER DRUG STORE #8392 (NM),2,2,1.7771,55.0,Alternative Supplier,Natural Disaster,Electronics
781,LANNETT COMPANY INC,CORNER DRUG STORE #8392 (NM),2,3,1.9606,28.0,Alternative Supplier,Natural Disaster,Electronics
782,TEVA PHARMACEUTICALS USA INC,MAIN STREET PHARMACY #1358 (IN),2,1,1.7338,74.0,Alternative Supplier,Cyber Attack,Automotive
782,TEVA PHARMACEUTICALS USA INC,MAIN STREET PHARMACY #1358 (IN),2,2,1.7771,55.0,Alternative Supplier,Natural Disaster,Electronics
782,TEVA PHARMACEUTICALS USA INC,MAIN STREET PHARMACY #1358 (IN),2,3,1.9606,28.0,Alternative Supplier,Natural Disaster,Electronics
783,HIKMA PHARMACEUTICALS,HOMETOWN PHARMACY #9385 (MI),2,1,1.7338,74.0,Alternative Supplier,Cyber Attack,Automotive
783,HIKMA PHARMACEUTICALS,HOMETOWN PHARMACY #9385 (MI),2,2,1.7771,55.0,Alternative Supplier,Natural Disaster,Electronics
783,HIKMA PHARMACEUTICALS,HOMETOWN PHARMACY #9385 (MI),2,3,1.9606,28.0,Alternative Supplier,Natural Disaster,Electronics
784,ACTAVIS PHARMA INC,PUBLIX PHARMACY #1697 (MI),2,1,0.0,61.0,Alternative Supplier,Geopolitical,Electronics
784,ACTAVIS PHARMA INC,PUBLIX PHARMACY #1697 (MI),2,2,0.0,18.0,Production Reroute,Port Congestion,Automotive
784,ACTAVIS PHARMA INC,PUBLIX PHARMACY #1697 (MI),2,3,0.0,91.0,Customer Delay,Natural Disaster,Automotive
785,MALLINCKRODT LLC,PUBLIX PHARMACY #2055 (NC),3,1,0.4439,74.0,Alternative Supplier,Cyber Attack,Automotive
785,MALLINCKRODT LLC,PUBLIX PHARMACY #2055 (NC),3,2,0.4748,55.0,Alternative Supplier,Natural Disaster,Electronics
785,MALLINCKRODT LLC,PUBLIX PHARMACY #2055 (NC),3,3,0.6086,28.0,Alternative Supplier,Natural Disaster,Electronics
786,CADISTA PHARMACEUTICALS INC,HOMETOWN PHARMACY #7488 (TN),2,1,1.7338,74.0,Alternative Supplier,Cyber Attack,Automotive
786,CADISTA PHARMACEUTICALS INC,HOMETOWN PHARMACY #7488 (TN),2,2,1.7771,55.0,Alternative Supplier,Natural Disaster,Electronics
786,CADISTA PHARMACEUTICALS INC,HOMETOWN PHARMACY #7488 (TN),2,3,1.9606,28.0,Alternative Supplier,Natural Disaster,Electronics
787,CADISTA PHARMACEUTICALS INC,COMMUNITY PHARMACY #6047 (VA),2,1,1.7338,74.0,Alternative Supplier,Cyber Attack,Automotive
787,CADISTA PHARMACEUTICALS INC,COMMUNITY PHARMACY #6047 (VA),2,2,1.7771,55.0,Alternative Supplier,Natural Disaster,Electronics
787,CADISTA PHARMACEUTICALS INC,COMMUNITY PHARMACY #6047 (VA),2,3,1.9606,28.0,Alternative Supplier,Natural Disaster,Electronics
788,LANNETT COMPANY INC,KROGER PHARMACY #9531 (NJ),3,1,0.8823,74.0,Alternative Supplier,Cyber Attack,Automotive
788,LANNETT COMPANY INC,KROGER PHARMACY #9531 (NJ),3,2,0.9256,55.0,Alternative Supplier,Natural Disaster,Electronics
788,LANNETT COMPANY INC,KROGER PHARMACY #9531 (NJ),3,3,1.0486,88.0,Alternative Supplier,Natural Disaster,Automotive
789,HIKMA PHARMACEUTICALS,KROGER PHARMACY #2038 (MI),2,1,1.7338,74.0,Alternative Supplier,Cyber Attack,Automotive
789,HIKMA PHARMACEUTICALS,KROGER PHARMACY #2038 (MI),2,2,1.7771,55.0,Alternative Supplier,Natural Disaster,Electronics
789,HIKMA PHARMACEUTICALS,KROGER PHARMACY #2038 (MI),2,3,1.9606,28.0,Alternative Supplier,Natural Disaster,Electronics
790,CADISTA PHARMACEUTICALS INC,MAIN STREET PHARMACY #1903 (WA),2,1,1.7338,74.0,Alternative Supplier,Cyber Attack,Automotive
790,CADISTA PHARMACEUTICALS INC,MAIN STREET PHARMACY #1903 (WA),2,2,1.7771,55.0,Alternative Supplier,Natural Disaster,Electronics
790,CADISTA PHARMACEUTICALS INC,MAIN STREET PHARMACY #1903 (WA),2,3,1.9606,28.0,Alternative Supplier,Natural Disaster,Electronics
791,SUN PHARMA GLOBAL INC,KROGER PHARMACY #1497 (PA),2,1,1.7338,74.0,Alternative Supplier,Cyber Attack,Automotive
791,SUN PHARMA GLOBAL INC,KROGER PHARMACY #1497 (PA),2,2,1.7771,55.0,Alternative Supplier,Natural Disaster,Electronics
791,SUN PHARMA GLOBAL INC,KROGER PHARMACY #1497 (PA),2,3,1.9606,28.0,Alternative Supplier,Natural Disaster,Electronics
792,WATSON LABORATORIES INC,CVS PHARMACY #1671 (OH),2,1,1.7338,74.0,Alternative Supplier,Cyber Attack,Automotive
792,WATSON LABORATORIES INC,CVS PHARMACY #1671 (OH),2,2,1.7771,55.0,Alternative Supplier,Natural Disaster,Electronics
792,WATSON LABORATORIES INC,CVS PHARMACY #1671 (OH),2,3,1.9606,28.0,Alternative Supplier,Natural Disaster,Electronics
793,WATSON LABORATORIES INC,MEDICO PHARMACY #4957 (HI),2,1,0.0,82.0,Alternative Supplier,Labor Strike,Electronics
793,WATSON LABORATORIES INC,MEDICO PHARMACY #4957 (HI),2,2,0.0,74.0,Inventory Buffer,Geopolitical,Automotive
793,WATSON LABORATORIES INC,MEDICO PHARMACY #4957 (HI),2,3,0.0,82.0,Customer Delay,Geopolitical,Aerospace
794,SUN PHARMA GLOBAL INC,FAMILY CARE PHARMACY #2595 (OH),2,1,1.7338,74.0,Alternative Supplier,Cyber Attack,Automotive
794,SUN PHARMA GLOBAL INC,FAMILY CARE PHARMACY #2595 (OH),2,2,1.7771,55.0,Alternative Supplier,Natural Disaster,Electronics
794,SUN PHARMA GLOBAL INC,FAMILY CARE PHARMACY #2595 (OH),2,3,1.9606,28.0,Alternative Supplier,Natural Disaster,Electronics
795,RHODES TECHNOLOGIES,WALGREENS #6014 (MI),2,1,1.7338,74.0,Alternative Supplier,Cyber Attack,Automotive
795,RHODES TECHNOLOGIES,WALGREENS #6014 (MI),2,2,1.7771,55.0,Alternative Supplier,Natural Disaster,Electronics
795,RHODES TECHNOLOGIES,WALGREENS #6014 (MI),2,3,1.9606,28.0,Alternative Supplier,Natural Disaster,Electronics
796,HIKMA PHARMACEUTICALS,KROGER PHARMACY #2900 (MI),3,1,0.8823,74.0,Alternative Supplier,Cyber Attack,Automotive
796,HIKMA PHARMACEUTICALS,KROGER PHARMACY #2900 (MI),3,2,0.9256,55.0,Alternative Supplier,Natural Disaster,Electronics
796,HIKMA PHARMACEUTICALS,KROGER PHARMACY #2900 (MI),3,3,1.0486,88.0,Alternative Supplier,Natural Disaster,Automotive
797,AMNEAL PHARMACEUTICALS LLC,WALGREENS #8617 (GA),3,1,0.8823,74.0,Alternative Supplier,Cyber Attack,Automotive
797,AMNEAL PHARMACEUTICALS LLC,WALGREENS #8617 (GA),3,2,0.9256,55.0,Alternative Supplier,Natural Disaster,Electronics
797,AMNEAL PHARMACEUTICALS LLC,WALGREENS #8617 (GA),3,3,1.0486,88.0,Alternative Supplier,Natural Disaster,Automotive
798,ABBOTT LABORATORIES,HARRIS TEETER PHARMACY #6063 (NC),1,1,0.0,22.0,Alternative Supplier,Geopolitical,Automotive
798,ABBOTT LABORATORIES,HARRIS TEETER PHARMACY #6063 (NC),1,2,0.0,10.0,Alternative Supplier,Factory Incident,Consumer Goods
798,ABBOTT LABORATORIES,HARRIS TEETER PHARMACY #6063 (NC),1,3,0.0,19.0,Alternative Supplier,Port Congestion,Consumer Goods
799,WATSON LABORATORIES INC,CVS PHARMACY #6755 (TN),2,1,1.7338,74.0,Alternative Supplier,Cyber Attack,Automotive
799,WATSON LABORATORIES INC,CVS PHARMACY #6755 (TN),2,2,1.7771,55.0,Alternative Supplier,Natural Disaster,Electronics
799,WATSON LABORATORIES INC,CVS PHARMACY #6755 (TN),2,3,1.9606,28.0,Alternative Supplier,Natural Disaster,Electronics
800,PAR PHARMACEUTICAL INC,SUNRISE PHARMACY #9094 (PA),2,1,1.7338,74.0,Alternative Supplier,Cyber Attack,Automotive
800,PAR PHARMACEUTICAL INC,SUNRISE PHARMACY #9094 (PA),2,2,1.7771,55.0,Alternative Supplier,Natural Disaster,Electronics
800,PAR PHARMACEUTICAL INC,SUNRISE PHARMACY #9094 (PA),2,3,1.9606,28.0,Alternative Supplier,Natural Disaster,Electronics
801,ENDO PHARMACEUTICALS INC,WINN-DIXIE PHARMACY #5416 (AL),2,1,0.0,12.0,Inventory Buffer,Port Congestion,Electronics
801,ENDO PHARMACEUTICALS INC,WINN-DIXIE PHARMACY #5416 (AL),2,2,0.0,104.0,Customer Delay,Geopolitical,Electronics
801,ENDO PHARMACEUTICALS INC,WINN-DIXIE PHARMACY #5416 (AL),2,3,0.0,68.0,Production Reroute,Labor Strike,Aerospace
802,SUN PHARMA GLOBAL INC,MAIN STREET PHARMACY #4501 (WV),2,1,1.7338,74.0,Alternative Supplier,Cyber Attack,Automotive
802,SUN PHARMA GLOBAL INC,MAIN STREET PHARMACY #4501 (WV),2,2,1.7771,55.0,Alternative Supplier,Natural Disaster,Electronics
802,SUN PHARMA GLOBAL INC,MAIN STREET PHARMACY #4501 (WV),2,3,1.9606,28.0,Alternative Supplier,Natural Disaster,Electronics
803,PAR PHARMACEUTICAL INC,HARRIS TEETER PHARMACY #4474 (IN),2,1,1.7338,74.0,Alternative Supplier,Cyber Attack,Automotive
803,PAR PHARMACEUTICAL INC,HARRIS TEETER PHARMACY #4474 (IN),2,2,1.7771,55.0,Alternative Supplier,Natural Disaster,Electronics
803,PAR PHARMACEUTICAL INC,HARRIS TEETER PHARMACY #4474 (IN),2,3,1.9606,28.0,Alternative Supplier,Natural Disaster,Electronics
804,JANSSEN PHARMACEUTICALS INC,PEOPLES PHARMACY #6594 (KY),2,1,1.7338,74.0,Alternative Supplier,Cyber Attack,Automotive
804,JANSSEN PHARMACEUTICALS INC,PEOPLES PHARMACY #6594 (KY),2,2,1.7771,55.0,Alternative Supplier,Natural Disaster,Electronics
804,JANSSEN PHARMACEUTICALS INC,PEOPLES PHARMACY #6594 (KY),2,3,1.9606,28.0,Alternative Supplier,Natural Disaster,Electronics
805,MALLINCKRODT LLC,KROGER PHARMACY #3100 (MI),2,1,1.7338,74.0,Alternative Supplier,Cyber Attack,Automotive
805,MALLINCKRODT LLC,KROGER PHARMACY #3100 (MI),2,2,1.7771,55.0,Alternative Supplier,Natural Disaster,Electronics
805,MALLINCKRODT LLC,KROGER PHARMACY #3100 (MI),2,3,1.9606,28.0,Alternative Supplier,Natural Disaster,Electronics
806,VINTAGE PHARMACEUTICALS LLC,HOMETOWN PHARMACY #4482 (KY),2,1,1.7338,74.0,Alternative Supplier,Cyber Attack,Automotive
806,VINTAGE PHARMACEUTICALS LLC,HOMETOWN PHARMACY #4482 (KY),2,2,1.7771,55.0,Alternative Supplier,Natural Disaster,Electronics
806,VINTAGE PHARMACEUTICALS LLC,HOMETOWN PHARMACY #4482 (KY),2,3,1.9606,28.0,Alternative Supplier,Natural Disaster,Electronics
807,LANNETT COMPANY INC,CVS PHARMACY #6965 (LA),3,1,0.8823,74.0,Alternative Supplier,Cyber Attack,Automotive
807,LANNETT COMPANY INC,CVS PHARMACY #6965 (LA),3,2,0.9256,55.0,Alternative Supplier,Natural Disaster,Electronics
807,LANNETT COMPANY INC,CVS PHARMACY #6965 (LA),3,3,1.0486,88.0,Alternative Supplier,Natural Disaster,Automotive
808,ABBOTT LABORATORIES,VILLAGE PHARMACY #9964 (OH),2,1,1.7338,74.0,Alternative Supplier,Cyber Attack,Automotive
808,ABBOTT LABORATORIES,VILLAGE PHARMACY #9964 (OH),2,2,1.7771,55.0,Alternative Supplier,Natural Disaster,Electronics
808,ABBOTT LABORATORIES,VILLAGE PHARMACY #9964 (OH),2,3,1.9606,28.0,Alternative Supplier,Natural Disaster,Electronics
809,SUN PHARMA GLOBAL INC,CVS PHARMACY #2504 (VA),2,1,1.7338,74.0,Alternative Supplier,Cyber Attack,Automotive
809,SUN PHARMA GLOBAL INC,CVS PHARMACY #2504 (VA),2,2,1.7771,55.0,Alternative Supplier,Natural Disaster,Electronics
809,SUN PHARMA GLOBAL INC,CVS PHARMACY #2504 (VA),2,3,1.9606,28.0,Alternative Supplier,Natural Disaster,Electronics
810,PAR PHARMACEUTICAL INC,WINN-DIXIE PHARMACY #1542 (VT),2,1,0.0,58.0,Inventory Buffer,Factory Incident,Automotive
810,PAR PHARMACEUTICAL INC,WINN-DIXIE PHARMACY #1542 (VT),2,2,0.0,60.0,Alternative Supplier,Labor Strike,Automotive
810,PAR PHARMACEUTICAL INC,WINN-DIXIE PHARMACY #1542 (VT),2,3,0.0,57.0,Production Reroute,Natural Disaster,Automotive
811,WATSON LABORATORIES INC,CVS PHARMACY #9746 (TN),2,1,1.7338,74.0,Alternative Supplier,Cyber Attack,Automotive
811,WATSON LABORATORIES INC,CVS PHARMACY #9746 (TN),2,2,1.7771,55.0,Alternative Supplier,Natural Disaster,Electronics
811,WATSON LABORATORIES INC,CVS PHARMACY #9746 (TN),2,3,1.9606,28.0,Alternative Supplier,Natural Disaster,Electronics
812,MYLAN PHARMACEUTICALS INC,SUNRISE PHARMACY #8787 (TN),3,1,0.8823,74.0,Alternative Supplier,Cyber Attack,Automotive
812,MYLAN PHARMACEUTICALS INC,SUNRISE PHARMACY #8787 (TN),3,2,0.9256,55.0,Alternative Supplier,Natural Disaster,Electronics
812,MYLAN PHARMACEUTICALS INC,SUNRISE PHARMACY #8787 (TN),3,3,1.0486,88.0,Alternative Supplier,Natural Disaster,Automotive
813,HIKMA PHARMACEUTICALS,CVS PHARMACY #5523 (NC),2,1,1.7338,74.0,Alternative Supplier,Cyber Attack,Automotive
813,HIKMA PHARMACEUTICALS,CVS PHARMACY #5523 (NC),2,2,1.7771,55.0,Alternative Supplier,Natural Disaster,Electronics
813,HIKMA PHARMACEUTICALS,CVS PHARMACY #5523 (NC),2,3,1.9606,28.0,Alternative Supplier,Natural Disaster,Electronics
814,IMPAX LABORATORIES INC,CVS PHARMACY #3954 (OH),3,1,0.8823,74.0,Alternative Supplier,Cyber Attack,Automotive
814,IMPAX LABORATORIES INC,CVS PHARMACY #3954 (OH),3,2,0.9256,55.0,Alternative Supplier,Natural Disaster,Electronics
814,IMPAX LABORATORIES INC,CVS PHARMACY #3954 (OH),3,3,1.0486,88.0,Alternative Supplier,Natural Disaster,Automotive
815,SANDOZ INC,FAMILY CARE PHARMACY #5952 (MI),2,1,1.7338,74.0,Alternative Supplier,Cyber Attack,Automotive
815,SANDOZ INC,FAMILY CARE PHARMACY #5952 (MI),2,2,1.7771,55.0,Alternative Supplier,Natural Disaster,Electronics
815,SANDOZ INC,FAMILY CARE PHARMACY #5952 (MI),2,3,1.9606,28.0,Alternative Supplier,Natural Disaster,Electronics
816,MALLINCKRODT LLC,WALMART PHARMACY #1108 (WV),2,1,1.7338,74.0,Alternative Supplier,Cyber Attack,Automotive
816,MALLINCKRODT LLC,WALMART PHARMACY #1108 (WV),2,2,1.7771,55.0,Alternative Supplier,Natural Disaster,Electronics
816,MALLINCKRODT LLC,WALMART PHARMACY #1108 (WV),2,3,1.9606,28.0,Alternative Supplier,Natural Disaster,Electronics
817,PAR PHARMACEUTICAL INC,MEDICO PHARMACY #9307 (VA),2,1,1.7338,74.0,Alternative Supplier,Cyber Attack,Automotive
817,PAR PHARMACEUTICAL INC,MEDICO PHARMACY #9307 (VA),2,2,1.7771,55.0,Alternative Supplier,Natural Disaster,Electronics
817,PAR PHARMACEUTICAL INC,MEDICO PHARMACY #9307 (VA),2,3,1.9606,28.0,Alternative Supplier,Natural Disaster,Electronics
818,MALLINCKRODT LLC,PUBLIX PHARMACY #2055 (NC),2,1,0.0,61.0,Alternative Supplier,Natural Disaster,Electronics
818,MALLINCKRODT LLC,PUBLIX PHARMACY #2055 (NC),2,2,0.0,64.0,Production Reroute,Port Congestion,Electronics
818,MALLINCKRODT LLC,PUBLIX PHARMACY #2055 (NC),2,3,0.0,24.0,Alternative Supplier,Cyber Attack,Consumer Goods
819,WATSON LABORATORIES INC,MEDICO PHARMACY #8978 (MI),2,1,1.7338,74.0,Alternative Supplier,Cyber Attack,Automotive
819,WATSON LABORATORIES INC,MEDICO PHARMACY #8978 (MI),2,2,1.7771,55.0,Alternative Supplier,Natural Disaster,Electronics
819,WATSON LABORATORIES INC,MEDICO PHARMACY #8978 (MI),2,3,1.9606,28.0,Alternative Supplier,Natural Disaster,Electronics
820,SANDOZ INC,MAIN STREET PHARMACY #7581 (LA),2,1,1.7338,74.0,Alternative Supplier,Cyber Attack,Automotive
820,SANDOZ INC,MAIN STREET PHARMACY #7581 (LA),2,2,1.7771,55.0,Alternative Supplier,Natural Disaster,Electronics
820,SANDOZ INC,MAIN STREET PHARMACY #7581 (LA),2,3,1.9606,28.0,Alternative Supplier,Natural Disaster,Electronics
821,MYLAN PHARMACEUTICALS INC,HOMETOWN PHARMACY #6387 (NC),2,1,0.0,48.0,Alternative Supplier,Labor Strike,Electronics
821,MYLAN PHARMACEUTICALS INC,HOMETOWN PHARMACY #6387 (NC),2,2,0.0,36.0,Alternative Supplier,Factory Incident,Automotive
821,MYLAN PHARMACEUTICALS INC,HOMETOWN PHARMACY #6387 (NC),2,3,0.0,12.0,Inventory Buffer,Cyber Attack,Consumer Goods
822,SANDOZ INC,WINN-DIXIE PHARMACY #3643 (MI),2,1,1.7338,74.0,Alternative Supplier,Cyber Attack,Automotive
822,SANDOZ INC,WINN-DIXIE PHARMACY #3643 (MI),2,2,1.7771,55.0,Alternative Supplier,Natural Disaster,Electronics
822,SANDOZ INC,WINN-DIXIE PHARMACY #3643 (MI),2,3,1.9606,28.0,Alternative Supplier,Natural Disaster,Electronics
823,WATSON LABORATORIES INC,MAIN STREET PHARMACY #4501 (WV),2,1,1.7338,74.0,Alternative Supplier,Cyber Attack,Automotive
823,WATSON LABORATORIES INC,MAIN STREET PHARMACY #4501 (WV),2,2,1.7771,55.0,Alternative Supplier,Natural Disaster,Electronics
823,WATSON LABORATORIES INC,MAIN STREET PHARMACY #4501 (WV),2,3,1.9606,28.0,Alternative Supplier,Natural Disaster,Electronics
824,PAR PHARMACEUTICAL INC,PUBLIX PHARMACY #1528 (VA),2,1,1.7338,74.0,Alternative Supplier,Cyber Attack,Automotive
824,PAR PHARMACEUTICAL INC,PUBLIX PHARMACY #1528 (VA),2,2,1.7771,55.0,Alternative Supplier,Natural Disaster,Electronics
824,PAR PHARMACEUTICAL INC,PUBLIX PHARMACY #1528 (VA),2,3,1.9606,28.0,Alternative Supplier,Natural Disaster,Electronics
825,VINTAGE PHARMACEUTICALS LLC,KROGER PHARMACY #5322 (OH),2,1,1.7338,74.0,Alternative Supplier,Cyber Attack,Automotive
825,VINTAGE PHARMACEUTICALS LLC,KROGER PHARMACY #5322 (OH),2,2,1.7771,55.0,Alternative Supplier,Natural Disaster,Electronics
825,VINTAGE PHARMACEUTICALS LLC,KROGER PHARMACY #5322 (OH),2,3,1.9606,28.0,Alternative Supplier,Natural Disaster,Electronics
826,MALLINCKRODT LLC,CVS PHARMACY #6838 (TN),3,1,0.8823,74.0,Alternative Supplier,Cyber Attack,Automotive
826,MALLINCKRODT LLC,CVS PHARMACY #6838 (TN),3,2,0.9256,55.0,Alternative Supplier,Natural Disaster,Electronics
826,MALLINCKRODT LLC,CVS PHARMACY #6838 (TN),3,3,1.0486,88.0,Alternative Supplier,Natural Disaster,Automotive
827,ACTAVIS PHARMA INC,PEOPLES PHARMACY #6007 (WV),3,1,0.2167,74.0,Alternative Supplier,Cyber Attack,Automotive
827,ACTAVIS PHARMA INC,PEOPLES PHARMACY #6007 (WV),3,2,0.2384,55.0,Alternative Supplier,Natural Disaster,Electronics
827,ACTAVIS PHARMA INC,PEOPLES PHARMACY #6007 (WV),3,3,0.3356,28.0,Alternative Supplier,Natural Disaster,Electronics
828,AMNEAL PHARMACEUTICALS LLC,MEDICO PHARMACY #1923 (IA),2,1,1.7338,74.0,Alternative Supplier,Cyber Attack,Automotive
828,AMNEAL PHARMACEUTICALS LLC,MEDICO PHARMACY #1923 (IA),2,2,1.7771,55.0,Alternative Supplier,Natural Disaster,Electronics
828,AMNEAL PHARMACEUTICALS LLC,MEDICO PHARMACY #1923 (IA),2,3,1.9606,28.0,Alternative Supplier,Natural Disaster,Electronics
829,WATSON LABORATORIES INC,MEDICO PHARMACY #1621 (MI),2,1,1.7338,74.0,Alternative Supplier,Cyber Attack,Automotive
829,WATSON LABORATORIES INC,MEDICO PHARMACY #1621 (MI),2,2,1.7771,55.0,Alternative Supplier,Natural Disaster,Electronics
829,WATSON LABORATORIES INC,MEDICO PHARMACY #1621 (MI),2,3,1.9606,28.0,Alternative Supplier,Natural Disaster,Electronics
830,ENDO PHARMACEUTICALS INC,SUNRISE PHARMACY #9538 (OH),2,1,1.7338,74.0,Alternative Supplier,Cyber Attack,Automotive
830,ENDO PHARMACEUTICALS INC,SUNRISE PHARMACY #9538 (OH),2,2,1.7771,55.0,Alternative Supplier,Natural Disaster,Electronics
830,ENDO PHARMACEUTICALS INC,SUNRISE PHARMACY #9538 (OH),2,3,1.9606,28.0,Alternative Supplier,Natural Disaster,Electronics
831,ACTAVIS PHARMA INC,PUBLIX PHARMACY #2234 (VA),2,1,1.7338,74.0,Alternative Supplier,Cyber Attack,Automotive
831,ACTAVIS PHARMA INC,PUBLIX PHARMACY #2234 (VA),2,2,1.7771,55.0,Alternative Supplier,Natural Disaster,Electronics
831,ACTAVIS PHARMA INC,PUBLIX PHARMACY #2234 (VA),2,3,1.9606,28.0,Alternative Supplier,Natural Disaster,Electronics
832,QUALITEST PHARMACEUTICALS,CORNER DRUG STORE #9661 (KY),2,1,1.7338,74.0,Alternative Supplier,Cyber Attack,Automotive
832,QUALITEST PHARMACEUTICALS,CORNER DRUG STORE #9661 (KY),2,2,1.7771,55.0,Alternative Supplier,Natural Disaster,Electronics
832,QUALITEST PHARMACEUTICALS,CORNER DRUG STORE #9661 (KY),2,3,1.9606,28.0,Alternative Supplier,Natural Disaster,Electronics
833,RHODES TECHNOLOGIES,HOMETOWN PHARMACY #2773 (SD),2,1,1.7338,74.0,Alternative Supplier,Cyber Attack,Automotive
833,RHODES TECHNOLOGIES,HOMETOWN PHARMACY #2773 (SD),2,2,1.7771,55.0,Alternative Supplier,Natural Disaster,Electronics
833,RHODES TECHNOLOGIES,HOMETOWN PHARMACY #2773 (SD),2,3,1.9606,28.0,Alternative Supplier,Natural Disaster,Electronics
834,WATSON LABORATORIES INC,WALMART PHARMACY #2320 (VA),1,1,0.0,14.0,Alternative Supplier,Port Congestion,Automotive
834,WATSON LABORATORIES INC,WALMART PHARMACY #2320 (VA),1,2,0.0,23.0,Alternative Supplier,Labor Strike,Automotive
834,WATSON LABORATORIES INC,WALMART PHARMACY #2320 (VA),1,3,0.0,39.0,Customer Delay,Port Congestion,Automotive
835,ENDO PHARMACEUTICALS INC,HARRIS TEETER PHARMACY #5008 (MA),2,1,1.7338,74.0,Alternative Supplier,Cyber Attack,Automotive
835,ENDO PHARMACEUTICALS INC,HARRIS TEETER PHARMACY #5008 (MA),2,2,1.7771,55.0,Alternative Supplier,Natural Disaster,Electronics
835,ENDO PHARMACEUTICALS INC,HARRIS TEETER PHARMACY #5008 (MA),2,3,1.9606,28.0,Alternative Supplier,Natural Disaster,Electronics
836,CADISTA PHARMACEUTICALS INC,HEALTH MART PHARMACY #5593 (KY),3,1,0.8823,74.0,Alternative Supplier,Cyber Attack,Automotive
836,CADISTA PHARMACEUTICALS INC,HEALTH MART PHARMACY #5593 (KY),3,2,0.9256,55.0,Alternative Supplier,Natural Disaster,Electronics
836,CADISTA PHARMACEUTICALS INC,HEALTH MART PHARMACY #5593 (KY),3,3,1.0486,88.0,Alternative Supplier,Natural Disaster,Automotive
837,PAR PHARMACEUTICAL INC,GOOD NEIGHBOR PHARMACY #4375 (OH),2,1,1.7338,74.0,Alternative Supplier,Cyber Attack,Automotive
837,PAR PHARMACEUTICAL INC,GOOD NEIGHBOR PHARMACY #4375 (OH),2,2,1.7771,55.0,Alternative Supplier,Natural Disaster,Electronics
837,PAR PHARMACEUTICAL INC,GOOD NEIGHBOR PHARMACY #4375 (OH),2,3,1.9606,28.0,Alternative Supplier,Natural Disaster,Electronics
838,ENDO PHARMACEUTICALS INC,HARRIS TEETER PHARMACY #3473 (WV),2,1,0.0023,64.0,Alternative Supplier,Cyber Attack,Automotive
838,ENDO PHARMACEUTICALS INC,HARRIS TEETER PHARMACY #3473 (WV),2,2,0.0023,64.0,Alternative Supplier,Labor Strike,Electronics
838,ENDO PHARMACEUTICALS INC,HARRIS TEETER PHARMACY #3473 (WV),2,3,0.0023,17.0,Alternative Supplier,Geopolitical,Pharmaceuticals
839,ENDO PHARMACEUTICALS INC,MEDICO PHARMACY #4239 (VT),3,1,0.0,83.0,Production Reroute,Natural Disaster,Consumer Goods
839,ENDO PHARMACEUTICALS INC,MEDICO PHARMACY #4239 (VT),3,2,0.0,148.0,Production Reroute,Cyber Attack,Electronics
839,ENDO PHARMACEUTICALS INC,MEDICO PHARMACY #4239 (VT),3,3,0.0,167.0,Production Reroute,Cyber Attack,Electronics
840,PAR PHARMACEUTICAL INC,GOOD NEIGHBOR PHARMACY #6272 (NC),2,1,0.0,26.0,Alternative Supplier,Natural Disaster,Consumer Goods
840,PAR PHARMACEUTICAL INC,GOOD NEIGHBOR PHARMACY #6272 (NC),2,2,0.0,38.0,Alternative Supplier,Geopolitical,Consumer Goods
840,PAR PHARMACEUTICAL INC,GOOD NEIGHBOR PHARMACY #6272 (NC),2,3,0.0,30.0,Alternative Supplier,Factory Incident,Consumer Goods
841,MALLINCKRODT LLC,MAIN STREET PHARMACY #2855 (IN),2,1,1.7338,74.0,Alternative Supplier,Cyber Attack,Automotive
841,MALLINCKRODT LLC,MAIN STREET PHARMACY #2855 (IN),2,2,1.7771,55.0,Alternative Supplier,Natural Disaster,Electronics
841,MALLINCKRODT LLC,MAIN STREET PHARMACY #2855 (IN),2,3,1.9606,28.0,Alternative Supplier,Natural Disaster,Electronics
842,SANDOZ INC,SUNRISE PHARMACY #7243 (WV),2,1,0.0,37.0,Alternative Supplier,Port Congestion,Electronics
842,SANDOZ INC,SUNRISE PHARMACY #7243 (WV),2,2,0.0,71.0,Production Reroute,Port Congestion,Automotive
842,SANDOZ INC,SUNRISE PHARMACY #7243 (WV),2,3,0.0,13.0,Alternative Supplier,Factory Incident,Electronics
843,SUN PHARMA GLOBAL INC,PEOPLES PHARMACY #2912 (WV),3,1,0.8823,74.0,Alternative Supplier,Cyber Attack,Automotive
843,SUN PHARMA GLOBAL INC,PEOPLES PHARMACY #2912 (WV),3,2,0.9256,55.0,Alternative Supplier,Natural Disaster,Electronics
843,SUN PHARMA GLOBAL INC,PEOPLES PHARMACY #2912 (WV),3,3,1.0486,88.0,Alternative Supplier,Natural Disaster,Automotive
844,MYLAN PHARMACEUTICALS INC,HOMETOWN PHARMACY #4342 (MI),1,1,0.0,21.0,Customer Delay,Geopolitical,Consumer Goods
844,MYLAN PHARMACEUTICALS INC,HOMETOWN PHARMACY #4342 (MI),1,2,0.0,53.0,Customer Delay,Port Congestion,Consumer Goods
844,MYLAN PHARMACEUTICALS INC,HOMETOWN PHARMACY #4342 (MI),1,3,0.0,73.0,Customer Delay,Geopolitical,Electronics
845,MYLAN PHARMACEUTICALS INC,RITE AID #4103 (MS),2,1,1.7338,74.0,Alternative Supplier,Cyber Attack,Automotive
845,MYLAN PHARMACEUTICALS INC,RITE AID #4103 (MS),2,2,1.7771,55.0,Alternative Supplier,Natural Disaster,Electronics
845,MYLAN PHARMACEUTICALS INC,RITE AID #4103 (MS),2,3,1.9606,28.0,Alternative Supplier,Natural Disaster,Electronics
846,JANSSEN PHARMACEUTICALS INC,PUBLIX PHARMACY #6736 (TN),1,1,0.0,17.0,Alternative Supplier,Port Congestion,Automotive
846,JANSSEN PHARMACEUTICALS INC,PUBLIX PHARMACY #6736 (TN),1,2,0.0,30.0,Customer Delay,Geopolitical,Pharmaceuticals
846,JANSSEN PHARMACEUTICALS INC,PUBLIX PHARMACY #6736 (TN),1,3,0.0,10.0,Customer Delay,Port Congestion,Electronics
847,JANSSEN PHARMACEUTICALS INC,CVS PHARMACY #9428 (AK),1,1,0.0025,29.0,Alternative Supplier,Natural Disaster,Electronics
847,JANSSEN PHARMACEUTICALS INC,CVS PHARMACY #9428 (AK),1,2,0.0025,36.0,Alternative Supplier,Port Congestion,Pharmaceuticals
847,JANSSEN PHARMACEUTICALS INC,CVS PHARMACY #9428 (AK),1,3,0.0025,22.0,Production Reroute,Port Congestion,Consumer Goods
848,SANDOZ INC,SUNRISE PHARMACY #7243 (WV),3,1,0.0009,74.0,Alternative Supplier,Cyber Attack,Automotive
848,SANDOZ INC,SUNRISE PHARMACY #7243 (WV),3,2,0.0029,55.0,Alternative Supplier,Natural Disaster,Electronics
848,SANDOZ INC,SUNRISE PHARMACY #7243 (WV),3,3,0.0209,28.0,Alternative Supplier,Natural Disaster,Electronics
849,HIKMA PHARMACEUTICALS,MAIN STREET PHARMACY #2855 (IN),3,1,0.8823,74.0,Alternative Supplier,Cyber Attack,Automotive
849,HIKMA PHARMACEUTICALS,MAIN STREET PHARMACY #2855 (IN),3,2,0.9256,55.0,Alternative Supplier,Natural Disaster,Electronics
849,HIKMA PHARMACEUTICALS,MAIN STREET PHARMACY #2855 (IN),3,3,1.0486,88.0,Alternative Supplier,Natural Disaster,Automotive
850,SUN PHARMA GLOBAL INC,KROGER PHARMACY #6683 (OH),2,1,1.7338,74.0,Alternative Supplier,Cyber Attack,Automotive
850,SUN PHARMA GLOBAL INC,KROGER PHARMACY #6683 (OH),2,2,1.7771,55.0,Alternative Supplier,Natural Disaster,Electronics
850,SUN PHARMA GLOBAL INC,KROGER PHARMACY #6683 (OH),2,3,1.9606,28.0,Alternative Supplier,Natural Disaster,Electronics
851,IMPAX LABORATORIES INC,QUALITY CARE PHARMACY #2449 (MD),2,1,0.0,92.0,Combined Strategy,Geopolitical,Aerospace
851,IMPAX LABORATORIES INC,QUALITY CARE PHARMACY #2449 (MD),2,2,0.0,94.0,Alternative Supplier,Labor Strike,Consumer Goods
851,IMPAX LABORATORIES INC,QUALITY CARE PHARMACY #2449 (MD),2,3,0.0,89.0,Production Reroute,Port Congestion,Automotive
852,IMPAX LABORATORIES INC,QUALITY CARE PHARMACY #9242 (KY),2,1,1.7338,74.0,Alternative Supplier,Cyber Attack,Automotive
852,IMPAX LABORATORIES INC,QUALITY CARE PHARMACY #9242 (KY),2,2,1.7771,55.0,Alternative Supplier,Natural Disaster,Electronics
852,IMPAX LABORATORIES INC,QUALITY CARE PHARMACY #9242 (KY),2,3,1.9606,28.0,Alternative Supplier,Natural Disaster,Electronics
853,JANSSEN PHARMACEUTICALS INC,RITE AID #5277 (TX),2,1,1.7338,74.0,Alternative Supplier,Cyber Attack,Automotive
853,JANSSEN PHARMACEUTICALS INC,RITE AID #5277 (TX),2,2,1.7771,55.0,Alternative Supplier,Natural Disaster,Electronics
853,JANSSEN PHARMACEUTICALS INC,RITE AID #5277 (TX),2,3,1.9606,28.0,Alternative Supplier,Natural Disaster,Electronics
854,TEVA PHARMACEUTICALS USA INC,CVS PHARMACY #2408 (IN),3,1,0.8823,74.0,Alternative Supplier,Cyber Attack,Automotive
854,TEVA PHARMACEUTICALS USA INC,CVS PHARMACY #2408 (IN),3,2,0.9256,55.0,Alternative Supplier,Natural Disaster,Electronics
854,TEVA PHARMACEUTICALS USA INC,CVS PHARMACY #2408 (IN),3,3,1.0486,88.0,Alternative Supplier,Natural Disaster,Automotive
855,RHODES TECHNOLOGIES,HOMETOWN PHARMACY #2766 (WV),3,1,0.8823,74.0,Alternative Supplier,Cyber Attack,Automotive
855,RHODES TECHNOLOGIES,HOMETOWN PHARMACY #2766 (WV),3,2,0.9256,55.0,Alternative Supplier,Natural Disaster,Electronics
855,RHODES TECHNOLOGIES,HOMETOWN PHARMACY #2766 (WV),3,3,1.0486,88.0,Alternative Supplier,Natural Disaster,Automotive
856,JANSSEN PHARMACEUTICALS INC,MEDICO PHARMACY #6767 (NC),3,1,0.0014,86.0,Alternative Supplier,Port Congestion,Automotive
856,JANSSEN PHARMACEUTICALS INC,MEDICO PHARMACY #6767 (NC),3,2,0.0022,28.0,Alternative Supplier,Natural Disaster,Electronics
856,JANSSEN PHARMACEUTICALS INC,MEDICO PHARMACY #6767 (NC),3,3,0.0037,29.0,Inventory Buffer,Port Congestion,Consumer Goods
857,TEVA PHARMACEUTICALS USA INC,PEOPLES PHARMACY #2660 (NC),2,1,0.0,39.0,Alternative Supplier,Port Congestion,Electronics
857,TEVA PHARMACEUTICALS USA INC,PEOPLES PHARMACY #2660 (NC),2,2,0.0,75.0,Production Reroute,Cyber Attack,Pharmaceuticals
857,TEVA PHARMACEUTICALS USA INC,PEOPLES PHARMACY #2660 (NC),2,3,0.0,70.0,Customer Delay,Factory Incident,Automotive
858,MALLINCKRODT LLC,MAIN STREET PHARMACY #2094 (KY),3,1,0.8823,74.0,Alternative Supplier,Cyber Attack,Automotive
858,MALLINCKRODT LLC,MAIN STREET PHARMACY #2094 (KY),3,2,0.9256,55.0,Alternative Supplier,Natural Disaster,Electronics
858,MALLINCKRODT LLC,MAIN STREET PHARMACY #2094 (KY),3,3,1.0486,88.0,Alternative Supplier,Natural Disaster,Automotive
859,HIKMA PHARMACEUTICALS,PEOPLES PHARMACY #2132 (MO),2,1,1.7338,74.0,Alternative Supplier,Cyber Attack,Automotive
859,HIKMA PHARMACEUTICALS,PEOPLES PHARMACY #2132 (MO),2,2,1.7771,55.0,Alternative Supplier,Natural Disaster,Electronics
859,HIKMA PHARMACEUTICALS,PEOPLES PHARMACY #2132 (MO),2,3,1.9606,28.0,Alternative Supplier,Natural Disaster,Electronics
860,JANSSEN PHARMACEUTICALS INC,KROGER PHARMACY #1497 (PA),2,1,1.7338,74.0,Alternative Supplier,Cyber Attack,Automotive
860,JANSSEN PHARMACEUTICALS INC,KROGER PHARMACY #1497 (PA),2,2,1.7771,55.0,Alternative Supplier,Natural Disaster,Electronics
860,JANSSEN PHARMACEUTICALS INC,KROGER PHARMACY #1497 (PA),2,3,1.9606,28.0,Alternative Supplier,Natural Disaster,Electronics
861,SANDOZ INC,CVS PHARMACY #9401 (NY),3,1,0.0949,69.0,Customer Delay,Cyber Attack,Automotive
861,SANDOZ INC,CVS PHARMACY #9401 (NY),3,2,0.1171,172.0,Combined Strategy,Natural Disaster,Automotive
861,SANDOZ INC,CVS PHARMACY #9401 (NY),3,3,0.1639,77.0,Inventory Buffer,Port Congestion,Electronics
862,ACTAVIS PHARMA INC,MEDICO PHARMACY #8978 (MI),2,1,1.7338,74.0,Alternative Supplier,Cyber Attack,Automotive
862,ACTAVIS PHARMA INC,MEDICO PHARMACY #8978 (MI),2,2,1.7771,55.0,Alternative Supplier,Natural Disaster,Electronics
862,ACTAVIS PHARMA INC,MEDICO PHARMACY #8978 (MI),2,3,1.9606,28.0,Alternative Supplier,Natural Disaster,Electronics
863,AMNEAL PHARMACEUTICALS LLC,GOOD NEIGHBOR PHARMACY #4375 (OH),2,1,1.7338,74.0,Alternative Supplier,Cyber Attack,Automotive
863,AMNEAL PHARMACEUTICALS LLC,GOOD NEIGHBOR PHARMACY #4375 (OH),2,2,1.7771,55.0,Alternative Supplier,Natural Disaster,Electronics
863,AMNEAL PHARMACEUTICALS LLC,GOOD NEIGHBOR PHARMACY #4375 (OH),2,3,1.9606,28.0,Alternative Supplier,Natural Disaster,Electronics
864,QUALITEST PHARMACEUTICALS,CORNER DRUG STORE #3604 (VA),3,1,0.8823,74.0,Alternative Supplier,Cyber Attack,Automotive
864,QUALITEST PHARMACEUTICALS,CORNER DRUG STORE #3604 (VA),3,2,0.9256,55.0,Alternative Supplier,Natural Disaster,Electronics
864,QUALITEST PHARMACEUTICALS,CORNER DRUG STORE #3604 (VA),3,3,1.0486,88.0,Alternative Supplier,Natural Disaster,Automotive
865,MYLAN PHARMACEUTICALS INC,SUNRISE PHARMACY #8999 (NC),2,1,0.0,67.0,Inventory Buffer,Natural Disaster,Automotive
865,MYLAN PHARMACEUTICALS INC,SUNRISE PHARMACY #8999 (NC),2,2,0.0,57.0,Production Reroute,Natural Disaster,Consumer Goods
865,MYLAN PHARMACEUTICALS INC,SUNRISE PHARMACY #8999 (NC),2,3,0.0,28.0,Alternative Supplier,Geopolitical,Consumer Goods
866,IMPAX LABORATORIES INC,FAMILY CARE PHARMACY #9927 (AK),2,1,0.0,41.0,Customer Delay,Port Congestion,Electronics
866,IMPAX LABORATORIES INC,FAMILY CARE PHARMACY #9927 (AK),2,2,0.0,73.0,Production Reroute,Geopolitical,Automotive
866,IMPAX LABORATORIES INC,FAMILY CARE PHARMACY #9927 (AK),2,3,0.0,108.0,Production Reroute,Geopolitical,Electronics
867,MALLINCKRODT LLC,GOOD NEIGHBOR PHARMACY #8533 (OH),2,1,1.7338,74.0,Alternative Supplier,Cyber Attack,Automotive
867,MALLINCKRODT LLC,GOOD NEIGHBOR PHARMACY #8533 (OH),2,2,1.7771,55.0,Alternative Supplier,Natural Disaster,Electronics
867,MALLINCKRODT LLC,GOOD NEIGHBOR PHARMACY #8533 (OH),2,3,1.9606,28.0,Alternative Supplier,Natural Disaster,Electronics
868,HIKMA PHARMACEUTICALS,COMMUNITY PHARMACY #9334 (IN),3,1,0.8823,74.0,Alternative Supplier,Cyber Attack,Automotive
868,HIKMA PHARMACEUTICALS,COMMUNITY PHARMACY #9334 (IN),3,2,0.9256,55.0,Alternative Supplier,Natural Disaster,Electronics
868,HIKMA PHARMACEUTICALS,COMMUNITY PHARMACY #9334 (IN),3,3,1.0486,88.0,Alternative Supplier,Natural Disaster,Automotive
869,ABBOTT LABORATORIES,HARRIS TEETER PHARMACY #6758 (NC),2,1,0.0,27.0,Alternative Supplier,Factory Incident,Pharmaceuticals
869,ABBOTT LABORATORIES,HARRIS TEETER PHARMACY #6758 (NC),2,2,0.0,26.0,Alternative Supplier,Labor Strike,Consumer Goods
869,ABBOTT LABORATORIES,HARRIS TEETER PHARMACY #6758 (NC),2,3,0.0,61.0,Alternative Supplier,Port Congestion,Electronics
870,JANSSEN PHARMACEUTICALS INC,QUALITY CARE PHARMACY #3409 (ND),2,1,1.7338,74.0,Alternative Supplier,Cyber Attack,Automotive
870,JANSSEN PHARMACEUTICALS INC,QUALITY CARE PHARMACY #3409 (ND),2,2,1.7771,55.0,Alternative Supplier,Natural Disaster,Electronics
870,JANSSEN PHARMACEUTICALS INC,QUALITY CARE PHARMACY #3409 (ND),2,3,1.9606,28.0,Alternative Supplier,Natural Disaster,Electronics
871,AMNEAL PHARMACEUTICALS LLC,VILLAGE PHARMACY #7086 (IN),2,1,1.7338,74.0,Alternative Supplier,Cyber Attack,Automotive
871,AMNEAL PHARMACEUTICALS LLC,VILLAGE PHARMACY #7086 (IN),2,2,1.7771,55.0,Alternative Supplier,Natural Disaster,Electronics
871,AMNEAL PHARMACEUTICALS LLC,VILLAGE PHARMACY #7086 (IN),2,3,1.9606,28.0,Alternative Supplier,Natural Disaster,Electronics
872,IMPAX LABORATORIES INC,FAMILY CARE PHARMACY #9927 (AK),2,1,0.0,23.0,Inventory Buffer,Labor Strike,Automotive
872,IMPAX LABORATORIES INC,FAMILY CARE PHARMACY #9927 (AK),2,2,0.0,37.0,Combined Strategy,Labor Strike,Electronics
872,IMPAX LABORATORIES INC,FAMILY CARE PHARMACY #9927 (AK),2,3,0.0,52.0,Production Reroute,Factory Incident,Consumer Goods
873,SANDOZ INC,HOMETOWN PHARMACY #2774 (SC),1,1,0.0,34.0,Customer Delay,Natural Disaster,Electronics
873,SANDOZ INC,HOMETOWN PHARMACY #2774 (SC),1,2,0.0,43.0,Customer Delay,Port Congestion,Automotive
873,SANDOZ INC,HOMETOWN PHARMACY #2774 (SC),1,3,0.0,13.0,Alternative Supplier,Labor Strike,Automotive
874,ACTAVIS PHARMA INC,WALGREENS #3575 (OH),2,1,1.7338,74.0,Alternative Supplier,Cyber Attack,Automotive
874,ACTAVIS PHARMA INC,WALGREENS #3575 (OH),2,2,1.7771,55.0,Alternative Supplier,Natural Disaster,Electronics
874,ACTAVIS PHARMA INC,WALGREENS #3575 (OH),2,3,1.9606,28.0,Alternative Supplier,Natural Disaster,Electronics
875,MYLAN PHARMACEUTICALS INC,HOMETOWN PHARMACY #6387 (NC),2,1,0.0,58.0,Alternative Supplier,Cyber Attack,Electronics
875,MYLAN PHARMACEUTICALS INC,HOMETOWN PHARMACY #6387 (NC),2,2,0.0,47.0,Alternative Supplier,Natural Disaster,Pharmaceuticals
875,MYLAN PHARMACEUTICALS INC,HOMETOWN PHARMACY #6387 (NC),2,3,0.0,27.0,Production Reroute,Natural Disaster,Automotive
876,VINTAGE PHARMACEUTICALS LLC,GOOD NEIGHBOR PHARMACY #7155 (GA),3,1,0.0,77.0,Production Reroute,Cyber Attack,Consumer Goods
876,VINTAGE PHARMACEUTICALS LLC,GOOD NEIGHBOR PHARMACY #7155 (GA),3,2,0.0,188.0,Production Reroute,Port Congestion,Pharmaceuticals
876,VINTAGE PHARMACEUTICALS LLC,GOOD NEIGHBOR PHARMACY #7155 (GA),3,3,0.0,205.0,Alternative Supplier,Cyber Attack,Electronics
877,QUALITEST PHARMACEUTICALS,RITE AID #3349 (TN),2,1,1.7338,74.0,Alternative Supplier,Cyber Attack,Automotive
877,QUALITEST PHARMACEUTICALS,RITE AID #3349 (TN),2,2,1.7771,55.0,Alternative Supplier,Natural Disaster,Electronics
877,QUALITEST PHARMACEUTICALS,RITE AID #3349 (TN),2,3,1.9606,28.0,Alternative Supplier,Natural Disaster,Electronics
878,CADISTA PHARMACEUTICALS INC,WALGREENS #9697 (VA),2,1,1.7338,74.0,Alternative Supplier,Cyber Attack,Automotive
878,CADISTA PHARMACEUTICALS INC,WALGREENS #9697 (VA),2,2,1.7771,55.0,Alternative Supplier,Natural Disaster,Electronics
878,CADISTA PHARMACEUTICALS INC,WALGREENS #9697 (VA),2,3,1.9606,28.0,Alternative Supplier,Natural Disaster,Electronics
879,VINTAGE PHARMACEUTICALS LLC,SUNRISE PHARMACY #1866 (GA),2,1,0.0,30.0,Alternative Supplier,Geopolitical,Consumer Goods
879,VINTAGE PHARMACEUTICALS LLC,SUNRISE PHARMACY #1866 (GA),2,2,0.0,163.0,Customer Delay,Port Congestion,Automotive
879,VINTAGE PHARMACEUTICALS LLC,SUNRISE PHARMACY #1866 (GA),2,3,0.0,86.0,Alternative Supplier,Geopolitical,Automotive
880,ABBOTT LABORATORIES,CORNER DRUG STORE #2236 (KY),2,1,1.7338,74.0,Alternative Supplier,Cyber Attack,Automotive
880,ABBOTT LABORATORIES,CORNER DRUG STORE #2236 (KY),2,2,1.7771,55.0,Alternative Supplier,Natural Disaster,Electronics
880,ABBOTT LABORATORIES,CORNER DRUG STORE #2236 (KY),2,3,1.9606,28.0,Alternative Supplier,Natural Disaster,Electronics
881,MYLAN PHARMACEUTICALS INC,SUNRISE PHARMACY #8405 (VA),3,1,0.8823,74.0,Alternative Supplier,Cyber Attack,Automotive
881,MYLAN PHARMACEUTICALS INC,SUNRISE PHARMACY #8405 (VA),3,2,0.9256,55.0,Alternative Supplier,Natural Disaster,Electronics
881,MYLAN PHARMACEUTICALS INC,SUNRISE PHARMACY #8405 (VA),3,3,1.0486,88.0,Alternative Supplier,Natural Disaster,Automotive
882,HIKMA PHARMACEUTICALS,PUBLIX PHARMACY #2014 (PA),3,1,0.8823,74.0,Alternative Supplier,Cyber Attack,Automotive
882,HIKMA PHARMACEUTICALS,PUBLIX PHARMACY #2014 (PA),3,2,0.9256,55.0,Alternative Supplier,Natural Disaster,Electronics
882,HIKMA PHARMACEUTICALS,PUBLIX PHARMACY #2014 (PA),3,3,1.0486,88.0,Alternative Supplier,Natural Disaster,Automotive
883,VINTAGE PHARMACEUTICALS LLC,WALGREENS #4391 (MD),2,1,1.7338,74.0,Alternative Supplier,Cyber Attack,Automotive
883,VINTAGE PHARMACEUTICALS LLC,WALGREENS #4391 (MD),2,2,1.7771,55.0,Alternative Supplier,Natural Disaster,Electronics
883,VINTAGE PHARMACEUTICALS LLC,WALGREENS #4391 (MD),2,3,1.9606,28.0,Alternative Supplier,Natural Disaster,Electronics
884,MYLAN PHARMACEUTICALS INC,HOMETOWN PHARMACY #5957 (IA),3,1,0.8823,74.0,Alternative Supplier,Cyber Attack,Automotive
884,MYLAN PHARMACEUTICALS INC,HOMETOWN PHARMACY #5957 (IA),3,2,0.9256,55.0,Alternative Supplier,Natural Disaster,Electronics
884,MYLAN PHARMACEUTICALS INC,HOMETOWN PHARMACY #5957 (IA),3,3,1.0486,88.0,Alternative Supplier,Natural Disaster,Automotive
885,PAR PHARMACEUTICAL INC,HEALTH MART PHARMACY #6078 (KY),3,1,0.8823,74.0,Alternative Supplier,Cyber Attack,Automotive
885,PAR PHARMACEUTICAL INC,HEALTH MART PHARMACY #6078 (KY),3,2,0.9256,55.0,Alternative Supplier,Natural Disaster,Electronics
885,PAR PHARMACEUTICAL INC,HEALTH MART PHARMACY #6078 (KY),3,3,1.0486,88.0,Alternative Supplier,Natural Disaster,Automotive
886,IMPAX LABORATORIES INC,MEDICO PHARMACY #2700 (ID),2,1,1.7338,74.0,Alternative Supplier,Cyber Attack,Automotive
886,IMPAX LABORATORIES INC,MEDICO PHARMACY #2700 (ID),2,2,1.7771,55.0,Alternative Supplier,Natural Disaster,Electronics
886,IMPAX LABORATORIES INC,MEDICO PHARMACY #2700 (ID),2,3,1.9606,28.0,Alternative Supplier,Natural Disaster,Electronics
887,PURDUE PHARMA LP,WALGREENS #6656 (TN),2,1,1.7338,74.0,Alternative Supplier,Cyber Attack,Automotive
887,PURDUE PHARMA LP,WALGREENS #6656 (TN),2,2,1.7771,55.0,Alternative Supplier,Natural Disaster,Electronics
887,PURDUE PHARMA LP,WALGREENS #6656 (TN),2,3,1.9606,28.0,Alternative Supplier,Natural Disaster,Electronics
888,PAR PHARMACEUTICAL INC,RITE AID #1901 (TN),2,1,1.7338,74.0,Alternative Supplier,Cyber Attack,Automotive
888,PAR PHARMACEUTICAL INC,RITE AID #1901 (TN),2,2,1.7771,55.0,Alternative Supplier,Natural Disaster,Electronics
888,PAR PHARMACEUTICAL INC,RITE AID #1901 (TN),2,3,1.9606,28.0,Alternative Supplier,Natural Disaster,Electronics
889,LANNETT COMPANY INC,CVS PHARMACY #5523 (NC),2,1,1.7338,74.0,Alternative Supplier,Cyber Attack,Automotive
889,LANNETT COMPANY INC,CVS PHARMACY #5523 (NC),2,2,1.7771,55.0,Alternative Supplier,Natural Disaster,Electronics
889,LANNETT COMPANY INC,CVS PHARMACY #5523 (NC),2,3,1.9606,28.0,Alternative Supplier,Natural Disaster,Electronics
890,QUALITEST PHARMACEUTICALS,MEDICO PHARMACY #1621 (MI),2,1,1.7338,74.0,Alternative Supplier,Cyber Attack,Automotive
890,QUALITEST PHARMACEUTICALS,MEDICO PHARMACY #1621 (MI),2,2,1.7771,55.0,Alternative Supplier,Natural Disaster,Electronics
890,QUALITEST PHARMACEUTICALS,MEDICO PHARMACY #1621 (MI),2,3,1.9606,28.0,Alternative Supplier,Natural Disaster,Electronics
891,SUN PHARMA GLOBAL INC,MAIN STREET PHARMACY #4612 (MS),2,1,1.7338,74.0,Alternative Supplier,Cyber Attack,Automotive
891,SUN PHARMA GLOBAL INC,MAIN STREET PHARMACY #4612 (MS),2,2,1.7771,55.0,Alternative Supplier,Natural Disaster,Electronics
891,SUN PHARMA GLOBAL INC,MAIN STREET PHARMACY #4612 (MS),2,3,1.9606,28.0,Alternative Supplier,Natural Disaster,Electronics
892,SANDOZ INC,SUNRISE PHARMACY #7243 (WV),2,1,0.0,19.0,Alternative Supplier,Geopolitical,Electronics
892,SANDOZ INC,SUNRISE PHARMACY #7243 (WV),2,2,0.0,39.0,Combined Strategy,Geopolitical,Electronics
892,SANDOZ INC,SUNRISE PHARMACY #7243 (WV),2,3,0.0,25.0,Alternative Supplier,Cyber Attack,Consumer Goods
893,HIKMA PHARMACEUTICALS,WALGREENS #9353 (NM),1,1,0.0,42.0,Alternative Supplier,Port Congestion,Pharmaceuticals
893,HIKMA PHARMACEUTICALS,WALGREENS #9353 (NM),1,2,0.0,20.0,Alternative Supplier,Factory Incident,Electronics
893,HIKMA PHARMACEUTICALS,WALGREENS #9353 (NM),1,3,0.0,17.0,Alternative Supplier,Labor Strike,Automotive
894,VINTAGE PHARMACEUTICALS LLC,MEDICO PHARMACY #4770 (MT),2,1,1.7338,74.0,Alternative Supplier,Cyber Attack,Automotive
894,VINTAGE PHARMACEUTICALS LLC,MEDICO PHARMACY #4770 (MT),2,2,1.7771,55.0,Alternative Supplier,Natural Disaster,Electronics
894,VINTAGE PHARMACEUTICALS LLC,MEDICO PHARMACY #4770 (MT),2,3,1.9606,28.0,Alternative Supplier,Natural Disaster,Electronics
895,SANDOZ INC,WALMART PHARMACY #2320 (VA),1,1,0.0,15.0,Alternative Supplier,Labor Strike,Electronics
895,SANDOZ INC,WALMART PHARMACY #2320 (VA),1,2,0.0,11.0,Alternative Supplier,Port Congestion,Electronics
895,SANDOZ INC,WALMART PHARMACY #2320 (VA),1,3,0.0,18.0,Alternative Supplier,Port Congestion,Pharmaceuticals
896,MYLAN PHARMACEUTICALS INC,VILLAGE PHARMACY #2028 (TN),2,1,1.7338,74.0,Alternative Supplier,Cyber Attack,Automotive
896,MYLAN PHARMACEUTICALS INC,VILLAGE PHARMACY #2028 (TN),2,2,1.7771,55.0,Alternative Supplier,Natural Disaster,Electronics
896,MYLAN PHARMACEUTICALS INC,VILLAGE PHARMACY #2028 (TN),2,3,1.9606,28.0,Alternative Supplier,Natural Disaster,Electronics
897,CADISTA PHARMACEUTICALS INC,GOOD NEIGHBOR PHARMACY #7898 (NM),2,1,1.7338,74.0,Alternative Supplier,Cyber Attack,Automotive
897,CADISTA PHARMACEUTICALS INC,GOOD NEIGHBOR PHARMACY #7898 (NM),2,2,1.7771,55.0,Alternative Supplier,Natural Disaster,Electronics
897,CADISTA PHARMACEUTICALS INC,GOOD NEIGHBOR PHARMACY #7898 (NM),2,3,1.9606,28.0,Alternative Supplier,Natural Disaster,Electronics
898,RHODES TECHNOLOGIES,WALMART PHARMACY #6240 (NC),2,1,0.0,101.0,Alternative Supplier,Natural Disaster,Consumer Goods
898,RHODES TECHNOLOGIES,WALMART PHARMACY #6240 (NC),2,2,0.0,47.0,Customer Delay,Port Congestion,Pharmaceuticals
898,RHODES TECHNOLOGIES,WALMART PHARMACY #6240 (NC),2,3,0.0,27.0,Alternative Supplier,Factory Incident,Electronics
899,ACTAVIS PHARMA INC,HARRIS TEETER PHARMACY #9419 (IA),2,1,0.0,75.0,Inventory Buffer,Labor Strike,Electronics
899,ACTAVIS PHARMA INC,HARRIS TEETER PHARMACY #9419 (IA),2,2,0.0,56.0,Inventory Buffer,Port Congestion,Automotive
899,ACTAVIS PHARMA INC,HARRIS TEETER PHARMACY #9419 (IA),2,3,0.0,52.0,Customer Delay,Port Congestion,Electronics
900,IMPAX LABORATORIES INC,MEDICO PHARMACY #1407 (IL),1,1,0.0,29.0,Alternative Supplier,Natural Disaster,Electronics
900,IMPAX LABORATORIES INC,MEDICO PHARMACY #1407 (IL),1,2,0.0,36.0,Alternative Supplier,Port Congestion,Pharmaceuticals
900,IMPAX LABORATORIES INC,MEDICO PHARMACY #1407 (IL),1,3,0.0,22.0,Production Reroute,Port Congestion,Consumer Goods
901,IMPAX LABORATORIES INC,WINN-DIXIE PHARMACY #3112 (LA),2,1,1.7338,74.0,Alternative Supplier,Cyber Attack,Automotive
901,IMPAX LABORATORIES INC,WINN-DIXIE PHARMACY #3112 (LA),2,2,1.7771,55.0,Alternative Supplier,Natural Disaster,Electronics
901,IMPAX LABORATORIES INC,WINN-DIXIE PHARMACY #3112 (LA),2,3,1.9606,28.0,Alternative Supplier,Natural Disaster,Electronics
902,JANSSEN PHARMACEUTICALS INC,QUALITY CARE PHARMACY #8443 (AZ),2,1,1.7338,74.0,Alternative Supplier,Cyber Attack,Automotive
902,JANSSEN PHARMACEUTICALS INC,QUALITY CARE PHARMACY #8443 (AZ),2,2,1.7771,55.0,Alternative Supplier,Natural Disaster,Electronics
902,JANSSEN PHARMACEUTICALS INC,QUALITY CARE PHARMACY #8443 (AZ),2,3,1.9606,28.0,Alternative Supplier,Natural Disaster,Electronics
903,CADISTA PHARMACEUTICALS INC,PEOPLES PHARMACY #6564 (IN),3,1,0.8823,74.0,Alternative Supplier,Cyber Attack,Automotive
903,CADISTA PHARMACEUTICALS INC,PEOPLES PHARMACY #6564 (IN),3,2,0.9256,55.0,Alternative Supplier,Natural Disaster,Electronics
903,CADISTA PHARMACEUTICALS INC,PEOPLES PHARMACY #6564 (IN),3,3,1.0486,88.0,Alternative Supplier,Natural Disaster,Automotive
904,PURDUE PHARMA LP,PUBLIX PHARMACY #9278 (VA),2,1,1.7338,74.0,Alternative Supplier,Cyber Attack,Automotive
904,PURDUE PHARMA LP,PUBLIX PHARMACY #9278 (VA),2,2,1.7771,55.0,Alternative Supplier,Natural Disaster,Electronics
904,PURDUE PHARMA LP,PUBLIX PHARMACY #9278 (VA),2,3,1.9606,28.0,Alternative Supplier,Natural Disaster,Electronics
905,LANNETT COMPANY INC,GOOD NEIGHBOR PHARMACY #2494 (WV),2,1,1.7338,74.0,Alternative Supplier,Cyber Attack,Automotive
905,LANNETT COMPANY INC,GOOD NEIGHBOR PHARMACY #2494 (WV),2,2,1.7771,55.0,Alternative Supplier,Natural Disaster,Electronics
905,LANNETT COMPANY INC,GOOD NEIGHBOR PHARMACY #2494 (WV),2,3,1.9606,28.0,Alternative Supplier,Natural Disaster,Electronics
906,AMNEAL PHARMACEUTICALS LLC,KROGER PHARMACY #6614 (PA),2,1,1.7338,74.0,Alternative Supplier,Cyber Attack,Automotive
906,AMNEAL PHARMACEUTICALS LLC,KROGER PHARMACY #6614 (PA),2,2,1.7771,55.0,Alternative Supplier,Natural Disaster,Electronics
906,AMNEAL PHARMACEUTICALS LLC,KROGER PHARMACY #6614 (PA),2,3,1.9606,28.0,Alternative Supplier,Natural Disaster,Electronics
907,IMPAX LABORATORIES INC,FAMILY CARE PHARMACY #2866 (NM),2,1,1.7338,74.0,Alternative Supplier,Cyber Attack,Automotive
907,IMPAX LABORATORIES INC,FAMILY CARE PHARMACY #2866 (NM),2,2,1.7771,55.0,Alternative Supplier,Natural Disaster,Electronics
907,IMPAX LABORATORIES INC,FAMILY CARE PHARMACY #2866 (NM),2,3,1.9606,28.0,Alternative Supplier,Natural Disaster,Electronics
908,RHODES TECHNOLOGIES,HOMETOWN PHARMACY #7311 (LA),2,1,1.7338,74.0,Alternative Supplier,Cyber Attack,Automotive
908,RHODES TECHNOLOGIES,HOMETOWN PHARMACY #7311 (LA),2,2,1.7771,55.0,Alternative Supplier,Natural Disaster,Electronics
908,RHODES TECHNOLOGIES,HOMETOWN PHARMACY #7311 (LA),2,3,1.9606,28.0,Alternative Supplier,Natural Disaster,Electronics
909,RHODES TECHNOLOGIES,COMMUNITY PHARMACY #6047 (VA),2,1,1.7338,74.0,Alternative Supplier,Cyber Attack,Automotive
909,RHODES TECHNOLOGIES,COMMUNITY PHARMACY #6047 (VA),2,2,1.7771,55.0,Alternative Supplier,Natural Disaster,Electronics
909,RHODES TECHNOLOGIES,COMMUNITY PHARMACY #6047 (VA),2,3,1.9606,28.0,Alternative Supplier,Natural Disaster,Electronics
910,LANNETT COMPANY INC,VILLAGE PHARMACY #2199 (KS),3,1,0.8823,74.0,Alternative Supplier,Cyber Attack,Automotive
910,LANNETT COMPANY INC,VILLAGE PHARMACY #2199 (KS),3,2,0.9256,55.0,Alternative Supplier,Natural Disaster,Electronics
910,LANNETT COMPANY INC,VILLAGE PHARMACY #2199 (KS),3,3,1.0486,88.0,Alternative Supplier,Natural Disaster,Automotive
911,JANSSEN PHARMACEUTICALS INC,MEDICO PHARMACY #1621 (MI),2,1,1.7338,74.0,Alternative Supplier,Cyber Attack,Automotive
911,JANSSEN PHARMACEUTICALS INC,MEDICO PHARMACY #1621 (MI),2,2,1.7771,55.0,Alternative Supplier,Natural Disaster,Electronics
911,JANSSEN PHARMACEUTICALS INC,MEDICO PHARMACY #1621 (MI),2,3,1.9606,28.0,Alternative Supplier,Natural Disaster,Electronics
912,QUALITEST PHARMACEUTICALS,HARRIS TEETER PHARMACY #6063 (NC),2,1,1.7338,74.0,Alternative Supplier,Cyber Attack,Automotive
912,QUALITEST PHARMACEUTICALS,HARRIS TEETER PHARMACY #6063 (NC),2,2,1.7771,55.0,Alternative Supplier,Natural Disaster,Electronics
912,QUALITEST PHARMACEUTICALS,HARRIS TEETER PHARMACY #6063 (NC),2,3,1.9606,28.0,Alternative Supplier,Natural Disaster,Electronics
913,PAR PHARMACEUTICAL INC,CVS PHARMACY #9746 (TN),2,1,1.7338,74.0,Alternative Supplier,Cyber Attack,Automotive
913,PAR PHARMACEUTICAL INC,CVS PHARMACY #9746 (TN),2,2,1.7771,55.0,Alternative Supplier,Natural Disaster,Electronics
913,PAR PHARMACEUTICAL INC,CVS PHARMACY #9746 (TN),2,3,1.9606,28.0,Alternative Supplier,Natural Disaster,Electronics
914,MALLINCKRODT LLC,WINN-DIXIE PHARMACY #8378 (VA),2,1,1.7338,74.0,Alternative Supplier,Cyber Attack,Automotive
914,MALLINCKRODT LLC,WINN-DIXIE PHARMACY #8378 (VA),2,2,1.7771,55.0,Alternative Supplier,Natural Disaster,Electronics
914,MALLINCKRODT LLC,WINN-DIXIE PHARMACY #8378 (VA),2,3,1.9606,28.0,Alternative Supplier,Natural Disaster,Electronics
915,IMPAX LABORATORIES INC,CVS PHARMACY #4109 (IN),2,1,1.7338,74.0,Alternative Supplier,Cyber Attack,Automotive
915,IMPAX LABORATORIES INC,CVS PHARMACY #4109 (IN),2,2,1.7771,55.0,Alternative Supplier,Natural Disaster,Electronics
915,IMPAX LABORATORIES INC,CVS PHARMACY #4109 (IN),2,3,1.9606,28.0,Alternative Supplier,Natural Disaster,Electronics
916,ACTAVIS PHARMA INC,VILLAGE PHARMACY #3873 (PA),3,1,0.8823,74.0,Alternative Supplier,Cyber Attack,Automotive
916,ACTAVIS PHARMA INC,VILLAGE PHARMACY #3873 (PA),3,2,0.9256,55.0,Alternative Supplier,Natural Disaster,Electronics
916,ACTAVIS PHARMA INC,VILLAGE PHARMACY #3873 (PA),3,3,1.0486,88.0,Alternative Supplier,Natural Disaster,Automotive
917,AMNEAL PHARMACEUTICALS LLC,MEDICO PHARMACY #6550 (VA),2,1,1.7338,74.0,Alternative Supplier,Cyber Attack,Automotive
917,AMNEAL PHARMACEUTICALS LLC,MEDICO PHARMACY #6550 (VA),2,2,1.7771,55.0,Alternative Supplier,Natural Disaster,Electronics
917,AMNEAL PHARMACEUTICALS LLC,MEDICO PHARMACY #6550 (VA),2,3,1.9606,28.0,Alternative Supplier,Natural Disaster,Electronics
918,CADISTA PHARMACEUTICALS INC,FAMILY CARE PHARMACY #5331 (IN),2,1,1.7338,74.0,Alternative Supplier,Cyber Attack,Automotive
918,CADISTA PHARMACEUTICALS INC,FAMILY CARE PHARMACY #5331 (IN),2,2,1.7771,55.0,Alternative Supplier,Natural Disaster,Electronics
918,CADISTA PHARMACEUTICALS INC,FAMILY CARE PHARMACY #5331 (IN),2,3,1.9606,28.0,Alternative Supplier,Natural Disaster,Electronics
919,ACTAVIS PHARMA INC,PUBLIX PHARMACY #1697 (MI),3,1,0.0063,74.0,Alternative Supplier,Cyber Attack,Automotive
919,ACTAVIS PHARMA INC,PUBLIX PHARMACY #1697 (MI),3,2,0.0104,55.0,Alternative Supplier,Natural Disaster,Electronics
919,ACTAVIS PHARMA INC,PUBLIX PHARMACY #1697 (MI),3,3,0.0373,28.0,Alternative Supplier,Natural Disaster,Electronics
920,ABBOTT LABORATORIES,WALGREENS #2082 (LA),2,1,1.7338,74.0,Alternative Supplier,Cyber Attack,Automotive
920,ABBOTT LABORATORIES,WALGREENS #2082 (LA),2,2,1.7771,55.0,Alternative Supplier,Natural Disaster,Electronics
920,ABBOTT LABORATORIES,WALGREENS #2082 (LA),2,3,1.9606,28.0,Alternative Supplier,Natural Disaster,Electronics
921,JANSSEN PHARMACEUTICALS INC,VILLAGE PHARMACY #9397 (NC),2,1,0.0,87.0,Alternative Supplier,Factory Incident,Automotive
921,JANSSEN PHARMACEUTICALS INC,VILLAGE PHARMACY #9397 (NC),2,2,0.0,16.0,Alternative Supplier,Labor Strike,Electronics
921,JANSSEN PHARMACEUTICALS INC,VILLAGE PHARMACY #9397 (NC),2,3,0.0,54.0,Alternative Supplier,Geopolitical,Electronics
922,MYLAN PHARMACEUTICALS INC,SUNRISE PHARMACY #8999 (NC),2,1,0.0023,64.0,Alternative Supplier,Cyber Attack,Automotive
922,MYLAN PHARMACEUTICALS INC,SUNRISE PHARMACY #8999 (NC),2,2,0.0023,64.0,Alternative Supplier,Labor Strike,Electronics
922,MYLAN PHARMACEUTICALS INC,SUNRISE PHARMACY #8999 (NC),2,3,0.0023,17.0,Alternative Supplier,Geopolitical,Pharmaceuticals
923,IMPAX LABORATORIES INC,COMMUNITY PHARMACY #2313 (LA),3,1,0.8823,74.0,Alternative Supplier,Cyber Attack,Automotive
923,IMPAX LABORATORIES INC,COMMUNITY PHARMACY #2313 (LA),3,2,0.9256,55.0,Alternative Supplier,Natural Disaster,Electronics
923,IMPAX LABORATORIES INC,COMMUNITY PHARMACY #2313 (LA),3,3,1.0486,88.0,Alternative Supplier,Natural Disaster,Automotive
924,JANSSEN PHARMACEUTICALS INC,HOMETOWN PHARMACY #3804 (KY),2,1,1.7338,74.0,Alternative Supplier,Cyber Attack,Automotive
924,JANSSEN PHARMACEUTICALS INC,HOMETOWN PHARMACY #3804 (KY),2,2,1.7771,55.0,Alternative Supplier,Natural Disaster,Electronics
924,JANSSEN PHARMACEUTICALS INC,HOMETOWN PHARMACY #3804 (KY),2,3,1.9606,28.0,Alternative Supplier,Natural Disaster,Electronics
925,JANSSEN PHARMACEUTICALS INC,WALGREENS #4309 (VT),2,1,0.0,85.0,Customer Delay,Labor Strike,Automotive
925,JANSSEN PHARMACEUTICALS INC,WALGREENS #4309 (VT),2,2,0.0,98.0,Customer Delay,Cyber Attack,Electronics
925,JANSSEN PHARMACEUTICALS INC,WALGREENS #4309 (VT),2,3,0.0,92.0,Production Reroute,Port Congestion,Electronics
926,JANSSEN PHARMACEUTICALS INC,WALGREENS #9697 (VA),2,1,1.7338,74.0,Alternative Supplier,Cyber Attack,Automotive
926,JANSSEN PHARMACEUTICALS INC,WALGREENS #9697 (VA),2,2,1.7771,55.0,Alternative Supplier,Natural Disaster,Electronics
926,JANSSEN PHARMACEUTICALS INC,WALGREENS #9697 (VA),2,3,1.9606,28.0,Alternative Supplier,Natural Disaster,Electronics
927,WATSON LABORATORIES INC,KROGER PHARMACY #3095 (DE),2,1,1.7338,74.0,Alternative Supplier,Cyber Attack,Automotive
927,WATSON LABORATORIES INC,KROGER PHARMACY #3095 (DE),2,2,1.7771,55.0,Alternative Supplier,Natural Disaster,Electronics
927,WATSON LABORATORIES INC,KROGER PHARMACY #3095 (DE),2,3,1.9606,28.0,Alternative Supplier,Natural Disaster,Electronics
928,ENDO PHARMACEUTICALS INC,GOOD NEIGHBOR PHARMACY #8533 (OH),3,1,0.8823,74.0,Alternative Supplier,Cyber Attack,Automotive
928,ENDO PHARMACEUTICALS INC,GOOD NEIGHBOR PHARMACY #8533 (OH),3,2,0.9256,55.0,Alternative Supplier,Natural Disaster,Electronics
928,ENDO PHARMACEUTICALS INC,GOOD NEIGHBOR PHARMACY #8533 (OH),3,3,1.0486,88.0,Alternative Supplier,Natural Disaster,Automotive
929,AMNEAL PHARMACEUTICALS LLC,HARRIS TEETER PHARMACY #8566 (DE),1,1,0.0,10.0,Customer Delay,Port Congestion,Automotive
929,AMNEAL PHARMACEUTICALS LLC,HARRIS TEETER PHARMACY #8566 (DE),1,2,0.0,71.0,Production Reroute,Port Congestion,Consumer Goods
929,AMNEAL PHARMACEUTICALS LLC,HARRIS TEETER PHARMACY #8566 (DE),1,3,0.0,24.0,Alternative Supplier,Port Congestion,Automotive
930,JANSSEN PHARMACEUTICALS INC,HOMETOWN PHARMACY #8469 (NC),3,1,0.0001,29.0,Inventory Buffer,Port Congestion,Consumer Goods
930,JANSSEN PHARMACEUTICALS INC,HOMETOWN PHARMACY #8469 (NC),3,2,0.0002,86.0,Alternative Supplier,Port Congestion,Automotive
930,JANSSEN PHARMACEUTICALS INC,HOMETOWN PHARMACY #8469 (NC),3,3,0.0096,28.0,Alternative Supplier,Natural Disaster,Electronics
931,LANNETT COMPANY INC,VILLAGE PHARMACY #1707 (KY),3,1,0.8823,74.0,Alternative Supplier,Cyber Attack,Automotive
931,LANNETT COMPANY INC,VILLAGE PHARMACY #1707 (KY),3,2,0.9256,55.0,Alternative Supplier,Natural Disaster,Electronics
931,LANNETT COMPANY INC,VILLAGE PHARMACY #1707 (KY),3,3,1.0486,88.0,Alternative Supplier,Natural Disaster,Automotive
932,ENDO PHARMACEUTICALS INC,HOMETOWN PHARMACY #8469 (NC),2,1,1.7338,74.0,Alternative Supplier,Cyber Attack,Automotive
932,ENDO PHARMACEUTICALS INC,HOMETOWN PHARMACY #8469 (NC),2,2,1.7771,55.0,Alternative Supplier,Natural Disaster,Electronics
932,ENDO PHARMACEUTICALS INC,HOMETOWN PHARMACY #8469 (NC),2,3,1.9606,28.0,Alternative Supplier,Natural Disaster,Electronics
933,TEVA PHARMACEUTICALS USA INC,PEOPLES PHARMACY #2660 (NC),2,1,0.0,56.0,Production Reroute,Factory Incident,Automotive
933,TEVA PHARMACEUTICALS USA INC,PEOPLES PHARMACY #2660 (NC),2,2,0.0,49.0,Alternative Supplier,Factory Incident,Automotive
933,TEVA PHARMACEUTICALS USA INC,PEOPLES PHARMACY #2660 (NC),2,3,0.0,41.0,Alternative Supplier,Port Congestion,Electronics
934,CADISTA PHARMACEUTICALS INC,PEOPLES PHARMACY #3168 (MT),2,1,1.7338,74.0,Alternative Supplier,Cyber Attack,Automotive
934,CADISTA PHARMACEUTICALS INC,PEOPLES PHARMACY #3168 (MT),2,2,1.7771,55.0,Alternative Supplier,Natural Disaster,Electronics
934,CADISTA PHARMACEUTICALS INC,PEOPLES PHARMACY #3168 (MT),2,3,1.9606,28.0,Alternative Supplier,Natural Disaster,Electronics
935,MYLAN PHARMACEUTICALS INC,MAIN STREET PHARMACY #1955 (GA),3,1,0.871,135.0,Production Reroute,Geopolitical,Consumer Goods
935,MYLAN PHARMACEUTICALS INC,MAIN STREET PHARMACY #1955 (GA),3,2,1.0222,151.0,Production Reroute,Cyber Attack,Automotive
935,MYLAN PHARMACEUTICALS INC,MAIN STREET PHARMACY #1955 (GA),3,3,1.0317,89.0,Combined Strategy,Geopolitical,Consumer Goods
936,HIKMA PHARMACEUTICALS,VILLAGE PHARMACY #9397 (NC),2,1,1.7338,74.0,Alternative Supplier,Cyber Attack,Automotive
936,HIKMA PHARMACEUTICALS,VILLAGE PHARMACY #9397 (NC),2,2,1.7771,55.0,Alternative Supplier,Natural Disaster,Electronics
936,HIKMA PHARMACEUTICALS,VILLAGE PHARMACY #9397 (NC),2,3,1.9606,28.0,Alternative Supplier,Natural Disaster,Electronics
937,SANDOZ INC,WALGREENS #9697 (VA),3,1,0.8823,74.0,Alternative Supplier,Cyber Attack,Automotive
937,SANDOZ INC,WALGREENS #9697 (VA),3,2,0.9256,55.0,Alternative Supplier,Natural Disaster,Electronics
937,SANDOZ INC,WALGREENS #9697 (VA),3,3,1.0486,88.0,Alternative Supplier,Natural Disaster,Automotive
938,ABBOTT LABORATORIES,CORNER DRUG STORE #2632 (NV),1,1,0.0,21.0,Alternative Supplier,Port Congestion,Electronics
938,ABBOTT LABORATORIES,CORNER DRUG STORE #2632 (NV),1,2,0.0,27.0,Alternative Supplier,Geopolitical,Automotive
938,ABBOTT LABORATORIES,CORNER DRUG STORE #2632 (NV),1,3,0.0,36.0,Alternative Supplier,Port Congestion,Electronics
939,IMPAX LABORATORIES INC,VILLAGE PHARMACY #7158 (OH),3,1,0.8823,74.0,Alternative Supplier,Cyber Attack,Automotive
939,IMPAX LABORATORIES INC,VILLAGE PHARMACY #7158 (OH),3,2,0.9256,55.0,Alternative Supplier,Natural Disaster,Electronics
939,IMPAX LABORATORIES INC,VILLAGE PHARMACY #7158 (OH),3,3,1.0486,88.0,Alternative Supplier,Natural Disaster,Automotive
940,SUN PHARMA GLOBAL INC,VILLAGE PHARMACY #2453 (AK),1,1,0.0,14.0,Production Reroute,Factory Incident,Electronics
940,SUN PHARMA GLOBAL INC,VILLAGE PHARMACY #2453 (AK),1,2,0.0,21.0,Alternative Supplier,Port Congestion,Consumer Goods
940,SUN PHARMA GLOBAL INC,VILLAGE PHARMACY #2453 (AK),1,3,0.0,97.0,Production Reroute,Port Congestion,Pharmaceuticals
941,AMNEAL PHARMACEUTICALS LLC,WINN-DIXIE PHARMACY #5416 (AL),2,1,0.0,82.0,Production Reroute,Port Congestion,Electronics
941,AMNEAL PHARMACEUTICALS LLC,WINN-DIXIE PHARMACY #5416 (AL),2,2,0.0,58.0,Inventory Buffer,Labor Strike,Automotive
941,AMNEAL PHARMACEUTICALS LLC,WINN-DIXIE PHARMACY #5416 (AL),2,3,0.0,108.0,Customer Delay,Labor Strike,Automotive
942,ENDO PHARMACEUTICALS INC,GOOD NEIGHBOR PHARMACY #3769 (AL),3,1,0.8823,74.0,Alternative Supplier,Cyber Attack,Automotive
942,ENDO PHARMACEUTICALS INC,GOOD NEIGHBOR PHARMACY #3769 (AL),3,2,0.9256,55.0,Alternative Supplier,Natural Disaster,Electronics
942,ENDO PHARMACEUTICALS INC,GOOD NEIGHBOR PHARMACY #3769 (AL),3,3,1.0486,88.0,Alternative Supplier,Natural Disaster,Automotive
943,HIKMA PHARMACEUTICALS,PUBLIX PHARMACY #9124 (DE),2,1,0.0005,23.0,Alternative Supplier,Cyber Attack,Electronics
943,HIKMA PHARMACEUTICALS,PUBLIX PHARMACY #9124 (DE),2,2,0.0402,51.0,Alternative Supplier,Port Congestion,Aerospace
943,HIKMA PHARMACEUTICALS,PUBLIX PHARMACY #9124 (DE),2,3,0.0883,33.0,Inventory Buffer,Port Congestion,Consumer Goods
944,ACTAVIS PHARMA INC,KROGER PHARMACY #8280 (OH),3,1,0.8823,74.0,Alternative Supplier,Cyber Attack,Automotive
944,ACTAVIS PHARMA INC,KROGER PHARMACY #8280 (OH),3,2,0.9256,55.0,Alternative Supplier,Natural Disaster,Electronics
944,ACTAVIS PHARMA INC,KROGER PHARMACY #8280 (OH),3,3,1.0486,88.0,Alternative Supplier,Natural Disaster,Automotive
945,AMNEAL PHARMACEUTICALS LLC,WALGREENS #7427 (WY),2,1,0.0,48.0,Alternative Supplier,Port Congestion,Automotive
945,AMNEAL PHARMACEUTICALS LLC,WALGREENS #7427 (WY),2,2,0.0,24.0,Alternative Supplier,Cyber Attack,Aerospace
945,AMNEAL PHARMACEUTICALS LLC,WALGREENS #7427 (WY),2,3,0.0,109.0,Inventory Buffer,Cyber Attack,Electronics
946,JANSSEN PHARMACEUTICALS INC,WALMART PHARMACY #1339 (NC),3,1,0.0007,55.0,Alternative Supplier,Natural Disaster,Electronics
946,JANSSEN PHARMACEUTICALS INC,WALMART PHARMACY #1339 (NC),3,2,0.0024,74.0,Alternative Supplier,Cyber Attack,Automotive
946,JANSSEN PHARMACEUTICALS INC,WALMART PHARMACY #1339 (NC),3,3,0.0042,28.0,Alternative Supplier,Natural Disaster,Electronics
947,MYLAN PHARMACEUTICALS INC,WALGREENS #9697 (VA),3,1,0.8823,74.0,Alternative Supplier,Cyber Attack,Automotive
947,MYLAN PHARMACEUTICALS INC,WALGREENS #9697 (VA),3,2,0.9256,55.0,Alternative Supplier,Natural Disaster,Electronics
947,MYLAN PHARMACEUTICALS INC,WALGREENS #9697 (VA),3,3,1.0486,88.0,Alternative Supplier,Natural Disaster,Automotive
948,AMNEAL PHARMACEUTICALS LLC,FAMILY CARE PHARMACY #3942 (NM),4,1,0.0,208.0,Production Reroute,Port Congestion,Consumer Goods
948,AMNEAL PHARMACEUTICALS LLC,FAMILY CARE PHARMACY #3942 (NM),4,2,0.0,117.0,Combined Strategy,Geopolitical,Consumer Goods
948,AMNEAL PHARMACEUTICALS LLC,FAMILY CARE PHARMACY #3942 (NM),4,3,0.0,72.0,Combined Strategy,Factory Incident,Electronics
949,WATSON LABORATORIES INC,GOOD NEIGHBOR PHARMACY #8896 (PA),2,1,1.7338,74.0,Alternative Supplier,Cyber Attack,Automotive
949,WATSON LABORATORIES INC,GOOD NEIGHBOR PHARMACY #8896 (PA),2,2,1.7771,55.0,Alternative Supplier,Natural Disaster,Electronics
949,WATSON LABORATORIES INC,GOOD NEIGHBOR PHARMACY #8896 (PA),2,3,1.9606,28.0,Alternative Supplier,Natural Disaster,Electronics
950,HIKMA PHARMACEUTICALS,QUALITY CARE PHARMACY #3905 (TN),3,1,0.8823,74.0,Alternative Supplier,Cyber Attack,Automotive
950,HIKMA PHARMACEUTICALS,QUALITY CARE PHARMACY #3905 (TN),3,2,0.9256,55.0,Alternative Supplier,Natural Disaster,Electronics
950,HIKMA PHARMACEUTICALS,QUALITY CARE PHARMACY #3905 (TN),3,3,1.0486,88.0,Alternative Supplier,Natural Disaster,Automotive
951,WATSON LABORATORIES INC,SUNRISE PHARMACY #6972 (NM),1,1,0.0,48.0,Inventory Buffer,Port Congestion,Consumer Goods
951,WATSON LABORATORIES INC,SUNRISE PHARMACY #6972 (NM),1,2,0.0,28.0,Alternative Supplier,Geopolitical,Electronics
951,WATSON LABORATORIES INC,SUNRISE PHARMACY #6972 (NM),1,3,0.0,43.0,Inventory Buffer,Labor Strike,Electronics
952,RHODES TECHNOLOGIES,HARRIS TEETER PHARMACY #1323 (ND),2,1,1.7338,74.0,Alternative Supplier,Cyber Attack,Automotive
952,RHODES TECHNOLOGIES,HARRIS TEETER PHARMACY #1323 (ND),2,2,1.7771,55.0,Alternative Supplier,Natural Disaster,Electronics
952,RHODES TECHNOLOGIES,HARRIS TEETER PHARMACY #1323 (ND),2,3,1.9606,28.0,Alternative Supplier,Natural Disaster,Electronics
953,QUALITEST PHARMACEUTICALS,CORNER DRUG STORE #2632 (NV),1,1,0.0,45.0,Alternative Supplier,Labor Strike,Consumer Goods
953,QUALITEST PHARMACEUTICALS,CORNER DRUG STORE #2632 (NV),1,2,0.0,18.0,Inventory Buffer,Port Congestion,Pharmaceuticals
953,QUALITEST PHARMACEUTICALS,CORNER DRUG STORE #2632 (NV),1,3,0.0,20.0,Alternative Supplier,Port Congestion,Electronics
954,PAR PHARMACEUTICAL INC,FAMILY CARE PHARMACY #5938 (AK),3,1,0.8823,74.0,Alternative Supplier,Cyber Attack,Automotive
954,PAR PHARMACEUTICAL INC,FAMILY CARE PHARMACY #5938 (AK),3,2,0.9256,55.0,Alternative Supplier,Natural Disaster,Electronics
954,PAR PHARMACEUTICAL INC,FAMILY CARE PHARMACY #5938 (AK),3,3,1.0486,88.0,Alternative Supplier,Natural Disaster,Automotive
955,ACTAVIS PHARMA INC,WALGREENS #2585 (SD),2,1,1.7338,74.0,Alternative Supplier,Cyber Attack,Automotive
955,ACTAVIS PHARMA INC,WALGREENS #2585 (SD),2,2,1.7771,55.0,Alternative Supplier,Natural Disaster,Electronics
955,ACTAVIS PHARMA INC,WALGREENS #2585 (SD),2,3,1.9606,28.0,Alternative Supplier,Natural Disaster,Electronics
956,SUN PHARMA GLOBAL INC,COMMUNITY PHARMACY #2490 (KY),2,1,1.7338,74.0,Alternative Supplier,Cyber Attack,Automotive
956,SUN PHARMA GLOBAL INC,COMMUNITY PHARMACY #2490 (KY),2,2,1.7771,55.0,Alternative Supplier,Natural Disaster,Electronics
956,SUN PHARMA GLOBAL INC,COMMUNITY PHARMACY #2490 (KY),2,3,1.9606,28.0,Alternative Supplier,Natural Disaster,Electronics
957,AMNEAL PHARMACEUTICALS LLC,HOMETOWN PHARMACY #3804 (KY),2,1,1.7338,74.0,Alternative Supplier,Cyber Attack,Automotive
957,AMNEAL PHARMACEUTICALS LLC,HOMETOWN PHARMACY #3804 (KY),2,2,1.7771,55.0,Alternative Supplier,Natural Disaster,Electronics
957,AMNEAL PHARMACEUTICALS LLC,HOMETOWN PHARMACY #3804 (KY),2,3,1.9606,28.0,Alternative Supplier,Natural Disaster,Electronics
958,SANDOZ INC,HEALTH MART PHARMACY #5158 (AL),2,1,0.0,27.0,Production Reroute,Factory Incident,Automotive
958,SANDOZ INC,HEALTH MART PHARMACY #5158 (AL),2,2,0.0,62.0,Production Reroute,Port Congestion,Aerospace
958,SANDOZ INC,HEALTH MART PHARMACY #5158 (AL),2,3,0.0,116.0,Production Reroute,Natural Disaster,Electronics
959,MYLAN PHARMACEUTICALS INC,HOMETOWN PHARMACY #4342 (MI),2,1,0.0,58.0,Alternative Supplier,Cyber Attack,Electronics
959,MYLAN PHARMACEUTICALS INC,HOMETOWN PHARMACY #4342 (MI),2,2,0.0,47.0,Alternative Supplier,Natural Disaster,Pharmaceuticals
959,MYLAN PHARMACEUTICALS INC,HOMETOWN PHARMACY #4342 (MI),2,3,0.0,27.0,Production Reroute,Natural Disaster,Automotive
960,AMNEAL PHARMACEUTICALS LLC,PEOPLES PHARMACY #6594 (KY),2,1,1.7338,74.0,Alternative Supplier,Cyber Attack,Automotive
960,AMNEAL PHARMACEUTICALS LLC,PEOPLES PHARMACY #6594 (KY),2,2,1.7771,55.0,Alternative Supplier,Natural Disaster,Electronics
960,AMNEAL PHARMACEUTICALS LLC,PEOPLES PHARMACY #6594 (KY),2,3,1.9606,28.0,Alternative Supplier,Natural Disaster,Electronics
961,PURDUE PHARMA LP,HARRIS TEETER PHARMACY #6503 (MO),2,1,0.0,124.0,Production Reroute,Labor Strike,Pharmaceuticals
961,PURDUE PHARMA LP,HARRIS TEETER PHARMACY #6503 (MO),2,2,0.0,132.0,Customer Delay,Port Congestion,Automotive
961,PURDUE PHARMA LP,HARRIS TEETER PHARMACY #6503 (MO),2,3,0.0,62.0,Customer Delay,Port Congestion,Consumer Goods
962,SANDOZ INC,HOMETOWN PHARMACY #5569 (NC),2,1,1.7338,74.0,Alternative Supplier,Cyber Attack,Automotive
962,SANDOZ INC,HOMETOWN PHARMACY #5569 (NC),2,2,1.7771,55.0,Alternative Supplier,Natural Disaster,Electronics
962,SANDOZ INC,HOMETOWN PHARMACY #5569 (NC),2,3,1.9606,28.0,Alternative Supplier,Natural Disaster,Electronics
963,QUALITEST PHARMACEUTICALS,WALMART PHARMACY #9392 (NM),2,1,1.7338,74.0,Alternative Supplier,Cyber Attack,Automotive
963,QUALITEST PHARMACEUTICALS,WALMART PHARMACY #9392 (NM),2,2,1.7771,55.0,Alternative Supplier,Natural Disaster,Electronics
963,QUALITEST PHARMACEUTICALS,WALMART PHARMACY #9392 (NM),2,3,1.9606,28.0,Alternative Supplier,Natural Disaster,Electronics
964,SUN PHARMA GLOBAL INC,CVS PHARMACY #9428 (AK),1,1,0.0,26.0,Customer Delay,Port Congestion,Consumer Goods
964,SUN PHARMA GLOBAL INC,CVS PHARMACY #9428 (AK),1,2,0.0,22.0,Alternative Supplier,Labor Strike,Pharmaceuticals
964,SUN PHARMA GLOBAL INC,CVS PHARMACY #9428 (AK),1,3,0.0,62.0,Inventory Buffer,Geopolitical,Electronics
965,PURDUE PHARMA LP,MAIN STREET PHARMACY #9550 (WV),2,1,1.7338,74.0,Alternative Supplier,Cyber Attack,Automotive
965,PURDUE PHARMA LP,MAIN STREET PHARMACY #9550 (WV),2,2,1.7771,55.0,Alternative Supplier,Natural Disaster,Electronics
965,PURDUE PHARMA LP,MAIN STREET PHARMACY #9550 (WV),2,3,1.9606,28.0,Alternative Supplier,Natural Disaster,Electronics
966,PURDUE PHARMA LP,HEALTH MART PHARMACY #9423 (WY),1,1,0.0,36.0,Alternative Supplier,Geopolitical,Electronics
966,PURDUE PHARMA LP,HEALTH MART PHARMACY #9423 (WY),1,2,0.0,18.0,Alternative Supplier,Geopolitical,Consumer Goods
966,PURDUE PHARMA LP,HEALTH MART PHARMACY #9423 (WY),1,3,0.0,33.0,Alternative Supplier,Labor Strike,Electronics
967,QUALITEST PHARMACEUTICALS,CORNER DRUG STORE #2658 (AK),2,1,0.0,95.0,Customer Delay,Natural Disaster,Pharmaceuticals
967,QUALITEST PHARMACEUTICALS,CORNER DRUG STORE #2658 (AK),2,2,0.0,99.0,Production Reroute,Cyber Attack,Consumer Goods
967,QUALITEST PHARMACEUTICALS,CORNER DRUG STORE #2658 (AK),2,3,0.0,35.0,Alternative Supplier,Labor Strike,Aerospace
968,PURDUE PHARMA LP,MAIN STREET PHARMACY #2532 (MN),3,1,0.8823,74.0,Alternative Supplier,Cyber Attack,Automotive
968,PURDUE PHARMA LP,MAIN STREET PHARMACY #2532 (MN),3,2,0.9256,55.0,Alternative Supplier,Natural Disaster,Electronics
968,PURDUE PHARMA LP,MAIN STREET PHARMACY #2532 (MN),3,3,1.0486,88.0,Alternative Supplier,Natural Disaster,Automotive
969,JANSSEN PHARMACEUTICALS INC,WALMART PHARMACY #2370 (MA),1,1,0.0,25.0,Alternative Supplier,Port Congestion,Automotive
969,JANSSEN PHARMACEUTICALS INC,WALMART PHARMACY #2370 (MA),1,2,0.0,22.0,Alternative Supplier,Port Congestion,Electronics
969,JANSSEN PHARMACEUTICALS INC,WALMART PHARMACY #2370 (MA),1,3,0.0,52.0,Inventory Buffer,Cyber Attack,Automotive
970,RHODES TECHNOLOGIES,SUNRISE PHARMACY #6637 (LA),2,1,1.7338,74.0,Alternative Supplier,Cyber Attack,Automotive
970,RHODES TECHNOLOGIES,SUNRISE PHARMACY #6637 (LA),2,2,1.7771,55.0,Alternative Supplier,Natural Disaster,Electronics
970,RHODES TECHNOLOGIES,SUNRISE PHARMACY #6637 (LA),2,3,1.9606,28.0,Alternative Supplier,Natural Disaster,Electronics
971,WATSON LABORATORIES INC,MEDICO PHARMACY #4938 (TN),2,1,1.7338,74.0,Alternative Supplier,Cyber Attack,Automotive
971,WATSON LABORATORIES INC,MEDICO PHARMACY #4938 (TN),2,2,1.7771,55.0,Alternative Supplier,Natural Disaster,Electronics
971,WATSON LABORATORIES INC,MEDICO PHARMACY #4938 (TN),2,3,1.9606,28.0,Alternative Supplier,Natural Disaster,Electronics
972,PAR PHARMACEUTICAL INC,WALMART PHARMACY #2320 (VA),1,1,0.0,19.0,Alternative Supplier,Factory Incident,Aerospace
972,PAR PHARMACEUTICAL INC,WALMART PHARMACY #2320 (VA),1,2,0.0,23.0,Customer Delay,Port Congestion,Electronics
972,PAR PHARMACEUTICAL INC,WALMART PHARMACY #2320 (VA),1,3,0.0,37.0,Alternative Supplier,Geopolitical,Pharmaceuticals
973,RHODES TECHNOLOGIES,RITE AID #3893 (AZ),2,1,1.7338,74.0,Alternative Supplier,Cyber Attack,Automotive
973,RHODES TECHNOLOGIES,RITE AID #3893 (AZ),2,2,1.7771,55.0,Alternative Supplier,Natural Disaster,Electronics
973,RHODES TECHNOLOGIES,RITE AID #3893 (AZ),2,3,1.9606,28.0,Alternative Supplier,Natural Disaster,Electronics
974,HIKMA PHARMACEUTICALS,WALMART PHARMACY #2320 (VA),1,1,0.0,29.0,Alternative Supplier,Labor Strike,Automotive
974,HIKMA PHARMACEUTICALS,WALMART PHARMACY #2320 (VA),1,2,0.0,39.0,Combined Strategy,Factory Incident,Consumer Goods
974,HIKMA PHARMACEUTICALS,WALMART PHARMACY #2320 (VA),1,3,0.0,17.0,Alternative Supplier,Port Congestion,Electronics
975,IMPAX LABORATORIES INC,CORNER DRUG STORE #5731 (IN),3,1,0.8823,74.0,Alternative Supplier,Cyber Attack,Automotive
975,IMPAX LABORATORIES INC,CORNER DRUG STORE #5731 (IN),3,2,0.9256,55.0,Alternative Supplier,Natural Disaster,Electronics
975,IMPAX LABORATORIES INC,CORNER DRUG STORE #5731 (IN),3,3,1.0486,88.0,Alternative Supplier,Natural Disaster,Automotive
976,HIKMA PHARMACEUTICALS,QUALITY CARE PHARMACY #6507 (NC),2,1,1.7338,74.0,Alternative Supplier,Cyber Attack,Automotive
976,HIKMA PHARMACEUTICALS,QUALITY CARE PHARMACY #6507 (NC),2,2,1.7771,55.0,Alternative Supplier,Natural Disaster,Electronics
976,HIKMA PHARMACEUTICALS,QUALITY CARE PHARMACY #6507 (NC),2,3,1.9606,28.0,Alternative Supplier,Natural Disaster,Electronics
977,SUN PHARMA GLOBAL INC,HARRIS TEETER PHARMACY #6283 (CA),1,1,0.0,8.0,Alternative Supplier,Natural Disaster,Pharmaceuticals
977,SUN PHARMA GLOBAL INC,HARRIS TEETER PHARMACY #6283 (CA),1,2,0.0,22.0,Alternative Supplier,Port Congestion,Automotive
977,SUN PHARMA GLOBAL INC,HARRIS TEETER PHARMACY #6283 (CA),1,3,0.0,45.0,Alternative Supplier,Port Congestion,Pharmaceuticals
978,IMPAX LABORATORIES INC,PUBLIX PHARMACY #4858 (OR),3,1,0.8823,74.0,Alternative Supplier,Cyber Attack,Automotive
978,IMPAX LABORATORIES INC,PUBLIX PHARMACY #4858 (OR),3,2,0.9256,55.0,Alternative Supplier,Natural Disaster,Electronics
978,IMPAX LABORATORIES INC,PUBLIX PHARMACY #4858 (OR),3,3,1.0486,88.0,Alternative Supplier,Natural Disaster,Automotive
979,CADISTA PHARMACEUTICALS INC,WINN-DIXIE PHARMACY #5194 (FL),2,1,1.7338,74.0,Alternative Supplier,Cyber Attack,Automotive
979,CADISTA PHARMACEUTICALS INC,WINN-DIXIE PHARMACY #5194 (FL),2,2,1.7771,55.0,Alternative Supplier,Natural Disaster,Electronics
979,CADISTA PHARMACEUTICALS INC,WINN-DIXIE PHARMACY #5194 (FL),2,3,1.9606,28.0,Alternative Supplier,Natural Disaster,Electronics
980,ABBOTT LABORATORIES,PUBLIX PHARMACY #8657 (GA),2,1,1.7338,74.0,Alternative Supplier,Cyber Attack,Automotive
980,ABBOTT LABORATORIES,PUBLIX PHARMACY #8657 (GA),2,2,1.7771,55.0,Alternative Supplier,Natural Disaster,Electronics
980,ABBOTT LABORATORIES,PUBLIX PHARMACY #8657 (GA),2,3,1.9606,28.0,Alternative Supplier,Natural Disaster,Electronics
981,HIKMA PHARMACEUTICALS,KROGER PHARMACY #8420 (MT),1,1,0.0,34.0,Customer Delay,Natural Disaster,Electronics
981,HIKMA PHARMACEUTICALS,KROGER PHARMACY #8420 (MT),1,2,0.0,43.0,Customer Delay,Port Congestion,Automotive
981,HIKMA PHARMACEUTICALS,KROGER PHARMACY #8420 (MT),1,3,0.0,13.0,Alternative Supplier,Labor Strike,Automotive
982,AMNEAL PHARMACEUTICALS LLC,PUBLIX PHARMACY #1993 (CO),2,1,0.0,57.0,Production Reroute,Factory Incident,Aerospace
982,AMNEAL PHARMACEUTICALS LLC,PUBLIX PHARMACY #1993 (CO),2,2,0.0,101.0,Combined Strategy,Cyber Attack,Consumer Goods
982,AMNEAL PHARMACEUTICALS LLC,PUBLIX PHARMACY #1993 (CO),2,3,0.0,68.0,Customer Delay,Cyber Attack,Automotive
983,MALLINCKRODT LLC,CVS PHARMACY #2408 (IN),3,1,0.8823,74.0,Alternative Supplier,Cyber Attack,Automotive
983,MALLINCKRODT LLC,CVS PHARMACY #2408 (IN),3,2,0.9256,55.0,Alternative Supplier,Natural Disaster,Electronics
983,MALLINCKRODT LLC,CVS PHARMACY #2408 (IN),3,3,1.0486,88.0,Alternative Supplier,Natural Disaster,Automotive
984,LANNETT COMPANY INC,VILLAGE PHARMACY #3392 (NY),2,1,0.0,23.0,Inventory Buffer,Labor Strike,Automotive
984,LANNETT COMPANY INC,VILLAGE PHARMACY #3392 (NY),2,2,0.0,37.0,Combined Strategy,Labor Strike,Electronics
984,LANNETT COMPANY INC,VILLAGE PHARMACY #3392 (NY),2,3,0.0,52.0,Production Reroute,Factory Incident,Consumer Goods
985,PURDUE PHARMA LP,VILLAGE PHARMACY #3724 (MS),2,1,1.7338,74.0,Alternative Supplier,Cyber Attack,Automotive
985,PURDUE PHARMA LP,VILLAGE PHARMACY #3724 (MS),2,2,1.7771,55.0,Alternative Supplier,Natural Disaster,Electronics
985,PURDUE PHARMA LP,VILLAGE PHARMACY #3724 (MS),2,3,1.9606,28.0,Alternative Supplier,Natural Disaster,Electronics
986,AMNEAL PHARMACEUTICALS LLC,WINN-DIXIE PHARMACY #9398 (MS),1,1,0.0002,29.0,Alternative Supplier,Natural Disaster,Electronics
986,AMNEAL PHARMACEUTICALS LLC,WINN-DIXIE PHARMACY #9398 (MS),1,2,0.0002,36.0,Alternative Supplier,Port Congestion,Pharmaceuticals
986,AMNEAL PHARMACEUTICALS LLC,WINN-DIXIE PHARMACY #9398 (MS),1,3,0.0002,22.0,Production Reroute,Port Congestion,Consumer Goods
987,TEVA PHARMACEUTICALS USA INC,COMMUNITY PHARMACY #9484 (NV),2,1,1.0136,23.0,Alternative Supplier,Cyber Attack,Electronics
987,TEVA PHARMACEUTICALS USA INC,COMMUNITY PHARMACY #9484 (NV),2,2,1.0234,74.0,Alternative Supplier,Cyber Attack,Automotive
987,TEVA PHARMACEUTICALS USA INC,COMMUNITY PHARMACY #9484 (NV),2,3,1.0428,55.0,Alternative Supplier,Natural Disaster,Electronics
988,QUALITEST PHARMACEUTICALS,RITE AID #9223 (WV),2,1,0.0,72.0,Inventory Buffer,Geopolitical,Automotive
988,QUALITEST PHARMACEUTICALS,RITE AID #9223 (WV),2,2,0.0,39.0,Inventory Buffer,Port Congestion,Automotive
988,QUALITEST PHARMACEUTICALS,RITE AID #9223 (WV),2,3,0.0,61.0,Alternative Supplier,Port Congestion,Pharmaceuticals
989,HIKMA PHARMACEUTICALS,SUNRISE PHARMACY #5581 (TN),2,1,1.7338,74.0,Alternative Supplier,Cyber Attack,Automotive
989,HIKMA PHARMACEUTICALS,SUNRISE PHARMACY #5581 (TN),2,2,1.7771,55.0,Alternative Supplier,Natural Disaster,Electronics
989,HIKMA PHARMACEUTICALS,SUNRISE PHARMACY #5581 (TN),2,3,1.9606,28.0,Alternative Supplier,Natural Disaster,Electronics
990,CADISTA PHARMACEUTICALS INC,WALMART PHARMACY #6240 (NC),2,1,1.7338,74.0,Alternative Supplier,Cyber Attack,Automotive
990,CADISTA PHARMACEUTICALS INC,WALMART PHARMACY #6240 (NC),2,2,1.7771,55.0,Alternative Supplier,Natural Disaster,Electronics
990,CADISTA PHARMACEUTICALS INC,WALMART PHARMACY #6240 (NC),2,3,1.9606,28.0,Alternative Supplier,Natural Disaster,Electronics
991,VINTAGE PHARMACEUTICALS LLC,QUALITY CARE PHARMACY #6847 (WV),2,1,1.7338,74.0,Alternative Supplier,Cyber Attack,Automotive
991,VINTAGE PHARMACEUTICALS LLC,QUALITY CARE PHARMACY #6847 (WV),2,2,1.7771,55.0,Alternative Supplier,Natural Disaster,Electronics
991,VINTAGE PHARMACEUTICALS LLC,QUALITY CARE PHARMACY #6847 (WV),2,3,1.9606,28.0,Alternative Supplier,Natural Disaster,Electronics
992,JANSSEN PHARMACEUTICALS INC,MEDICO PHARMACY #6767 (NC),3,1,0.0,50.0,Alternative Supplier,Port Congestion,Consumer Goods
992,JANSSEN PHARMACEUTICALS INC,MEDICO PHARMACY #6767 (NC),3,2,0.0,144.0,Customer Delay,Natural Disaster,Aerospace
992,JANSSEN PHARMACEUTICALS INC,MEDICO PHARMACY #6767 (NC),3,3,0.0,78.0,Inventory Buffer,Cyber Attack,Pharmaceuticals
993,ENDO PHARMACEUTICALS INC,HEALTH MART PHARMACY #6716 (UT),2,1,0.0,17.0,Alternative Supplier,Factory Incident,Automotive
993,ENDO PHARMACEUTICALS INC,HEALTH MART PHARMACY #6716 (UT),2,2,0.0,27.0,Alternative Supplier,Port Congestion,Automotive
993,ENDO PHARMACEUTICALS INC,HEALTH MART PHARMACY #6716 (UT),2,3,0.0,54.0,Alternative Supplier,Cyber Attack,Electronics
994,SUN PHARMA GLOBAL INC,KROGER PHARMACY #8420 (MT),1,1,0.0,29.0,Production Reroute,Factory Incident,Pharmaceuticals
994,SUN PHARMA GLOBAL INC,KROGER PHARMACY #8420 (MT),1,2,0.0,24.0,Alternative Supplier,Port Congestion,Electronics
994,SUN PHARMA GLOBAL INC,KROGER PHARMACY #8420 (MT),1,3,0.0,24.0,Alternative Supplier,Port Congestion,Electronics
995,VINTAGE PHARMACEUTICALS LLC,QUALITY CARE PHARMACY #5421 (WA),2,1,1.7338,74.0,Alternative Supplier,Cyber Attack,Automotive
995,VINTAGE PHARMACEUTICALS LLC,QUALITY CARE PHARMACY #5421 (WA),2,2,1.7771,55.0,Alternative Supplier,Natural Disaster,Electronics
995,VINTAGE PHARMACEUTICALS LLC,QUALITY CARE PHARMACY #5421 (WA),2,3,1.9606,28.0,Alternative Supplier,Natural Disaster,Electronics
996,JANSSEN PHARMACEUTICALS INC,HOMETOWN PHARMACY #8469 (NC),2,1,0.0,113.0,Alternative Supplier,Factory Incident,Aerospace
996,JANSSEN PHARMACEUTICALS INC,HOMETOWN PHARMACY #8469 (NC),2,2,0.0,73.0,Alternative Supplier,Geopolitical,Consumer Goods
996,JANSSEN PHARMACEUTICALS INC,HOMETOWN PHARMACY #8469 (NC),2,3,0.0,94.0,Customer Delay,Labor Strike,Automotive
997,PAR PHARMACEUTICAL INC,WALGREENS #8411 (IA),1,1,0.0,38.0,Alternative Supplier,Port Congestion,Consumer Goods
997,PAR PHARMACEUTICAL INC,WALGREENS #8411 (IA),1,2,0.0,21.0,Alternative Supplier,Geopolitical,Automotive
997,PAR PHARMACEUTICAL INC,WALGREENS #8411 (IA),1,3,0.0,12.0,Alternative Supplier,Labor Strike,Automotive
998,ENDO PHARMACEUTICALS INC,KROGER PHARMACY #5224 (NH),1,1,0.0,18.0,Alternative Supplier,Labor Strike,Electronics
998,ENDO PHARMACEUTICALS INC,KROGER PHARMACY #5224 (NH),1,2,0.0,29.0,Alternative Supplier,Port Congestion,Automotive
998,ENDO PHARMACEUTICALS INC,KROGER PHARMACY #5224 (NH),1,3,0.0,10.0,Alternative Supplier,Port Congestion,Electronics
999,QUALITEST PHARMACEUTICALS,HOMETOWN PHARMACY #6892 (WY),1,1,0.0,44.0,Production Reroute,Port Congestion,Pharmaceuticals
999,QUALITEST PHARMACEUTICALS,HOMETOWN PHARMACY #6892 (WY),1,2,0.0,19.0,Alternative Supplier,Port Congestion,Consumer Goods
999,QUALITEST PHARMACEUTICALS,HOMETOWN PHARMACY #6892 (WY),1,3,0.0,15.0,Production Reroute,Factory Incident,Electronics
1000,TEVA PHARMACEUTICALS USA INC,MAIN STREET PHARMACY #2256 (IN),3,1,0.8823,74.0,Alternative Supplier,Cyber Attack,Automotive
1000,TEVA PHARMACEUTICALS USA INC,MAIN STREET PHARMACY #2256 (IN),3,2,0.9256,55.0,Alternative Supplier,Natural Disaster,Electronics
1000,TEVA PHARMACEUTICALS USA INC,MAIN STREET PHARMACY #2256 (IN),3,3,1.0486,88.0,Alternative Supplier,Natural Disaster,Automotive
1001,WATSON LABORATORIES INC,SUNRISE PHARMACY #7649 (PA),2,1,1.7338,74.0,Alternative Supplier,Cyber Attack,Automotive
1001,WATSON LABORATORIES INC,SUNRISE PHARMACY #7649 (PA),2,2,1.7771,55.0,Alternative Supplier,Natural Disaster,Electronics
1001,WATSON LABORATORIES INC,SUNRISE PHARMACY #7649 (PA),2,3,1.9606,28.0,Alternative Supplier,Natural Disaster,Electronics
1002,LANNETT COMPANY INC,SUNRISE PHARMACY #6128 (IL),1,1,0.0,48.0,Inventory Buffer,Port Congestion,Consumer Goods
1002,LANNETT COMPANY INC,SUNRISE PHARMACY #6128 (IL),1,2,0.0,28.0,Alternative Supplier,Geopolitical,Electronics
1002,LANNETT COMPANY INC,SUNRISE PHARMACY #6128 (IL),1,3,0.0,43.0,Inventory Buffer,Labor Strike,Electronics
1003,CADISTA PHARMACEUTICALS INC,MAIN STREET PHARMACY #1667 (MI),2,1,1.7338,74.0,Alternative Supplier,Cyber Attack,Automotive
1003,CADISTA PHARMACEUTICALS INC,MAIN STREET PHARMACY #1667 (MI),2,2,1.7771,55.0,Alternative Supplier,Natural Disaster,Electronics
1003,CADISTA PHARMACEUTICALS INC,MAIN STREET PHARMACY #1667 (MI),2,3,1.9606,28.0,Alternative Supplier,Natural Disaster,Electronics
1004,TEVA PHARMACEUTICALS USA INC,QUALITY CARE PHARMACY #7383 (VT),1,1,0.0,48.0,Alternative Supplier,Factory Incident,Consumer Goods
1004,TEVA PHARMACEUTICALS USA INC,QUALITY CARE PHARMACY #7383 (VT),1,2,0.0,32.0,Inventory Buffer,Port Congestion,Aerospace
1004,TEVA PHARMACEUTICALS USA INC,QUALITY CARE PHARMACY #7383 (VT),1,3,0.0,33.0,Alternative Supplier,Labor Strike,Electronics
1005,IMPAX LABORATORIES INC,FAMILY CARE PHARMACY #2595 (OH),3,1,0.8823,74.0,Alternative Supplier,Cyber Attack,Automotive
1005,IMPAX LABORATORIES INC,FAMILY CARE PHARMACY #2595 (OH),3,2,0.9256,55.0,Alternative Supplier,Natural Disaster,Electronics
1005,IMPAX LABORATORIES INC,FAMILY CARE PHARMACY #2595 (OH),3,3,1.0486,88.0,Alternative Supplier,Natural Disaster,Automotive
1006,CADISTA PHARMACEUTICALS INC,WALMART PHARMACY #1339 (NC),2,1,1.7338,74.0,Alternative Supplier,Cyber Attack,Automotive
1006,CADISTA PHARMACEUTICALS INC,WALMART PHARMACY #1339 (NC),2,2,1.7771,55.0,Alternative Supplier,Natural Disaster,Electronics
1006,CADISTA PHARMACEUTICALS INC,WALMART PHARMACY #1339 (NC),2,3,1.9606,28.0,Alternative Supplier,Natural Disaster,Electronics
1007,IMPAX LABORATORIES INC,WALGREENS #1373 (PA),3,1,0.8823,74.0,Alternative Supplier,Cyber Attack,Automotive
1007,IMPAX LABORATORIES INC,WALGREENS #1373 (PA),3,2,0.9256,55.0,Alternative Supplier,Natural Disaster,Electronics
1007,IMPAX LABORATORIES INC,WALGREENS #1373 (PA),3,3,1.0486,88.0,Alternative Supplier,Natural Disaster,Automotive
1008,ENDO PHARMACEUTICALS INC,WALMART PHARMACY #2320 (VA),1,1,0.0,34.0,Alternative Supplier,Factory Incident,Automotive
1008,ENDO PHARMACEUTICALS INC,WALMART PHARMACY #2320 (VA),1,2,0.0,40.0,Alternative Supplier,Port Congestion,Electronics
1008,ENDO PHARMACEUTICALS INC,WALMART PHARMACY #2320 (VA),1,3,0.0,45.0,Production Reroute,Labor Strike,Consumer Goods
1009,MYLAN PHARMACEUTICALS INC,WINN-DIXIE PHARMACY #9398 (MS),1,1,0.0,20.0,Alternative Supplier,Port Congestion,Electronics
1009,MYLAN PHARMACEUTICALS INC,WINN-DIXIE PHARMACY #9398 (MS),1,2,0.0,14.0,Alternative Supplier,Port Congestion,Aerospace
1009,MYLAN PHARMACEUTICALS INC,WINN-DIXIE PHARMACY #9398 (MS),1,3,0.0,57.0,Alternative Supplier,Labor Strike,Electronics
1010,SANDOZ INC,WALMART PHARMACY #7726 (SD),3,1,0.0,53.0,Customer Delay,Port Congestion,Automotive
1010,SANDOZ INC,WALMART PHARMACY #7726 (SD),3,2,0.0,156.0,Inventory Buffer,Labor Strike,Automotive
1010,SANDOZ INC,WALMART PHARMACY #7726 (SD),3,3,0.0,63.0,Alternative Supplier,Geopolitical,Automotive
1011,SUN PHARMA GLOBAL INC,HARRIS TEETER PHARMACY #7348 (TN),3,1,0.8823,74.0,Alternative Supplier,Cyber Attack,Automotive
1011,SUN PHARMA GLOBAL INC,HARRIS TEETER PHARMACY #7348 (TN),3,2,0.9256,55.0,Alternative Supplier,Natural Disaster,Electronics
1011,SUN PHARMA GLOBAL INC,HARRIS TEETER PHARMACY #7348 (TN),3,3,1.0486,88.0,Alternative Supplier,Natural Disaster,Automotive
1012,WATSON LABORATORIES INC,WALGREENS #2968 (NH),1,1,0.0,16.0,Inventory Buffer,Port Congestion,Pharmaceuticals
1012,WATSON LABORATORIES INC,WALGREENS #2968 (NH),1,2,0.0,8.0,Alternative Supplier,Labor Strike,Aerospace
1012,WATSON LABORATORIES INC,WALGREENS #2968 (NH),1,3,0.0,50.0,Alternative Supplier,Factory Incident,Automotive
1013,VINTAGE PHARMACEUTICALS LLC,MEDICO PHARMACY #1407 (IL),1,1,0.0,21.0,Customer Delay,Geopolitical,Consumer Goods
1013,VINTAGE PHARMACEUTICALS LLC,MEDICO PHARMACY #1407 (IL),1,2,0.0,53.0,Customer Delay,Port Congestion,Consumer Goods
1013,VINTAGE PHARMACEUTICALS LLC,MEDICO PHARMACY #1407 (IL),1,3,0.0,73.0,Customer Delay,Geopolitical,Electronics
1014,PAR PHARMACEUTICAL INC,WALMART PHARMACY #2370 (MA),1,1,0.0,49.0,Inventory Buffer,Port Congestion,Electronics
1014,PAR PHARMACEUTICAL INC,WALMART PHARMACY #2370 (MA),1,2,0.0,18.0,Production Reroute,Port Congestion,Consumer Goods
1014,PAR PHARMACEUTICAL INC,WALMART PHARMACY #2370 (MA),1,3,0.0,9.0,Alternative Supplier,Labor Strike,Automotive
1015,SUN PHARMA GLOBAL INC,WALGREENS #5730 (AR),2,1,1.7338,74.0,Alternative Supplier,Cyber Attack,Automotive
1015,SUN PHARMA GLOBAL INC,WALGREENS #5730 (AR),2,2,1.7771,55.0,Alternative Supplier,Natural Disaster,Electronics
1015,SUN PHARMA GLOBAL INC,WALGREENS #5730 (AR),2,3,1.9606,28.0,Alternative Supplier,Natural Disaster,Electronics
1016,ACTAVIS PHARMA INC,QUALITY CARE PHARMACY #6470 (OK),2,1,1.7338,74.0,Alternative Supplier,Cyber Attack,Automotive
1016,ACTAVIS PHARMA INC,QUALITY CARE PHARMACY #6470 (OK),2,2,1.7771,55.0,Alternative Supplier,Natural Disaster,Electronics
1016,ACTAVIS PHARMA INC,QUALITY CARE PHARMACY #6470 (OK),2,3,1.9606,28.0,Alternative Supplier,Natural Disaster,Electronics
1017,IMPAX LABORATORIES INC,VILLAGE PHARMACY #9734 (MT),2,1,0.0,60.0,Customer Delay,Natural Disaster,Electronics
1017,IMPAX LABORATORIES INC,VILLAGE PHARMACY #9734 (MT),2,2,0.0,55.0,Alternative Supplier,Cyber Attack,Electronics
1017,IMPAX LABORATORIES INC,VILLAGE PHARMACY #9734 (MT),2,3,0.0,56.0,Alternative Supplier,Labor Strike,Pharmaceuticals
1018,CADISTA PHARMACEUTICALS INC,SUNRISE PHARMACY #7916 (MT),1,1,0.0019,29.0,Alternative Supplier,Natural Disaster,Electronics
1018,CADISTA PHARMACEUTICALS INC,SUNRISE PHARMACY #7916 (MT),1,2,0.0019,36.0,Alternative Supplier,Port Congestion,Pharmaceuticals
1018,CADISTA PHARMACEUTICALS INC,SUNRISE PHARMACY #7916 (MT),1,3,0.0019,22.0,Production Reroute,Port Congestion,Consumer Goods
1019,MALLINCKRODT LLC,WINN-DIXIE PHARMACY #4027 (MA),2,1,1.7338,74.0,Alternative Supplier,Cyber Attack,Automotive
1019,MALLINCKRODT LLC,WINN-DIXIE PHARMACY #4027 (MA),2,2,1.7771,55.0,Alternative Supplier,Natural Disaster,Electronics
1019,MALLINCKRODT LLC,WINN-DIXIE PHARMACY #4027 (MA),2,3,1.9606,28.0,Alternative Supplier,Natural Disaster,Electronics
1020,AMNEAL PHARMACEUTICALS LLC,CORNER DRUG STORE #8030 (TX),2,1,1.7338,74.0,Alternative Supplier,Cyber Attack,Automotive
1020,AMNEAL PHARMACEUTICALS LLC,CORNER DRUG STORE #8030 (TX),2,2,1.7771,55.0,Alternative Supplier,Natural Disaster,Electronics
1020,AMNEAL PHARMACEUTICALS LLC,CORNER DRUG STORE #8030 (TX),2,3,1.9606,28.0,Alternative Supplier,Natural Disaster,Electronics
1021,QUALITEST PHARMACEUTICALS,QUALITY CARE PHARMACY #8165 (IL),2,1,1.7338,74.0,Alternative Supplier,Cyber Attack,Automotive
1021,QUALITEST PHARMACEUTICALS,QUALITY CARE PHARMACY #8165 (IL),2,2,1.7771,55.0,Alternative Supplier,Natural Disaster,Electronics
1021,QUALITEST PHARMACEUTICALS,QUALITY CARE PHARMACY #8165 (IL),2,3,1.9606,28.0,Alternative Supplier,Natural Disaster,Electronics
1022,ACTAVIS PHARMA INC,SUNRISE PHARMACY #9537 (KY),2,1,1.7338,74.0,Alternative Supplier,Cyber Attack,Automotive
1022,ACTAVIS PHARMA INC,SUNRISE PHARMACY #9537 (KY),2,2,1.7771,55.0,Alternative Supplier,Natural Disaster,Electronics
1022,ACTAVIS PHARMA INC,SUNRISE PHARMACY #9537 (KY),2,3,1.9606,28.0,Alternative Supplier,Natural Disaster,Electronics
1023,LANNETT COMPANY INC,PUBLIX PHARMACY #9124 (DE),1,1,0.0,29.0,Alternative Supplier,Natural Disaster,Electronics
1023,LANNETT COMPANY INC,PUBLIX PHARMACY #9124 (DE),1,2,0.0,36.0,Alternative Supplier,Port Congestion,Pharmaceuticals
1023,LANNETT COMPANY INC,PUBLIX PHARMACY #9124 (DE),1,3,0.0,22.0,Production Reroute,Port Congestion,Consumer Goods
1024,TEVA PHARMACEUTICALS USA INC,PEOPLES PHARMACY #2660 (NC),2,1,0.0,64.0,Alternative Supplier,Cyber Attack,Automotive
1024,TEVA PHARMACEUTICALS USA INC,PEOPLES PHARMACY #2660 (NC),2,2,0.0,64.0,Alternative Supplier,Labor Strike,Electronics
1024,TEVA PHARMACEUTICALS USA INC,PEOPLES PHARMACY #2660 (NC),2,3,0.0,17.0,Alternative Supplier,Geopolitical,Pharmaceuticals
1025,AMNEAL PHARMACEUTICALS LLC,MEDICO PHARMACY #3872 (CT),1,1,0.0,8.0,Alternative Supplier,Labor Strike,Pharmaceuticals
1025,AMNEAL PHARMACEUTICALS LLC,MEDICO PHARMACY #3872 (CT),1,2,0.0,19.0,Production Reroute,Port Congestion,Automotive
1025,AMNEAL PHARMACEUTICALS LLC,MEDICO PHARMACY #3872 (CT),1,3,0.0,21.0,Customer Delay,Labor Strike,Electronics
1026,HIKMA PHARMACEUTICALS,PUBLIX PHARMACY #9278 (VA),3,1,0.8823,74.0,Alternative Supplier,Cyber Attack,Automotive
1026,HIKMA PHARMACEUTICALS,PUBLIX PHARMACY #9278 (VA),3,2,0.9256,55.0,Alternative Supplier,Natural Disaster,Electronics
1026,HIKMA PHARMACEUTICALS,PUBLIX PHARMACY #9278 (VA),3,3,1.0486,88.0,Alternative Supplier,Natural Disaster,Automotive
1027,JANSSEN PHARMACEUTICALS INC,MEDICO PHARMACY #6767 (NC),3,1,0.0,107.0,Alternative Supplier,Geopolitical,Electronics
1027,JANSSEN PHARMACEUTICALS INC,MEDICO PHARMACY #6767 (NC),3,2,0.0,76.0,Customer Delay,Natural Disaster,Automotive
1027,JANSSEN PHARMACEUTICALS INC,MEDICO PHARMACY #6767 (NC),3,3,0.0,73.0,Production Reroute,Port Congestion,Consumer Goods
1028,RHODES TECHNOLOGIES,WALGREENS #3709 (RI),2,1,1.7338,74.0,Alternative Supplier,Cyber Attack,Automotive
1028,RHODES TECHNOLOGIES,WALGREENS #3709 (RI),2,2,1.7771,55.0,Alternative Supplier,Natural Disaster,Electronics
1028,RHODES TECHNOLOGIES,WALGREENS #3709 (RI),2,3,1.9606,28.0,Alternative Supplier,Natural Disaster,Electronics
1029,CADISTA PHARMACEUTICALS INC,WALMART PHARMACY #5027 (SD),1,1,0.0,22.0,Alternative Supplier,Geopolitical,Automotive
1029,CADISTA PHARMACEUTICALS INC,WALMART PHARMACY #5027 (SD),1,2,0.0,10.0,Alternative Supplier,Factory Incident,Consumer Goods
1029,CADISTA PHARMACEUTICALS INC,WALMART PHARMACY #5027 (SD),1,3,0.0,19.0,Alternative Supplier,Port Congestion,Consumer Goods
1030,PURDUE PHARMA LP,CORNER DRUG STORE #3383 (OR),2,1,0.0,83.0,Alternative Supplier,Geopolitical,Aerospace
1030,PURDUE PHARMA LP,CORNER DRUG STORE #3383 (OR),2,2,0.0,151.0,Customer Delay,Port Congestion,Pharmaceuticals
1030,PURDUE PHARMA LP,CORNER DRUG STORE #3383 (OR),2,3,0.0,29.0,Alternative Supplier,Labor Strike,Automotive
1031,MYLAN PHARMACEUTICALS INC,MAIN STREET PHARMACY #8201 (MO),2,1,1.7338,74.0,Alternative Supplier,Cyber Attack,Automotive
1031,MYLAN PHARMACEUTICALS INC,MAIN STREET PHARMACY #8201 (MO),2,2,1.7771,55.0,Alternative Supplier,Natural Disaster,Electronics
1031,MYLAN PHARMACEUTICALS INC,MAIN STREET PHARMACY #8201 (MO),2,3,1.9606,28.0,Alternative Supplier,Natural Disaster,Electronics
1032,HIKMA PHARMACEUTICALS,SUNRISE PHARMACY #9264 (RI),3,1,0.8823,74.0,Alternative Supplier,Cyber Attack,Automotive
1032,HIKMA PHARMACEUTICALS,SUNRISE PHARMACY #9264 (RI),3,2,0.9256,55.0,Alternative Supplier,Natural Disaster,Electronics
1032,HIKMA PHARMACEUTICALS,SUNRISE PHARMACY #9264 (RI),3,3,1.0486,88.0,Alternative Supplier,Natural Disaster,Automotive
1033,TEVA PHARMACEUTICALS USA INC,HARRIS TEETER PHARMACY #6063 (NC),2,1,0.0,112.0,Combined Strategy,Natural Disaster,Automotive
1033,TEVA PHARMACEUTICALS USA INC,HARRIS TEETER PHARMACY #6063 (NC),2,2,0.0,86.0,Alternative Supplier,Cyber Attack,Consumer Goods
1033,TEVA PHARMACEUTICALS USA INC,HARRIS TEETER PHARMACY #6063 (NC),2,3,0.0,75.0,Alternative Supplier,Cyber Attack,Pharmaceuticals
1034,ENDO PHARMACEUTICALS INC,SUNRISE PHARMACY #7702 (NC),1,1,0.0,26.0,Alternative Supplier,Port Congestion,Automotive
1034,ENDO PHARMACEUTICALS INC,SUNRISE PHARMACY #7702 (NC),1,2,0.0,28.0,Production Reroute,Labor Strike,Automotive
1034,ENDO PHARMACEUTICALS INC,SUNRISE PHARMACY #7702 (NC),1,3,0.0,19.0,Alternative Supplier,Geopolitical,Aerospace
1035,TEVA PHARMACEUTICALS USA INC,MAIN STREET PHARMACY #7935 (KY),3,1,0.8823,74.0,Alternative Supplier,Cyber Attack,Automotive
1035,TEVA PHARMACEUTICALS USA INC,MAIN STREET PHARMACY #7935 (KY),3,2,0.9256,55.0,Alternative Supplier,Natural Disaster,Electronics
1035,TEVA PHARMACEUTICALS USA INC,MAIN STREET PHARMACY #7935 (KY),3,3,1.0486,88.0,Alternative Supplier,Natural Disaster,Automotive
1036,JANSSEN PHARMACEUTICALS INC,GOOD NEIGHBOR PHARMACY #6129 (NC),1,1,0.0,10.0,Customer Delay,Port Congestion,Automotive
1036,JANSSEN PHARMACEUTICALS INC,GOOD NEIGHBOR PHARMACY #6129 (NC),1,2,0.0,71.0,Production Reroute,Port Congestion,Consumer Goods
1036,JANSSEN PHARMACEUTICALS INC,GOOD NEIGHBOR PHARMACY #6129 (NC),1,3,0.0,24.0,Alternative Supplier,Port Congestion,Automotive
1037,WATSON LABORATORIES INC,SUNRISE PHARMACY #8787 (TN),3,1,0.8823,74.0,Alternative Supplier,Cyber Attack,Automotive
1037,WATSON LABORATORIES INC,SUNRISE PHARMACY #8787 (TN),3,2,0.9256,55.0,Alternative Supplier,Natural Disaster,Electronics
1037,WATSON LABORATORIES INC,SUNRISE PHARMACY #8787 (TN),3,3,1.0486,88.0,Alternative Supplier,Natural Disaster,Automotive
1038,TEVA PHARMACEUTICALS USA INC,HARRIS TEETER PHARMACY #4512 (NV),2,1,1.7338,74.0,Alternative Supplier,Cyber Attack,Automotive
1038,TEVA PHARMACEUTICALS USA INC,HARRIS TEETER PHARMACY #4512 (NV),2,2,1.7771,55.0,Alternative Supplier,Natural Disaster,Electronics
1038,TEVA PHARMACEUTICALS USA INC,HARRIS TEETER PHARMACY #4512 (NV),2,3,1.9606,28.0,Alternative Supplier,Natural Disaster,Electronics
1039,ABBOTT LABORATORIES,HARRIS TEETER PHARMACY #6758 (NC),2,1,0.0,59.0,Alternative Supplier,Natural Disaster,Consumer Goods
1039,ABBOTT LABORATORIES,HARRIS TEETER PHARMACY #6758 (NC),2,2,0.0,77.0,Customer Delay,Cyber Attack,Electronics
1039,ABBOTT LABORATORIES,HARRIS TEETER PHARMACY #6758 (NC),2,3,0.0,36.0,Alternative Supplier,Labor Strike,Automotive
1040,VINTAGE PHARMACEUTICALS LLC,HEALTH MART PHARMACY #6716 (UT),1,1,0.0,26.0,Customer Delay,Port Congestion,Consumer Goods
1040,VINTAGE PHARMACEUTICALS LLC,HEALTH MART PHARMACY #6716 (UT),1,2,0.0,22.0,Alternative Supplier,Labor Strike,Pharmaceuticals
1040,VINTAGE PHARMACEUTICALS LLC,HEALTH MART PHARMACY #6716 (UT),1,3,0.0,62.0,Inventory Buffer,Geopolitical,Electronics
1041,SANDOZ INC,WALMART PHARMACY #2320 (VA),1,1,0.0,24.0,Alternative Supplier,Port Congestion,Electronics
1041,SANDOZ INC,WALMART PHARMACY #2320 (VA),1,2,0.0,18.0,Inventory Buffer,Port Congestion,Electronics
1041,SANDOZ INC,WALMART PHARMACY #2320 (VA),1,3,0.0,42.0,Customer Delay,Port Congestion,Aerospace
1042,CADISTA PHARMACEUTICALS INC,MEDICO PHARMACY #6767 (NC),2,1,1.7338,74.0,Alternative Supplier,Cyber Attack,Automotive
1042,CADISTA PHARMACEUTICALS INC,MEDICO PHARMACY #6767 (NC),2,2,1.7771,55.0,Alternative Supplier,Natural Disaster,Electronics
1042,CADISTA PHARMACEUTICALS INC,MEDICO PHARMACY #6767 (NC),2,3,1.9606,28.0,Alternative Supplier,Natural Disaster,Electronics
1043,ABBOTT LABORATORIES,HARRIS TEETER PHARMACY #6758 (NC),2,1,0.0,42.0,Alternative Supplier,Port Congestion,Electronics
1043,ABBOTT LABORATORIES,HARRIS TEETER PHARMACY #6758 (NC),2,2,0.0,37.0,Inventory Buffer,Labor Strike,Pharmaceuticals
1043,ABBOTT LABORATORIES,HARRIS TEETER PHARMACY #6758 (NC),2,3,0.0,55.0,Alternative Supplier,Geopolitical,Automotive
1044,JANSSEN PHARMACEUTICALS INC,PEOPLES PHARMACY #1635 (SD),2,1,1.7338,74.0,Alternative Supplier,Cyber Attack,Automotive
1044,JANSSEN PHARMACEUTICALS INC,PEOPLES PHARMACY #1635 (SD),2,2,1.7771,55.0,Alternative Supplier,Natural Disaster,Electronics
1044,JANSSEN PHARMACEUTICALS INC,PEOPLES PHARMACY #1635 (SD),2,3,1.9606,28.0,Alternative Supplier,Natural Disaster,Electronics
1045,PAR PHARMACEUTICAL INC,KROGER PHARMACY #4771 (NV),1,1,0.0,31.0,Alternative Supplier,Port Congestion,Automotive
1045,PAR PHARMACEUTICAL INC,KROGER PHARMACY #4771 (NV),1,2,0.0,24.0,Alternative Supplier,Port Congestion,Consumer Goods
1045,PAR PHARMACEUTICAL INC,KROGER PHARMACY #4771 (NV),1,3,0.0,16.0,Inventory Buffer,Geopolitical,Automotive
1046,CADISTA PHARMACEUTICALS INC,COMMUNITY PHARMACY #7816 (UT),3,1,0.8823,74.0,Alternative Supplier,Cyber Attack,Automotive
1046,CADISTA PHARMACEUTICALS INC,COMMUNITY PHARMACY #7816 (UT),3,2,0.9256,55.0,Alternative Supplier,Natural Disaster,Electronics
1046,CADISTA PHARMACEUTICALS INC,COMMUNITY PHARMACY #7816 (UT),3,3,1.0486,88.0,Alternative Supplier,Natural Disaster,Automotive
1047,ABBOTT LABORATORIES,HARRIS TEETER PHARMACY #6758 (NC),3,1,0.0,16.0,Alternative Supplier,Natural Disaster,Electronics
1047,ABBOTT LABORATORIES,HARRIS TEETER PHARMACY #6758 (NC),3,2,0.0,25.0,Alternative Supplier,Factory Incident,Pharmaceuticals
1047,ABBOTT LABORATORIES,HARRIS TEETER PHARMACY #6758 (NC),3,3,0.0,27.0,Alternative Supplier,Geopolitical,Automotive
1048,MYLAN PHARMACEUTICALS INC,MAIN STREET PHARMACY #2094 (KY),1,1,0.0,30.0,Alternative Supplier,Port Congestion,Automotive
1048,MYLAN PHARMACEUTICALS INC,MAIN STREET PHARMACY #2094 (KY),1,2,0.0,24.0,Alternative Supplier,Geopolitical,Electronics
1048,MYLAN PHARMACEUTICALS INC,MAIN STREET PHARMACY #2094 (KY),1,3,0.0,34.0,Inventory Buffer,Port Congestion,Electronics
1049,IMPAX LABORATORIES INC,SUNRISE PHARMACY #9718 (HI),1,1,0.0,12.0,Production Reroute,Port Congestion,Automotive
1049,IMPAX LABORATORIES INC,SUNRISE PHARMACY #9718 (HI),1,2,0.0,40.0,Alternative Supplier,Factory Incident,Aerospace
1049,IMPAX LABORATORIES INC,SUNRISE PHARMACY #9718 (HI),1,3,0.0,21.0,Alternative Supplier,Port Congestion,Aerospace
1050,QUALITEST PHARMACEUTICALS,WALGREENS #1013 (NH),1,1,0.0,26.0,Alternative Supplier,Port Congestion,Automotive
1050,QUALITEST PHARMACEUTICALS,WALGREENS #1013 (NH),1,2,0.0,13.0,Alternative Supplier,Port Congestion,Automotive
1050,QUALITEST PHARMACEUTICALS,WALGREENS #1013 (NH),1,3,0.0,50.0,Alternative Supplier,Port Congestion,Aerospace
1051,ABBOTT LABORATORIES,HOMETOWN PHARMACY #2224 (MN),1,1,0.0,38.0,Alternative Supplier,Port Congestion,Consumer Goods
1051,ABBOTT LABORATORIES,HOMETOWN PHARMACY #2224 (MN),1,2,0.0,21.0,Alternative Supplier,Geopolitical,Automotive
1051,ABBOTT LABORATORIES,HOMETOWN PHARMACY #2224 (MN),1,3,0.0,12.0,Alternative Supplier,Labor Strike,Automotive
1052,VINTAGE PHARMACEUTICALS LLC,GOOD NEIGHBOR PHARMACY #5060 (NH),1,1,0.0,26.0,Alternative Supplier,Port Congestion,Automotive
1052,VINTAGE PHARMACEUTICALS LLC,GOOD NEIGHBOR PHARMACY #5060 (NH),1,2,0.0,13.0,Alternative Supplier,Port Congestion,Automotive
1052,VINTAGE PHARMACEUTICALS LLC,GOOD NEIGHBOR PHARMACY #5060 (NH),1,3,0.0,50.0,Alternative Supplier,Port Congestion,Aerospace
1053,MALLINCKRODT LLC,PUBLIX PHARMACY #2055 (NC),2,1,0.0,50.0,Inventory Buffer,Cyber Attack,Automotive
1053,MALLINCKRODT LLC,PUBLIX PHARMACY #2055 (NC),2,2,0.0,61.0,Alternative Supplier,Natural Disaster,Aerospace
1053,MALLINCKRODT LLC,PUBLIX PHARMACY #2055 (NC),2,3,0.0,32.0,Alternative Supplier,Geopolitical,Aerospace
1054,CADISTA PHARMACEUTICALS INC,VILLAGE PHARMACY #2199 (KS),1,1,0.0,36.0,Alternative Supplier,Factory Incident,Electronics
1054,CADISTA PHARMACEUTICALS INC,VILLAGE PHARMACY #2199 (KS),1,2,0.0,36.0,Alternative Supplier,Natural Disaster,Electronics
1054,CADISTA PHARMACEUTICALS INC,VILLAGE PHARMACY #2199 (KS),1,3,0.0,15.0,Production Reroute,Port Congestion,Aerospace
1055,IMPAX LABORATORIES INC,MEDICO PHARMACY #6550 (VA),3,1,0.8823,74.0,Alternative Supplier,Cyber Attack,Automotive
1055,IMPAX LABORATORIES INC,MEDICO PHARMACY #6550 (VA),3,2,0.9256,55.0,Alternative Supplier,Natural Disaster,Electronics
1055,IMPAX LABORATORIES INC,MEDICO PHARMACY #6550 (VA),3,3,1.0486,88.0,Alternative Supplier,Natural Disaster,Automotive
1056,TEVA PHARMACEUTICALS USA INC,GOOD NEIGHBOR PHARMACY #6129 (NC),3,1,0.0,57.0,Alternative Supplier,Port Congestion,Pharmaceuticals
1056,TEVA PHARMACEUTICALS USA INC,GOOD NEIGHBOR PHARMACY #6129 (NC),3,2,0.0,66.0,Alternative Supplier,Natural Disaster,Aerospace
1056,TEVA PHARMACEUTICALS USA INC,GOOD NEIGHBOR PHARMACY #6129 (NC),3,3,0.0,32.0,Alternative Supplier,Natural Disaster,Aerospace
1057,JANSSEN PHARMACEUTICALS INC,CVS PHARMACY #8436 (AZ),1,1,0.0,21.0,Alternative Supplier,Labor Strike,Electronics
1057,JANSSEN PHARMACEUTICALS INC,CVS PHARMACY #8436 (AZ),1,2,0.0,18.0,Alternative Supplier,Port Congestion,Consumer Goods
1057,JANSSEN PHARMACEUTICALS INC,CVS PHARMACY #8436 (AZ),1,3,0.0,22.0,Alternative Supplier,Geopolitical,Pharmaceuticals
1058,TEVA PHARMACEUTICALS USA INC,CVS PHARMACY #9428 (AK),1,1,0.0,36.0,Alternative Supplier,Geopolitical,Electronics
1058,TEVA PHARMACEUTICALS USA INC,CVS PHARMACY #9428 (AK),1,2,0.0,18.0,Alternative Supplier,Geopolitical,Consumer Goods
1058,TEVA PHARMACEUTICALS USA INC,CVS PHARMACY #9428 (AK),1,3,0.0,33.0,Alternative Supplier,Labor Strike,Electronics
1059,MALLINCKRODT LLC,KROGER PHARMACY #4771 (NV),1,1,0.0,14.0,Production Reroute,Factory Incident,Electronics
1059,MALLINCKRODT LLC,KROGER PHARMACY #4771 (NV),1,2,0.0,21.0,Alternative Supplier,Port Congestion,Consumer Goods
1059,MALLINCKRODT LLC,KROGER PHARMACY #4771 (NV),1,3,0.0,97.0,Production Reroute,Port Congestion,Pharmaceuticals
1060,JANSSEN PHARMACEUTICALS INC,MEDICO PHARMACY #6767 (NC),2,1,0.0,51.0,Alternative Supplier,Geopolitical,Pharmaceuticals
1060,JANSSEN PHARMACEUTICALS INC,MEDICO PHARMACY #6767 (NC),2,2,0.0,20.0,Alternative Supplier,Port Congestion,Electronics
1060,JANSSEN PHARMACEUTICALS INC,MEDICO PHARMACY #6767 (NC),2,3,0.0,103.0,Alternative Supplier,Labor Strike,Automotive
1061,LANNETT COMPANY INC,HOMETOWN PHARMACY #4042 (MN),2,1,0.0,15.0,Alternative Supplier,Geopolitical,Aerospace
1061,LANNETT COMPANY INC,HOMETOWN PHARMACY #4042 (MN),2,2,0.0,26.0,Alternative Supplier,Factory Incident,Consumer Goods
1061,LANNETT COMPANY INC,HOMETOWN PHARMACY #4042 (MN),2,3,0.0,34.0,Alternative Supplier,Port Congestion,Aerospace
1062,MALLINCKRODT LLC,PUBLIX PHARMACY #1697 (MI),4,1,0.0,49.0,Alternative Supplier,Geopolitical,Consumer Goods
1062,MALLINCKRODT LLC,PUBLIX PHARMACY #1697 (MI),4,2,0.0,188.0,Combined Strategy,Cyber Attack,Electronics
1062,MALLINCKRODT LLC,PUBLIX PHARMACY #1697 (MI),4,3,0.0,111.0,Combined Strategy,Natural Disaster,Aerospace
1063,QUALITEST PHARMACEUTICALS,PEOPLES PHARMACY #2912 (WV),1,1,0.0,33.0,Customer Delay,Port Congestion,Pharmaceuticals
1063,QUALITEST PHARMACEUTICALS,PEOPLES PHARMACY #2912 (WV),1,2,0.0,11.0,Alternative Supplier,Port Congestion,Electronics
1063,QUALITEST PHARMACEUTICALS,PEOPLES PHARMACY #2912 (WV),1,3,0.0,28.0,Alternative Supplier,Port Congestion,Electronics
1064,IMPAX LABORATORIES INC,HARRIS TEETER PHARMACY #6283 (CA),1,1,0.0,32.0,Production Reroute,Port Congestion,Consumer Goods
1064,IMPAX LABORATORIES INC,HARRIS TEETER PHARMACY #6283 (CA),1,2,0.0,70.0,Customer Delay,Factory Incident,Automotive
1064,IMPAX LABORATORIES INC,HARRIS TEETER PHARMACY #6283 (CA),1,3,0.0,12.0,Alternative Supplier,Geopolitical,Electronics
1065,SUN PHARMA GLOBAL INC,CORNER DRUG STORE #1763 (DE),1,1,0.0,14.0,Alternative Supplier,Labor Strike,Electronics
1065,SUN PHARMA GLOBAL INC,CORNER DRUG STORE #1763 (DE),1,2,0.0,46.0,Alternative Supplier,Labor Strike,Automotive
1065,SUN PHARMA GLOBAL INC,CORNER DRUG STORE #1763 (DE),1,3,0.0,26.0,Alternative Supplier,Port Congestion,Electronics
1066,MYLAN PHARMACEUTICALS INC,PUBLIX PHARMACY #2736 (ME),1,1,0.0,10.0,Production Reroute,Port Congestion,Pharmaceuticals
1066,MYLAN PHARMACEUTICALS INC,PUBLIX PHARMACY #2736 (ME),1,2,0.0,9.0,Alternative Supplier,Port Congestion,Electronics
1066,MYLAN PHARMACEUTICALS INC,PUBLIX PHARMACY #2736 (ME),1,3,0.0,26.0,Alternative Supplier,Port Congestion,Consumer Goods
1067,VINTAGE PHARMACEUTICALS LLC,MAIN STREET PHARMACY #8342 (MI),2,1,1.7338,74.0,Alternative Supplier,Cyber Attack,Automotive
1067,VINTAGE PHARMACEUTICALS LLC,MAIN STREET PHARMACY #8342 (MI),2,2,1.7771,55.0,Alternative Supplier,Natural Disaster,Electronics
1067,VINTAGE PHARMACEUTICALS LLC,MAIN STREET PHARMACY #8342 (MI),2,3,1.9606,28.0,Alternative Supplier,Natural Disaster,Electronics
1068,HIKMA PHARMACEUTICALS,MAIN STREET PHARMACY #7581 (LA),2,1,1.7338,74.0,Alternative Supplier,Cyber Attack,Automotive
1068,HIKMA PHARMACEUTICALS,MAIN STREET PHARMACY #7581 (LA),2,2,1.7771,55.0,Alternative Supplier,Natural Disaster,Electronics
1068,HIKMA PHARMACEUTICALS,MAIN STREET PHARMACY #7581 (LA),2,3,1.9606,28.0,Alternative Supplier,Natural Disaster,Electronics
1069,IMPAX LABORATORIES INC,HARRIS TEETER PHARMACY #4455 (CT),1,1,0.0,38.0,Customer Delay,Port Congestion,Aerospace
1069,IMPAX LABORATORIES INC,HARRIS TEETER PHARMACY #4455 (CT),1,2,0.0,15.0,Alternative Supplier,Port Congestion,Consumer Goods
1069,IMPAX LABORATORIES INC,HARRIS TEETER PHARMACY #4455 (CT),1,3,0.0,15.0,Alternative Supplier,Port Congestion,Pharmaceuticals
1070,SANDOZ INC,PEOPLES PHARMACY #2132 (MO),1,1,0.0,21.0,Alternative Supplier,Labor Strike,Electronics
1070,SANDOZ INC,PEOPLES PHARMACY #2132 (MO),1,2,0.0,18.0,Alternative Supplier,Port Congestion,Consumer Goods
1070,SANDOZ INC,PEOPLES PHARMACY #2132 (MO),1,3,0.0,22.0,Alternative Supplier,Geopolitical,Pharmaceuticals
1071,HIKMA PHARMACEUTICALS,QUALITY CARE PHARMACY #5311 (NM),1,1,0.0,29.0,Alternative Supplier,Factory Incident,Automotive
1071,HIKMA PHARMACEUTICALS,QUALITY CARE PHARMACY #5311 (NM),1,2,0.0,9.0,Alternative Supplier,Labor Strike,Consumer Goods
1071,HIKMA PHARMACEUTICALS,QUALITY CARE PHARMACY #5311 (NM),1,3,0.0,27.0,Production Reroute,Factory Incident,Pharmaceuticals
1072,CADISTA PHARMACEUTICALS INC,VILLAGE PHARMACY #9397 (NC),2,1,0.0,31.0,Inventory Buffer,Port Congestion,Pharmaceuticals
1072,CADISTA PHARMACEUTICALS INC,VILLAGE PHARMACY #9397 (NC),2,2,0.0,61.0,Production Reroute,Port Congestion,Aerospace
1072,CADISTA PHARMACEUTICALS INC,VILLAGE PHARMACY #9397 (NC),2,3,0.0,65.0,Alternative Supplier,Natural Disaster,Automotive
1073,SUN PHARMA GLOBAL INC,PEOPLES PHARMACY #2912 (WV),3,1,0.0,48.0,Alternative Supplier,Port Congestion,Automotive
1073,SUN PHARMA GLOBAL INC,PEOPLES PHARMACY #2912 (WV),3,2,0.0,33.0,Inventory Buffer,Labor Strike,Automotive
1073,SUN PHARMA GLOBAL INC,PEOPLES PHARMACY #2912 (WV),3,3,0.0,59.0,Alternative Supplier,Port Congestion,Electronics
1074,MYLAN PHARMACEUTICALS INC,SUNRISE PHARMACY #8999 (NC),4,1,0.0,133.0,Alternative Supplier,Port Congestion,Consumer Goods
1074,MYLAN PHARMACEUTICALS INC,SUNRISE PHARMACY #8999 (NC),4,2,0.0,152.0,Production Reroute,Port Congestion,Automotive
1074,MYLAN PHARMACEUTICALS INC,SUNRISE PHARMACY #8999 (NC),4,3,0.0,75.0,Alternative Supplier,Cyber Attack,Pharmaceuticals
1075,PURDUE PHARMA LP,HOMETOWN PHARMACY #3804 (KY),3,1,0.001,170.0,Alternative Supplier,Cyber Attack,Pharmaceuticals
1075,PURDUE PHARMA LP,HOMETOWN PHARMACY #3804 (KY),3,2,0.0018,115.0,Alternative Supplier,Port Congestion,Automotive
1075,PURDUE PHARMA LP,HOMETOWN PHARMACY #3804 (KY),3,3,0.0043,69.0,Combined Strategy,Geopolitical,Electronics
1076,JANSSEN PHARMACEUTICALS INC,WALMART PHARMACY #1339 (NC),3,1,0.0,113.0,Alternative Supplier,Geopolitical,Aerospace
1076,JANSSEN PHARMACEUTICALS INC,WALMART PHARMACY #1339 (NC),3,2,0.0,50.0,Alternative Supplier,Port Congestion,Automotive
1076,JANSSEN PHARMACEUTICALS INC,WALMART PHARMACY #1339 (NC),3,3,0.0,159.0,Customer Delay,Port Congestion,Automotive
1077,TEVA PHARMACEUTICALS USA INC,HARRIS TEETER PHARMACY #6458 (CO),1,1,0.0,42.0,Alternative Supplier,Port Congestion,Pharmaceuticals
1077,TEVA PHARMACEUTICALS USA INC,HARRIS TEETER PHARMACY #6458 (CO),1,2,0.0,20.0,Alternative Supplier,Factory Incident,Electronics
1077,TEVA PHARMACEUTICALS USA INC,HARRIS TEETER PHARMACY #6458 (CO),1,3,0.0,17.0,Alternative Supplier,Labor Strike,Automotive
1078,AMNEAL PHARMACEUTICALS LLC,SUNRISE PHARMACY #8999 (NC),3,1,0.7828,74.0,Alternative Supplier,Cyber Attack,Automotive
1078,AMNEAL PHARMACEUTICALS LLC,SUNRISE PHARMACY #8999 (NC),3,2,0.8236,55.0,Alternative Supplier,Natural Disaster,Electronics
1078,AMNEAL PHARMACEUTICALS LLC,SUNRISE PHARMACY #8999 (NC),3,3,0.9973,28.0,Alternative Supplier,Natural Disaster,Electronics
1079,JANSSEN PHARMACEUTICALS INC,CVS PHARMACY #5592 (MT),2,1,1.7338,74.0,Alternative Supplier,Cyber Attack,Automotive
1079,JANSSEN PHARMACEUTICALS INC,CVS PHARMACY #5592 (MT),2,2,1.7771,55.0,Alternative Supplier,Natural Disaster,Electronics
1079,JANSSEN PHARMACEUTICALS INC,CVS PHARMACY #5592 (MT),2,3,1.9606,28.0,Alternative Supplier,Natural Disaster,Electronics
1080,IMPAX LABORATORIES INC,HOMETOWN PHARMACY #8469 (NC),2,1,1.7338,74.0,Alternative Supplier,Cyber Attack,Automotive
1080,IMPAX LABORATORIES INC,HOMETOWN PHARMACY #8469 (NC),2,2,1.7771,55.0,Alternative Supplier,Natural Disaster,Electronics
1080,IMPAX LABORATORIES INC,HOMETOWN PHARMACY #8469 (NC),2,3,1.9606,28.0,Alternative Supplier,Natural Disaster,Electronics
1081,SUN PHARMA GLOBAL INC,WALMART PHARMACY #1339 (NC),2,1,0.0,32.0,Alternative Supplier,Labor Strike,Pharmaceuticals
1081,SUN PHARMA GLOBAL INC,WALMART PHARMACY #1339 (NC),2,2,0.0,50.0,Alternative Supplier,Factory Incident,Consumer Goods
1081,SUN PHARMA GLOBAL INC,WALMART PHARMACY #1339 (NC),2,3,0.0,23.0,Alternative Supplier,Geopolitical,Consumer Goods
1082,JANSSEN PHARMACEUTICALS INC,QUALITY CARE PHARMACY #8199 (WV),3,1,0.0,45.0,Alternative Supplier,Port Congestion,Automotive
1082,JANSSEN PHARMACEUTICALS INC,QUALITY CARE PHARMACY #8199 (WV),3,2,0.0,71.0,Production Reroute,Factory Incident,Consumer Goods
1082,JANSSEN PHARMACEUTICALS INC,QUALITY CARE PHARMACY #8199 (WV),3,3,0.0,32.0,Combined Strategy,Labor Strike,Automotive
1083,ENDO PHARMACEUTICALS INC,SUNRISE PHARMACY #6286 (AZ),2,1,0.0592,23.0,Alternative Supplier,Cyber Attack,Electronics
1083,ENDO PHARMACEUTICALS INC,SUNRISE PHARMACY #6286 (AZ),2,2,0.2165,51.0,Alternative Supplier,Port Congestion,Aerospace
1083,ENDO PHARMACEUTICALS INC,SUNRISE PHARMACY #6286 (AZ),2,3,0.3159,33.0,Inventory Buffer,Port Congestion,Consumer Goods
1084,SUN PHARMA GLOBAL INC,CVS PHARMACY #3742 (SD),3,1,0.8823,74.0,Alternative Supplier,Cyber Attack,Automotive
1084,SUN PHARMA GLOBAL INC,CVS PHARMACY #3742 (SD),3,2,0.9256,55.0,Alternative Supplier,Natural Disaster,Electronics
1084,SUN PHARMA GLOBAL INC,CVS PHARMACY #3742 (SD),3,3,1.0486,88.0,Alternative Supplier,Natural Disaster,Automotive
1085,PURDUE PHARMA LP,PEOPLES PHARMACY #6526 (WA),1,1,0.0,26.0,Alternative Supplier,Port Congestion,Automotive
1085,PURDUE PHARMA LP,PEOPLES PHARMACY #6526 (WA),1,2,0.0,13.0,Alternative Supplier,Port Congestion,Automotive
1085,PURDUE PHARMA LP,PEOPLES PHARMACY #6526 (WA),1,3,0.0,50.0,Alternative Supplier,Port Congestion,Aerospace
1086,ABBOTT LABORATORIES,CORNER DRUG STORE #3383 (OR),1,1,0.0,31.0,Alternative Supplier,Labor Strike,Automotive
1086,ABBOTT LABORATORIES,CORNER DRUG STORE #3383 (OR),1,2,0.0,16.0,Alternative Supplier,Labor Strike,Automotive
1086,ABBOTT LABORATORIES,CORNER DRUG STORE #3383 (OR),1,3,0.0,45.0,Alternative Supplier,Labor Strike,Aerospace
1087,AMNEAL PHARMACEUTICALS LLC,QUALITY CARE PHARMACY #3071 (KY),3,1,0.8823,74.0,Alternative Supplier,Cyber Attack,Automotive
1087,AMNEAL PHARMACEUTICALS LLC,QUALITY CARE PHARMACY #3071 (KY),3,2,0.9256,55.0,Alternative Supplier,Natural Disaster,Electronics
1087,AMNEAL PHARMACEUTICALS LLC,QUALITY CARE PHARMACY #3071 (KY),3,3,1.0486,88.0,Alternative Supplier,Natural Disaster,Automotive
1088,VINTAGE PHARMACEUTICALS LLC,PUBLIX PHARMACY #6736 (TN),1,1,0.0,39.0,Alternative Supplier,Factory Incident,Automotive
1088,VINTAGE PHARMACEUTICALS LLC,PUBLIX PHARMACY #6736 (TN),1,2,0.0,14.0,Alternative Supplier,Factory Incident,Automotive
1088,VINTAGE PHARMACEUTICALS LLC,PUBLIX PHARMACY #6736 (TN),1,3,0.0,18.0,Alternative Supplier,Labor Strike,Electronics
1089,TEVA PHARMACEUTICALS USA INC,GOOD NEIGHBOR PHARMACY #6129 (NC),3,1,0.0,58.0,Alternative Supplier,Port Congestion,Pharmaceuticals
1089,TEVA PHARMACEUTICALS USA INC,GOOD NEIGHBOR PHARMACY #6129 (NC),3,2,0.0,55.0,Alternative Supplier,Cyber Attack,Consumer Goods
1089,TEVA PHARMACEUTICALS USA INC,GOOD NEIGHBOR PHARMACY #6129 (NC),3,3,0.0,44.0,Alternative Supplier,Geopolitical,Electronics
1090,MYLAN PHARMACEUTICALS INC,SUNRISE PHARMACY #8999 (NC),2,1,0.0,56.0,Production Reroute,Factory Incident,Automotive
1090,MYLAN PHARMACEUTICALS INC,SUNRISE PHARMACY #8999 (NC),2,2,0.0,49.0,Alternative Supplier,Factory Incident,Automotive
1090,MYLAN PHARMACEUTICALS INC,SUNRISE PHARMACY #8999 (NC),2,3,0.0,41.0,Alternative Supplier,Port Congestion,Electronics
1091,JANSSEN PHARMACEUTICALS INC,QUALITY CARE PHARMACY #8199 (WV),2,1,0.0,14.0,Combined Strategy,Factory Incident,Automotive
1091,JANSSEN PHARMACEUTICALS INC,QUALITY CARE PHARMACY #8199 (WV),2,2,0.0,48.0,Inventory Buffer,Labor Strike,Consumer Goods
1091,JANSSEN PHARMACEUTICALS INC,QUALITY CARE PHARMACY #8199 (WV),2,3,0.0,23.0,Alternative Supplier,Labor Strike,Consumer Goods
1092,CADISTA PHARMACEUTICALS INC,HEALTH MART PHARMACY #2396 (NY),2,1,1.7338,74.0,Alternative Supplier,Cyber Attack,Automotive
1092,CADISTA PHARMACEUTICALS INC,HEALTH MART PHARMACY #2396 (NY),2,2,1.7771,55.0,Alternative Supplier,Natural Disaster,Electronics
1092,CADISTA PHARMACEUTICALS INC,HEALTH MART PHARMACY #2396 (NY),2,3,1.9606,28.0,Alternative Supplier,Natural Disaster,Electronics
1093,SUN PHARMA GLOBAL INC,PUBLIX PHARMACY #6189 (IA),1,1,0.0,27.0,Production Reroute,Labor Strike,Pharmaceuticals
1093,SUN PHARMA GLOBAL INC,PUBLIX PHARMACY #6189 (IA),1,2,0.0,18.0,Alternative Supplier,Labor Strike,Electronics
1093,SUN PHARMA GLOBAL INC,PUBLIX PHARMACY #6189 (IA),1,3,0.0,16.0,Alternative Supplier,Factory Incident,Automotive
1094,ACTAVIS PHARMA INC,PUBLIX PHARMACY #1697 (MI),3,1,0.0,64.0,Alternative Supplier,Factory Incident,Electronics
1094,ACTAVIS PHARMA INC,PUBLIX PHARMACY #1697 (MI),3,2,0.0,28.0,Alternative Supplier,Cyber Attack,Aerospace
1094,ACTAVIS PHARMA INC,PUBLIX PHARMACY #1697 (MI),3,3,0.0,110.0,Production Reroute,Geopolitical,Electronics
1095,SUN PHARMA GLOBAL INC,HEALTH MART PHARMACY #6840 (FL),1,1,0.0,29.0,Production Reroute,Factory Incident,Pharmaceuticals
1095,SUN PHARMA GLOBAL INC,HEALTH MART PHARMACY #6840 (FL),1,2,0.0,24.0,Alternative Supplier,Port Congestion,Electronics
1095,SUN PHARMA GLOBAL INC,HEALTH MART PHARMACY #6840 (FL),1,3,0.0,24.0,Alternative Supplier,Port Congestion,Electronics
1096,ACTAVIS PHARMA INC,HOMETOWN PHARMACY #7981 (TX),2,1,1.7338,74.0,Alternative Supplier,Cyber Attack,Automotive
1096,ACTAVIS PHARMA INC,HOMETOWN PHARMACY #7981 (TX),2,2,1.7771,55.0,Alternative Supplier,Natural Disaster,Electronics
1096,ACTAVIS PHARMA INC,HOMETOWN PHARMACY #7981 (TX),2,3,1.9606,28.0,Alternative Supplier,Natural Disaster,Electronics
1097,AMNEAL PHARMACEUTICALS LLC,HOMETOWN PHARMACY #6513 (WV),2,1,1.7338,74.0,Alternative Supplier,Cyber Attack,Automotive
1097,AMNEAL PHARMACEUTICALS LLC,HOMETOWN PHARMACY #6513 (WV),2,2,1.7771,55.0,Alternative Supplier,Natural Disaster,Electronics
1097,AMNEAL PHARMACEUTICALS LLC,HOMETOWN PHARMACY #6513 (WV),2,3,1.9606,28.0,Alternative Supplier,Natural Disaster,Electronics
1098,ABBOTT LABORATORIES,VILLAGE PHARMACY #4422 (MS),2,1,1.7338,74.0,Alternative Supplier,Cyber Attack,Automotive
1098,ABBOTT LABORATORIES,VILLAGE PHARMACY #4422 (MS),2,2,1.7771,55.0,Alternative Supplier,Natural Disaster,Electronics
1098,ABBOTT LABORATORIES,VILLAGE PHARMACY #4422 (MS),2,3,1.9606,28.0,Alternative Supplier,Natural Disaster,Electronics
1099,ABBOTT LABORATORIES,SUNRISE PHARMACY #1937 (TN),2,1,1.7338,74.0,Alternative Supplier,Cyber Attack,Automotive
1099,ABBOTT LABORATORIES,SUNRISE PHARMACY #1937 (TN),2,2,1.7771,55.0,Alternative Supplier,Natural Disaster,Electronics
1099,ABBOTT LABORATORIES,SUNRISE PHARMACY #1937 (TN),2,3,1.9606,28.0,Alternative Supplier,Natural Disaster,Electronics
1100,WATSON LABORATORIES INC,GOOD NEIGHBOR PHARMACY #6129 (NC),1,1,0.0,8.0,Production Reroute,Port Congestion,Consumer Goods
1100,WATSON LABORATORIES INC,GOOD NEIGHBOR PHARMACY #6129 (NC),1,2,0.0,15.0,Alternative Supplier,Labor Strike,Electronics
1100,WATSON LABORATORIES INC,GOOD NEIGHBOR PHARMACY #6129 (NC),1,3,0.0,60.0,Inventory Buffer,Labor Strike,Consumer Goods
1101,QUALITEST PHARMACEUTICALS,VILLAGE PHARMACY #7951 (SC),2,1,1.7338,74.0,Alternative Supplier,Cyber Attack,Automotive
1101,QUALITEST PHARMACEUTICALS,VILLAGE PHARMACY #7951 (SC),2,2,1.7771,55.0,Alternative Supplier,Natural Disaster,Electronics
1101,QUALITEST PHARMACEUTICALS,VILLAGE PHARMACY #7951 (SC),2,3,1.9606,28.0,Alternative Supplier,Natural Disaster,Electronics
1102,PAR PHARMACEUTICAL INC,GOOD NEIGHBOR PHARMACY #7042 (MT),1,1,0.0,21.0,Alternative Supplier,Labor Strike,Automotive
1102,PAR PHARMACEUTICAL INC,GOOD NEIGHBOR PHARMACY #7042 (MT),1,2,0.0,9.0,Alternative Supplier,Factory Incident,Consumer Goods
1102,PAR PHARMACEUTICAL INC,GOOD NEIGHBOR PHARMACY #7042 (MT),1,3,0.0,21.0,Alternative Supplier,Labor Strike,Pharmaceuticals
1103,ENDO PHARMACEUTICALS INC,WINN-DIXIE PHARMACY #2880 (MI),1,1,0.0015,29.0,Alternative Supplier,Natural Disaster,Electronics
1103,ENDO PHARMACEUTICALS INC,WINN-DIXIE PHARMACY #2880 (MI),1,2,0.0015,36.0,Alternative Supplier,Port Congestion,Pharmaceuticals
1103,ENDO PHARMACEUTICALS INC,WINN-DIXIE PHARMACY #2880 (MI),1,3,0.0015,22.0,Production Reroute,Port Congestion,Consumer Goods
1104,LANNETT COMPANY INC,WINN-DIXIE PHARMACY #6825 (IA),2,1,1.7338,74.0,Alternative Supplier,Cyber Attack,Automotive
1104,LANNETT COMPANY INC,WINN-DIXIE PHARMACY #6825 (IA),2,2,1.7771,55.0,Alternative Supplier,Natural Disaster,Electronics
1104,LANNETT COMPANY INC,WINN-DIXIE PHARMACY #6825 (IA),2,3,1.9606,28.0,Alternative Supplier,Natural Disaster,Electronics
1105,ABBOTT LABORATORIES,VILLAGE PHARMACY #6515 (MT),1,1,0.0,30.0,Alternative Supplier,Port Congestion,Automotive
1105,ABBOTT LABORATORIES,VILLAGE PHARMACY #6515 (MT),1,2,0.0,24.0,Alternative Supplier,Geopolitical,Electronics
1105,ABBOTT LABORATORIES,VILLAGE PHARMACY #6515 (MT),1,3,0.0,34.0,Inventory Buffer,Port Congestion,Electronics
1106,PURDUE PHARMA LP,MAIN STREET PHARMACY #4193 (KS),1,1,0.0,12.0,Inventory Buffer,Factory Incident,Electronics
1106,PURDUE PHARMA LP,MAIN STREET PHARMACY #4193 (KS),1,2,0.0,42.0,Alternative Supplier,Geopolitical,Consumer Goods
1106,PURDUE PHARMA LP,MAIN STREET PHARMACY #4193 (KS),1,3,0.0,22.0,Alternative Supplier,Port Congestion,Automotive
1107,LANNETT COMPANY INC,HARRIS TEETER PHARMACY #6458 (CO),1,1,0.0,17.0,Alternative Supplier,Port Congestion,Consumer Goods
1107,LANNETT COMPANY INC,HARRIS TEETER PHARMACY #6458 (CO),1,2,0.0,40.0,Alternative Supplier,Port Congestion,Automotive
1107,LANNETT COMPANY INC,HARRIS TEETER PHARMACY #6458 (CO),1,3,0.0,24.0,Alternative Supplier,Geopolitical,Automotive
1108,MYLAN PHARMACEUTICALS INC,HOMETOWN PHARMACY #8919 (KY),2,1,0.0,65.0,Alternative Supplier,Natural Disaster,Aerospace
1108,MYLAN PHARMACEUTICALS INC,HOMETOWN PHARMACY #8919 (KY),2,2,0.0001,56.0,Alternative Supplier,Geopolitical,Electronics
1108,MYLAN PHARMACEUTICALS INC,HOMETOWN PHARMACY #8919 (KY),2,3,0.0002,50.0,Alternative Supplier,Labor Strike,Automotive
1109,JANSSEN PHARMACEUTICALS INC,GOOD NEIGHBOR PHARMACY #6915 (NH),2,1,1.7338,74.0,Alternative Supplier,Cyber Attack,Automotive
1109,JANSSEN PHARMACEUTICALS INC,GOOD NEIGHBOR PHARMACY #6915 (NH),2,2,1.7771,55.0,Alternative Supplier,Natural Disaster,Electronics
1109,JANSSEN PHARMACEUTICALS INC,GOOD NEIGHBOR PHARMACY #6915 (NH),2,3,1.9606,28.0,Alternative Supplier,Natural Disaster,Electronics
1110,JANSSEN PHARMACEUTICALS INC,WALMART PHARMACY #6240 (NC),2,1,0.0,37.0,Alternative Supplier,Port Congestion,Consumer Goods
1110,JANSSEN PHARMACEUTICALS INC,WALMART PHARMACY #6240 (NC),2,2,0.0,43.0,Alternative Supplier,Labor Strike,Electronics
1110,JANSSEN PHARMACEUTICALS INC,WALMART PHARMACY #6240 (NC),2,3,0.0,103.0,Alternative Supplier,Labor Strike,Automotive
1111,ENDO PHARMACEUTICALS INC,PUBLIX PHARMACY #2769 (WV),2,1,0.107,23.0,Alternative Supplier,Cyber Attack,Electronics
1111,ENDO PHARMACEUTICALS INC,PUBLIX PHARMACY #2769 (WV),2,2,0.3015,51.0,Alternative Supplier,Port Congestion,Aerospace
1111,ENDO PHARMACEUTICALS INC,PUBLIX PHARMACY #2769 (WV),2,3,0.4172,33.0,Inventory Buffer,Port Congestion,Consumer Goods
1112,JANSSEN PHARMACEUTICALS INC,WALMART PHARMACY #6240 (NC),2,1,0.0,92.0,Combined Strategy,Geopolitical,Electronics
1112,JANSSEN PHARMACEUTICALS INC,WALMART PHARMACY #6240 (NC),2,2,0.0,33.0,Alternative Supplier,Cyber Attack,Automotive
1112,JANSSEN PHARMACEUTICALS INC,WALMART PHARMACY #6240 (NC),2,3,0.0,61.0,Alternative Supplier,Geopolitical,Electronics
1113,ABBOTT LABORATORIES,FAMILY CARE PHARMACY #7641 (AL),1,1,0.0,18.0,Alternative Supplier,Labor Strike,Electronics
1113,ABBOTT LABORATORIES,FAMILY CARE PHARMACY #7641 (AL),1,2,0.0,29.0,Alternative Supplier,Port Congestion,Automotive
1113,ABBOTT LABORATORIES,FAMILY CARE PHARMACY #7641 (AL),1,3,0.0,10.0,Alternative Supplier,Port Congestion,Electronics
1114,PURDUE PHARMA LP,PEOPLES PHARMACY #2912 (WV),2,1,1.7338,74.0,Alternative Supplier,Cyber Attack,Automotive
1114,PURDUE PHARMA LP,PEOPLES PHARMACY #2912 (WV),2,2,1.7771,55.0,Alternative Supplier,Natural Disaster,Electronics
1114,PURDUE PHARMA LP,PEOPLES PHARMACY #2912 (WV),2,3,1.9606,28.0,Alternative Supplier,Natural Disaster,Electronics
1115,JANSSEN PHARMACEUTICALS INC,CORNER DRUG STORE #3383 (OR),1,1,0.0,24.0,Alternative Supplier,Port Congestion,Automotive
1115,JANSSEN PHARMACEUTICALS INC,CORNER DRUG STORE #3383 (OR),1,2,0.0,10.0,Production Reroute,Labor Strike,Automotive
1115,JANSSEN PHARMACEUTICALS INC,CORNER DRUG STORE #3383 (OR),1,3,0.0,10.0,Production Reroute,Labor Strike,Electronics
1116,AMNEAL PHARMACEUTICALS LLC,WALMART PHARMACY #5415 (IA),2,1,1.7338,74.0,Alternative Supplier,Cyber Attack,Automotive
1116,AMNEAL PHARMACEUTICALS LLC,WALMART PHARMACY #5415 (IA),2,2,1.7771,55.0,Alternative Supplier,Natural Disaster,Electronics
1116,AMNEAL PHARMACEUTICALS LLC,WALMART PHARMACY #5415 (IA),2,3,1.9606,28.0,Alternative Supplier,Natural Disaster,Electronics
1117,IMPAX LABORATORIES INC,FAMILY CARE PHARMACY #7468 (NE),1,1,0.0,22.0,Alternative Supplier,Port Congestion,Electronics
1117,IMPAX LABORATORIES INC,FAMILY CARE PHARMACY #7468 (NE),1,2,0.0,21.0,Alternative Supplier,Labor Strike,Pharmaceuticals
1117,IMPAX LABORATORIES INC,FAMILY CARE PHARMACY #7468 (NE),1,3,0.0,46.0,Alternative Supplier,Port Congestion,Electronics
1118,WATSON LABORATORIES INC,PEOPLES PHARMACY #6526 (WA),2,1,0.0,22.0,Alternative Supplier,Port Congestion,Pharmaceuticals
1118,WATSON LABORATORIES INC,PEOPLES PHARMACY #6526 (WA),2,2,0.0,62.0,Alternative Supplier,Natural Disaster,Electronics
1118,WATSON LABORATORIES INC,PEOPLES PHARMACY #6526 (WA),2,3,0.0,46.0,Alternative Supplier,Port Congestion,Automotive
1119,MYLAN PHARMACEUTICALS INC,HEALTH MART PHARMACY #6354 (SC),2,1,1.7338,74.0,Alternative Supplier,Cyber Attack,Automotive
1119,MYLAN PHARMACEUTICALS INC,HEALTH MART PHARMACY #6354 (SC),2,2,1.7771,55.0,Alternative Supplier,Natural Disaster,Electronics
1119,MYLAN PHARMACEUTICALS INC,HEALTH MART PHARMACY #6354 (SC),2,3,1.9606,28.0,Alternative Supplier,Natural Disaster,Electronics
1120,ACTAVIS PHARMA INC,SUNRISE PHARMACY #9537 (KY),2,1,1.7338,74.0,Alternative Supplier,Cyber Attack,Automotive
1120,ACTAVIS PHARMA INC,SUNRISE PHARMACY #9537 (KY),2,2,1.7771,55.0,Alternative Supplier,Natural Disaster,Electronics
1120,ACTAVIS PHARMA INC,SUNRISE PHARMACY #9537 (KY),2,3,1.9606,28.0,Alternative Supplier,Natural Disaster,Electronics
1121,ACTAVIS PHARMA INC,COMMUNITY PHARMACY #3782 (NC),1,1,0.0,16.0,Alternative Supplier,Factory Incident,Consumer Goods
1121,ACTAVIS PHARMA INC,COMMUNITY PHARMACY #3782 (NC),1,2,0.0,47.0,Customer Delay,Geopolitical,Automotive
1121,ACTAVIS PHARMA INC,COMMUNITY PHARMACY #3782 (NC),1,3,0.0,45.0,Alternative Supplier,Labor Strike,Electronics
1122,QUALITEST PHARMACEUTICALS,HOMETOWN PHARMACY #6892 (WY),1,1,0.0,16.0,Alternative Supplier,Factory Incident,Consumer Goods
1122,QUALITEST PHARMACEUTICALS,HOMETOWN PHARMACY #6892 (WY),1,2,0.0,47.0,Customer Delay,Geopolitical,Automotive
1122,QUALITEST PHARMACEUTICALS,HOMETOWN PHARMACY #6892 (WY),1,3,0.0,45.0,Alternative Supplier,Labor Strike,Electronics
1123,HIKMA PHARMACEUTICALS,MEDICO PHARMACY #6092 (NY),1,1,0.0,29.0,Alternative Supplier,Factory Incident,Automotive
1123,HIKMA PHARMACEUTICALS,MEDICO PHARMACY #6092 (NY),1,2,0.0,9.0,Alternative Supplier,Labor Strike,Consumer Goods
1123,HIKMA PHARMACEUTICALS,MEDICO PHARMACY #6092 (NY),1,3,0.0,27.0,Production Reroute,Factory Incident,Pharmaceuticals
1124,HIKMA PHARMACEUTICALS,HARRIS TEETER PHARMACY #8332 (SD),1,1,0.0,21.0,Alternative Supplier,Port Congestion,Consumer Goods
1124,HIKMA PHARMACEUTICALS,HARRIS TEETER PHARMACY #8332 (SD),1,2,0.0,22.0,Production Reroute,Factory Incident,Electronics
1124,HIKMA PHARMACEUTICALS,HARRIS TEETER PHARMACY #8332 (SD),1,3,0.0,27.0,Alternative Supplier,Labor Strike,Consumer Goods
1125,AMNEAL PHARMACEUTICALS LLC,SUNRISE PHARMACY #1845 (LA),3,1,0.8823,74.0,Alternative Supplier,Cyber Attack,Automotive
1125,AMNEAL PHARMACEUTICALS LLC,SUNRISE PHARMACY #1845 (LA),3,2,0.9256,55.0,Alternative Supplier,Natural Disaster,Electronics
1125,AMNEAL PHARMACEUTICALS LLC,SUNRISE PHARMACY #1845 (LA),3,3,1.0486,88.0,Alternative Supplier,Natural Disaster,Automotive
1126,ABBOTT LABORATORIES,HARRIS TEETER PHARMACY #6758 (NC),2,1,0.0,40.0,Alternative Supplier,Cyber Attack,Consumer Goods
1126,ABBOTT LABORATORIES,HARRIS TEETER PHARMACY #6758 (NC),2,2,0.0,21.0,Alternative Supplier,Port Congestion,Aerospace
1126,ABBOTT LABORATORIES,HARRIS TEETER PHARMACY #6758 (NC),2,3,0.0,15.0,Alternative Supplier,Port Congestion,Consumer Goods
1127,JANSSEN PHARMACEUTICALS INC,HOMETOWN PHARMACY #6032 (SC),2,1,1.7338,74.0,Alternative Supplier,Cyber Attack,Automotive
1127,JANSSEN PHARMACEUTICALS INC,HOMETOWN PHARMACY #6032 (SC),2,2,1.7771,55.0,Alternative Supplier,Natural Disaster,Electronics
1127,JANSSEN PHARMACEUTICALS INC,HOMETOWN PHARMACY #6032 (SC),2,3,1.9606,28.0,Alternative Supplier,Natural Disaster,Electronics
1128,AMNEAL PHARMACEUTICALS LLC,GOOD NEIGHBOR PHARMACY #6942 (ME),1,1,0.0,10.0,Production Reroute,Port Congestion,Pharmaceuticals
1128,AMNEAL PHARMACEUTICALS LLC,GOOD NEIGHBOR PHARMACY #6942 (ME),1,2,0.0,9.0,Alternative Supplier,Port Congestion,Electronics
1128,AMNEAL PHARMACEUTICALS LLC,GOOD NEIGHBOR PHARMACY #6942 (ME),1,3,0.0,26.0,Alternative Supplier,Port Congestion,Consumer Goods
1129,WATSON LABORATORIES INC,COMMUNITY PHARMACY #9484 (NV),2,1,0.0,38.0,Alternative Supplier,Factory Incident,Pharmaceuticals
1129,WATSON LABORATORIES INC,COMMUNITY PHARMACY #9484 (NV),2,2,0.0,23.0,Alternative Supplier,Port Congestion,Automotive
1129,WATSON LABORATORIES INC,COMMUNITY PHARMACY #9484 (NV),2,3,0.0,16.0,Inventory Buffer,Port Congestion,Electronics
1130,AMNEAL PHARMACEUTICALS LLC,SUNRISE PHARMACY #8999 (NC),3,1,0.0001,28.0,Alternative Supplier,Natural Disaster,Electronics
1130,AMNEAL PHARMACEUTICALS LLC,SUNRISE PHARMACY #8999 (NC),3,2,0.0066,55.0,Alternative Supplier,Natural Disaster,Electronics
1130,AMNEAL PHARMACEUTICALS LLC,SUNRISE PHARMACY #8999 (NC),3,3,0.0091,86.0,Alternative Supplier,Port Congestion,Automotive
1131,MALLINCKRODT LLC,PUBLIX PHARMACY #2055 (NC),2,1,0.0,34.0,Alternative Supplier,Cyber Attack,Automotive
1131,MALLINCKRODT LLC,PUBLIX PHARMACY #2055 (NC),2,2,0.0,37.0,Alternative Supplier,Port Congestion,Electronics
1131,MALLINCKRODT LLC,PUBLIX PHARMACY #2055 (NC),2,3,0.0,105.0,Alternative Supplier,Geopolitical,Automotive
1132,ENDO PHARMACEUTICALS INC,COMMUNITY PHARMACY #3782 (NC),1,1,0.0,17.0,Alternative Supplier,Port Congestion,Consumer Goods
1132,ENDO PHARMACEUTICALS INC,COMMUNITY PHARMACY #3782 (NC),1,2,0.0,40.0,Alternative Supplier,Port Congestion,Automotive
1132,ENDO PHARMACEUTICALS INC,COMMUNITY PHARMACY #3782 (NC),1,3,0.0,24.0,Alternative Supplier,Geopolitical,Automotive
1133,ENDO PHARMACEUTICALS INC,RITE AID #5277 (TX),1,1,0.0,31.0,Alternative Supplier,Port Congestion,Automotive
1133,ENDO PHARMACEUTICALS INC,RITE AID #5277 (TX),1,2,0.0,24.0,Alternative Supplier,Port Congestion,Consumer Goods
1133,ENDO PHARMACEUTICALS INC,RITE AID #5277 (TX),1,3,0.0,16.0,Inventory Buffer,Geopolitical,Automotive
1134,JANSSEN PHARMACEUTICALS INC,GOOD NEIGHBOR PHARMACY #8540 (OH),3,1,0.8823,74.0,Alternative Supplier,Cyber Attack,Automotive
1134,JANSSEN PHARMACEUTICALS INC,GOOD NEIGHBOR PHARMACY #8540 (OH),3,2,0.9256,55.0,Alternative Supplier,Natural Disaster,Electronics
1134,JANSSEN PHARMACEUTICALS INC,GOOD NEIGHBOR PHARMACY #8540 (OH),3,3,1.0486,88.0,Alternative Supplier,Natural Disaster,Automotive
1135,SUN PHARMA GLOBAL INC,RITE AID #6273 (NE),2,1,0.3477,23.0,Alternative Supplier,Cyber Attack,Electronics
1135,SUN PHARMA GLOBAL INC,RITE AID #6273 (NE),2,2,0.6589,51.0,Alternative Supplier,Port Congestion,Aerospace
1135,SUN PHARMA GLOBAL INC,RITE AID #6273 (NE),2,3,0.8254,33.0,Inventory Buffer,Port Congestion,Consumer Goods
1136,QUALITEST PHARMACEUTICALS,RITE AID #6273 (NE),1,1,0.0,26.0,Alternative Supplier,Port Congestion,Automotive
1136,QUALITEST PHARMACEUTICALS,RITE AID #6273 (NE),1,2,0.0,28.0,Production Reroute,Labor Strike,Automotive
1136,QUALITEST PHARMACEUTICALS,RITE AID #6273 (NE),1,3,0.0,19.0,Alternative Supplier,Geopolitical,Aerospace
1137,MALLINCKRODT LLC,KROGER PHARMACY #3779 (SC),1,1,0.0,21.0,Inventory Buffer,Natural Disaster,Electronics
1137,MALLINCKRODT LLC,KROGER PHARMACY #3779 (SC),1,2,0.0,10.0,Alternative Supplier,Factory Incident,Electronics
1137,MALLINCKRODT LLC,KROGER PHARMACY #3779 (SC),1,3,0.0,40.0,Alternative Supplier,Labor Strike,Pharmaceuticals
1138,HIKMA PHARMACEUTICALS,MAIN STREET PHARMACY #1103 (AK),1,1,0.0,20.0,Alternative Supplier,Port Congestion,Electronics
1138,HIKMA PHARMACEUTICALS,MAIN STREET PHARMACY #1103 (AK),1,2,0.0,14.0,Alternative Supplier,Port Congestion,Aerospace
1138,HIKMA PHARMACEUTICALS,MAIN STREET PHARMACY #1103 (AK),1,3,0.0,57.0,Alternative Supplier,Labor Strike,Electronics
1139,PAR PHARMACEUTICAL INC,PEOPLES PHARMACY #6526 (WA),1,1,0.0,28.0,Alternative Supplier,Factory Incident,Consumer Goods
1139,PAR PHARMACEUTICAL INC,PEOPLES PHARMACY #6526 (WA),1,2,0.0,53.0,Inventory Buffer,Port Congestion,Electronics
1139,PAR PHARMACEUTICAL INC,PEOPLES PHARMACY #6526 (WA),1,3,0.0,38.0,Customer Delay,Labor Strike,Consumer Goods
1140,CADISTA PHARMACEUTICALS INC,HEALTH MART PHARMACY #5593 (KY),2,1,1.7338,74.0,Alternative Supplier,Cyber Attack,Automotive
1140,CADISTA PHARMACEUTICALS INC,HEALTH MART PHARMACY #5593 (KY),2,2,1.7771,55.0,Alternative Supplier,Natural Disaster,Electronics
1140,CADISTA PHARMACEUTICALS INC,HEALTH MART PHARMACY #5593 (KY),2,3,1.9606,28.0,Alternative Supplier,Natural Disaster,Electronics
1141,SANDOZ INC,WALGREENS #9353 (NM),1,1,0.0,10.0,Production Reroute,Factory Incident,Consumer Goods
1141,SANDOZ INC,WALGREENS #9353 (NM),1,2,0.0,24.0,Alternative Supplier,Labor Strike,Electronics
1141,SANDOZ INC,WALGREENS #9353 (NM),1,3,0.0,9.0,Alternative Supplier,Labor Strike,Pharmaceuticals
1142,MALLINCKRODT LLC,SUNRISE PHARMACY #8999 (NC),3,1,0.8823,74.0,Alternative Supplier,Cyber Attack,Automotive
1142,MALLINCKRODT LLC,SUNRISE PHARMACY #8999 (NC),3,2,0.9256,55.0,Alternative Supplier,Natural Disaster,Electronics
1142,MALLINCKRODT LLC,SUNRISE PHARMACY #8999 (NC),3,3,1.0486,88.0,Alternative Supplier,Natural Disaster,Automotive
1143,IMPAX LABORATORIES INC,MAIN STREET PHARMACY #4501 (WV),2,1,1.7338,74.0,Alternative Supplier,Cyber Attack,Automotive
1143,IMPAX LABORATORIES INC,MAIN STREET PHARMACY #4501 (WV),2,2,1.7771,55.0,Alternative Supplier,Natural Disaster,Electronics
1143,IMPAX LABORATORIES INC,MAIN STREET PHARMACY #4501 (WV),2,3,1.9606,28.0,Alternative Supplier,Natural Disaster,Electronics
1144,RHODES TECHNOLOGIES,HARRIS TEETER PHARMACY #7261 (KY),2,1,0.0,72.0,Alternative Supplier,Factory Incident,Automotive
1144,RHODES TECHNOLOGIES,HARRIS TEETER PHARMACY #7261 (KY),2,2,0.0,75.0,Alternative Supplier,Port Congestion,Electronics
1144,RHODES TECHNOLOGIES,HARRIS TEETER PHARMACY #7261 (KY),2,3,0.0,70.0,Alternative Supplier,Natural Disaster,Electronics
1145,SUN PHARMA GLOBAL INC,PEOPLES PHARMACY #2912 (WV),2,1,0.0,27.0,Alternative Supplier,Cyber Attack,Consumer Goods
1145,SUN PHARMA GLOBAL INC,PEOPLES PHARMACY #2912 (WV),2,2,0.0,55.0,Alternative Supplier,Natural Disaster,Electronics
1145,SUN PHARMA GLOBAL INC,PEOPLES PHARMACY #2912 (WV),2,3,0.0,62.0,Alternative Supplier,Geopolitical,Consumer Goods
1146,ENDO PHARMACEUTICALS INC,GOOD NEIGHBOR PHARMACY #6942 (ME),1,1,0.0028,29.0,Alternative Supplier,Natural Disaster,Electronics
1146,ENDO PHARMACEUTICALS INC,GOOD NEIGHBOR PHARMACY #6942 (ME),1,2,0.0028,36.0,Alternative Supplier,Port Congestion,Pharmaceuticals
1146,ENDO PHARMACEUTICALS INC,GOOD NEIGHBOR PHARMACY #6942 (ME),1,3,0.0028,22.0,Production Reroute,Port Congestion,Consumer Goods
1147,VINTAGE PHARMACEUTICALS LLC,SUNRISE PHARMACY #5636 (TX),1,1,0.0,9.0,Alternative Supplier,Labor Strike,Consumer Goods
1147,VINTAGE PHARMACEUTICALS LLC,SUNRISE PHARMACY #5636 (TX),1,2,0.0,26.0,Alternative Supplier,Labor Strike,Electronics
1147,VINTAGE PHARMACEUTICALS LLC,SUNRISE PHARMACY #5636 (TX),1,3,0.0,44.0,Alternative Supplier,Factory Incident,Consumer Goods
1148,HIKMA PHARMACEUTICALS,CORNER DRUG STORE #3499 (SD),2,1,0.0,61.0,Alternative Supplier,Natural Disaster,Consumer Goods
1148,HIKMA PHARMACEUTICALS,CORNER DRUG STORE #3499 (SD),2,2,0.0,109.0,Alternative Supplier,Port Congestion,Automotive
1148,HIKMA PHARMACEUTICALS,CORNER DRUG STORE #3499 (SD),2,3,0.0,58.0,Alternative Supplier,Factory Incident,Consumer Goods
1149,HIKMA PHARMACEUTICALS,KROGER PHARMACY #7026 (MS),1,1,0.0,36.0,Alternative Supplier,Port Congestion,Consumer Goods
1149,HIKMA PHARMACEUTICALS,KROGER PHARMACY #7026 (MS),1,2,0.0,23.0,Combined Strategy,Labor Strike,Automotive
1149,HIKMA PHARMACEUTICALS,KROGER PHARMACY #7026 (MS),1,3,0.0,24.0,Alternative Supplier,Labor Strike,Consumer Goods
1150,ACTAVIS PHARMA INC,GOOD NEIGHBOR PHARMACY #2219 (NM),2,1,0.0,131.0,Alternative Supplier,Factory Incident,Pharmaceuticals
1150,ACTAVIS PHARMA INC,GOOD NEIGHBOR PHARMACY #2219 (NM),2,2,0.0,58.0,Customer Delay,Labor Strike,Consumer Goods
1150,ACTAVIS PHARMA INC,GOOD NEIGHBOR PHARMACY #2219 (NM),2,3,0.0,63.0,Inventory Buffer,Factory Incident,Consumer Goods
1151,JANSSEN PHARMACEUTICALS INC,WALMART PHARMACY #6240 (NC),2,1,0.0,41.0,Alternative Supplier,Labor Strike,Consumer Goods
1151,JANSSEN PHARMACEUTICALS INC,WALMART PHARMACY #6240 (NC),2,2,0.0,35.0,Combined Strategy,Cyber Attack,Electronics
1151,JANSSEN PHARMACEUTICALS INC,WALMART PHARMACY #6240 (NC),2,3,0.0,44.0,Alternative Supplier,Geopolitical,Consumer Goods
1152,JANSSEN PHARMACEUTICALS INC,PUBLIX PHARMACY #2397 (LA),1,1,0.0,68.0,Alternative Supplier,Labor Strike,Aerospace
1152,JANSSEN PHARMACEUTICALS INC,PUBLIX PHARMACY #2397 (LA),1,2,0.0,31.0,Alternative Supplier,Port Congestion,Electronics
1152,JANSSEN PHARMACEUTICALS INC,PUBLIX PHARMACY #2397 (LA),1,3,0.0,17.0,Production Reroute,Geopolitical,Electronics
1153,ENDO PHARMACEUTICALS INC,HARRIS TEETER PHARMACY #3473 (WV),2,1,0.0,34.0,Alternative Supplier,Geopolitical,Electronics
1153,ENDO PHARMACEUTICALS INC,HARRIS TEETER PHARMACY #3473 (WV),2,2,0.0,50.0,Customer Delay,Labor Strike,Aerospace
1153,ENDO PHARMACEUTICALS INC,HARRIS TEETER PHARMACY #3473 (WV),2,3,0.0,61.0,Alternative Supplier,Cyber Attack,Aerospace
1154,PURDUE PHARMA LP,MAIN STREET PHARMACY #6958 (DE),1,1,0.0,13.0,Customer Delay,Factory Incident,Electronics
1154,PURDUE PHARMA LP,MAIN STREET PHARMACY #6958 (DE),1,2,0.0,42.0,Production Reroute,Natural Disaster,Consumer Goods
1154,PURDUE PHARMA LP,MAIN STREET PHARMACY #6958 (DE),1,3,0.0,21.0,Customer Delay,Port Congestion,Consumer Goods
1155,ABBOTT LABORATORIES,HARRIS TEETER PHARMACY #6758 (NC),2,1,0.0,102.0,Inventory Buffer,Natural Disaster,Pharmaceuticals
1155,ABBOTT LABORATORIES,HARRIS TEETER PHARMACY #6758 (NC),2,2,0.0,72.0,Production Reroute,Port Congestion,Electronics
1155,ABBOTT LABORATORIES,HARRIS TEETER PHARMACY #6758 (NC),2,3,0.0,8.0,Alternative Supplier,Labor Strike,Electronics
1156,SANDOZ INC,MAIN STREET PHARMACY #2094 (KY),1,1,0.0,12.0,Production Reroute,Port Congestion,Automotive
1156,SANDOZ INC,MAIN STREET PHARMACY #2094 (KY),1,2,0.0,40.0,Alternative Supplier,Factory Incident,Aerospace
1156,SANDOZ INC,MAIN STREET PHARMACY #2094 (KY),1,3,0.0,21.0,Alternative Supplier,Port Congestion,Aerospace
1157,TEVA PHARMACEUTICALS USA INC,PEOPLES PHARMACY #2660 (NC),3,1,0.0,27.0,Alternative Supplier,Port Congestion,Electronics
1157,TEVA PHARMACEUTICALS USA INC,PEOPLES PHARMACY #2660 (NC),3,2,0.0,87.0,Alternative Supplier,Geopolitical,Aerospace
1157,TEVA PHARMACEUTICALS USA INC,PEOPLES PHARMACY #2660 (NC),3,3,0.0,52.0,Alternative Supplier,Labor Strike,Aerospace
1158,RHODES TECHNOLOGIES,PEOPLES PHARMACY #2188 (IA),1,1,0.0,21.0,Alternative Supplier,Port Congestion,Electronics
1158,RHODES TECHNOLOGIES,PEOPLES PHARMACY #2188 (IA),1,2,0.0,27.0,Alternative Supplier,Geopolitical,Automotive
1158,RHODES TECHNOLOGIES,PEOPLES PHARMACY #2188 (IA),1,3,0.0,36.0,Alternative Supplier,Port Congestion,Electronics
1159,PURDUE PHARMA LP,KROGER PHARMACY #3779 (SC),1,1,0.0,14.0,Alternative Supplier,Labor Strike,Pharmaceuticals
1159,PURDUE PHARMA LP,KROGER PHARMACY #3779 (SC),1,2,0.0,25.0,Production Reroute,Geopolitical,Pharmaceuticals
1159,PURDUE PHARMA LP,KROGER PHARMACY #3779 (SC),1,3,0.0,19.0,Alternative Supplier,Port Congestion,Consumer Goods
1160,QUALITEST PHARMACEUTICALS,MAIN STREET PHARMACY #2094 (KY),1,1,0.0,26.0,Alternative Supplier,Port Congestion,Consumer Goods
1160,QUALITEST PHARMACEUTICALS,MAIN STREET PHARMACY #2094 (KY),1,2,0.0,50.0,Alternative Supplier,Port Congestion,Consumer Goods
1160,QUALITEST PHARMACEUTICALS,MAIN STREET PHARMACY #2094 (KY),1,3,0.0,12.0,Alternative Supplier,Labor Strike,Consumer Goods
1161,MALLINCKRODT LLC,HARRIS TEETER PHARMACY #2619 (RI),2,1,1.7338,74.0,Alternative Supplier,Cyber Attack,Automotive
1161,MALLINCKRODT LLC,HARRIS TEETER PHARMACY #2619 (RI),2,2,1.7771,55.0,Alternative Supplier,Natural Disaster,Electronics
1161,MALLINCKRODT LLC,HARRIS TEETER PHARMACY #2619 (RI),2,3,1.9606,28.0,Alternative Supplier,Natural Disaster,Electronics
1162,VINTAGE PHARMACEUTICALS LLC,CORNER DRUG STORE #9454 (NM),2,1,1.7338,74.0,Alternative Supplier,Cyber Attack,Automotive
1162,VINTAGE PHARMACEUTICALS LLC,CORNER DRUG STORE #9454 (NM),2,2,1.7771,55.0,Alternative Supplier,Natural Disaster,Electronics
1162,VINTAGE PHARMACEUTICALS LLC,CORNER DRUG STORE #9454 (NM),2,3,1.9606,28.0,Alternative Supplier,Natural Disaster,Electronics
1163,ACTAVIS PHARMA INC,WALMART PHARMACY #6240 (NC),1,1,0.0,19.0,Alternative Supplier,Labor Strike,Electronics
1163,ACTAVIS PHARMA INC,WALMART PHARMACY #6240 (NC),1,2,0.0,17.0,Alternative Supplier,Labor Strike,Electronics
1163,ACTAVIS PHARMA INC,WALMART PHARMACY #6240 (NC),1,3,0.0,68.0,Customer Delay,Factory Incident,Aerospace
1164,TEVA PHARMACEUTICALS USA INC,PEOPLES PHARMACY #4186 (SD),1,1,0.0,52.0,Production Reroute,Port Congestion,Consumer Goods
1164,TEVA PHARMACEUTICALS USA INC,PEOPLES PHARMACY #4186 (SD),1,2,0.0,14.0,Alternative Supplier,Port Congestion,Electronics
1164,TEVA PHARMACEUTICALS USA INC,PEOPLES PHARMACY #4186 (SD),1,3,0.0,31.0,Alternative Supplier,Geopolitical,Consumer Goods
1165,ABBOTT LABORATORIES,PUBLIX PHARMACY #4758 (VT),2,1,0.0,61.0,Alternative Supplier,Port Congestion,Electronics
1165,ABBOTT LABORATORIES,PUBLIX PHARMACY #4758 (VT),2,2,0.0,123.0,Alternative Supplier,Geopolitical,Pharmaceuticals
1165,ABBOTT LABORATORIES,PUBLIX PHARMACY #4758 (VT),2,3,0.0,30.0,Production Reroute,Labor Strike,Pharmaceuticals
1166,SUN PHARMA GLOBAL INC,HEALTH MART PHARMACY #5593 (KY),2,1,1.7338,74.0,Alternative Supplier,Cyber Attack,Automotive
1166,SUN PHARMA GLOBAL INC,HEALTH MART PHARMACY #5593 (KY),2,2,1.7771,55.0,Alternative Supplier,Natural Disaster,Electronics
1166,SUN PHARMA GLOBAL INC,HEALTH MART PHARMACY #5593 (KY),2,3,1.9606,28.0,Alternative Supplier,Natural Disaster,Electronics
1167,ACTAVIS PHARMA INC,PEOPLES PHARMACY #6007 (WV),3,1,0.0,30.0,Alternative Supplier,Natural Disaster,Automotive
1167,ACTAVIS PHARMA INC,PEOPLES PHARMACY #6007 (WV),3,2,0.0,37.0,Alternative Supplier,Natural Disaster,Electronics
1167,ACTAVIS PHARMA INC,PEOPLES PHARMACY #6007 (WV),3,3,0.0,129.0,Alternative Supplier,Cyber Attack,Electronics
1168,ABBOTT LABORATORIES,CORNER DRUG STORE #2881 (AL),2,1,1.7338,74.0,Alternative Supplier,Cyber Attack,Automotive
1168,ABBOTT LABORATORIES,CORNER DRUG STORE #2881 (AL),2,2,1.7771,55.0,Alternative Supplier,Natural Disaster,Electronics
1168,ABBOTT LABORATORIES,CORNER DRUG STORE #2881 (AL),2,3,1.9606,28.0,Alternative Supplier,Natural Disaster,Electronics
1169,VINTAGE PHARMACEUTICALS LLC,MEDICO PHARMACY #2099 (NJ),2,1,1.7338,74.0,Alternative Supplier,Cyber Attack,Automotive
1169,VINTAGE PHARMACEUTICALS LLC,MEDICO PHARMACY #2099 (NJ),2,2,1.7771,55.0,Alternative Supplier,Natural Disaster,Electronics
1169,VINTAGE PHARMACEUTICALS LLC,MEDICO PHARMACY #2099 (NJ),2,3,1.9606,28.0,Alternative Supplier,Natural Disaster,Electronics
1170,AMNEAL PHARMACEUTICALS LLC,KROGER PHARMACY #1887 (KY),2,1,0.0,36.0,Alternative Supplier,Cyber Attack,Consumer Goods
1170,AMNEAL PHARMACEUTICALS LLC,KROGER PHARMACY #1887 (KY),2,2,0.0,35.0,Alternative Supplier,Port Congestion,Aerospace
1170,AMNEAL PHARMACEUTICALS LLC,KROGER PHARMACY #1887 (KY),2,3,0.0,13.0,Alternative Supplier,Geopolitical,Pharmaceuticals
1171,RHODES TECHNOLOGIES,KROGER PHARMACY #1627 (WY),2,1,1.7338,74.0,Alternative Supplier,Cyber Attack,Automotive
1171,RHODES TECHNOLOGIES,KROGER PHARMACY #1627 (WY),2,2,1.7771,55.0,Alternative Supplier,Natural Disaster,Electronics
1171,RHODES TECHNOLOGIES,KROGER PHARMACY #1627 (WY),2,3,1.9606,28.0,Alternative Supplier,Natural Disaster,Electronics
1172,VINTAGE PHARMACEUTICALS LLC,CORNER DRUG STORE #1891 (MT),1,1,0.0,36.0,Alternative Supplier,Factory Incident,Electronics
1172,VINTAGE PHARMACEUTICALS LLC,CORNER DRUG STORE #1891 (MT),1,2,0.0,36.0,Alternative Supplier,Natural Disaster,Electronics
1172,VINTAGE PHARMACEUTICALS LLC,CORNER DRUG STORE #1891 (MT),1,3,0.0,15.0,Production Reroute,Port Congestion,Aerospace
1173,SUN PHARMA GLOBAL INC,MAIN STREET PHARMACY #1103 (AK),1,1,0.0,8.0,Alternative Supplier,Natural Disaster,Pharmaceuticals
1173,SUN PHARMA GLOBAL INC,MAIN STREET PHARMACY #1103 (AK),1,2,0.0,25.0,Alternative Supplier,Port Congestion,Aerospace
1173,SUN PHARMA GLOBAL INC,MAIN STREET PHARMACY #1103 (AK),1,3,0.0,33.0,Alternative Supplier,Labor Strike,Electronics
1174,WATSON LABORATORIES INC,MEDICO PHARMACY #6767 (NC),2,1,1.7338,74.0,Alternative Supplier,Cyber Attack,Automotive
1174,WATSON LABORATORIES INC,MEDICO PHARMACY #6767 (NC),2,2,1.7771,55.0,Alternative Supplier,Natural Disaster,Electronics
1174,WATSON LABORATORIES INC,MEDICO PHARMACY #6767 (NC),2,3,1.9606,28.0,Alternative Supplier,Natural Disaster,Electronics
1175,MYLAN PHARMACEUTICALS INC,PEOPLES PHARMACY #6007 (WV),3,1,0.8823,74.0,Alternative Supplier,Cyber Attack,Automotive
1175,MYLAN PHARMACEUTICALS INC,PEOPLES PHARMACY #6007 (WV),3,2,0.9256,55.0,Alternative Supplier,Natural Disaster,Electronics
1175,MYLAN PHARMACEUTICALS INC,PEOPLES PHARMACY #6007 (WV),3,3,1.0486,88.0,Alternative Supplier,Natural Disaster,Automotive
1176,RHODES TECHNOLOGIES,HOMETOWN PHARMACY #8152 (WV),3,1,0.0,59.0,Alternative Supplier,Port Congestion,Electronics
1176,RHODES TECHNOLOGIES,HOMETOWN PHARMACY #8152 (WV),3,2,0.0,64.0,Production Reroute,Natural Disaster,Automotive
1176,RHODES TECHNOLOGIES,HOMETOWN PHARMACY #8152 (WV),3,3,0.0,91.0,Inventory Buffer,Natural Disaster,Electronics
1177,JANSSEN PHARMACEUTICALS INC,WALMART PHARMACY #6240 (NC),2,1,0.0,61.0,Alternative Supplier,Geopolitical,Electronics
1177,JANSSEN PHARMACEUTICALS INC,WALMART PHARMACY #6240 (NC),2,2,0.0,18.0,Production Reroute,Port Congestion,Automotive
1177,JANSSEN PHARMACEUTICALS INC,WALMART PHARMACY #6240 (NC),2,3,0.0,91.0,Customer Delay,Natural Disaster,Automotive
1178,PURDUE PHARMA LP,HOMETOWN PHARMACY #3804 (KY),1,1,0.0,8.0,Alternative Supplier,Port Congestion,Aerospace
1178,PURDUE PHARMA LP,HOMETOWN PHARMACY #3804 (KY),1,2,0.0,14.0,Alternative Supplier,Geopolitical,Consumer Goods
1178,PURDUE PHARMA LP,HOMETOWN PHARMACY #3804 (KY),1,3,0.0,35.0,Alternative Supplier,Natural Disaster,Electronics
1179,SUN PHARMA GLOBAL INC,PEOPLES PHARMACY #2912 (WV),2,1,0.0,27.0,Alternative Supplier,Labor Strike,Electronics
1179,SUN PHARMA GLOBAL INC,PEOPLES PHARMACY #2912 (WV),2,2,0.0,41.0,Alternative Supplier,Natural Disaster,Automotive
1179,SUN PHARMA GLOBAL INC,PEOPLES PHARMACY #2912 (WV),2,3,0.0,85.0,Alternative Supplier,Factory Incident,Consumer Goods
1180,SUN PHARMA GLOBAL INC,HARRIS TEETER PHARMACY #6352 (IA),2,1,1.7338,74.0,Alternative Supplier,Cyber Attack,Automotive
1180,SUN PHARMA GLOBAL INC,HARRIS TEETER PHARMACY #6352 (IA),2,2,1.7771,55.0,Alternative Supplier,Natural Disaster,Electronics
1180,SUN PHARMA GLOBAL INC,HARRIS TEETER PHARMACY #6352 (IA),2,3,1.9606,28.0,Alternative Supplier,Natural Disaster,Electronics
1181,ACTAVIS PHARMA INC,WALMART PHARMACY #6240 (NC),1,1,0.0,26.0,Alternative Supplier,Cyber Attack,Electronics
1181,ACTAVIS PHARMA INC,WALMART PHARMACY #6240 (NC),1,2,0.0,8.0,Alternative Supplier,Geopolitical,Automotive
1181,ACTAVIS PHARMA INC,WALMART PHARMACY #6240 (NC),1,3,0.0,45.0,Alternative Supplier,Labor Strike,Electronics
1182,VINTAGE PHARMACEUTICALS LLC,PUBLIX PHARMACY #5099 (NY),2,1,1.7338,74.0,Alternative Supplier,Cyber Attack,Automotive
1182,VINTAGE PHARMACEUTICALS LLC,PUBLIX PHARMACY #5099 (NY),2,2,1.7771,55.0,Alternative Supplier,Natural Disaster,Electronics
1182,VINTAGE PHARMACEUTICALS LLC,PUBLIX PHARMACY #5099 (NY),2,3,1.9606,28.0,Alternative Supplier,Natural Disaster,Electronics
1183,PAR PHARMACEUTICAL INC,PUBLIX PHARMACY #2397 (LA),1,1,0.0,29.0,Alternative Supplier,Labor Strike,Automotive
1183,PAR PHARMACEUTICAL INC,PUBLIX PHARMACY #2397 (LA),1,2,0.0,39.0,Combined Strategy,Factory Incident,Consumer Goods
1183,PAR PHARMACEUTICAL INC,PUBLIX PHARMACY #2397 (LA),1,3,0.0,17.0,Alternative Supplier,Port Congestion,Electronics
1184,AMNEAL PHARMACEUTICALS LLC,QUALITY CARE PHARMACY #7081 (NJ),1,1,0.0,21.0,Alternative Supplier,Port Congestion,Electronics
1184,AMNEAL PHARMACEUTICALS LLC,QUALITY CARE PHARMACY #7081 (NJ),1,2,0.0,27.0,Alternative Supplier,Geopolitical,Automotive
1184,AMNEAL PHARMACEUTICALS LLC,QUALITY CARE PHARMACY #7081 (NJ),1,3,0.0,36.0,Alternative Supplier,Port Congestion,Electronics
1185,ABBOTT LABORATORIES,HARRIS TEETER PHARMACY #6758 (NC),3,1,0.0,83.0,Alternative Supplier,Labor Strike,Consumer Goods
1185,ABBOTT LABORATORIES,HARRIS TEETER PHARMACY #6758 (NC),3,2,0.0,33.0,Alternative Supplier,Port Congestion,Electronics
1185,ABBOTT LABORATORIES,HARRIS TEETER PHARMACY #6758 (NC),3,3,0.0,89.0,Alternative Supplier,Cyber Attack,Pharmaceuticals
1186,TEVA PHARMACEUTICALS USA INC,COMMUNITY PHARMACY #4270 (AR),2,1,1.7338,74.0,Alternative Supplier,Cyber Attack,Automotive
1186,TEVA PHARMACEUTICALS USA INC,COMMUNITY PHARMACY #4270 (AR),2,2,1.7771,55.0,Alternative Supplier,Natural Disaster,Electronics
1186,TEVA PHARMACEUTICALS USA INC,COMMUNITY PHARMACY #4270 (AR),2,3,1.9606,28.0,Alternative Supplier,Natural Disaster,Electronics
1187,PAR PHARMACEUTICAL INC,SUNRISE PHARMACY #9718 (HI),1,1,0.0,16.0,Customer Delay,Port Congestion,Consumer Goods
1187,PAR PHARMACEUTICAL INC,SUNRISE PHARMACY #9718 (HI),1,2,0.0,23.0,Alternative Supplier,Port Congestion,Consumer Goods
1187,PAR PHARMACEUTICAL INC,SUNRISE PHARMACY #9718 (HI),1,3,0.0,29.0,Alternative Supplier,Factory Incident,Consumer Goods
1188,MYLAN PHARMACEUTICALS INC,CORNER DRUG STORE #9561 (PA),2,1,1.7338,74.0,Alternative Supplier,Cyber Attack,Automotive
1188,MYLAN PHARMACEUTICALS INC,CORNER DRUG STORE #9561 (PA),2,2,1.7771,55.0,Alternative Supplier,Natural Disaster,Electronics
1188,MYLAN PHARMACEUTICALS INC,CORNER DRUG STORE #9561 (PA),2,3,1.9606,28.0,Alternative Supplier,Natural Disaster,Electronics
1189,VINTAGE PHARMACEUTICALS LLC,CORNER DRUG STORE #3499 (SD),2,1,0.0,46.0,Alternative Supplier,Factory Incident,Pharmaceuticals
1189,VINTAGE PHARMACEUTICALS LLC,CORNER DRUG STORE #3499 (SD),2,2,0.0,38.0,Alternative Supplier,Cyber Attack,Electronics
1189,VINTAGE PHARMACEUTICALS LLC,CORNER DRUG STORE #3499 (SD),2,3,0.0,14.0,Alternative Supplier,Port Congestion,Automotive
1190,LANNETT COMPANY INC,QUALITY CARE PHARMACY #8594 (CO),3,1,0.8823,74.0,Alternative Supplier,Cyber Attack,Automotive
1190,LANNETT COMPANY INC,QUALITY CARE PHARMACY #8594 (CO),3,2,0.9256,55.0,Alternative Supplier,Natural Disaster,Electronics
1190,LANNETT COMPANY INC,QUALITY CARE PHARMACY #8594 (CO),3,3,1.0486,88.0,Alternative Supplier,Natural Disaster,Automotive
1191,TEVA PHARMACEUTICALS USA INC,WINN-DIXIE PHARMACY #3033 (TX),2,1,1.7338,74.0,Alternative Supplier,Cyber Attack,Automotive
1191,TEVA PHARMACEUTICALS USA INC,WINN-DIXIE PHARMACY #3033 (TX),2,2,1.7771,55.0,Alternative Supplier,Natural Disaster,Electronics
1191,TEVA PHARMACEUTICALS USA INC,WINN-DIXIE PHARMACY #3033 (TX),2,3,1.9606,28.0,Alternative Supplier,Natural Disaster,Electronics
1192,AMNEAL PHARMACEUTICALS LLC,PUBLIX PHARMACY #2770 (TX),2,1,1.7338,74.0,Alternative Supplier,Cyber Attack,Automotive
1192,AMNEAL PHARMACEUTICALS LLC,PUBLIX PHARMACY #2770 (TX),2,2,1.7771,55.0,Alternative Supplier,Natural Disaster,Electronics
1192,AMNEAL PHARMACEUTICALS LLC,PUBLIX PHARMACY #2770 (TX),2,3,1.9606,28.0,Alternative Supplier,Natural Disaster,Electronics
1193,JANSSEN PHARMACEUTICALS INC,MEDICO PHARMACY #6767 (NC),3,1,0.0,75.0,Alternative Supplier,Cyber Attack,Automotive
1193,JANSSEN PHARMACEUTICALS INC,MEDICO PHARMACY #6767 (NC),3,2,0.0,65.0,Alternative Supplier,Natural Disaster,Electronics
1193,JANSSEN PHARMACEUTICALS INC,MEDICO PHARMACY #6767 (NC),3,3,0.0,39.0,Customer Delay,Labor Strike,Pharmaceuticals
1194,MYLAN PHARMACEUTICALS INC,CVS PHARMACY #6466 (KY),3,1,0.8823,74.0,Alternative Supplier,Cyber Attack,Automotive
1194,MYLAN PHARMACEUTICALS INC,CVS PHARMACY #6466 (KY),3,2,0.9256,55.0,Alternative Supplier,Natural Disaster,Electronics
1194,MYLAN PHARMACEUTICALS INC,CVS PHARMACY #6466 (KY),3,3,1.0486,88.0,Alternative Supplier,Natural Disaster,Automotive
1195,LANNETT COMPANY INC,FAMILY CARE PHARMACY #7468 (NE),1,1,0.0,16.0,Production Reroute,Labor Strike,Aerospace
1195,LANNETT COMPANY INC,FAMILY CARE PHARMACY #7468 (NE),1,2,0.0,29.0,Alternative Supplier,Port Congestion,Electronics
1195,LANNETT COMPANY INC,FAMILY CARE PHARMACY #7468 (NE),1,3,0.0,9.0,Alternative Supplier,Port Congestion,Automotive
1196,SANDOZ INC,WINN-DIXIE PHARMACY #2264 (WI),2,1,1.7338,74.0,Alternative Supplier,Cyber Attack,Automotive
1196,SANDOZ INC,WINN-DIXIE PHARMACY #2264 (WI),2,2,1.7771,55.0,Alternative Supplier,Natural Disaster,Electronics
1196,SANDOZ INC,WINN-DIXIE PHARMACY #2264 (WI),2,3,1.9606,28.0,Alternative Supplier,Natural Disaster,Electronics
1197,TEVA PHARMACEUTICALS USA INC,GOOD NEIGHBOR PHARMACY #6129 (NC),3,1,0.0,88.0,Alternative Supplier,Port Congestion,Pharmaceuticals
1197,TEVA PHARMACEUTICALS USA INC,GOOD NEIGHBOR PHARMACY #6129 (NC),3,2,0.0,48.0,Alternative Supplier,Cyber Attack,Electronics
1197,TEVA PHARMACEUTICALS USA INC,GOOD NEIGHBOR PHARMACY #6129 (NC),3,3,0.0,81.0,Production Reroute,Factory Incident,Automotive
1198,ENDO PHARMACEUTICALS INC,WALGREENS #7469 (WV),2,1,1.7338,74.0,Alternative Supplier,Cyber Attack,Automotive
1198,ENDO PHARMACEUTICALS INC,WALGREENS #7469 (WV),2,2,1.7771,55.0,Alternative Supplier,Natural Disaster,Electronics
1198,ENDO PHARMACEUTICALS INC,WALGREENS #7469 (WV),2,3,1.9606,28.0,Alternative Supplier,Natural Disaster,Electronics
1199,ENDO PHARMACEUTICALS INC,HOMETOWN PHARMACY #2172 (WV),2,1,0.0011,51.0,Alternative Supplier,Port Congestion,Aerospace
1199,ENDO PHARMACEUTICALS INC,HOMETOWN PHARMACY #2172 (WV),2,2,0.004,33.0,Inventory Buffer,Port Congestion,Consumer Goods
1199,ENDO PHARMACEUTICALS INC,HOMETOWN PHARMACY #2172 (WV),2,3,0.0048,49.0,Alternative Supplier,Port Congestion,Consumer Goods
1200,JANSSEN PHARMACEUTICALS INC,WALMART PHARMACY #6240 (NC),2,1,0.0,44.0,Alternative Supplier,Factory Incident,Consumer Goods
1200,JANSSEN PHARMACEUTICALS INC,WALMART PHARMACY #6240 (NC),2,2,0.0,43.0,Alternative Supplier,Natural Disaster,Electronics
1200,JANSSEN PHARMACEUTICALS INC,WALMART PHARMACY #6240 (NC),2,3,0.0,14.0,Alternative Supplier,Cyber Attack,Electronics
1201,JANSSEN PHARMACEUTICALS INC,WALGREENS #1562 (NH),2,1,1.7338,74.0,Alternative Supplier,Cyber Attack,Automotive
1201,JANSSEN PHARMACEUTICALS INC,WALGREENS #1562 (NH),2,2,1.7771,55.0,Alternative Supplier,Natural Disaster,Electronics
1201,JANSSEN PHARMACEUTICALS INC,WALGREENS #1562 (NH),2,3,1.9606,28.0,Alternative Supplier,Natural Disaster,Electronics
1202,ABBOTT LABORATORIES,CORNER DRUG STORE #6747 (ID),2,1,1.7338,74.0,Alternative Supplier,Cyber Attack,Automotive
1202,ABBOTT LABORATORIES,CORNER DRUG STORE #6747 (ID),2,2,1.7771,55.0,Alternative Supplier,Natural Disaster,Electronics
1202,ABBOTT LABORATORIES,CORNER DRUG STORE #6747 (ID),2,3,1.9606,28.0,Alternative Supplier,Natural Disaster,Electronics
1203,MYLAN PHARMACEUTICALS INC,HOMETOWN PHARMACY #6387 (NC),2,1,0.0,49.0,Alternative Supplier,Geopolitical,Aerospace
1203,MYLAN PHARMACEUTICALS INC,HOMETOWN PHARMACY #6387 (NC),2,2,0.0,27.0,Alternative Supplier,Factory Incident,Pharmaceuticals
1203,MYLAN PHARMACEUTICALS INC,HOMETOWN PHARMACY #6387 (NC),2,3,0.0,39.0,Alternative Supplier,Geopolitical,Electronics
1204,AMNEAL PHARMACEUTICALS LLC,GOOD NEIGHBOR PHARMACY #9827 (AZ),1,1,0.0,36.0,Alternative Supplier,Factory Incident,Electronics
1204,AMNEAL PHARMACEUTICALS LLC,GOOD NEIGHBOR PHARMACY #9827 (AZ),1,2,0.0,36.0,Alternative Supplier,Natural Disaster,Electronics
1204,AMNEAL PHARMACEUTICALS LLC,GOOD NEIGHBOR PHARMACY #9827 (AZ),1,3,0.0,15.0,Production Reroute,Port Congestion,Aerospace
1205,PURDUE PHARMA LP,COMMUNITY PHARMACY #3160 (TX),1,1,0.0008,29.0,Alternative Supplier,Natural Disaster,Electronics
1205,PURDUE PHARMA LP,COMMUNITY PHARMACY #3160 (TX),1,2,0.0008,36.0,Alternative Supplier,Port Congestion,Pharmaceuticals
1205,PURDUE PHARMA LP,COMMUNITY PHARMACY #3160 (TX),1,3,0.0008,22.0,Production Reroute,Port Congestion,Consumer Goods
1206,SANDOZ INC,FAMILY CARE PHARMACY #3405 (WA),1,1,0.0,42.0,Inventory Buffer,Geopolitical,Automotive
1206,SANDOZ INC,FAMILY CARE PHARMACY #3405 (WA),1,2,0.0,12.0,Alternative Supplier,Port Congestion,Pharmaceuticals
1206,SANDOZ INC,FAMILY CARE PHARMACY #3405 (WA),1,3,0.0,38.0,Alternative Supplier,Port Congestion,Automotive
1207,ENDO PHARMACEUTICALS INC,WALMART PHARMACY #2320 (VA),1,1,0.0,48.0,Inventory Buffer,Port Congestion,Consumer Goods
1207,ENDO PHARMACEUTICALS INC,WALMART PHARMACY #2320 (VA),1,2,0.0,28.0,Alternative Supplier,Geopolitical,Electronics
1207,ENDO PHARMACEUTICALS INC,WALMART PHARMACY #2320 (VA),1,3,0.0,43.0,Inventory Buffer,Labor Strike,Electronics
1208,ENDO PHARMACEUTICALS INC,HARRIS TEETER PHARMACY #3473 (WV),2,1,0.0,49.0,Production Reroute,Port Congestion,Automotive
1208,ENDO PHARMACEUTICALS INC,HARRIS TEETER PHARMACY #3473 (WV),2,2,0.0,30.0,Alternative Supplier,Factory Incident,Aerospace
1208,ENDO PHARMACEUTICALS INC,HARRIS TEETER PHARMACY #3473 (WV),2,3,0.0,91.0,Customer Delay,Port Congestion,Automotive
1209,ENDO PHARMACEUTICALS INC,HEALTH MART PHARMACY #8816 (AR),2,1,1.2089,74.0,Alternative Supplier,Cyber Attack,Automotive
1209,ENDO PHARMACEUTICALS INC,HEALTH MART PHARMACY #8816 (AR),2,2,1.2366,55.0,Alternative Supplier,Natural Disaster,Electronics
1209,ENDO PHARMACEUTICALS INC,HEALTH MART PHARMACY #8816 (AR),2,3,1.358,28.0,Alternative Supplier,Natural Disaster,Electronics
1210,LANNETT COMPANY INC,GOOD NEIGHBOR PHARMACY #6452 (TX),1,1,0.0004,29.0,Alternative Supplier,Natural Disaster,Electronics
1210,LANNETT COMPANY INC,GOOD NEIGHBOR PHARMACY #6452 (TX),1,2,0.0004,36.0,Alternative Supplier,Port Congestion,Pharmaceuticals
1210,LANNETT COMPANY INC,GOOD NEIGHBOR PHARMACY #6452 (TX),1,3,0.0004,22.0,Production Reroute,Port Congestion,Consumer Goods
1211,RHODES TECHNOLOGIES,HOMETOWN PHARMACY #8152 (WV),2,1,0.0,60.0,Alternative Supplier,Port Congestion,Electronics
1211,RHODES TECHNOLOGIES,HOMETOWN PHARMACY #8152 (WV),2,2,0.0,48.0,Alternative Supplier,Port Congestion,Automotive
1211,RHODES TECHNOLOGIES,HOMETOWN PHARMACY #8152 (WV),2,3,0.0,45.0,Alternative Supplier,Geopolitical,Electronics
1212,QUALITEST PHARMACEUTICALS,FAMILY CARE PHARMACY #8450 (CO),2,1,1.7338,74.0,Alternative Supplier,Cyber Attack,Automotive
1212,QUALITEST PHARMACEUTICALS,FAMILY CARE PHARMACY #8450 (CO),2,2,1.7771,55.0,Alternative Supplier,Natural Disaster,Electronics
1212,QUALITEST PHARMACEUTICALS,FAMILY CARE PHARMACY #8450 (CO),2,3,1.9606,28.0,Alternative Supplier,Natural Disaster,Electronics
1213,TEVA PHARMACEUTICALS USA INC,PEOPLES PHARMACY #2660 (NC),2,1,0.0,51.0,Alternative Supplier,Port Congestion,Electronics
1213,TEVA PHARMACEUTICALS USA INC,PEOPLES PHARMACY #2660 (NC),2,2,0.0,50.0,Alternative Supplier,Cyber Attack,Electronics
1213,TEVA PHARMACEUTICALS USA INC,PEOPLES PHARMACY #2660 (NC),2,3,0.0,25.0,Alternative Supplier,Port Congestion,Automotive
1214,RHODES TECHNOLOGIES,WALGREENS #4408 (TN),1,1,0.0,27.0,Production Reroute,Labor Strike,Pharmaceuticals
1214,RHODES TECHNOLOGIES,WALGREENS #4408 (TN),1,2,0.0,18.0,Alternative Supplier,Labor Strike,Electronics
1214,RHODES TECHNOLOGIES,WALGREENS #4408 (TN),1,3,0.0,16.0,Alternative Supplier,Factory Incident,Automotive
1215,SANDOZ INC,WINN-DIXIE PHARMACY #9226 (CT),1,1,0.0,25.0,Alternative Supplier,Port Congestion,Automotive
1215,SANDOZ INC,WINN-DIXIE PHARMACY #9226 (CT),1,2,0.0,22.0,Alternative Supplier,Port Congestion,Electronics
1215,SANDOZ INC,WINN-DIXIE PHARMACY #9226 (CT),1,3,0.0,52.0,Inventory Buffer,Cyber Attack,Automotive
1216,VINTAGE PHARMACEUTICALS LLC,PUBLIX PHARMACY #6736 (TN),1,1,0.0,19.0,Alternative Supplier,Port Congestion,Consumer Goods
1216,VINTAGE PHARMACEUTICALS LLC,PUBLIX PHARMACY #6736 (TN),1,2,0.0,30.0,Alternative Supplier,Port Congestion,Electronics
1216,VINTAGE PHARMACEUTICALS LLC,PUBLIX PHARMACY #6736 (TN),1,3,0.0,12.0,Alternative Supplier,Port Congestion,Electronics
1217,RHODES TECHNOLOGIES,COMMUNITY PHARMACY #9371 (TX),2,1,0.0008,77.0,Alternative Supplier,Labor Strike,Electronics
1217,RHODES TECHNOLOGIES,COMMUNITY PHARMACY #9371 (TX),2,2,0.0055,49.0,Alternative Supplier,Port Congestion,Consumer Goods
1217,RHODES TECHNOLOGIES,COMMUNITY PHARMACY #9371 (TX),2,3,0.0055,49.0,Inventory Buffer,Natural Disaster,Electronics
1218,PAR PHARMACEUTICAL INC,FAMILY CARE PHARMACY #6977 (NC),2,1,0.0,47.0,Alternative Supplier,Labor Strike,Automotive
1218,PAR PHARMACEUTICAL INC,FAMILY CARE PHARMACY #6977 (NC),2,2,0.0,33.0,Customer Delay,Port Congestion,Electronics
1218,PAR PHARMACEUTICAL INC,FAMILY CARE PHARMACY #6977 (NC),2,3,0.0,67.0,Alternative Supplier,Cyber Attack,Electronics
1219,ENDO PHARMACEUTICALS INC,HARRIS TEETER PHARMACY #3473 (WV),3,1,0.0,69.0,Alternative Supplier,Factory Incident,Automotive
1219,ENDO PHARMACEUTICALS INC,HARRIS TEETER PHARMACY #3473 (WV),3,2,0.0,125.0,Alternative Supplier,Labor Strike,Electronics
1219,ENDO PHARMACEUTICALS INC,HARRIS TEETER PHARMACY #3473 (WV),3,3,0.0,98.0,Alternative Supplier,Geopolitical,Consumer Goods
1220,WATSON LABORATORIES INC,COMMUNITY PHARMACY #3567 (CT),1,1,0.0,29.0,Alternative Supplier,Factory Incident,Automotive
1220,WATSON LABORATORIES INC,COMMUNITY PHARMACY #3567 (CT),1,2,0.0,9.0,Alternative Supplier,Labor Strike,Consumer Goods
1220,WATSON LABORATORIES INC,COMMUNITY PHARMACY #3567 (CT),1,3,0.0,27.0,Production Reroute,Factory Incident,Pharmaceuticals
1221,MALLINCKRODT LLC,HARRIS TEETER PHARMACY #3473 (WV),2,1,0.0,35.0,Alternative Supplier,Factory Incident,Automotive
1221,MALLINCKRODT LLC,HARRIS TEETER PHARMACY #3473 (WV),2,2,0.0,71.0,Alternative Supplier,Labor Strike,Consumer Goods
1221,MALLINCKRODT LLC,HARRIS TEETER PHARMACY #3473 (WV),2,3,0.0,20.0,Alternative Supplier,Port Congestion,Automotive
1222,ACTAVIS PHARMA INC,COMMUNITY PHARMACY #8157 (GA),2,1,1.7338,74.0,Alternative Supplier,Cyber Attack,Automotive
1222,ACTAVIS PHARMA INC,COMMUNITY PHARMACY #8157 (GA),2,2,1.7771,55.0,Alternative Supplier,Natural Disaster,Electronics
1222,ACTAVIS PHARMA INC,COMMUNITY PHARMACY #8157 (GA),2,3,1.9606,28.0,Alternative Supplier,Natural Disaster,Electronics
1223,JANSSEN PHARMACEUTICALS INC,VILLAGE PHARMACY #9397 (NC),2,1,0.0,53.0,Alternative Supplier,Labor Strike,Electronics
1223,JANSSEN PHARMACEUTICALS INC,VILLAGE PHARMACY #9397 (NC),2,2,0.0,82.0,Inventory Buffer,Geopolitical,Automotive
1223,JANSSEN PHARMACEUTICALS INC,VILLAGE PHARMACY #9397 (NC),2,3,0.0,52.0,Alternative Supplier,Port Congestion,Consumer Goods
1224,SUN PHARMA GLOBAL INC,PEOPLES PHARMACY #2912 (WV),2,1,0.0,67.0,Alternative Supplier,Cyber Attack,Electronics
1224,SUN PHARMA GLOBAL INC,PEOPLES PHARMACY #2912 (WV),2,2,0.0,33.0,Alternative Supplier,Port Congestion,Automotive
1224,SUN PHARMA GLOBAL INC,PEOPLES PHARMACY #2912 (WV),2,3,0.0,37.0,Alternative Supplier,Port Congestion,Consumer Goods
1225,JANSSEN PHARMACEUTICALS INC,QUALITY CARE PHARMACY #8199 (WV),2,1,0.0,24.0,Alternative Supplier,Natural Disaster,Consumer Goods
1225,JANSSEN PHARMACEUTICALS INC,QUALITY CARE PHARMACY #8199 (WV),2,2,0.0,44.0,Alternative Supplier,Geopolitical,Pharmaceuticals
1225,JANSSEN PHARMACEUTICALS INC,QUALITY CARE PHARMACY #8199 (WV),2,3,0.0,37.0,Alternative Supplier,Labor Strike,Automotive
1226,SANDOZ INC,MAIN STREET PHARMACY #2094 (KY),1,1,0.0,21.0,Alternative Supplier,Labor Strike,Automotive
1226,SANDOZ INC,MAIN STREET PHARMACY #2094 (KY),1,2,0.0,9.0,Alternative Supplier,Factory Incident,Consumer Goods
1226,SANDOZ INC,MAIN STREET PHARMACY #2094 (KY),1,3,0.0,21.0,Alternative Supplier,Labor Strike,Pharmaceuticals
1227,MYLAN PHARMACEUTICALS INC,HEALTH MART PHARMACY #9034 (AR),2,1,1.7338,74.0,Alternative Supplier,Cyber Attack,Automotive
1227,MYLAN PHARMACEUTICALS INC,HEALTH MART PHARMACY #9034 (AR),2,2,1.7771,55.0,Alternative Supplier,Natural Disaster,Electronics
1227,MYLAN PHARMACEUTICALS INC,HEALTH MART PHARMACY #9034 (AR),2,3,1.9606,28.0,Alternative Supplier,Natural Disaster,Electronics
1228,AMNEAL PHARMACEUTICALS LLC,QUALITY CARE PHARMACY #3860 (VA),2,1,0.0,12.0,Alternative Supplier,Port Congestion,Consumer Goods
1228,AMNEAL PHARMACEUTICALS LLC,QUALITY CARE PHARMACY #3860 (VA),2,2,0.0,51.0,Alternative Supplier,Natural Disaster,Electronics
1228,AMNEAL PHARMACEUTICALS LLC,QUALITY CARE PHARMACY #3860 (VA),2,3,0.0,27.0,Alternative Supplier,Geopolitical,Automotive
1229,RHODES TECHNOLOGIES,HOMETOWN PHARMACY #8152 (WV),2,1,0.0,104.0,Alternative Supplier,Geopolitical,Consumer Goods
1229,RHODES TECHNOLOGIES,HOMETOWN PHARMACY #8152 (WV),2,2,0.0,110.0,Alternative Supplier,Natural Disaster,Pharmaceuticals
1229,RHODES TECHNOLOGIES,HOMETOWN PHARMACY #8152 (WV),2,3,0.0,12.0,Customer Delay,Port Congestion,Electronics
1230,SUN PHARMA GLOBAL INC,PEOPLES PHARMACY #2912 (WV),2,1,0.0,45.0,Inventory Buffer,Geopolitical,Aerospace
1230,SUN PHARMA GLOBAL INC,PEOPLES PHARMACY #2912 (WV),2,2,0.0,64.0,Customer Delay,Labor Strike,Automotive
1230,SUN PHARMA GLOBAL INC,PEOPLES PHARMACY #2912 (WV),2,3,0.0,30.0,Customer Delay,Natural Disaster,Electronics
1231,ENDO PHARMACEUTICALS INC,HEALTH MART PHARMACY #4740 (VA),2,1,1.7338,74.0,Alternative Supplier,Cyber Attack,Automotive
1231,ENDO PHARMACEUTICALS INC,HEALTH MART PHARMACY #4740 (VA),2,2,1.7771,55.0,Alternative Supplier,Natural Disaster,Electronics
1231,ENDO PHARMACEUTICALS INC,HEALTH MART PHARMACY #4740 (VA),2,3,1.9606,28.0,Alternative Supplier,Natural Disaster,Electronics
1232,PAR PHARMACEUTICAL INC,RITE AID #1732 (OR),2,1,0.0,74.0,Alternative Supplier,Labor Strike,Aerospace
1232,PAR PHARMACEUTICAL INC,RITE AID #1732 (OR),2,2,0.0,36.0,Alternative Supplier,Labor Strike,Electronics
1232,PAR PHARMACEUTICAL INC,RITE AID #1732 (OR),2,3,0.0,74.0,Alternative Supplier,Port Congestion,Electronics
1233,PAR PHARMACEUTICAL INC,CVS PHARMACY #2808 (IN),1,1,0.003,29.0,Alternative Supplier,Natural Disaster,Electronics
1233,PAR PHARMACEUTICAL INC,CVS PHARMACY #2808 (IN),1,2,0.003,36.0,Alternative Supplier,Port Congestion,Pharmaceuticals
1233,PAR PHARMACEUTICAL INC,CVS PHARMACY #2808 (IN),1,3,0.003,22.0,Production Reroute,Port Congestion,Consumer Goods
1234,AMNEAL PHARMACEUTICALS LLC,PUBLIX PHARMACY #8639 (OH),3,1,0.8823,74.0,Alternative Supplier,Cyber Attack,Automotive
1234,AMNEAL PHARMACEUTICALS LLC,PUBLIX PHARMACY #8639 (OH),3,2,0.9256,55.0,Alternative Supplier,Natural Disaster,Electronics
1234,AMNEAL PHARMACEUTICALS LLC,PUBLIX PHARMACY #8639 (OH),3,3,1.0486,88.0,Alternative Supplier,Natural Disaster,Automotive
1235,TEVA PHARMACEUTICALS USA INC,HARRIS TEETER PHARMACY #6063 (NC),2,1,0.0,63.0,Alternative Supplier,Labor Strike,Electronics
1235,TEVA PHARMACEUTICALS USA INC,HARRIS TEETER PHARMACY #6063 (NC),2,2,0.0,21.0,Alternative Supplier,Natural Disaster,Automotive
1235,TEVA PHARMACEUTICALS USA INC,HARRIS TEETER PHARMACY #6063 (NC),2,3,0.0,73.0,Production Reroute,Port Congestion,Aerospace
1236,MALLINCKRODT LLC,PUBLIX PHARMACY #2055 (NC),2,1,0.0,77.0,Alternative Supplier,Port Congestion,Consumer Goods
1236,MALLINCKRODT LLC,PUBLIX PHARMACY #2055 (NC),2,2,0.0,21.0,Inventory Buffer,Cyber Attack,Pharmaceuticals
1236,MALLINCKRODT LLC,PUBLIX PHARMACY #2055 (NC),2,3,0.0,10.0,Alternative Supplier,Geopolitical,Consumer Goods
1237,ENDO PHARMACEUTICALS INC,PUBLIX PHARMACY #9681 (MD),2,1,1.7338,74.0,Alternative Supplier,Cyber Attack,Automotive
1237,ENDO PHARMACEUTICALS INC,PUBLIX PHARMACY #9681 (MD),2,2,1.7771,55.0,Alternative Supplier,Natural Disaster,Electronics
1237,ENDO PHARMACEUTICALS INC,PUBLIX PHARMACY #9681 (MD),2,3,1.9606,28.0,Alternative Supplier,Natural Disaster,Electronics
1238,QUALITEST PHARMACEUTICALS,PEOPLES PHARMACY #2660 (NC),2,1,1.7338,74.0,Alternative Supplier,Cyber Attack,Automotive
1238,QUALITEST PHARMACEUTICALS,PEOPLES PHARMACY #2660 (NC),2,2,1.7771,55.0,Alternative Supplier,Natural Disaster,Electronics
1238,QUALITEST PHARMACEUTICALS,PEOPLES PHARMACY #2660 (NC),2,3,1.9606,28.0,Alternative Supplier,Natural Disaster,Electronics
1239,WATSON LABORATORIES INC,WINN-DIXIE PHARMACY #7409 (MO),2,1,1.7338,74.0,Alternative Supplier,Cyber Attack,Automotive
1239,WATSON LABORATORIES INC,WINN-DIXIE PHARMACY #7409 (MO),2,2,1.7771,55.0,Alternative Supplier,Natural Disaster,Electronics
1239,WATSON LABORATORIES INC,WINN-DIXIE PHARMACY #7409 (MO),2,3,1.9606,28.0,Alternative Supplier,Natural Disaster,Electronics
1240,ACTAVIS PHARMA INC,WALMART PHARMACY #6240 (NC),1,1,0.0,21.0,Alternative Supplier,Port Congestion,Electronics
1240,ACTAVIS PHARMA INC,WALMART PHARMACY #6240 (NC),1,2,0.0,26.0,Alternative Supplier,Factory Incident,Aerospace
1240,ACTAVIS PHARMA INC,WALMART PHARMACY #6240 (NC),1,3,0.0,8.0,Alternative Supplier,Port Congestion,Aerospace
1241,TEVA PHARMACEUTICALS USA INC,MAIN STREET PHARMACY #4010 (LA),2,1,1.7338,74.0,Alternative Supplier,Cyber Attack,Automotive
1241,TEVA PHARMACEUTICALS USA INC,MAIN STREET PHARMACY #4010 (LA),2,2,1.7771,55.0,Alternative Supplier,Natural Disaster,Electronics
1241,TEVA PHARMACEUTICALS USA INC,MAIN STREET PHARMACY #4010 (LA),2,3,1.9606,28.0,Alternative Supplier,Natural Disaster,Electronics
1242,TEVA PHARMACEUTICALS USA INC,MAIN STREET PHARMACY #7935 (KY),2,1,1.7338,74.0,Alternative Supplier,Cyber Attack,Automotive
1242,TEVA PHARMACEUTICALS USA INC,MAIN STREET PHARMACY #7935 (KY),2,2,1.7771,55.0,Alternative Supplier,Natural Disaster,Electronics
1242,TEVA PHARMACEUTICALS USA INC,MAIN STREET PHARMACY #7935 (KY),2,3,1.9606,28.0,Alternative Supplier,Natural Disaster,Electronics
1243,RHODES TECHNOLOGIES,PEOPLES PHARMACY #9674 (KS),2,1,1.7338,74.0,Alternative Supplier,Cyber Attack,Automotive
1243,RHODES TECHNOLOGIES,PEOPLES PHARMACY #9674 (KS),2,2,1.7771,55.0,Alternative Supplier,Natural Disaster,Electronics
1243,RHODES TECHNOLOGIES,PEOPLES PHARMACY #9674 (KS),2,3,1.9606,28.0,Alternative Supplier,Natural Disaster,Electronics
1244,VINTAGE PHARMACEUTICALS LLC,HEALTH MART PHARMACY #6716 (UT),1,1,0.0,18.0,Alternative Supplier,Labor Strike,Electronics
1244,VINTAGE PHARMACEUTICALS LLC,HEALTH MART PHARMACY #6716 (UT),1,2,0.0,23.0,Alternative Supplier,Labor Strike,Automotive
1244,VINTAGE PHARMACEUTICALS LLC,HEALTH MART PHARMACY #6716 (UT),1,3,0.0,47.0,Inventory Buffer,Port Congestion,Automotive
1245,ABBOTT LABORATORIES,PEOPLES PHARMACY #7683 (AK),2,1,0.0,45.0,Customer Delay,Geopolitical,Electronics
1245,ABBOTT LABORATORIES,PEOPLES PHARMACY #7683 (AK),2,2,0.0,39.0,Alternative Supplier,Labor Strike,Consumer Goods
1245,ABBOTT LABORATORIES,PEOPLES PHARMACY #7683 (AK),2,3,0.0001,23.0,Combined Strategy,Factory Incident,Automotive
1246,VINTAGE PHARMACEUTICALS LLC,MEDICO PHARMACY #9907 (CT),2,1,1.7338,74.0,Alternative Supplier,Cyber Attack,Automotive
1246,VINTAGE PHARMACEUTICALS LLC,MEDICO PHARMACY #9907 (CT),2,2,1.7771,55.0,Alternative Supplier,Natural Disaster,Electronics
1246,VINTAGE PHARMACEUTICALS LLC,MEDICO PHARMACY #9907 (CT),2,3,1.9606,28.0,Alternative Supplier,Natural Disaster,Electronics
1247,QUALITEST PHARMACEUTICALS,PUBLIX PHARMACY #1973 (TN),2,1,0.0003,85.0,Alternative Supplier,Port Congestion,Electronics
1247,QUALITEST PHARMACEUTICALS,PUBLIX PHARMACY #1973 (TN),2,2,0.0008,43.0,Alternative Supplier,Port Congestion,Aerospace
1247,QUALITEST PHARMACEUTICALS,PUBLIX PHARMACY #1973 (TN),2,3,0.0008,55.0,Alternative Supplier,Geopolitical,Consumer Goods
1248,TEVA PHARMACEUTICALS USA INC,PEOPLES PHARMACY #2660 (NC),2,1,0.0,75.0,Inventory Buffer,Factory Incident,Consumer Goods
1248,TEVA PHARMACEUTICALS USA INC,PEOPLES PHARMACY #2660 (NC),2,2,0.0,51.0,Alternative Supplier,Geopolitical,Consumer Goods
1248,TEVA PHARMACEUTICALS USA INC,PEOPLES PHARMACY #2660 (NC),2,3,0.0,70.0,Alternative Supplier,Factory Incident,Electronics
1249,CADISTA PHARMACEUTICALS INC,VILLAGE PHARMACY #9397 (NC),2,1,0.0,69.0,Alternative Supplier,Port Congestion,Automotive
1249,CADISTA PHARMACEUTICALS INC,VILLAGE PHARMACY #9397 (NC),2,2,0.0,49.0,Alternative Supplier,Cyber Attack,Automotive
1249,CADISTA PHARMACEUTICALS INC,VILLAGE PHARMACY #9397 (NC),2,3,0.0,27.0,Production Reroute,Port Congestion,Automotive
1250,IMPAX LABORATORIES INC,PUBLIX PHARMACY #2397 (LA),1,1,0.0,25.0,Alternative Supplier,Port Congestion,Automotive
1250,IMPAX LABORATORIES INC,PUBLIX PHARMACY #2397 (LA),1,2,0.0,22.0,Alternative Supplier,Port Congestion,Electronics
1250,IMPAX LABORATORIES INC,PUBLIX PHARMACY #2397 (LA),1,3,0.0,52.0,Inventory Buffer,Cyber Attack,Automotive
1251,TEVA PHARMACEUTICALS USA INC,CVS PHARMACY #6466 (KY),3,1,0.0,59.0,Alternative Supplier,Natural Disaster,Automotive
1251,TEVA PHARMACEUTICALS USA INC,CVS PHARMACY #6466 (KY),3,2,0.0,98.0,Alternative Supplier,Cyber Attack,Aerospace
1251,TEVA PHARMACEUTICALS USA INC,CVS PHARMACY #6466 (KY),3,3,0.0001,39.0,Alternative Supplier,Geopolitical,Electronics
1252,SUN PHARMA GLOBAL INC,WALMART PHARMACY #5027 (SD),1,1,0.0,26.0,Alternative Supplier,Port Congestion,Consumer Goods
1252,SUN PHARMA GLOBAL INC,WALMART PHARMACY #5027 (SD),1,2,0.0,36.0,Alternative Supplier,Port Congestion,Consumer Goods
1252,SUN PHARMA GLOBAL INC,WALMART PHARMACY #5027 (SD),1,3,0.0,18.0,Alternative Supplier,Labor Strike,Electronics
1253,ACTAVIS PHARMA INC,WALMART PHARMACY #7653 (PA),1,1,0.0,31.0,Alternative Supplier,Labor Strike,Automotive
1253,ACTAVIS PHARMA INC,WALMART PHARMACY #7653 (PA),1,2,0.0,16.0,Alternative Supplier,Labor Strike,Automotive
1253,ACTAVIS PHARMA INC,WALMART PHARMACY #7653 (PA),1,3,0.0,45.0,Alternative Supplier,Labor Strike,Aerospace
1254,HIKMA PHARMACEUTICALS,HEALTH MART PHARMACY #5260 (PA),2,1,1.7338,74.0,Alternative Supplier,Cyber Attack,Automotive
1254,HIKMA PHARMACEUTICALS,HEALTH MART PHARMACY #5260 (PA),2,2,1.7771,55.0,Alternative Supplier,Natural Disaster,Electronics
1254,HIKMA PHARMACEUTICALS,HEALTH MART PHARMACY #5260 (PA),2,3,1.9606,28.0,Alternative Supplier,Natural Disaster,Electronics
1255,PAR PHARMACEUTICAL INC,CVS PHARMACY #6803 (KY),2,1,1.2036,74.0,Alternative Supplier,Cyber Attack,Automotive
1255,PAR PHARMACEUTICAL INC,CVS PHARMACY #6803 (KY),2,2,1.2312,55.0,Alternative Supplier,Natural Disaster,Electronics
1255,PAR PHARMACEUTICAL INC,CVS PHARMACY #6803 (KY),2,3,1.3517,28.0,Alternative Supplier,Natural Disaster,Electronics
1256,CADISTA PHARMACEUTICALS INC,SUNRISE PHARMACY #7243 (WV),3,1,0.0,23.0,Alternative Supplier,Labor Strike,Aerospace
1256,CADISTA PHARMACEUTICALS INC,SUNRISE PHARMACY #7243 (WV),3,2,0.0,77.0,Production Reroute,Natural Disaster,Consumer Goods
1256,CADISTA PHARMACEUTICALS INC,SUNRISE PHARMACY #7243 (WV),3,3,0.0,56.0,Production Reroute,Port Congestion,Electronics
1257,CADISTA PHARMACEUTICALS INC,KROGER PHARMACY #9652 (OH),2,1,1.7338,74.0,Alternative Supplier,Cyber Attack,Automotive
1257,CADISTA PHARMACEUTICALS INC,KROGER PHARMACY #9652 (OH),2,2,1.7771,55.0,Alternative Supplier,Natural Disaster,Electronics
1257,CADISTA PHARMACEUTICALS INC,KROGER PHARMACY #9652 (OH),2,3,1.9606,28.0,Alternative Supplier,Natural Disaster,Electronics
1258,JANSSEN PHARMACEUTICALS INC,MEDICO PHARMACY #6767 (NC),3,1,0.0,157.0,Customer Delay,Port Congestion,Aerospace
1258,JANSSEN PHARMACEUTICALS INC,MEDICO PHARMACY #6767 (NC),3,2,0.0,83.0,Alternative Supplier,Labor Strike,Aerospace
1258,JANSSEN PHARMACEUTICALS INC,MEDICO PHARMACY #6767 (NC),3,3,0.0,220.0,Alternative Supplier,Natural Disaster,Electronics
1259,ACTAVIS PHARMA INC,MAIN STREET PHARMACY #9148 (LA),2,1,1.7338,74.0,Alternative Supplier,Cyber Attack,Automotive
1259,ACTAVIS PHARMA INC,MAIN STREET PHARMACY #9148 (LA),2,2,1.7771,55.0,Alternative Supplier,Natural Disaster,Electronics
1259,ACTAVIS PHARMA INC,MAIN STREET PHARMACY #9148 (LA),2,3,1.9606,28.0,Alternative Supplier,Natural Disaster,Electronics
1260,VINTAGE PHARMACEUTICALS LLC,FAMILY CARE PHARMACY #4281 (RI),2,1,1.7338,74.0,Alternative Supplier,Cyber Attack,Automotive
1260,VINTAGE PHARMACEUTICALS LLC,FAMILY CARE PHARMACY #4281 (RI),2,2,1.7771,55.0,Alternative Supplier,Natural Disaster,Electronics
1260,VINTAGE PHARMACEUTICALS LLC,FAMILY CARE PHARMACY #4281 (RI),2,3,1.9606,28.0,Alternative Supplier,Natural Disaster,Electronics
1261,MYLAN PHARMACEUTICALS INC,SUNRISE PHARMACY #8999 (NC),3,1,0.0,76.0,Alternative Supplier,Factory Incident,Automotive
1261,MYLAN PHARMACEUTICALS INC,SUNRISE PHARMACY #8999 (NC),3,2,0.0,90.0,Alternative Supplier,Port Congestion,Aerospace
1261,MYLAN PHARMACEUTICALS INC,SUNRISE PHARMACY #8999 (NC),3,3,0.0,45.0,Production Reroute,Port Congestion,Automotive
1262,CADISTA PHARMACEUTICALS INC,COMMUNITY PHARMACY #9436 (WV),2,1,1.7338,74.0,Alternative Supplier,Cyber Attack,Automotive
1262,CADISTA PHARMACEUTICALS INC,COMMUNITY PHARMACY #9436 (WV),2,2,1.7771,55.0,Alternative Supplier,Natural Disaster,Electronics
1262,CADISTA PHARMACEUTICALS INC,COMMUNITY PHARMACY #9436 (WV),2,3,1.9606,28.0,Alternative Supplier,Natural Disaster,Electronics
1263,PAR PHARMACEUTICAL INC,GOOD NEIGHBOR PHARMACY #6272 (NC),2,1,0.0,40.0,Alternative Supplier,Natural Disaster,Automotive
1263,PAR PHARMACEUTICAL INC,GOOD NEIGHBOR PHARMACY #6272 (NC),2,2,0.0,91.0,Alternative Supplier,Factory Incident,Automotive
1263,PAR PHARMACEUTICAL INC,GOOD NEIGHBOR PHARMACY #6272 (NC),2,3,0.0,50.0,Alternative Supplier,Geopolitical,Pharmaceuticals
1264,ENDO PHARMACEUTICALS INC,MEDICO PHARMACY #1628 (FL),2,1,1.7338,74.0,Alternative Supplier,Cyber Attack,Automotive
1264,ENDO PHARMACEUTICALS INC,MEDICO PHARMACY #1628 (FL),2,2,1.7771,55.0,Alternative Supplier,Natural Disaster,Electronics
1264,ENDO PHARMACEUTICALS INC,MEDICO PHARMACY #1628 (FL),2,3,1.9606,28.0,Alternative Supplier,Natural Disaster,Electronics
1265,JANSSEN PHARMACEUTICALS INC,MAIN STREET PHARMACY #8342 (MI),2,1,1.7338,74.0,Alternative Supplier,Cyber Attack,Automotive
1265,JANSSEN PHARMACEUTICALS INC,MAIN STREET PHARMACY #8342 (MI),2,2,1.7771,55.0,Alternative Supplier,Natural Disaster,Electronics
1265,JANSSEN PHARMACEUTICALS INC,MAIN STREET PHARMACY #8342 (MI),2,3,1.9606,28.0,Alternative Supplier,Natural Disaster,Electronics
1266,JANSSEN PHARMACEUTICALS INC,FAMILY CARE PHARMACY #6977 (NC),2,1,1.5397,74.0,Alternative Supplier,Cyber Attack,Automotive
1266,JANSSEN PHARMACEUTICALS INC,FAMILY CARE PHARMACY #6977 (NC),2,2,1.578,55.0,Alternative Supplier,Natural Disaster,Electronics
1266,JANSSEN PHARMACEUTICALS INC,FAMILY CARE PHARMACY #6977 (NC),2,3,1.7415,28.0,Alternative Supplier,Natural Disaster,Electronics
1267,HIKMA PHARMACEUTICALS,HOMETOWN PHARMACY #5854 (NH),2,1,1.7338,74.0,Alternative Supplier,Cyber Attack,Automotive
1267,HIKMA PHARMACEUTICALS,HOMETOWN PHARMACY #5854 (NH),2,2,1.7771,55.0,Alternative Supplier,Natural Disaster,Electronics
1267,HIKMA PHARMACEUTICALS,HOMETOWN PHARMACY #5854 (NH),2,3,1.9606,28.0,Alternative Supplier,Natural Disaster,Electronics
1268,PAR PHARMACEUTICAL INC,PUBLIX PHARMACY #7101 (VA),1,1,0.0,9.0,Alternative Supplier,Labor Strike,Consumer Goods
1268,PAR PHARMACEUTICAL INC,PUBLIX PHARMACY #7101 (VA),1,2,0.0,26.0,Alternative Supplier,Labor Strike,Electronics
1268,PAR PHARMACEUTICAL INC,PUBLIX PHARMACY #7101 (VA),1,3,0.0,44.0,Alternative Supplier,Factory Incident,Consumer Goods
1269,ENDO PHARMACEUTICALS INC,MEDICO PHARMACY #3471 (AK),2,1,1.7338,74.0,Alternative Supplier,Cyber Attack,Automotive
1269,ENDO PHARMACEUTICALS INC,MEDICO PHARMACY #3471 (AK),2,2,1.7771,55.0,Alternative Supplier,Natural Disaster,Electronics
1269,ENDO PHARMACEUTICALS INC,MEDICO PHARMACY #3471 (AK),2,3,1.9606,28.0,Alternative Supplier,Natural Disaster,Electronics
1270,LANNETT COMPANY INC,WALGREENS #8038 (IN),2,1,1.7338,74.0,Alternative Supplier,Cyber Attack,Automotive
1270,LANNETT COMPANY INC,WALGREENS #8038 (IN),2,2,1.7771,55.0,Alternative Supplier,Natural Disaster,Electronics
1270,LANNETT COMPANY INC,WALGREENS #8038 (IN),2,3,1.9606,28.0,Alternative Supplier,Natural Disaster,Electronics
1271,MYLAN PHARMACEUTICALS INC,HEALTH MART PHARMACY #5407 (IA),1,1,0.0,21.0,Alternative Supplier,Labor Strike,Automotive
1271,MYLAN PHARMACEUTICALS INC,HEALTH MART PHARMACY #5407 (IA),1,2,0.0,9.0,Alternative Supplier,Factory Incident,Consumer Goods
1271,MYLAN PHARMACEUTICALS INC,HEALTH MART PHARMACY #5407 (IA),1,3,0.0,21.0,Alternative Supplier,Labor Strike,Pharmaceuticals
1272,MYLAN PHARMACEUTICALS INC,HOMETOWN PHARMACY #6387 (NC),3,1,0.0,134.0,Alternative Supplier,Labor Strike,Automotive
1272,MYLAN PHARMACEUTICALS INC,HOMETOWN PHARMACY #6387 (NC),3,2,0.0,69.0,Alternative Supplier,Port Congestion,Electronics
1272,MYLAN PHARMACEUTICALS INC,HOMETOWN PHARMACY #6387 (NC),3,3,0.0,98.0,Alternative Supplier,Geopolitical,Aerospace
1273,HIKMA PHARMACEUTICALS,VILLAGE PHARMACY #3378 (MN),2,1,1.7338,74.0,Alternative Supplier,Cyber Attack,Automotive
1273,HIKMA PHARMACEUTICALS,VILLAGE PHARMACY #3378 (MN),2,2,1.7771,55.0,Alternative Supplier,Natural Disaster,Electronics
1273,HIKMA PHARMACEUTICALS,VILLAGE PHARMACY #3378 (MN),2,3,1.9606,28.0,Alternative Supplier,Natural Disaster,Electronics
1274,SUN PHARMA GLOBAL INC,GOOD NEIGHBOR PHARMACY #8540 (OH),1,1,0.0,8.0,Customer Delay,Cyber Attack,Electronics
1274,SUN PHARMA GLOBAL INC,GOOD NEIGHBOR PHARMACY #8540 (OH),1,2,0.0,16.0,Inventory Buffer,Port Congestion,Electronics
1274,SUN PHARMA GLOBAL INC,GOOD NEIGHBOR PHARMACY #8540 (OH),1,3,0.0,32.0,Production Reroute,Port Congestion,Automotive
1275,SANDOZ INC,VILLAGE PHARMACY #1037 (MI),3,1,0.8823,74.0,Alternative Supplier,Cyber Attack,Automotive
1275,SANDOZ INC,VILLAGE PHARMACY #1037 (MI),3,2,0.9256,55.0,Alternative Supplier,Natural Disaster,Electronics
1275,SANDOZ INC,VILLAGE PHARMACY #1037 (MI),3,3,1.0486,88.0,Alternative Supplier,Natural Disaster,Automotive
1276,SANDOZ INC,SUNRISE PHARMACY #6286 (AZ),2,1,0.6893,23.0,Alternative Supplier,Cyber Attack,Electronics
1276,SANDOZ INC,SUNRISE PHARMACY #6286 (AZ),2,2,0.9082,74.0,Alternative Supplier,Cyber Attack,Automotive
1276,SANDOZ INC,SUNRISE PHARMACY #6286 (AZ),2,3,0.9195,55.0,Alternative Supplier,Natural Disaster,Electronics
1277,SANDOZ INC,RITE AID #2593 (ID),1,1,0.0002,29.0,Alternative Supplier,Natural Disaster,Electronics
1277,SANDOZ INC,RITE AID #2593 (ID),1,2,0.0002,36.0,Alternative Supplier,Port Congestion,Pharmaceuticals
1277,SANDOZ INC,RITE AID #2593 (ID),1,3,0.0002,22.0,Production Reroute,Port Congestion,Consumer Goods
1278,TEVA PHARMACEUTICALS USA INC,CVS PHARMACY #6466 (KY),2,1,0.0,47.0,Alternative Supplier,Geopolitical,Automotive
1278,TEVA PHARMACEUTICALS USA INC,CVS PHARMACY #6466 (KY),2,2,0.0,34.0,Alternative Supplier,Cyber Attack,Electronics
1278,TEVA PHARMACEUTICALS USA INC,CVS PHARMACY #6466 (KY),2,3,0.0,16.0,Alternative Supplier,Cyber Attack,Electronics
1279,SUN PHARMA GLOBAL INC,CVS PHARMACY #2048 (GA),2,1,1.7338,74.0,Alternative Supplier,Cyber Attack,Automotive
1279,SUN PHARMA GLOBAL INC,CVS PHARMACY #2048 (GA),2,2,1.7771,55.0,Alternative Supplier,Natural Disaster,Electronics
1279,SUN PHARMA GLOBAL INC,CVS PHARMACY #2048 (GA),2,3,1.9606,28.0,Alternative Supplier,Natural Disaster,Electronics
1280,SUN PHARMA GLOBAL INC,QUALITY CARE PHARMACY #1509 (MO),2,1,1.7338,74.0,Alternative Supplier,Cyber Attack,Automotive
1280,SUN PHARMA GLOBAL INC,QUALITY CARE PHARMACY #1509 (MO),2,2,1.7771,55.0,Alternative Supplier,Natural Disaster,Electronics
1280,SUN PHARMA GLOBAL INC,QUALITY CARE PHARMACY #1509 (MO),2,3,1.9606,28.0,Alternative Supplier,Natural Disaster,Electronics
1281,QUALITEST PHARMACEUTICALS,CVS PHARMACY #5523 (NC),2,1,1.7338,74.0,Alternative Supplier,Cyber Attack,Automotive
1281,QUALITEST PHARMACEUTICALS,CVS PHARMACY #5523 (NC),2,2,1.7771,55.0,Alternative Supplier,Natural Disaster,Electronics
1281,QUALITEST PHARMACEUTICALS,CVS PHARMACY #5523 (NC),2,3,1.9606,28.0,Alternative Supplier,Natural Disaster,Electronics
1282,MALLINCKRODT LLC,VILLAGE PHARMACY #2822 (WV),2,1,1.7338,74.0,Alternative Supplier,Cyber Attack,Automotive
1282,MALLINCKRODT LLC,VILLAGE PHARMACY #2822 (WV),2,2,1.7771,55.0,Alternative Supplier,Natural Disaster,Electronics
1282,MALLINCKRODT LLC,VILLAGE PHARMACY #2822 (WV),2,3,1.9606,28.0,Alternative Supplier,Natural Disaster,Electronics
1283,ABBOTT LABORATORIES,PEOPLES PHARMACY #6526 (WA),2,1,0.0,67.0,Alternative Supplier,Labor Strike,Electronics
1283,ABBOTT LABORATORIES,PEOPLES PHARMACY #6526 (WA),2,2,0.0,55.0,Alternative Supplier,Port Congestion,Consumer Goods
1283,ABBOTT LABORATORIES,PEOPLES PHARMACY #6526 (WA),2,3,0.0,103.0,Alternative Supplier,Port Congestion,Automotive
1284,MALLINCKRODT LLC,PUBLIX PHARMACY #2055 (NC),2,1,0.0,69.0,Alternative Supplier,Labor Strike,Aerospace
1284,MALLINCKRODT LLC,PUBLIX PHARMACY #2055 (NC),2,2,0.0,91.0,Alternative Supplier,Port Congestion,Electronics
1284,MALLINCKRODT LLC,PUBLIX PHARMACY #2055 (NC),2,3,0.0,82.0,Alternative Supplier,Cyber Attack,Pharmaceuticals
1285,SUN PHARMA GLOBAL INC,WALGREENS #6166 (CA),3,1,0.8823,74.0,Alternative Supplier,Cyber Attack,Automotive
1285,SUN PHARMA GLOBAL INC,WALGREENS #6166 (CA),3,2,0.9256,55.0,Alternative Supplier,Natural Disaster,Electronics
1285,SUN PHARMA GLOBAL INC,WALGREENS #6166 (CA),3,3,1.0486,88.0,Alternative Supplier,Natural Disaster,Automotive
1286,HIKMA PHARMACEUTICALS,PUBLIX PHARMACY #1949 (PA),3,1,0.8823,74.0,Alternative Supplier,Cyber Attack,Automotive
1286,HIKMA PHARMACEUTICALS,PUBLIX PHARMACY #1949 (PA),3,2,0.9256,55.0,Alternative Supplier,Natural Disaster,Electronics
1286,HIKMA PHARMACEUTICALS,PUBLIX PHARMACY #1949 (PA),3,3,1.0486,88.0,Alternative Supplier,Natural Disaster,Automotive
1287,ABBOTT LABORATORIES,PUBLIX PHARMACY #2055 (NC),2,1,1.7338,74.0,Alternative Supplier,Cyber Attack,Automotive
1287,ABBOTT LABORATORIES,PUBLIX PHARMACY #2055 (NC),2,2,1.7771,55.0,Alternative Supplier,Natural Disaster,Electronics
1287,ABBOTT LABORATORIES,PUBLIX PHARMACY #2055 (NC),2,3,1.9606,28.0,Alternative Supplier,Natural Disaster,Electronics
1288,JANSSEN PHARMACEUTICALS INC,HARRIS TEETER PHARMACY #2529 (HI),2,1,0.1128,23.0,Alternative Supplier,Cyber Attack,Electronics
1288,JANSSEN PHARMACEUTICALS INC,HARRIS TEETER PHARMACY #2529 (HI),2,2,0.3113,51.0,Alternative Supplier,Port Congestion,Aerospace
1288,JANSSEN PHARMACEUTICALS INC,HARRIS TEETER PHARMACY #2529 (HI),2,3,0.4287,33.0,Inventory Buffer,Port Congestion,Consumer Goods
1289,RHODES TECHNOLOGIES,HOMETOWN PHARMACY #2172 (WV),1,1,0.0,14.0,Alternative Supplier,Port Congestion,Automotive
1289,RHODES TECHNOLOGIES,HOMETOWN PHARMACY #2172 (WV),1,2,0.0,23.0,Alternative Supplier,Labor Strike,Automotive
1289,RHODES TECHNOLOGIES,HOMETOWN PHARMACY #2172 (WV),1,3,0.0,39.0,Customer Delay,Port Congestion,Automotive
1290,ACTAVIS PHARMA INC,PEOPLES PHARMACY #6007 (WV),2,1,0.0,62.0,Alternative Supplier,Labor Strike,Automotive
1290,ACTAVIS PHARMA INC,PEOPLES PHARMACY #6007 (WV),2,2,0.0,70.0,Alternative Supplier,Natural Disaster,Electronics
1290,ACTAVIS PHARMA INC,PEOPLES PHARMACY #6007 (WV),2,3,0.0,61.0,Inventory Buffer,Natural Disaster,Automotive
1291,RHODES TECHNOLOGIES,WALGREENS #4047 (WI),2,1,1.7338,74.0,Alternative Supplier,Cyber Attack,Automotive
1291,RHODES TECHNOLOGIES,WALGREENS #4047 (WI),2,2,1.7771,55.0,Alternative Supplier,Natural Disaster,Electronics
1291,RHODES TECHNOLOGIES,WALGREENS #4047 (WI),2,3,1.9606,28.0,Alternative Supplier,Natural Disaster,Electronics
1292,MALLINCKRODT LLC,PUBLIX PHARMACY #2055 (NC),2,1,0.0,37.0,Alternative Supplier,Geopolitical,Aerospace
1292,MALLINCKRODT LLC,PUBLIX PHARMACY #2055 (NC),2,2,0.0,82.0,Alternative Supplier,Natural Disaster,Pharmaceuticals
1292,MALLINCKRODT LLC,PUBLIX PHARMACY #2055 (NC),2,3,0.0,86.0,Customer Delay,Factory Incident,Electronics
1293,ABBOTT LABORATORIES,MAIN STREET PHARMACY #1103 (AK),1,1,0.0,31.0,Alternative Supplier,Port Congestion,Pharmaceuticals
1293,ABBOTT LABORATORIES,MAIN STREET PHARMACY #1103 (AK),1,2,0.0,32.0,Alternative Supplier,Port Congestion,Automotive
1293,ABBOTT LABORATORIES,MAIN STREET PHARMACY #1103 (AK),1,3,0.0,35.0,Alternative Supplier,Labor Strike,Automotive
1294,ENDO PHARMACEUTICALS INC,RITE AID #3418 (WV),2,1,0.1056,23.0,Alternative Supplier,Cyber Attack,Electronics
1294,ENDO PHARMACEUTICALS INC,RITE AID #3418 (WV),2,2,0.2991,51.0,Alternative Supplier,Port Congestion,Aerospace
1294,ENDO PHARMACEUTICALS INC,RITE AID #3418 (WV),2,3,0.4143,33.0,Inventory Buffer,Port Congestion,Consumer Goods
1295,JANSSEN PHARMACEUTICALS INC,HEALTH MART PHARMACY #6078 (KY),2,1,1.7338,74.0,Alternative Supplier,Cyber Attack,Automotive
1295,JANSSEN PHARMACEUTICALS INC,HEALTH MART PHARMACY #6078 (KY),2,2,1.7771,55.0,Alternative Supplier,Natural Disaster,Electronics
1295,JANSSEN PHARMACEUTICALS INC,HEALTH MART PHARMACY #6078 (KY),2,3,1.9606,28.0,Alternative Supplier,Natural Disaster,Electronics
1296,TEVA PHARMACEUTICALS USA INC,CVS PHARMACY #6466 (KY),2,1,0.0,46.0,Customer Delay,Port Congestion,Pharmaceuticals
1296,TEVA PHARMACEUTICALS USA INC,CVS PHARMACY #6466 (KY),2,2,0.0,24.0,Alternative Supplier,Port Congestion,Electronics
1296,TEVA PHARMACEUTICALS USA INC,CVS PHARMACY #6466 (KY),2,3,0.0,40.0,Alternative Supplier,Cyber Attack,Electronics
1297,MALLINCKRODT LLC,HARRIS TEETER PHARMACY #6758 (NC),2,1,1.7338,74.0,Alternative Supplier,Cyber Attack,Automotive
1297,MALLINCKRODT LLC,HARRIS TEETER PHARMACY #6758 (NC),2,2,1.7771,55.0,Alternative Supplier,Natural Disaster,Electronics
1297,MALLINCKRODT LLC,HARRIS TEETER PHARMACY #6758 (NC),2,3,1.9606,28.0,Alternative Supplier,Natural Disaster,Electronics
1298,JANSSEN PHARMACEUTICALS INC,HOMETOWN PHARMACY #3142 (FL),1,1,0.0,18.0,Inventory Buffer,Labor Strike,Electronics
1298,JANSSEN PHARMACEUTICALS INC,HOMETOWN PHARMACY #3142 (FL),1,2,0.0,24.0,Alternative Supplier,Labor Strike,Consumer Goods
1298,JANSSEN PHARMACEUTICALS INC,HOMETOWN PHARMACY #3142 (FL),1,3,0.0,15.0,Alternative Supplier,Labor Strike,Consumer Goods
1299,HIKMA PHARMACEUTICALS,HARRIS TEETER PHARMACY #5699 (AZ),1,1,0.0,26.0,Alternative Supplier,Cyber Attack,Electronics
1299,HIKMA PHARMACEUTICALS,HARRIS TEETER PHARMACY #5699 (AZ),1,2,0.0,8.0,Alternative Supplier,Geopolitical,Automotive
1299,HIKMA PHARMACEUTICALS,HARRIS TEETER PHARMACY #5699 (AZ),1,3,0.0,45.0,Alternative Supplier,Labor Strike,Electronics
1300,SUN PHARMA GLOBAL INC,PEOPLES PHARMACY #2912 (WV),2,1,0.0,17.0,Alternative Supplier,Port Congestion,Electronics
1300,SUN PHARMA GLOBAL INC,PEOPLES PHARMACY #2912 (WV),2,2,0.0,53.0,Production Reroute,Factory Incident,Electronics
1300,SUN PHARMA GLOBAL INC,PEOPLES PHARMACY #2912 (WV),2,3,0.0,19.0,Alternative Supplier,Port Congestion,Electronics
1301,PAR PHARMACEUTICAL INC,KROGER PHARMACY #9348 (RI),1,1,0.0,33.0,Alternative Supplier,Factory Incident,Electronics
1301,PAR PHARMACEUTICAL INC,KROGER PHARMACY #9348 (RI),1,2,0.0,46.0,Alternative Supplier,Port Congestion,Pharmaceuticals
1301,PAR PHARMACEUTICAL INC,KROGER PHARMACY #9348 (RI),1,3,0.0,12.0,Production Reroute,Port Congestion,Consumer Goods
1302,ACTAVIS PHARMA INC,PEOPLES PHARMACY #6007 (WV),2,1,0.0,31.0,Alternative Supplier,Natural Disaster,Electronics
1302,ACTAVIS PHARMA INC,PEOPLES PHARMACY #6007 (WV),2,2,0.0,46.0,Alternative Supplier,Cyber Attack,Consumer Goods
1302,ACTAVIS PHARMA INC,PEOPLES PHARMACY #6007 (WV),2,3,0.0,53.0,Alternative Supplier,Factory Incident,Automotive
1303,MYLAN PHARMACEUTICALS INC,RITE AID #9980 (ME),2,1,1.7338,74.0,Alternative Supplier,Cyber Attack,Automotive
1303,MYLAN PHARMACEUTICALS INC,RITE AID #9980 (ME),2,2,1.7771,55.0,Alternative Supplier,Natural Disaster,Electronics
1303,MYLAN PHARMACEUTICALS INC,RITE AID #9980 (ME),2,3,1.9606,28.0,Alternative Supplier,Natural Disaster,Electronics
1304,TEVA PHARMACEUTICALS USA INC,PEOPLES PHARMACY #2660 (NC),2,1,0.0,22.0,Alternative Supplier,Cyber Attack,Automotive
1304,TEVA PHARMACEUTICALS USA INC,PEOPLES PHARMACY #2660 (NC),2,2,0.0,43.0,Alternative Supplier,Labor Strike,Consumer Goods
1304,TEVA PHARMACEUTICALS USA INC,PEOPLES PHARMACY #2660 (NC),2,3,0.0,54.0,Alternative Supplier,Labor Strike,Electronics
1305,ACTAVIS PHARMA INC,WALMART PHARMACY #6240 (NC),1,1,0.0,10.0,Alternative Supplier,Port Congestion,Pharmaceuticals
1305,ACTAVIS PHARMA INC,WALMART PHARMACY #6240 (NC),1,2,0.0,20.0,Alternative Supplier,Cyber Attack,Pharmaceuticals
1305,ACTAVIS PHARMA INC,WALMART PHARMACY #6240 (NC),1,3,0.0,60.0,Production Reroute,Port Congestion,Automotive
1306,JANSSEN PHARMACEUTICALS INC,MEDICO PHARMACY #6767 (NC),2,1,0.0,48.0,Customer Delay,Natural Disaster,Pharmaceuticals
1306,JANSSEN PHARMACEUTICALS INC,MEDICO PHARMACY #6767 (NC),2,2,0.0,34.0,Production Reroute,Port Congestion,Automotive
1306,JANSSEN PHARMACEUTICALS INC,MEDICO PHARMACY #6767 (NC),2,3,0.0,51.0,Alternative Supplier,Cyber Attack,Electronics
1307,SUN PHARMA GLOBAL INC,QUALITY CARE PHARMACY #7081 (NJ),1,1,0.0,23.0,Alternative Supplier,Port Congestion,Aerospace
1307,SUN PHARMA GLOBAL INC,QUALITY CARE PHARMACY #7081 (NJ),1,2,0.0,22.0,Customer Delay,Port Congestion,Automotive
1307,SUN PHARMA GLOBAL INC,QUALITY CARE PHARMACY #7081 (NJ),1,3,0.0,35.0,Production Reroute,Labor Strike,Automotive
1308,RHODES TECHNOLOGIES,WINN-DIXIE PHARMACY #3112 (LA),1,1,0.0,14.0,Production Reroute,Factory Incident,Electronics
1308,RHODES TECHNOLOGIES,WINN-DIXIE PHARMACY #3112 (LA),1,2,0.0,21.0,Alternative Supplier,Port Congestion,Consumer Goods
1308,RHODES TECHNOLOGIES,WINN-DIXIE PHARMACY #3112 (LA),1,3,0.0,97.0,Production Reroute,Port Congestion,Pharmaceuticals
1309,ACTAVIS PHARMA INC,WALMART PHARMACY #1339 (NC),2,1,1.7338,74.0,Alternative Supplier,Cyber Attack,Automotive
1309,ACTAVIS PHARMA INC,WALMART PHARMACY #1339 (NC),2,2,1.7771,55.0,Alternative Supplier,Natural Disaster,Electronics
1309,ACTAVIS PHARMA INC,WALMART PHARMACY #1339 (NC),2,3,1.9606,28.0,Alternative Supplier,Natural Disaster,Electronics
1310,MYLAN PHARMACEUTICALS INC,WALGREENS #6014 (MI),3,1,0.8823,74.0,Alternative Supplier,Cyber Attack,Automotive
1310,MYLAN PHARMACEUTICALS INC,WALGREENS #6014 (MI),3,2,0.9256,55.0,Alternative Supplier,Natural Disaster,Electronics
1310,MYLAN PHARMACEUTICALS INC,WALGREENS #6014 (MI),3,3,1.0486,88.0,Alternative Supplier,Natural Disaster,Automotive
1311,PAR PHARMACEUTICAL INC,GOOD NEIGHBOR PHARMACY #6272 (NC),3,1,0.0,77.0,Inventory Buffer,Labor Strike,Aerospace
1311,PAR PHARMACEUTICAL INC,GOOD NEIGHBOR PHARMACY #6272 (NC),3,2,0.0,66.0,Alternative Supplier,Labor Strike,Automotive
1311,PAR PHARMACEUTICAL INC,GOOD NEIGHBOR PHARMACY #6272 (NC),3,3,0.0,63.0,Alternative Supplier,Port Congestion,Electronics
1312,SANDOZ INC,MAIN STREET PHARMACY #2094 (KY),1,1,0.0,31.0,Alternative Supplier,Port Congestion,Pharmaceuticals
1312,SANDOZ INC,MAIN STREET PHARMACY #2094 (KY),1,2,0.0,32.0,Alternative Supplier,Port Congestion,Automotive
1312,SANDOZ INC,MAIN STREET PHARMACY #2094 (KY),1,3,0.0,35.0,Alternative Supplier,Labor Strike,Automotive
1313,MALLINCKRODT LLC,HARRIS TEETER PHARMACY #3473 (WV),3,1,0.0,16.0,Alternative Supplier,Natural Disaster,Electronics
1313,MALLINCKRODT LLC,HARRIS TEETER PHARMACY #3473 (WV),3,2,0.0,25.0,Alternative Supplier,Factory Incident,Pharmaceuticals
1313,MALLINCKRODT LLC,HARRIS TEETER PHARMACY #3473 (WV),3,3,0.0,27.0,Alternative Supplier,Geopolitical,Automotive
1314,SANDOZ INC,HARRIS TEETER PHARMACY #7234 (WV),2,1,1.7338,74.0,Alternative Supplier,Cyber Attack,Automotive
1314,SANDOZ INC,HARRIS TEETER PHARMACY #7234 (WV),2,2,1.7771,55.0,Alternative Supplier,Natural Disaster,Electronics
1314,SANDOZ INC,HARRIS TEETER PHARMACY #7234 (WV),2,3,1.9606,28.0,Alternative Supplier,Natural Disaster,Electronics
1315,IMPAX LABORATORIES INC,WALGREENS #3305 (IA),2,1,0.0321,23.0,Alternative Supplier,Cyber Attack,Electronics
1315,IMPAX LABORATORIES INC,WALGREENS #3305 (IA),2,2,0.161,51.0,Alternative Supplier,Port Congestion,Aerospace
1315,IMPAX LABORATORIES INC,WALGREENS #3305 (IA),2,3,0.248,33.0,Inventory Buffer,Port Congestion,Consumer Goods
1316,VINTAGE PHARMACEUTICALS LLC,FAMILY CARE PHARMACY #6977 (NC),2,1,0.0,40.0,Alternative Supplier,Labor Strike,Pharmaceuticals
1316,VINTAGE PHARMACEUTICALS LLC,FAMILY CARE PHARMACY #6977 (NC),2,2,0.0,11.0,Alternative Supplier,Cyber Attack,Aerospace
1316,VINTAGE PHARMACEUTICALS LLC,FAMILY CARE PHARMACY #6977 (NC),2,3,0.0,126.0,Alternative Supplier,Port Congestion,Automotive
1317,MYLAN PHARMACEUTICALS INC,SUNRISE PHARMACY #8999 (NC),2,1,0.0,20.0,Alternative Supplier,Natural Disaster,Consumer Goods
1317,MYLAN PHARMACEUTICALS INC,SUNRISE PHARMACY #8999 (NC),2,2,0.0,48.0,Alternative Supplier,Port Congestion,Electronics
1317,MYLAN PHARMACEUTICALS INC,SUNRISE PHARMACY #8999 (NC),2,3,0.0,14.0,Alternative Supplier,Geopolitical,Consumer Goods
1318,AMNEAL PHARMACEUTICALS LLC,MEDICO PHARMACY #1407 (IL),2,1,0.0,30.0,Alternative Supplier,Labor Strike,Consumer Goods
1318,AMNEAL PHARMACEUTICALS LLC,MEDICO PHARMACY #1407 (IL),2,2,0.0,72.0,Alternative Supplier,Labor Strike,Consumer Goods
1318,AMNEAL PHARMACEUTICALS LLC,MEDICO PHARMACY #1407 (IL),2,3,0.0,44.0,Production Reroute,Cyber Attack,Automotive
1319,ACTAVIS PHARMA INC,GOOD NEIGHBOR PHARMACY #6549 (CO),2,1,1.7338,74.0,Alternative Supplier,Cyber Attack,Automotive
1319,ACTAVIS PHARMA INC,GOOD NEIGHBOR PHARMACY #6549 (CO),2,2,1.7771,55.0,Alternative Supplier,Natural Disaster,Electronics
1319,ACTAVIS PHARMA INC,GOOD NEIGHBOR PHARMACY #6549 (CO),2,3,1.9606,28.0,Alternative Supplier,Natural Disaster,Electronics
1320,ACTAVIS PHARMA INC,PUBLIX PHARMACY #1697 (MI),2,1,0.0,60.0,Customer Delay,Port Congestion,Electronics
1320,ACTAVIS PHARMA INC,PUBLIX PHARMACY #1697 (MI),2,2,0.0,72.0,Alternative Supplier,Port Congestion,Consumer Goods
1320,ACTAVIS PHARMA INC,PUBLIX PHARMACY #1697 (MI),2,3,0.0,38.0,Alternative Supplier,Factory Incident,Electronics
1321,MALLINCKRODT LLC,GOOD NEIGHBOR PHARMACY #5019 (OR),2,1,1.7338,74.0,Alternative Supplier,Cyber Attack,Automotive
1321,MALLINCKRODT LLC,GOOD NEIGHBOR PHARMACY #5019 (OR),2,2,1.7771,55.0,Alternative Supplier,Natural Disaster,Electronics
1321,MALLINCKRODT LLC,GOOD NEIGHBOR PHARMACY #5019 (OR),2,3,1.9606,28.0,Alternative Supplier,Natural Disaster,Electronics
1322,WATSON LABORATORIES INC,WALGREENS #4290 (MD),1,1,0.0,21.0,Alternative Supplier,Labor Strike,Electronics
1322,WATSON LABORATORIES INC,WALGREENS #4290 (MD),1,2,0.0,18.0,Alternative Supplier,Port Congestion,Consumer Goods
1322,WATSON LABORATORIES INC,WALGREENS #4290 (MD),1,3,0.0,22.0,Alternative Supplier,Geopolitical,Pharmaceuticals
1323,SUN PHARMA GLOBAL INC,PEOPLES PHARMACY #2912 (WV),2,1,0.0,81.0,Alternative Supplier,Cyber Attack,Aerospace
1323,SUN PHARMA GLOBAL INC,PEOPLES PHARMACY #2912 (WV),2,2,0.0,23.0,Alternative Supplier,Cyber Attack,Pharmaceuticals
1323,SUN PHARMA GLOBAL INC,PEOPLES PHARMACY #2912 (WV),2,3,0.0,55.0,Inventory Buffer,Geopolitical,Electronics
1324,HIKMA PHARMACEUTICALS,WALMART PHARMACY #6240 (NC),1,1,0.0,22.0,Alternative Supplier,Geopolitical,Automotive
1324,HIKMA PHARMACEUTICALS,WALMART PHARMACY #6240 (NC),1,2,0.0,10.0,Alternative Supplier,Factory Incident,Consumer Goods
1324,HIKMA PHARMACEUTICALS,WALMART PHARMACY #6240 (NC),1,3,0.0,19.0,Alternative Supplier,Port Congestion,Consumer Goods
1325,ABBOTT LABORATORIES,HARRIS TEETER PHARMACY #6758 (NC),3,1,0.0,68.0,Alternative Supplier,Cyber Attack,Electronics
1325,ABBOTT LABORATORIES,HARRIS TEETER PHARMACY #6758 (NC),3,2,0.0,28.0,Alternative Supplier,Geopolitical,Consumer Goods
1325,ABBOTT LABORATORIES,HARRIS TEETER PHARMACY #6758 (NC),3,3,0.0,73.0,Alternative Supplier,Natural Disaster,Electronics
1326,AMNEAL PHARMACEUTICALS LLC,KROGER PHARMACY #1887 (KY),2,1,0.0,30.0,Alternative Supplier,Geopolitical,Electronics
1326,AMNEAL PHARMACEUTICALS LLC,KROGER PHARMACY #1887 (KY),2,2,0.0,33.0,Alternative Supplier,Port Congestion,Electronics
1326,AMNEAL PHARMACEUTICALS LLC,KROGER PHARMACY #1887 (KY),2,3,0.0,58.0,Alternative Supplier,Geopolitical,Automotive
1327,ACTAVIS PHARMA INC,CVS PHARMACY #6838 (TN),2,1,1.7338,74.0,Alternative Supplier,Cyber Attack,Automotive
1327,ACTAVIS PHARMA INC,CVS PHARMACY #6838 (TN),2,2,1.7771,55.0,Alternative Supplier,Natural Disaster,Electronics
1327,ACTAVIS PHARMA INC,CVS PHARMACY #6838 (TN),2,3,1.9606,28.0,Alternative Supplier,Natural Disaster,Electronics
1328,MALLINCKRODT LLC,PUBLIX PHARMACY #2055 (NC),2,1,0.0,76.0,Alternative Supplier,Labor Strike,Electronics
1328,MALLINCKRODT LLC,PUBLIX PHARMACY #2055 (NC),2,2,0.0,50.0,Alternative Supplier,Geopolitical,Electronics
1328,MALLINCKRODT LLC,PUBLIX PHARMACY #2055 (NC),2,3,0.0,123.0,Customer Delay,Cyber Attack,Automotive
1329,PAR PHARMACEUTICAL INC,QUALITY CARE PHARMACY #4445 (LA),3,1,0.8823,74.0,Alternative Supplier,Cyber Attack,Automotive
1329,PAR PHARMACEUTICAL INC,QUALITY CARE PHARMACY #4445 (LA),3,2,0.9256,55.0,Alternative Supplier,Natural Disaster,Electronics
1329,PAR PHARMACEUTICAL INC,QUALITY CARE PHARMACY #4445 (LA),3,3,1.0486,88.0,Alternative Supplier,Natural Disaster,Automotive
1330,LANNETT COMPANY INC,CORNER DRUG STORE #5404 (NE),2,1,1.2779,74.0,Alternative Supplier,Cyber Attack,Automotive
1330,LANNETT COMPANY INC,CORNER DRUG STORE #5404 (NE),2,2,1.3082,55.0,Alternative Supplier,Natural Disaster,Electronics
1330,LANNETT COMPANY INC,CORNER DRUG STORE #5404 (NE),2,3,1.4396,28.0,Alternative Supplier,Natural Disaster,Electronics
1331,PAR PHARMACEUTICAL INC,MAIN STREET PHARMACY #8869 (AL),2,1,1.7338,74.0,Alternative Supplier,Cyber Attack,Automotive
1331,PAR PHARMACEUTICAL INC,MAIN STREET PHARMACY #8869 (AL),2,2,1.7771,55.0,Alternative Supplier,Natural Disaster,Electronics
1331,PAR PHARMACEUTICAL INC,MAIN STREET PHARMACY #8869 (AL),2,3,1.9606,28.0,Alternative Supplier,Natural Disaster,Electronics
1332,ENDO PHARMACEUTICALS INC,MEDICO PHARMACY #5392 (NC),1,1,0.0,25.0,Inventory Buffer,Port Congestion,Electronics
1332,ENDO PHARMACEUTICALS INC,MEDICO PHARMACY #5392 (NC),1,2,0.0,17.0,Customer Delay,Labor Strike,Pharmaceuticals
1332,ENDO PHARMACEUTICALS INC,MEDICO PHARMACY #5392 (NC),1,3,0.0,18.0,Customer Delay,Port Congestion,Automotive
1333,ACTAVIS PHARMA INC,GOOD NEIGHBOR PHARMACY #6129 (NC),2,1,0.0,104.0,Alternative Supplier,Geopolitical,Consumer Goods
1333,ACTAVIS PHARMA INC,GOOD NEIGHBOR PHARMACY #6129 (NC),2,2,0.0,110.0,Alternative Supplier,Natural Disaster,Pharmaceuticals
1333,ACTAVIS PHARMA INC,GOOD NEIGHBOR PHARMACY #6129 (NC),2,3,0.0,12.0,Customer Delay,Port Congestion,Electronics
1334,MALLINCKRODT LLC,HARRIS TEETER PHARMACY #3473 (WV),2,1,0.0,45.0,Alternative Supplier,Cyber Attack,Electronics
1334,MALLINCKRODT LLC,HARRIS TEETER PHARMACY #3473 (WV),2,2,0.0,23.0,Production Reroute,Port Congestion,Electronics
1334,MALLINCKRODT LLC,HARRIS TEETER PHARMACY #3473 (WV),2,3,0.0,69.0,Alternative Supplier,Factory Incident,Electronics
1335,PURDUE PHARMA LP,RITE AID #9223 (WV),1,1,0.0002,29.0,Alternative Supplier,Natural Disaster,Electronics
1335,PURDUE PHARMA LP,RITE AID #9223 (WV),1,2,0.0002,36.0,Alternative Supplier,Port Congestion,Pharmaceuticals
1335,PURDUE PHARMA LP,RITE AID #9223 (WV),1,3,0.0002,22.0,Production Reroute,Port Congestion,Consumer Goods
1336,RHODES TECHNOLOGIES,KROGER PHARMACY #5322 (OH),2,1,1.7338,74.0,Alternative Supplier,Cyber Attack,Automotive
1336,RHODES TECHNOLOGIES,KROGER PHARMACY #5322 (OH),2,2,1.7771,55.0,Alternative Supplier,Natural Disaster,Electronics
1336,RHODES TECHNOLOGIES,KROGER PHARMACY #5322 (OH),2,3,1.9606,28.0,Alternative Supplier,Natural Disaster,Electronics
1337,AMNEAL PHARMACEUTICALS LLC,KROGER PHARMACY #1887 (KY),2,1,0.0,48.0,Alternative Supplier,Labor Strike,Electronics
1337,AMNEAL PHARMACEUTICALS LLC,KROGER PHARMACY #1887 (KY),2,2,0.0,36.0,Alternative Supplier,Factory Incident,Automotive
1337,AMNEAL PHARMACEUTICALS LLC,KROGER PHARMACY #1887 (KY),2,3,0.0,12.0,Inventory Buffer,Cyber Attack,Consumer Goods
1338,IMPAX LABORATORIES INC,QUALITY CARE PHARMACY #7711 (IA),2,1,1.7338,74.0,Alternative Supplier,Cyber Attack,Automotive
1338,IMPAX LABORATORIES INC,QUALITY CARE PHARMACY #7711 (IA),2,2,1.7771,55.0,Alternative Supplier,Natural Disaster,Electronics
1338,IMPAX LABORATORIES INC,QUALITY CARE PHARMACY #7711 (IA),2,3,1.9606,28.0,Alternative Supplier,Natural Disaster,Electronics
1339,IMPAX LABORATORIES INC,CORNER DRUG STORE #6481 (MD),2,1,1.1805,74.0,Alternative Supplier,Cyber Attack,Automotive
1339,IMPAX LABORATORIES INC,CORNER DRUG STORE #6481 (MD),2,2,1.2071,55.0,Alternative Supplier,Natural Disaster,Electronics
1339,IMPAX LABORATORIES INC,CORNER DRUG STORE #6481 (MD),2,3,1.324,28.0,Alternative Supplier,Natural Disaster,Electronics
1340,ENDO PHARMACEUTICALS INC,RITE AID #9491 (IN),2,1,1.7338,74.0,Alternative Supplier,Cyber Attack,Automotive
1340,ENDO PHARMACEUTICALS INC,RITE AID #9491 (IN),2,2,1.7771,55.0,Alternative Supplier,Natural Disaster,Electronics
1340,ENDO PHARMACEUTICALS INC,RITE AID #9491 (IN),2,3,1.9606,28.0,Alternative Supplier,Natural Disaster,Electronics
1341,CADISTA PHARMACEUTICALS INC,HARRIS TEETER PHARMACY #7528 (IN),2,1,1.7338,74.0,Alternative Supplier,Cyber Attack,Automotive
1341,CADISTA PHARMACEUTICALS INC,HARRIS TEETER PHARMACY #7528 (IN),2,2,1.7771,55.0,Alternative Supplier,Natural Disaster,Electronics
1341,CADISTA PHARMACEUTICALS INC,HARRIS TEETER PHARMACY #7528 (IN),2,3,1.9606,28.0,Alternative Supplier,Natural Disaster,Electronics
1342,AMNEAL PHARMACEUTICALS LLC,GOOD NEIGHBOR PHARMACY #8896 (PA),1,1,0.0,26.0,Alternative Supplier,Port Congestion,Automotive
1342,AMNEAL PHARMACEUTICALS LLC,GOOD NEIGHBOR PHARMACY #8896 (PA),1,2,0.0,19.0,Alternative Supplier,Factory Incident,Consumer Goods
1342,AMNEAL PHARMACEUTICALS LLC,GOOD NEIGHBOR PHARMACY #8896 (PA),1,3,0.0,54.0,Alternative Supplier,Labor Strike,Consumer Goods
1343,LANNETT COMPANY INC,HOMETOWN PHARMACY #6387 (NC),2,1,1.7338,74.0,Alternative Supplier,Cyber Attack,Automotive
1343,LANNETT COMPANY INC,HOMETOWN PHARMACY #6387 (NC),2,2,1.7771,55.0,Alternative Supplier,Natural Disaster,Electronics
1343,LANNETT COMPANY INC,HOMETOWN PHARMACY #6387 (NC),2,3,1.9606,28.0,Alternative Supplier,Natural Disaster,Electronics
1344,CADISTA PHARMACEUTICALS INC,WALMART PHARMACY #8931 (VA),1,1,0.0,34.0,Alternative Supplier,Factory Incident,Automotive
1344,CADISTA PHARMACEUTICALS INC,WALMART PHARMACY #8931 (VA),1,2,0.0,40.0,Alternative Supplier,Port Congestion,Electronics
1344,CADISTA PHARMACEUTICALS INC,WALMART PHARMACY #8931 (VA),1,3,0.0,45.0,Production Reroute,Labor Strike,Consumer Goods
1345,JANSSEN PHARMACEUTICALS INC,QUALITY CARE PHARMACY #8199 (WV),2,1,0.0,48.0,Customer Delay,Natural Disaster,Pharmaceuticals
1345,JANSSEN PHARMACEUTICALS INC,QUALITY CARE PHARMACY #8199 (WV),2,2,0.0,34.0,Production Reroute,Port Congestion,Automotive
1345,JANSSEN PHARMACEUTICALS INC,QUALITY CARE PHARMACY #8199 (WV),2,3,0.0,51.0,Alternative Supplier,Cyber Attack,Electronics
1346,SUN PHARMA GLOBAL INC,PEOPLES PHARMACY #2912 (WV),2,1,0.0,79.0,Production Reroute,Geopolitical,Automotive
1346,SUN PHARMA GLOBAL INC,PEOPLES PHARMACY #2912 (WV),2,2,0.0,83.0,Alternative Supplier,Geopolitical,Electronics
1346,SUN PHARMA GLOBAL INC,PEOPLES PHARMACY #2912 (WV),2,3,0.0,58.0,Production Reroute,Factory Incident,Automotive
1347,SUN PHARMA GLOBAL INC,HARRIS TEETER PHARMACY #7261 (KY),1,1,0.0,22.0,Combined Strategy,Factory Incident,Aerospace
1347,SUN PHARMA GLOBAL INC,HARRIS TEETER PHARMACY #7261 (KY),1,2,0.0,15.0,Alternative Supplier,Port Congestion,Automotive
1347,SUN PHARMA GLOBAL INC,HARRIS TEETER PHARMACY #7261 (KY),1,3,0.0,18.0,Alternative Supplier,Natural Disaster,Electronics
1348,JANSSEN PHARMACEUTICALS INC,VILLAGE PHARMACY #9397 (NC),2,1,0.0,33.0,Alternative Supplier,Geopolitical,Pharmaceuticals
1348,JANSSEN PHARMACEUTICALS INC,VILLAGE PHARMACY #9397 (NC),2,2,0.0,17.0,Alternative Supplier,Labor Strike,Automotive
1348,JANSSEN PHARMACEUTICALS INC,VILLAGE PHARMACY #9397 (NC),2,3,0.0,72.0,Alternative Supplier,Geopolitical,Electronics
1349,ABBOTT LABORATORIES,SUNRISE PHARMACY #5169 (MA),2,1,1.7338,74.0,Alternative Supplier,Cyber Attack,Automotive
1349,ABBOTT LABORATORIES,SUNRISE PHARMACY #5169 (MA),2,2,1.7771,55.0,Alternative Supplier,Natural Disaster,Electronics
1349,ABBOTT LABORATORIES,SUNRISE PHARMACY #5169 (MA),2,3,1.9606,28.0,Alternative Supplier,Natural Disaster,Electronics
1350,ACTAVIS PHARMA INC,GOOD NEIGHBOR PHARMACY #6129 (NC),2,1,0.0,100.0,Alternative Supplier,Geopolitical,Electronics
1350,ACTAVIS PHARMA INC,GOOD NEIGHBOR PHARMACY #6129 (NC),2,2,0.0,58.0,Alternative Supplier,Geopolitical,Automotive
1350,ACTAVIS PHARMA INC,GOOD NEIGHBOR PHARMACY #6129 (NC),2,3,0.0,39.0,Alternative Supplier,Port Congestion,Pharmaceuticals
1351,MALLINCKRODT LLC,WALGREENS #3121 (SC),2,1,0.5056,23.0,Alternative Supplier,Cyber Attack,Electronics
1351,MALLINCKRODT LLC,WALGREENS #3121 (SC),2,2,0.8656,74.0,Alternative Supplier,Cyber Attack,Automotive
1351,MALLINCKRODT LLC,WALGREENS #3121 (SC),2,3,0.8707,51.0,Alternative Supplier,Port Congestion,Aerospace
1352,ENDO PHARMACEUTICALS INC,WINN-DIXIE PHARMACY #2880 (MI),1,1,0.0,36.0,Alternative Supplier,Factory Incident,Electronics
1352,ENDO PHARMACEUTICALS INC,WINN-DIXIE PHARMACY #2880 (MI),1,2,0.0,36.0,Alternative Supplier,Natural Disaster,Electronics
1352,ENDO PHARMACEUTICALS INC,WINN-DIXIE PHARMACY #2880 (MI),1,3,0.0,15.0,Production Reroute,Port Congestion,Aerospace
1353,JANSSEN PHARMACEUTICALS INC,WALMART PHARMACY #1339 (NC),2,1,0.0,46.0,Alternative Supplier,Port Congestion,Automotive
1353,JANSSEN PHARMACEUTICALS INC,WALMART PHARMACY #1339 (NC),2,2,0.0,63.0,Production Reroute,Cyber Attack,Electronics
1353,JANSSEN PHARMACEUTICALS INC,WALMART PHARMACY #1339 (NC),2,3,0.0,55.0,Inventory Buffer,Labor Strike,Electronics
1354,TEVA PHARMACEUTICALS USA INC,HARRIS TEETER PHARMACY #6063 (NC),2,1,0.0,71.0,Alternative Supplier,Factory Incident,Consumer Goods
1354,TEVA PHARMACEUTICALS USA INC,HARRIS TEETER PHARMACY #6063 (NC),2,2,0.0,20.0,Alternative Supplier,Labor Strike,Automotive
1354,TEVA PHARMACEUTICALS USA INC,HARRIS TEETER PHARMACY #6063 (NC),2,3,0.0,37.0,Alternative Supplier,Natural Disaster,Automotive
1355,TEVA PHARMACEUTICALS USA INC,HARRIS TEETER PHARMACY #6063 (NC),2,1,0.0,37.0,Alternative Supplier,Labor Strike,Consumer Goods
1355,TEVA PHARMACEUTICALS USA INC,HARRIS TEETER PHARMACY #6063 (NC),2,2,0.0,61.0,Alternative Supplier,Labor Strike,Automotive
1355,TEVA PHARMACEUTICALS USA INC,HARRIS TEETER PHARMACY #6063 (NC),2,3,0.0,56.0,Alternative Supplier,Port Congestion,Automotive
1356,AMNEAL PHARMACEUTICALS LLC,GOOD NEIGHBOR PHARMACY #8896 (PA),1,1,0.0,27.0,Alternative Supplier,Port Congestion,Pharmaceuticals
1356,AMNEAL PHARMACEUTICALS LLC,GOOD NEIGHBOR PHARMACY #8896 (PA),1,2,0.0,36.0,Production Reroute,Port Congestion,Electronics
1356,AMNEAL PHARMACEUTICALS LLC,GOOD NEIGHBOR PHARMACY #8896 (PA),1,3,0.0,33.0,Alternative Supplier,Port Congestion,Electronics
1357,TEVA PHARMACEUTICALS USA INC,VILLAGE PHARMACY #4087 (DE),1,1,0.0,26.0,Customer Delay,Port Congestion,Consumer Goods
1357,TEVA PHARMACEUTICALS USA INC,VILLAGE PHARMACY #4087 (DE),1,2,0.0,22.0,Alternative Supplier,Labor Strike,Pharmaceuticals
1357,TEVA PHARMACEUTICALS USA INC,VILLAGE PHARMACY #4087 (DE),1,3,0.0,62.0,Inventory Buffer,Geopolitical,Electronics
1358,IMPAX LABORATORIES INC,VILLAGE PHARMACY #5077 (CT),2,1,1.7338,74.0,Alternative Supplier,Cyber Attack,Automotive
1358,IMPAX LABORATORIES INC,VILLAGE PHARMACY #5077 (CT),2,2,1.7771,55.0,Alternative Supplier,Natural Disaster,Electronics
1358,IMPAX LABORATORIES INC,VILLAGE PHARMACY #5077 (CT),2,3,1.9606,28.0,Alternative Supplier,Natural Disaster,Electronics
1359,ABBOTT LABORATORIES,PUBLIX PHARMACY #2397 (LA),1,1,0.0,14.0,Production Reroute,Factory Incident,Electronics
1359,ABBOTT LABORATORIES,PUBLIX PHARMACY #2397 (LA),1,2,0.0,21.0,Alternative Supplier,Port Congestion,Consumer Goods
1359,ABBOTT LABORATORIES,PUBLIX PHARMACY #2397 (LA),1,3,0.0,97.0,Production Reroute,Port Congestion,Pharmaceuticals
1360,JANSSEN PHARMACEUTICALS INC,MEDICO PHARMACY #6767 (NC),2,1,0.0,58.0,Alternative Supplier,Cyber Attack,Electronics
1360,JANSSEN PHARMACEUTICALS INC,MEDICO PHARMACY #6767 (NC),2,2,0.0,47.0,Alternative Supplier,Natural Disaster,Pharmaceuticals
1360,JANSSEN PHARMACEUTICALS INC,MEDICO PHARMACY #6767 (NC),2,3,0.0,27.0,Production Reroute,Natural Disaster,Automotive
1361,MYLAN PHARMACEUTICALS INC,HOMETOWN PHARMACY #6387 (NC),2,1,0.0,45.0,Alternative Supplier,Factory Incident,Automotive
1361,MYLAN PHARMACEUTICALS INC,HOMETOWN PHARMACY #6387 (NC),2,2,0.0,28.0,Alternative Supplier,Natural Disaster,Electronics
1361,MYLAN PHARMACEUTICALS INC,HOMETOWN PHARMACY #6387 (NC),2,3,0.0,54.0,Alternative Supplier,Port Congestion,Electronics
1362,TEVA PHARMACEUTICALS USA INC,COMMUNITY PHARMACY #3782 (NC),2,1,0.0,51.0,Alternative Supplier,Cyber Attack,Electronics
1362,TEVA PHARMACEUTICALS USA INC,COMMUNITY PHARMACY #3782 (NC),2,2,0.0,65.0,Alternative Supplier,Factory Incident,Pharmaceuticals
1362,TEVA PHARMACEUTICALS USA INC,COMMUNITY PHARMACY #3782 (NC),2,3,0.0,64.0,Alternative Supplier,Port Congestion,Aerospace
1363,WATSON LABORATORIES INC,QUALITY CARE PHARMACY #3035 (NY),1,1,0.0,27.0,Alternative Supplier,Port Congestion,Pharmaceuticals
1363,WATSON LABORATORIES INC,QUALITY CARE PHARMACY #3035 (NY),1,2,0.0,36.0,Production Reroute,Port Congestion,Electronics
1363,WATSON LABORATORIES INC,QUALITY CARE PHARMACY #3035 (NY),1,3,0.0,33.0,Alternative Supplier,Port Congestion,Electronics
1364,HIKMA PHARMACEUTICALS,PEOPLES PHARMACY #8932 (PA),1,1,0.0,27.0,Alternative Supplier,Factory Incident,Pharmaceuticals
1364,HIKMA PHARMACEUTICALS,PEOPLES PHARMACY #8932 (PA),1,2,0.0,31.0,Inventory Buffer,Port Congestion,Consumer Goods
1364,HIKMA PHARMACEUTICALS,PEOPLES PHARMACY #8932 (PA),1,3,0.0,23.0,Alternative Supplier,Factory Incident,Automotive
1365,WATSON LABORATORIES INC,RITE AID #9491 (IN),2,1,1.7338,74.0,Alternative Supplier,Cyber Attack,Automotive
1365,WATSON LABORATORIES INC,RITE AID #9491 (IN),2,2,1.7771,55.0,Alternative Supplier,Natural Disaster,Electronics
1365,WATSON LABORATORIES INC,RITE AID #9491 (IN),2,3,1.9606,28.0,Alternative Supplier,Natural Disaster,Electronics
1366,RHODES TECHNOLOGIES,HOMETOWN PHARMACY #8152 (WV),2,1,0.0,48.0,Alternative Supplier,Labor Strike,Electronics
1366,RHODES TECHNOLOGIES,HOMETOWN PHARMACY #8152 (WV),2,2,0.0,36.0,Alternative Supplier,Factory Incident,Automotive
1366,RHODES TECHNOLOGIES,HOMETOWN PHARMACY #8152 (WV),2,3,0.0,12.0,Inventory Buffer,Cyber Attack,Consumer Goods
1367,LANNETT COMPANY INC,SUNRISE PHARMACY #4061 (MN),1,1,0.0,42.0,Production Reroute,Port Congestion,Electronics
1367,LANNETT COMPANY INC,SUNRISE PHARMACY #4061 (MN),1,2,0.0,11.0,Alternative Supplier,Port Congestion,Consumer Goods
1367,LANNETT COMPANY INC,SUNRISE PHARMACY #4061 (MN),1,3,0.0,21.0,Alternative Supplier,Port Congestion,Electronics
1368,ACTAVIS PHARMA INC,PUBLIX PHARMACY #1697 (MI),2,1,0.0,60.0,Alternative Supplier,Factory Incident,Pharmaceuticals
1368,ACTAVIS PHARMA INC,PUBLIX PHARMACY #1697 (MI),2,2,0.0,87.0,Alternative Supplier,Cyber Attack,Consumer Goods
1368,ACTAVIS PHARMA INC,PUBLIX PHARMACY #1697 (MI),2,3,0.0,65.0,Alternative Supplier,Factory Incident,Electronics
1369,PURDUE PHARMA LP,MAIN STREET PHARMACY #3156 (NE),2,1,1.7338,74.0,Alternative Supplier,Cyber Attack,Automotive
1369,PURDUE PHARMA LP,MAIN STREET PHARMACY #3156 (NE),2,2,1.7771,55.0,Alternative Supplier,Natural Disaster,Electronics
1369,PURDUE PHARMA LP,MAIN STREET PHARMACY #3156 (NE),2,3,1.9606,28.0,Alternative Supplier,Natural Disaster,Electronics
1370,TEVA PHARMACEUTICALS USA INC,COMMUNITY PHARMACY #3782 (NC),2,1,0.0,51.0,Alternative Supplier,Labor Strike,Aerospace
1370,TEVA PHARMACEUTICALS USA INC,COMMUNITY PHARMACY #3782 (NC),2,2,0.0,50.0,Alternative Supplier,Cyber Attack,Pharmaceuticals
1370,TEVA PHARMACEUTICALS USA INC,COMMUNITY PHARMACY #3782 (NC),2,3,0.0,35.0,Alternative Supplier,Geopolitical,Electronics
1371,HIKMA PHARMACEUTICALS,KROGER PHARMACY #8280 (OH),2,1,1.7338,74.0,Alternative Supplier,Cyber Attack,Automotive
1371,HIKMA PHARMACEUTICALS,KROGER PHARMACY #8280 (OH),2,2,1.7771,55.0,Alternative Supplier,Natural Disaster,Electronics
1371,HIKMA PHARMACEUTICALS,KROGER PHARMACY #8280 (OH),2,3,1.9606,28.0,Alternative Supplier,Natural Disaster,Electronics
1372,VINTAGE PHARMACEUTICALS LLC,WALGREENS #3078 (MA),1,1,0.0,32.0,Alternative Supplier,Port Congestion,Electronics
1372,VINTAGE PHARMACEUTICALS LLC,WALGREENS #3078 (MA),1,2,0.0,29.0,Alternative Supplier,Labor Strike,Automotive
1372,VINTAGE PHARMACEUTICALS LLC,WALGREENS #3078 (MA),1,3,0.0,16.0,Alternative Supplier,Port Congestion,Pharmaceuticals
1373,VINTAGE PHARMACEUTICALS LLC,HOMETOWN PHARMACY #6305 (MN),2,1,1.7338,74.0,Alternative Supplier,Cyber Attack,Automotive
1373,VINTAGE PHARMACEUTICALS LLC,HOMETOWN PHARMACY #6305 (MN),2,2,1.7771,55.0,Alternative Supplier,Natural Disaster,Electronics
1373,VINTAGE PHARMACEUTICALS LLC,HOMETOWN PHARMACY #6305 (MN),2,3,1.9606,28.0,Alternative Supplier,Natural Disaster,Electronics
1374,SANDOZ INC,SUNRISE PHARMACY #7243 (WV),2,1,0.0,36.0,Inventory Buffer,Port Congestion,Automotive
1374,SANDOZ INC,SUNRISE PHARMACY #7243 (WV),2,2,0.0,81.0,Alternative Supplier,Port Congestion,Consumer Goods
1374,SANDOZ INC,SUNRISE PHARMACY #7243 (WV),2,3,0.0,99.0,Alternative Supplier,Labor Strike,Pharmaceuticals
1375,VINTAGE PHARMACEUTICALS LLC,QUALITY CARE PHARMACY #5369 (AK),2,1,1.3192,74.0,Alternative Supplier,Cyber Attack,Automotive
1375,VINTAGE PHARMACEUTICALS LLC,QUALITY CARE PHARMACY #5369 (AK),2,2,1.3509,55.0,Alternative Supplier,Natural Disaster,Electronics
1375,VINTAGE PHARMACEUTICALS LLC,QUALITY CARE PHARMACY #5369 (AK),2,3,1.4879,28.0,Alternative Supplier,Natural Disaster,Electronics
1376,CADISTA PHARMACEUTICALS INC,COMMUNITY PHARMACY #4144 (GA),2,1,1.0806,74.0,Alternative Supplier,Cyber Attack,Automotive
1376,CADISTA PHARMACEUTICALS INC,COMMUNITY PHARMACY #4144 (GA),2,2,1.1029,55.0,Alternative Supplier,Natural Disaster,Electronics
1376,CADISTA PHARMACEUTICALS INC,COMMUNITY PHARMACY #4144 (GA),2,3,1.1466,23.0,Alternative Supplier,Cyber Attack,Electronics
1377,MYLAN PHARMACEUTICALS INC,CVS PHARMACY #5523 (NC),2,1,1.7338,74.0,Alternative Supplier,Cyber Attack,Automotive
1377,MYLAN PHARMACEUTICALS INC,CVS PHARMACY #5523 (NC),2,2,1.7771,55.0,Alternative Supplier,Natural Disaster,Electronics
1377,MYLAN PHARMACEUTICALS INC,CVS PHARMACY #5523 (NC),2,3,1.9606,28.0,Alternative Supplier,Natural Disaster,Electronics
1378,SUN PHARMA GLOBAL INC,FAMILY CARE PHARMACY #7793 (MO),2,1,1.7338,74.0,Alternative Supplier,Cyber Attack,Automotive
1378,SUN PHARMA GLOBAL INC,FAMILY CARE PHARMACY #7793 (MO),2,2,1.7771,55.0,Alternative Supplier,Natural Disaster,Electronics
1378,SUN PHARMA GLOBAL INC,FAMILY CARE PHARMACY #7793 (MO),2,3,1.9606,28.0,Alternative Supplier,Natural Disaster,Electronics
1379,TEVA PHARMACEUTICALS USA INC,HARRIS TEETER PHARMACY #6063 (NC),2,1,0.0,21.0,Inventory Buffer,Port Congestion,Automotive
1379,TEVA PHARMACEUTICALS USA INC,HARRIS TEETER PHARMACY #6063 (NC),2,2,0.0,108.0,Alternative Supplier,Labor Strike,Electronics
1379,TEVA PHARMACEUTICALS USA INC,HARRIS TEETER PHARMACY #6063 (NC),2,3,0.0,50.0,Alternative Supplier,Labor Strike,Pharmaceuticals
1380,HIKMA PHARMACEUTICALS,SUNRISE PHARMACY #9849 (CO),2,1,1.7338,74.0,Alternative Supplier,Cyber Attack,Automotive
1380,HIKMA PHARMACEUTICALS,SUNRISE PHARMACY #9849 (CO),2,2,1.7771,55.0,Alternative Supplier,Natural Disaster,Electronics
1380,HIKMA PHARMACEUTICALS,SUNRISE PHARMACY #9849 (CO),2,3,1.9606,28.0,Alternative Supplier,Natural Disaster,Electronics
1381,MALLINCKRODT LLC,HARRIS TEETER PHARMACY #6063 (NC),2,1,0.0,22.0,Alternative Supplier,Geopolitical,Electronics
1381,MALLINCKRODT LLC,HARRIS TEETER PHARMACY #6063 (NC),2,2,0.0,20.0,Alternative Supplier,Labor Strike,Consumer Goods
1381,MALLINCKRODT LLC,HARRIS TEETER PHARMACY #6063 (NC),2,3,0.0,129.0,Production Reroute,Natural Disaster,Consumer Goods
1382,CADISTA PHARMACEUTICALS INC,CVS PHARMACY #4698 (OH),2,1,1.7338,74.0,Alternative Supplier,Cyber Attack,Automotive
1382,CADISTA PHARMACEUTICALS INC,CVS PHARMACY #4698 (OH),2,2,1.7771,55.0,Alternative Supplier,Natural Disaster,Electronics
1382,CADISTA PHARMACEUTICALS INC,CVS PHARMACY #4698 (OH),2,3,1.9606,28.0,Alternative Supplier,Natural Disaster,Electronics
1383,SUN PHARMA GLOBAL INC,GOOD NEIGHBOR PHARMACY #8685 (FL),2,1,1.7338,74.0,Alternative Supplier,Cyber Attack,Automotive
1383,SUN PHARMA GLOBAL INC,GOOD NEIGHBOR PHARMACY #8685 (FL),2,2,1.7771,55.0,Alternative Supplier,Natural Disaster,Electronics
1383,SUN PHARMA GLOBAL INC,GOOD NEIGHBOR PHARMACY #8685 (FL),2,3,1.9606,28.0,Alternative Supplier,Natural Disaster,Electronics
1384,ENDO PHARMACEUTICALS INC,QUALITY CARE PHARMACY #5940 (HI),2,1,1.7338,74.0,Alternative Supplier,Cyber Attack,Automotive
1384,ENDO PHARMACEUTICALS INC,QUALITY CARE PHARMACY #5940 (HI),2,2,1.7771,55.0,Alternative Supplier,Natural Disaster,Electronics
1384,ENDO PHARMACEUTICALS INC,QUALITY CARE PHARMACY #5940 (HI),2,3,1.9606,28.0,Alternative Supplier,Natural Disaster,Electronics
1385,ACTAVIS PHARMA INC,HOMETOWN PHARMACY #2658 (AL),2,1,1.7338,74.0,Alternative Supplier,Cyber Attack,Automotive
1385,ACTAVIS PHARMA INC,HOMETOWN PHARMACY #2658 (AL),2,2,1.7771,55.0,Alternative Supplier,Natural Disaster,Electronics
1385,ACTAVIS PHARMA INC,HOMETOWN PHARMACY #2658 (AL),2,3,1.9606,28.0,Alternative Supplier,Natural Disaster,Electronics
1386,ACTAVIS PHARMA INC,GOOD NEIGHBOR PHARMACY #6129 (NC),2,1,0.0,39.0,Alternative Supplier,Port Congestion,Electronics
1386,ACTAVIS PHARMA INC,GOOD NEIGHBOR PHARMACY #6129 (NC),2,2,0.0,75.0,Production Reroute,Cyber Attack,Pharmaceuticals
1386,ACTAVIS PHARMA INC,GOOD NEIGHBOR PHARMACY #6129 (NC),2,3,0.0,70.0,Customer Delay,Factory Incident,Automotive
1387,TEVA PHARMACEUTICALS USA INC,HOMETOWN PHARMACY #3673 (VA),2,1,1.7338,74.0,Alternative Supplier,Cyber Attack,Automotive
1387,TEVA PHARMACEUTICALS USA INC,HOMETOWN PHARMACY #3673 (VA),2,2,1.7771,55.0,Alternative Supplier,Natural Disaster,Electronics
1387,TEVA PHARMACEUTICALS USA INC,HOMETOWN PHARMACY #3673 (VA),2,3,1.9606,28.0,Alternative Supplier,Natural Disaster,Electronics
1388,ENDO PHARMACEUTICALS INC,WINN-DIXIE PHARMACY #2880 (MI),2,1,0.0,83.0,Alternative Supplier,Port Congestion,Automotive
1388,ENDO PHARMACEUTICALS INC,WINN-DIXIE PHARMACY #2880 (MI),2,2,0.0,27.0,Alternative Supplier,Cyber Attack,Automotive
1388,ENDO PHARMACEUTICALS INC,WINN-DIXIE PHARMACY #2880 (MI),2,3,0.0,55.0,Alternative Supplier,Geopolitical,Electronics
1389,RHODES TECHNOLOGIES,HOMETOWN PHARMACY #8152 (WV),2,1,0.0005,64.0,Alternative Supplier,Cyber Attack,Automotive
1389,RHODES TECHNOLOGIES,HOMETOWN PHARMACY #8152 (WV),2,2,0.0005,64.0,Alternative Supplier,Labor Strike,Electronics
1389,RHODES TECHNOLOGIES,HOMETOWN PHARMACY #8152 (WV),2,3,0.0005,17.0,Alternative Supplier,Geopolitical,Pharmaceuticals
1390,SANDOZ INC,WALMART PHARMACY #2988 (IA),2,1,1.7338,74.0,Alternative Supplier,Cyber Attack,Automotive
1390,SANDOZ INC,WALMART PHARMACY #2988 (IA),2,2,1.7771,55.0,Alternative Supplier,Natural Disaster,Electronics
1390,SANDOZ INC,WALMART PHARMACY #2988 (IA),2,3,1.9606,28.0,Alternative Supplier,Natural Disaster,Electronics
1391,LANNETT COMPANY INC,QUALITY CARE PHARMACY #3338 (WV),1,1,0.0,21.0,Alternative Supplier,Labor Strike,Electronics
1391,LANNETT COMPANY INC,QUALITY CARE PHARMACY #3338 (WV),1,2,0.0,18.0,Alternative Supplier,Port Congestion,Consumer Goods
1391,LANNETT COMPANY INC,QUALITY CARE PHARMACY #3338 (WV),1,3,0.0,22.0,Alternative Supplier,Geopolitical,Pharmaceuticals
1392,LANNETT COMPANY INC,QUALITY CARE PHARMACY #8443 (AZ),1,1,0.0,52.0,Production Reroute,Port Congestion,Consumer Goods
1392,LANNETT COMPANY INC,QUALITY CARE PHARMACY #8443 (AZ),1,2,0.0,14.0,Alternative Supplier,Port Congestion,Electronics
1392,LANNETT COMPANY INC,QUALITY CARE PHARMACY #8443 (AZ),1,3,0.0,31.0,Alternative Supplier,Geopolitical,Consumer Goods
1393,PAR PHARMACEUTICAL INC,WALMART PHARMACY #9392 (NM),1,1,0.0021,29.0,Alternative Supplier,Natural Disaster,Electronics
1393,PAR PHARMACEUTICAL INC,WALMART PHARMACY #9392 (NM),1,2,0.0021,36.0,Alternative Supplier,Port Congestion,Pharmaceuticals
1393,PAR PHARMACEUTICAL INC,WALMART PHARMACY #9392 (NM),1,3,0.0021,22.0,Production Reroute,Port Congestion,Consumer Goods
1394,ENDO PHARMACEUTICALS INC,MEDICO PHARMACY #5392 (NC),1,1,0.0,26.0,Alternative Supplier,Factory Incident,Electronics
1394,ENDO PHARMACEUTICALS INC,MEDICO PHARMACY #5392 (NC),1,2,0.0,17.0,Alternative Supplier,Port Congestion,Pharmaceuticals
1394,ENDO PHARMACEUTICALS INC,MEDICO PHARMACY #5392 (NC),1,3,0.0,12.0,Alternative Supplier,Port Congestion,Electronics
1395,MYLAN PHARMACEUTICALS INC,HOMETOWN PHARMACY #6387 (NC),2,1,0.0,43.0,Customer Delay,Port Congestion,Electronics
1395,MYLAN PHARMACEUTICALS INC,HOMETOWN PHARMACY #6387 (NC),2,2,0.0,67.0,Alternative Supplier,Labor Strike,Consumer Goods
1395,MYLAN PHARMACEUTICALS INC,HOMETOWN PHARMACY #6387 (NC),2,3,0.0,90.0,Customer Delay,Natural Disaster,Consumer Goods
1396,SUN PHARMA GLOBAL INC,PEOPLES PHARMACY #3960 (WY),2,1,1.7338,74.0,Alternative Supplier,Cyber Attack,Automotive
1396,SUN PHARMA GLOBAL INC,PEOPLES PHARMACY #3960 (WY),2,2,1.7771,55.0,Alternative Supplier,Natural Disaster,Electronics
1396,SUN PHARMA GLOBAL INC,PEOPLES PHARMACY #3960 (WY),2,3,1.9606,28.0,Alternative Supplier,Natural Disaster,Electronics
1397,TEVA PHARMACEUTICALS USA INC,HARRIS TEETER PHARMACY #6063 (NC),2,1,0.0,43.0,Alternative Supplier,Geopolitical,Automotive
1397,TEVA PHARMACEUTICALS USA INC,HARRIS TEETER PHARMACY #6063 (NC),2,2,0.0,14.0,Alternative Supplier,Port Congestion,Automotive
1397,TEVA PHARMACEUTICALS USA INC,HARRIS TEETER PHARMACY #6063 (NC),2,3,0.0,65.0,Alternative Supplier,Geopolitical,Aerospace
1398,RHODES TECHNOLOGIES,HOMETOWN PHARMACY #5569 (NC),1,1,0.0,16.0,Production Reroute,Labor Strike,Aerospace
1398,RHODES TECHNOLOGIES,HOMETOWN PHARMACY #5569 (NC),1,2,0.0,29.0,Alternative Supplier,Port Congestion,Electronics
1398,RHODES TECHNOLOGIES,HOMETOWN PHARMACY #5569 (NC),1,3,0.0,9.0,Alternative Supplier,Port Congestion,Automotive
1399,JANSSEN PHARMACEUTICALS INC,QUALITY CARE PHARMACY #8199 (WV),2,1,0.0,33.0,Alternative Supplier,Cyber Attack,Pharmaceuticals
1399,JANSSEN PHARMACEUTICALS INC,QUALITY CARE PHARMACY #8199 (WV),2,2,0.0,26.0,Alternative Supplier,Factory Incident,Automotive
1399,JANSSEN PHARMACEUTICALS INC,QUALITY CARE PHARMACY #8199 (WV),2,3,0.0,21.0,Alternative Supplier,Geopolitical,Automotive
1400,MYLAN PHARMACEUTICALS INC,SUNRISE PHARMACY #8999 (NC),2,1,0.0,113.0,Alternative Supplier,Factory Incident,Aerospace
1400,MYLAN PHARMACEUTICALS INC,SUNRISE PHARMACY #8999 (NC),2,2,0.0,73.0,Alternative Supplier,Geopolitical,Consumer Goods
1400,MYLAN PHARMACEUTICALS INC,SUNRISE PHARMACY #8999 (NC),2,3,0.0,94.0,Customer Delay,Labor Strike,Automotive
1401,WATSON LABORATORIES INC,RITE AID #8888 (NY),1,1,0.0,18.0,Alternative Supplier,Labor Strike,Electronics
1401,WATSON LABORATORIES INC,RITE AID #8888 (NY),1,2,0.0,29.0,Alternative Supplier,Port Congestion,Automotive
1401,WATSON LABORATORIES INC,RITE AID #8888 (NY),1,3,0.0,10.0,Alternative Supplier,Port Congestion,Electronics
1402,AMNEAL PHARMACEUTICALS LLC,MAIN STREET PHARMACY #1922 (VT),3,1,0.2803,74.0,Alternative Supplier,Cyber Attack,Automotive
1402,AMNEAL PHARMACEUTICALS LLC,MAIN STREET PHARMACY #1922 (VT),3,2,0.305,55.0,Alternative Supplier,Natural Disaster,Electronics
1402,AMNEAL PHARMACEUTICALS LLC,MAIN STREET PHARMACY #1922 (VT),3,3,0.4139,28.0,Alternative Supplier,Natural Disaster,Electronics
1403,TEVA PHARMACEUTICALS USA INC,PUBLIX PHARMACY #2769 (WV),2,1,1.7338,74.0,Alternative Supplier,Cyber Attack,Automotive
1403,TEVA PHARMACEUTICALS USA INC,PUBLIX PHARMACY #2769 (WV),2,2,1.7771,55.0,Alternative Supplier,Natural Disaster,Electronics
1403,TEVA PHARMACEUTICALS USA INC,PUBLIX PHARMACY #2769 (WV),2,3,1.9606,28.0,Alternative Supplier,Natural Disaster,Electronics
1404,AMNEAL PHARMACEUTICALS LLC,KROGER PHARMACY #1887 (KY),2,1,0.0,52.0,Customer Delay,Port Congestion,Pharmaceuticals
1404,AMNEAL PHARMACEUTICALS LLC,KROGER PHARMACY #1887 (KY),2,2,0.0,32.0,Alternative Supplier,Factory Incident,Pharmaceuticals
1404,AMNEAL PHARMACEUTICALS LLC,KROGER PHARMACY #1887 (KY),2,3,0.0,109.0,Alternative Supplier,Natural Disaster,Consumer Goods
1405,WATSON LABORATORIES INC,SUNRISE PHARMACY #1845 (LA),2,1,1.7338,74.0,Alternative Supplier,Cyber Attack,Automotive
1405,WATSON LABORATORIES INC,SUNRISE PHARMACY #1845 (LA),2,2,1.7771,55.0,Alternative Supplier,Natural Disaster,Electronics
1405,WATSON LABORATORIES INC,SUNRISE PHARMACY #1845 (LA),2,3,1.9606,28.0,Alternative Supplier,Natural Disaster,Electronics
1406,TEVA PHARMACEUTICALS USA INC,PEOPLES PHARMACY #4637 (MA),2,1,1.7338,74.0,Alternative Supplier,Cyber Attack,Automotive
1406,TEVA PHARMACEUTICALS USA INC,PEOPLES PHARMACY #4637 (MA),2,2,1.7771,55.0,Alternative Supplier,Natural Disaster,Electronics
1406,TEVA PHARMACEUTICALS USA INC,PEOPLES PHARMACY #4637 (MA),2,3,1.9606,28.0,Alternative Supplier,Natural Disaster,Electronics
1407,MALLINCKRODT LLC,QUALITY CARE PHARMACY #5232 (TN),2,1,1.7338,74.0,Alternative Supplier,Cyber Attack,Automotive
1407,MALLINCKRODT LLC,QUALITY CARE PHARMACY #5232 (TN),2,2,1.7771,55.0,Alternative Supplier,Natural Disaster,Electronics
1407,MALLINCKRODT LLC,QUALITY CARE PHARMACY #5232 (TN),2,3,1.9606,28.0,Alternative Supplier,Natural Disaster,Electronics
1408,CADISTA PHARMACEUTICALS INC,MAIN STREET PHARMACY #6506 (GA),2,1,0.0005,77.0,Alternative Supplier,Labor Strike,Electronics
1408,CADISTA PHARMACEUTICALS INC,MAIN STREET PHARMACY #6506 (GA),2,2,0.0066,49.0,Alternative Supplier,Port Congestion,Consumer Goods
1408,CADISTA PHARMACEUTICALS INC,MAIN STREET PHARMACY #6506 (GA),2,3,0.0066,49.0,Inventory Buffer,Natural Disaster,Electronics
1409,AMNEAL PHARMACEUTICALS LLC,KROGER PHARMACY #6824 (NE),2,1,0.0,50.0,Inventory Buffer,Port Congestion,Electronics
1409,AMNEAL PHARMACEUTICALS LLC,KROGER PHARMACY #6824 (NE),2,2,0.0,15.0,Alternative Supplier,Port Congestion,Electronics
1409,AMNEAL PHARMACEUTICALS LLC,KROGER PHARMACY #6824 (NE),2,3,0.0,28.0,Alternative Supplier,Factory Incident,Automotive
1410,TEVA PHARMACEUTICALS USA INC,COMMUNITY PHARMACY #3782 (NC),2,1,0.0,28.0,Alternative Supplier,Factory Incident,Consumer Goods
1410,TEVA PHARMACEUTICALS USA INC,COMMUNITY PHARMACY #3782 (NC),2,2,0.0,44.0,Alternative Supplier,Port Congestion,Electronics
1410,TEVA PHARMACEUTICALS USA INC,COMMUNITY PHARMACY #3782 (NC),2,3,0.0,56.0,Alternative Supplier,Factory Incident,Electronics
1411,MALLINCKRODT LLC,PUBLIX PHARMACY #2055 (NC),2,1,0.0,82.0,Alternative Supplier,Factory Incident,Pharmaceuticals
1411,MALLINCKRODT LLC,PUBLIX PHARMACY #2055 (NC),2,2,0.0,58.0,Alternative Supplier,Port Congestion,Electronics
1411,MALLINCKRODT LLC,PUBLIX PHARMACY #2055 (NC),2,3,0.0,53.0,Alternative Supplier,Labor Strike,Electronics
1412,ABBOTT LABORATORIES,SUNRISE PHARMACY #7702 (NC),3,1,0.0,72.0,Inventory Buffer,Geopolitical,Aerospace
1412,ABBOTT LABORATORIES,SUNRISE PHARMACY #7702 (NC),3,2,0.0,142.0,Alternative Supplier,Cyber Attack,Automotive
1412,ABBOTT LABORATORIES,SUNRISE PHARMACY #7702 (NC),3,3,0.0,37.0,Alternative Supplier,Natural Disaster,Pharmaceuticals
1413,PAR PHARMACEUTICAL INC,PEOPLES PHARMACY #4297 (TN),1,1,0.0011,29.0,Alternative Supplier,Natural Disaster,Electronics
1413,PAR PHARMACEUTICAL INC,PEOPLES PHARMACY #4297 (TN),1,2,0.0011,36.0,Alternative Supplier,Port Congestion,Pharmaceuticals
1413,PAR PHARMACEUTICAL INC,PEOPLES PHARMACY #4297 (TN),1,3,0.0011,22.0,Production Reroute,Port Congestion,Consumer Goods
1414,RHODES TECHNOLOGIES,WALMART PHARMACY #3253 (WY),2,1,1.7338,74.0,Alternative Supplier,Cyber Attack,Automotive
1414,RHODES TECHNOLOGIES,WALMART PHARMACY #3253 (WY),2,2,1.7771,55.0,Alternative Supplier,Natural Disaster,Electronics
1414,RHODES TECHNOLOGIES,WALMART PHARMACY #3253 (WY),2,3,1.9606,28.0,Alternative Supplier,Natural Disaster,Electronics
1415,RHODES TECHNOLOGIES,WINN-DIXIE PHARMACY #3112 (LA),1,1,0.0,27.0,Alternative Supplier,Factory Incident,Pharmaceuticals
1415,RHODES TECHNOLOGIES,WINN-DIXIE PHARMACY #3112 (LA),1,2,0.0,31.0,Inventory Buffer,Port Congestion,Consumer Goods
1415,RHODES TECHNOLOGIES,WINN-DIXIE PHARMACY #3112 (LA),1,3,0.0,23.0,Alternative Supplier,Factory Incident,Automotive
1416,JANSSEN PHARMACEUTICALS INC,WALMART PHARMACY #6240 (NC),2,1,0.0,27.0,Alternative Supplier,Cyber Attack,Consumer Goods
1416,JANSSEN PHARMACEUTICALS INC,WALMART PHARMACY #6240 (NC),2,2,0.0,55.0,Alternative Supplier,Natural Disaster,Electronics
1416,JANSSEN PHARMACEUTICALS INC,WALMART PHARMACY #6240 (NC),2,3,0.0,62.0,Alternative Supplier,Geopolitical,Consumer Goods
1417,MALLINCKRODT LLC,PUBLIX PHARMACY #2055 (NC),2,1,0.0,32.0,Alternative Supplier,Cyber Attack,Automotive
1417,MALLINCKRODT LLC,PUBLIX PHARMACY #2055 (NC),2,2,0.0,66.0,Production Reroute,Natural Disaster,Automotive
1417,MALLINCKRODT LLC,PUBLIX PHARMACY #2055 (NC),2,3,0.0,33.0,Alternative Supplier,Factory Incident,Electronics
1418,JANSSEN PHARMACEUTICALS INC,HOMETOWN PHARMACY #8469 (NC),3,1,0.0,38.0,Alternative Supplier,Cyber Attack,Consumer Goods
1418,JANSSEN PHARMACEUTICALS INC,HOMETOWN PHARMACY #8469 (NC),3,2,0.0001,97.0,Alternative Supplier,Labor Strike,Consumer Goods
1418,JANSSEN PHARMACEUTICALS INC,HOMETOWN PHARMACY #8469 (NC),3,3,0.0003,36.0,Alternative Supplier,Natural Disaster,Pharmaceuticals
1419,SANDOZ INC,GOOD NEIGHBOR PHARMACY #2150 (CA),1,1,0.0,9.0,Alternative Supplier,Labor Strike,Consumer Goods
1419,SANDOZ INC,GOOD NEIGHBOR PHARMACY #2150 (CA),1,2,0.0,26.0,Alternative Supplier,Labor Strike,Electronics
1419,SANDOZ INC,GOOD NEIGHBOR PHARMACY #2150 (CA),1,3,0.0,44.0,Alternative Supplier,Factory Incident,Consumer Goods
1420,TEVA PHARMACEUTICALS USA INC,COMMUNITY PHARMACY #3782 (NC),2,1,0.0,29.0,Alternative Supplier,Natural Disaster,Consumer Goods
1420,TEVA PHARMACEUTICALS USA INC,COMMUNITY PHARMACY #3782 (NC),2,2,0.0,55.0,Production Reroute,Port Congestion,Electronics
1420,TEVA PHARMACEUTICALS USA INC,COMMUNITY PHARMACY #3782 (NC),2,3,0.0,22.0,Inventory Buffer,Port Congestion,Automotive
1421,ABBOTT LABORATORIES,CORNER DRUG STORE #5404 (NE),1,1,0.0017,29.0,Alternative Supplier,Natural Disaster,Electronics
1421,ABBOTT LABORATORIES,CORNER DRUG STORE #5404 (NE),1,2,0.0017,36.0,Alternative Supplier,Port Congestion,Pharmaceuticals
1421,ABBOTT LABORATORIES,CORNER DRUG STORE #5404 (NE),1,3,0.0017,22.0,Production Reroute,Port Congestion,Consumer Goods
1422,RHODES TECHNOLOGIES,VILLAGE PHARMACY #2361 (VT),2,1,1.7338,74.0,Alternative Supplier,Cyber Attack,Automotive
1422,RHODES TECHNOLOGIES,VILLAGE PHARMACY #2361 (VT),2,2,1.7771,55.0,Alternative Supplier,Natural Disaster,Electronics
1422,RHODES TECHNOLOGIES,VILLAGE PHARMACY #2361 (VT),2,3,1.9606,28.0,Alternative Supplier,Natural Disaster,Electronics
1423,ENDO PHARMACEUTICALS INC,HOMETOWN PHARMACY #8469 (NC),2,1,1.7338,74.0,Alternative Supplier,Cyber Attack,Automotive
1423,ENDO PHARMACEUTICALS INC,HOMETOWN PHARMACY #8469 (NC),2,2,1.7771,55.0,Alternative Supplier,Natural Disaster,Electronics
1423,ENDO PHARMACEUTICALS INC,HOMETOWN PHARMACY #8469 (NC),2,3,1.9606,28.0,Alternative Supplier,Natural Disaster,Electronics
1424,ABBOTT LABORATORIES,WALGREENS #2651 (GA),2,1,1.7338,74.0,Alternative Supplier,Cyber Attack,Automotive
1424,ABBOTT LABORATORIES,WALGREENS #2651 (GA),2,2,1.7771,55.0,Alternative Supplier,Natural Disaster,Electronics
1424,ABBOTT LABORATORIES,WALGREENS #2651 (GA),2,3,1.9606,28.0,Alternative Supplier,Natural Disaster,Electronics
1425,WATSON LABORATORIES INC,WALGREENS #8194 (VT),2,1,0.0005,23.0,Alternative Supplier,Cyber Attack,Electronics
1425,WATSON LABORATORIES INC,WALGREENS #8194 (VT),2,2,0.0598,51.0,Alternative Supplier,Port Congestion,Aerospace
1425,WATSON LABORATORIES INC,WALGREENS #8194 (VT),2,3,0.1165,33.0,Inventory Buffer,Port Congestion,Consumer Goods
1426,PURDUE PHARMA LP,WALGREENS #7353 (OK),1,1,0.0,22.0,Alternative Supplier,Geopolitical,Automotive
1426,PURDUE PHARMA LP,WALGREENS #7353 (OK),1,2,0.0,10.0,Alternative Supplier,Factory Incident,Consumer Goods
1426,PURDUE PHARMA LP,WALGREENS #7353 (OK),1,3,0.0,19.0,Alternative Supplier,Port Congestion,Consumer Goods
1427,PAR PHARMACEUTICAL INC,GOOD NEIGHBOR PHARMACY #6272 (NC),3,1,0.0,134.0,Alternative Supplier,Geopolitical,Pharmaceuticals
1427,PAR PHARMACEUTICAL INC,GOOD NEIGHBOR PHARMACY #6272 (NC),3,2,0.0,50.0,Alternative Supplier,Geopolitical,Automotive
1427,PAR PHARMACEUTICAL INC,GOOD NEIGHBOR PHARMACY #6272 (NC),3,3,0.0,91.0,Inventory Buffer,Geopolitical,Pharmaceuticals
1428,JANSSEN PHARMACEUTICALS INC,CVS PHARMACY #6846 (NH),2,1,0.0071,23.0,Alternative Supplier,Cyber Attack,Electronics
1428,JANSSEN PHARMACEUTICALS INC,CVS PHARMACY #6846 (NH),2,2,0.0939,51.0,Alternative Supplier,Port Congestion,Aerospace
1428,JANSSEN PHARMACEUTICALS INC,CVS PHARMACY #6846 (NH),2,3,0.1625,33.0,Inventory Buffer,Port Congestion,Consumer Goods
1429,ABBOTT LABORATORIES,HARRIS TEETER PHARMACY #6758 (NC),2,1,0.0,79.0,Production Reroute,Geopolitical,Automotive
1429,ABBOTT LABORATORIES,HARRIS TEETER PHARMACY #6758 (NC),2,2,0.0,83.0,Alternative Supplier,Geopolitical,Electronics
1429,ABBOTT LABORATORIES,HARRIS TEETER PHARMACY #6758 (NC),2,3,0.0,58.0,Production Reroute,Factory Incident,Automotive
1430,MALLINCKRODT LLC,PUBLIX PHARMACY #2055 (NC),2,1,0.0,101.0,Alternative Supplier,Natural Disaster,Consumer Goods
1430,MALLINCKRODT LLC,PUBLIX PHARMACY #2055 (NC),2,2,0.0,47.0,Customer Delay,Port Congestion,Pharmaceuticals
1430,MALLINCKRODT LLC,PUBLIX PHARMACY #2055 (NC),2,3,0.0,27.0,Alternative Supplier,Factory Incident,Electronics
1431,MYLAN PHARMACEUTICALS INC,HOMETOWN PHARMACY #6387 (NC),2,1,0.0,36.0,Inventory Buffer,Port Congestion,Automotive
1431,MYLAN PHARMACEUTICALS INC,HOMETOWN PHARMACY #6387 (NC),2,2,0.0,81.0,Alternative Supplier,Port Congestion,Consumer Goods
1431,MYLAN PHARMACEUTICALS INC,HOMETOWN PHARMACY #6387 (NC),2,3,0.0,99.0,Alternative Supplier,Labor Strike,Pharmaceuticals
1432,ENDO PHARMACEUTICALS INC,PUBLIX PHARMACY #6736 (TN),1,1,0.0,18.0,Alternative Supplier,Labor Strike,Electronics
1432,ENDO PHARMACEUTICALS INC,PUBLIX PHARMACY #6736 (TN),1,2,0.0,23.0,Alternative Supplier,Labor Strike,Automotive
1432,ENDO PHARMACEUTICALS INC,PUBLIX PHARMACY #6736 (TN),1,3,0.0,47.0,Inventory Buffer,Port Congestion,Automotive
1433,RHODES TECHNOLOGIES,HOMETOWN PHARMACY #8152 (WV),2,1,0.0,31.0,Alternative Supplier,Labor Strike,Electronics
1433,RHODES TECHNOLOGIES,HOMETOWN PHARMACY #8152 (WV),2,2,0.0,42.0,Production Reroute,Cyber Attack,Automotive
1433,RHODES TECHNOLOGIES,HOMETOWN PHARMACY #8152 (WV),2,3,0.0,68.0,Alternative Supplier,Natural Disaster,Electronics
1434,SANDOZ INC,SUNRISE PHARMACY #7243 (WV),2,1,0.0,31.0,Alternative Supplier,Labor Strike,Electronics
1434,SANDOZ INC,SUNRISE PHARMACY #7243 (WV),2,2,0.0,42.0,Production Reroute,Cyber Attack,Automotive
1434,SANDOZ INC,SUNRISE PHARMACY #7243 (WV),2,3,0.0,68.0,Alternative Supplier,Natural Disaster,Electronics
1435,HIKMA PHARMACEUTICALS,WALMART PHARMACY #6240 (NC),2,1,1.7338,74.0,Alternative Supplier,Cyber Attack,Automotive
1435,HIKMA PHARMACEUTICALS,WALMART PHARMACY #6240 (NC),2,2,1.7771,55.0,Alternative Supplier,Natural Disaster,Electronics
1435,HIKMA PHARMACEUTICALS,WALMART PHARMACY #6240 (NC),2,3,1.9606,28.0,Alternative Supplier,Natural Disaster,Electronics
1436,WATSON LABORATORIES INC,PUBLIX PHARMACY #2769 (WV),3,1,0.0,33.0,Alternative Supplier,Port Congestion,Electronics
1436,WATSON LABORATORIES INC,PUBLIX PHARMACY #2769 (WV),3,2,0.0,41.0,Alternative Supplier,Labor Strike,Automotive
1436,WATSON LABORATORIES INC,PUBLIX PHARMACY #2769 (WV),3,3,0.0,81.0,Customer Delay,Cyber Attack,Automotive
1437,JANSSEN PHARMACEUTICALS INC,MEDICO PHARMACY #6767 (NC),2,1,0.0,113.0,Alternative Supplier,Factory Incident,Aerospace
1437,JANSSEN PHARMACEUTICALS INC,MEDICO PHARMACY #6767 (NC),2,2,0.0,73.0,Alternative Supplier,Geopolitical,Consumer Goods
1437,JANSSEN PHARMACEUTICALS INC,MEDICO PHARMACY #6767 (NC),2,3,0.0,94.0,Customer Delay,Labor Strike,Automotive
1438,AMNEAL PHARMACEUTICALS LLC,KROGER PHARMACY #9499 (WI),1,1,0.0,12.0,Alternative Supplier,Natural Disaster,Pharmaceuticals
1438,AMNEAL PHARMACEUTICALS LLC,KROGER PHARMACY #9499 (WI),1,2,0.0,26.0,Alternative Supplier,Geopolitical,Automotive
1438,AMNEAL PHARMACEUTICALS LLC,KROGER PHARMACY #9499 (WI),1,3,0.0,33.0,Alternative Supplier,Geopolitical,Electronics
1439,ACTAVIS PHARMA INC,HEALTH MART PHARMACY #8816 (AR),1,1,0.0,21.0,Alternative Supplier,Port Congestion,Consumer Goods
1439,ACTAVIS PHARMA INC,HEALTH MART PHARMACY #8816 (AR),1,2,0.0,22.0,Production Reroute,Factory Incident,Electronics
1439,ACTAVIS PHARMA INC,HEALTH MART PHARMACY #8816 (AR),1,3,0.0,27.0,Alternative Supplier,Labor Strike,Consumer Goods
1440,JANSSEN PHARMACEUTICALS INC,HOMETOWN PHARMACY #8469 (NC),2,1,0.0,37.0,Alternative Supplier,Port Congestion,Electronics
1440,JANSSEN PHARMACEUTICALS INC,HOMETOWN PHARMACY #8469 (NC),2,2,0.0,71.0,Production Reroute,Port Congestion,Automotive
1440,JANSSEN PHARMACEUTICALS INC,HOMETOWN PHARMACY #8469 (NC),2,3,0.0,13.0,Alternative Supplier,Factory Incident,Electronics
1441,JANSSEN PHARMACEUTICALS INC,QUALITY CARE PHARMACY #8199 (WV),2,1,0.0,41.0,Customer Delay,Natural Disaster,Automotive
1441,JANSSEN PHARMACEUTICALS INC,QUALITY CARE PHARMACY #8199 (WV),2,2,0.0,86.0,Alternative Supplier,Factory Incident,Pharmaceuticals
1441,JANSSEN PHARMACEUTICALS INC,QUALITY CARE PHARMACY #8199 (WV),2,3,0.0,78.0,Customer Delay,Port Congestion,Consumer Goods
1442,SUN PHARMA GLOBAL INC,CVS PHARMACY #8013 (MD),2,1,0.0298,23.0,Alternative Supplier,Cyber Attack,Electronics
1442,SUN PHARMA GLOBAL INC,CVS PHARMACY #8013 (MD),2,2,0.1557,51.0,Alternative Supplier,Port Congestion,Aerospace
1442,SUN PHARMA GLOBAL INC,CVS PHARMACY #8013 (MD),2,3,0.2415,33.0,Inventory Buffer,Port Congestion,Consumer Goods
1443,SUN PHARMA GLOBAL INC,PEOPLES PHARMACY #2912 (WV),2,1,0.0,41.0,Customer Delay,Natural Disaster,Automotive
1443,SUN PHARMA GLOBAL INC,PEOPLES PHARMACY #2912 (WV),2,2,0.0,86.0,Alternative Supplier,Factory Incident,Pharmaceuticals
1443,SUN PHARMA GLOBAL INC,PEOPLES PHARMACY #2912 (WV),2,3,0.0,78.0,Customer Delay,Port Congestion,Consumer Goods
1444,ACTAVIS PHARMA INC,PEOPLES PHARMACY #6007 (WV),2,1,0.0,27.0,Alternative Supplier,Cyber Attack,Consumer Goods
1444,ACTAVIS PHARMA INC,PEOPLES PHARMACY #6007 (WV),2,2,0.0,55.0,Alternative Supplier,Natural Disaster,Electronics
1444,ACTAVIS PHARMA INC,PEOPLES PHARMACY #6007 (WV),2,3,0.0,62.0,Alternative Supplier,Geopolitical,Consumer Goods
1445,ENDO PHARMACEUTICALS INC,WALMART PHARMACY #1339 (NC),2,1,0.0,56.0,Alternative Supplier,Geopolitical,Pharmaceuticals
1445,ENDO PHARMACEUTICALS INC,WALMART PHARMACY #1339 (NC),2,2,0.0,76.0,Combined Strategy,Natural Disaster,Electronics
1445,ENDO PHARMACEUTICALS INC,WALMART PHARMACY #1339 (NC),2,3,0.0,64.0,Alternative Supplier,Labor Strike,Automotive
1446,ACTAVIS PHARMA INC,WALGREENS #6346 (OH),2,1,1.7338,74.0,Alternative Supplier,Cyber Attack,Automotive
1446,ACTAVIS PHARMA INC,WALGREENS #6346 (OH),2,2,1.7771,55.0,Alternative Supplier,Natural Disaster,Electronics
1446,ACTAVIS PHARMA INC,WALGREENS #6346 (OH),2,3,1.9606,28.0,Alternative Supplier,Natural Disaster,Electronics
1447,ENDO PHARMACEUTICALS INC,KROGER PHARMACY #4300 (VA),2,1,1.7338,74.0,Alternative Supplier,Cyber Attack,Automotive
1447,ENDO PHARMACEUTICALS INC,KROGER PHARMACY #4300 (VA),2,2,1.7771,55.0,Alternative Supplier,Natural Disaster,Electronics
1447,ENDO PHARMACEUTICALS INC,KROGER PHARMACY #4300 (VA),2,3,1.9606,28.0,Alternative Supplier,Natural Disaster,Electronics
1448,ACTAVIS PHARMA INC,WALMART PHARMACY #7653 (PA),1,1,0.0,38.0,Alternative Supplier,Port Congestion,Consumer Goods
1448,ACTAVIS PHARMA INC,WALMART PHARMACY #7653 (PA),1,2,0.0,21.0,Alternative Supplier,Geopolitical,Automotive
1448,ACTAVIS PHARMA INC,WALMART PHARMACY #7653 (PA),1,3,0.0,12.0,Alternative Supplier,Labor Strike,Automotive
1449,WATSON LABORATORIES INC,RITE AID #9322 (LA),2,1,0.0,67.0,Alternative Supplier,Port Congestion,Pharmaceuticals
1449,WATSON LABORATORIES INC,RITE AID #9322 (LA),2,2,0.0001,31.0,Alternative Supplier,Factory Incident,Electronics
1449,WATSON LABORATORIES INC,RITE AID #9322 (LA),2,3,0.0001,14.0,Production Reroute,Geopolitical,Automotive
1450,JANSSEN PHARMACEUTICALS INC,WALMART PHARMACY #6240 (NC),2,1,0.0,19.0,Alternative Supplier,Geopolitical,Electronics
1450,JANSSEN PHARMACEUTICALS INC,WALMART PHARMACY #6240 (NC),2,2,0.0,39.0,Combined Strategy,Geopolitical,Electronics
1450,JANSSEN PHARMACEUTICALS INC,WALMART PHARMACY #6240 (NC),2,3,0.0,25.0,Alternative Supplier,Cyber Attack,Consumer Goods
1451,PURDUE PHARMA LP,CVS PHARMACY #2485 (OH),2,1,1.7338,74.0,Alternative Supplier,Cyber Attack,Automotive
1451,PURDUE PHARMA LP,CVS PHARMACY #2485 (OH),2,2,1.7771,55.0,Alternative Supplier,Natural Disaster,Electronics
1451,PURDUE PHARMA LP,CVS PHARMACY #2485 (OH),2,3,1.9606,28.0,Alternative Supplier,Natural Disaster,Electronics
1452,HIKMA PHARMACEUTICALS,FAMILY CARE PHARMACY #5152 (MI),2,1,1.7338,74.0,Alternative Supplier,Cyber Attack,Automotive
1452,HIKMA PHARMACEUTICALS,FAMILY CARE PHARMACY #5152 (MI),2,2,1.7771,55.0,Alternative Supplier,Natural Disaster,Electronics
1452,HIKMA PHARMACEUTICALS,FAMILY CARE PHARMACY #5152 (MI),2,3,1.9606,28.0,Alternative Supplier,Natural Disaster,Electronics
1453,JANSSEN PHARMACEUTICALS INC,WALGREENS #8132 (IL),2,1,1.7338,74.0,Alternative Supplier,Cyber Attack,Automotive
1453,JANSSEN PHARMACEUTICALS INC,WALGREENS #8132 (IL),2,2,1.7771,55.0,Alternative Supplier,Natural Disaster,Electronics
1453,JANSSEN PHARMACEUTICALS INC,WALGREENS #8132 (IL),2,3,1.9606,28.0,Alternative Supplier,Natural Disaster,Electronics
1454,JANSSEN PHARMACEUTICALS INC,WALMART PHARMACY #6240 (NC),2,1,0.0,56.0,Inventory Buffer,Cyber Attack,Consumer Goods
1454,JANSSEN PHARMACEUTICALS INC,WALMART PHARMACY #6240 (NC),2,2,0.0,50.0,Customer Delay,Labor Strike,Consumer Goods
1454,JANSSEN PHARMACEUTICALS INC,WALMART PHARMACY #6240 (NC),2,3,0.0,59.0,Inventory Buffer,Labor Strike,Electronics
1455,IMPAX LABORATORIES INC,CVS PHARMACY #5523 (NC),2,1,1.7338,74.0,Alternative Supplier,Cyber Attack,Automotive
1455,IMPAX LABORATORIES INC,CVS PHARMACY #5523 (NC),2,2,1.7771,55.0,Alternative Supplier,Natural Disaster,Electronics
1455,IMPAX LABORATORIES INC,CVS PHARMACY #5523 (NC),2,3,1.9606,28.0,Alternative Supplier,Natural Disaster,Electronics
1456,ABBOTT LABORATORIES,HARRIS TEETER PHARMACY #6758 (NC),2,1,0.0,48.0,Customer Delay,Natural Disaster,Pharmaceuticals
1456,ABBOTT LABORATORIES,HARRIS TEETER PHARMACY #6758 (NC),2,2,0.0,34.0,Production Reroute,Port Congestion,Automotive
1456,ABBOTT LABORATORIES,HARRIS TEETER PHARMACY #6758 (NC),2,3,0.0,51.0,Alternative Supplier,Cyber Attack,Electronics
1457,JANSSEN PHARMACEUTICALS INC,VILLAGE PHARMACY #9397 (NC),2,1,0.0,58.0,Alternative Supplier,Factory Incident,Electronics
1457,JANSSEN PHARMACEUTICALS INC,VILLAGE PHARMACY #9397 (NC),2,2,0.0,45.0,Alternative Supplier,Cyber Attack,Automotive
1457,JANSSEN PHARMACEUTICALS INC,VILLAGE PHARMACY #9397 (NC),2,3,0.0,76.0,Inventory Buffer,Cyber Attack,Automotive
1458,ENDO PHARMACEUTICALS INC,HARRIS TEETER PHARMACY #3473 (WV),2,1,0.0,39.0,Alternative Supplier,Port Congestion,Electronics
1458,ENDO PHARMACEUTICALS INC,HARRIS TEETER PHARMACY #3473 (WV),2,2,0.0,75.0,Production Reroute,Cyber Attack,Pharmaceuticals
1458,ENDO PHARMACEUTICALS INC,HARRIS TEETER PHARMACY #3473 (WV),2,3,0.0,70.0,Customer Delay,Factory Incident,Automotive
1459,SUN PHARMA GLOBAL INC,WALGREENS #4290 (MD),2,1,0.0,39.0,Alternative Supplier,Port Congestion,Electronics
1459,SUN PHARMA GLOBAL INC,WALGREENS #4290 (MD),2,2,0.0,75.0,Production Reroute,Cyber Attack,Pharmaceuticals
1459,SUN PHARMA GLOBAL INC,WALGREENS #4290 (MD),2,3,0.0,70.0,Customer Delay,Factory Incident,Automotive
1460,VINTAGE PHARMACEUTICALS LLC,QUALITY CARE PHARMACY #6507 (NC),1,1,0.0,31.0,Alternative Supplier,Labor Strike,Automotive
1460,VINTAGE PHARMACEUTICALS LLC,QUALITY CARE PHARMACY #6507 (NC),1,2,0.0,16.0,Alternative Supplier,Labor Strike,Automotive
1460,VINTAGE PHARMACEUTICALS LLC,QUALITY CARE PHARMACY #6507 (NC),1,3,0.0,45.0,Alternative Supplier,Labor Strike,Aerospace
1461,WATSON LABORATORIES INC,HOMETOWN PHARMACY #5099 (MD),1,1,0.0,9.0,Alternative Supplier,Labor Strike,Consumer Goods
1461,WATSON LABORATORIES INC,HOMETOWN PHARMACY #5099 (MD),1,2,0.0,26.0,Alternative Supplier,Labor Strike,Electronics
1461,WATSON LABORATORIES INC,HOMETOWN PHARMACY #5099 (MD),1,3,0.0,44.0,Alternative Supplier,Factory Incident,Consumer Goods
1462,QUALITEST PHARMACEUTICALS,QUALITY CARE PHARMACY #3071 (KY),2,1,0.8195,23.0,Alternative Supplier,Cyber Attack,Electronics
1462,QUALITEST PHARMACEUTICALS,QUALITY CARE PHARMACY #3071 (KY),2,2,0.9495,74.0,Alternative Supplier,Cyber Attack,Automotive
1462,QUALITEST PHARMACEUTICALS,QUALITY CARE PHARMACY #3071 (KY),2,3,0.9643,55.0,Alternative Supplier,Natural Disaster,Electronics
1463,HIKMA PHARMACEUTICALS,WALGREENS #1607 (WY),2,1,1.7338,74.0,Alternative Supplier,Cyber Attack,Automotive
1463,HIKMA PHARMACEUTICALS,WALGREENS #1607 (WY),2,2,1.7771,55.0,Alternative Supplier,Natural Disaster,Electronics
1463,HIKMA PHARMACEUTICALS,WALGREENS #1607 (WY),2,3,1.9606,28.0,Alternative Supplier,Natural Disaster,Electronics
1464,CADISTA PHARMACEUTICALS INC,FAMILY CARE PHARMACY #6977 (NC),3,1,0.0981,74.0,Alternative Supplier,Cyber Attack,Automotive
1464,CADISTA PHARMACEUTICALS INC,FAMILY CARE PHARMACY #6977 (NC),3,2,0.1129,55.0,Alternative Supplier,Natural Disaster,Electronics
1464,CADISTA PHARMACEUTICALS INC,FAMILY CARE PHARMACY #6977 (NC),3,3,0.1824,28.0,Alternative Supplier,Natural Disaster,Electronics
1465,VINTAGE PHARMACEUTICALS LLC,RITE AID #5178 (ND),2,1,0.0,55.0,Alternative Supplier,Port Congestion,Automotive
1465,VINTAGE PHARMACEUTICALS LLC,RITE AID #5178 (ND),2,2,0.0,53.0,Production Reroute,Labor Strike,Automotive
1465,VINTAGE PHARMACEUTICALS LLC,RITE AID #5178 (ND),2,3,0.0,61.0,Alternative Supplier,Cyber Attack,Pharmaceuticals
1466,SUN PHARMA GLOBAL INC,PEOPLES PHARMACY #2912 (WV),2,1,0.0,48.0,Customer Delay,Natural Disaster,Pharmaceuticals
1466,SUN PHARMA GLOBAL INC,PEOPLES PHARMACY #2912 (WV),2,2,0.0,34.0,Production Reroute,Port Congestion,Automotive
1466,SUN PHARMA GLOBAL INC,PEOPLES PHARMACY #2912 (WV),2,3,0.0,51.0,Alternative Supplier,Cyber Attack,Electronics
1467,MALLINCKRODT LLC,VILLAGE PHARMACY #3411 (VT),2,1,1.7338,74.0,Alternative Supplier,Cyber Attack,Automotive
1467,MALLINCKRODT LLC,VILLAGE PHARMACY #3411 (VT),2,2,1.7771,55.0,Alternative Supplier,Natural Disaster,Electronics
1467,MALLINCKRODT LLC,VILLAGE PHARMACY #3411 (VT),2,3,1.9606,28.0,Alternative Supplier,Natural Disaster,Electronics
1468,SANDOZ INC,WALGREENS #3635 (NC),1,1,0.0,26.0,Inventory Buffer,Port Congestion,Electronics
1468,SANDOZ INC,WALGREENS #3635 (NC),1,2,0.0,38.0,Production Reroute,Factory Incident,Electronics
1468,SANDOZ INC,WALGREENS #3635 (NC),1,3,0.0,18.0,Customer Delay,Port Congestion,Pharmaceuticals
1469,JANSSEN PHARMACEUTICALS INC,PEOPLES PHARMACY #2912 (WV),1,1,0.0,21.0,Alternative Supplier,Labor Strike,Electronics
1469,JANSSEN PHARMACEUTICALS INC,PEOPLES PHARMACY #2912 (WV),1,2,0.0,18.0,Alternative Supplier,Port Congestion,Consumer Goods
1469,JANSSEN PHARMACEUTICALS INC,PEOPLES PHARMACY #2912 (WV),1,3,0.0,22.0,Alternative Supplier,Geopolitical,Pharmaceuticals
1470,TEVA PHARMACEUTICALS USA INC,COMMUNITY PHARMACY #3782 (NC),2,1,0.0,62.0,Alternative Supplier,Geopolitical,Aerospace
1470,TEVA PHARMACEUTICALS USA INC,COMMUNITY PHARMACY #3782 (NC),2,2,0.0,55.0,Alternative Supplier,Port Congestion,Aerospace
1470,TEVA PHARMACEUTICALS USA INC,COMMUNITY PHARMACY #3782 (NC),2,3,0.0,56.0,Customer Delay,Port Congestion,Automotive
1471,TEVA PHARMACEUTICALS USA INC,CVS PHARMACY #6466 (KY),2,1,0.0,45.0,Alternative Supplier,Natural Disaster,Automotive
1471,TEVA PHARMACEUTICALS USA INC,CVS PHARMACY #6466 (KY),2,2,0.0,82.0,Alternative Supplier,Port Congestion,Automotive
1471,TEVA PHARMACEUTICALS USA INC,CVS PHARMACY #6466 (KY),2,3,0.0,103.0,Alternative Supplier,Labor Strike,Pharmaceuticals
1472,SUN PHARMA GLOBAL INC,MAIN STREET PHARMACY #1903 (WA),3,1,0.8823,74.0,Alternative Supplier,Cyber Attack,Automotive
1472,SUN PHARMA GLOBAL INC,MAIN STREET PHARMACY #1903 (WA),3,2,0.9256,55.0,Alternative Supplier,Natural Disaster,Electronics
1472,SUN PHARMA GLOBAL INC,MAIN STREET PHARMACY #1903 (WA),3,3,1.0486,88.0,Alternative Supplier,Natural Disaster,Automotive
1473,LANNETT COMPANY INC,WINN-DIXIE PHARMACY #2251 (AK),3,1,0.8823,74.0,Alternative Supplier,Cyber Attack,Automotive
1473,LANNETT COMPANY INC,WINN-DIXIE PHARMACY #2251 (AK),3,2,0.9256,55.0,Alternative Supplier,Natural Disaster,Electronics
1473,LANNETT COMPANY INC,WINN-DIXIE PHARMACY #2251 (AK),3,3,1.0486,88.0,Alternative Supplier,Natural Disaster,Automotive
1474,MYLAN PHARMACEUTICALS INC,SUNRISE PHARMACY #8999 (NC),2,1,0.0,48.0,Customer Delay,Natural Disaster,Pharmaceuticals
1474,MYLAN PHARMACEUTICALS INC,SUNRISE PHARMACY #8999 (NC),2,2,0.0,34.0,Production Reroute,Port Congestion,Automotive
1474,MYLAN PHARMACEUTICALS INC,SUNRISE PHARMACY #8999 (NC),2,3,0.0,51.0,Alternative Supplier,Cyber Attack,Electronics
1475,ACTAVIS PHARMA INC,GOOD NEIGHBOR PHARMACY #6129 (NC),2,1,0.0,43.0,Alternative Supplier,Geopolitical,Automotive
1475,ACTAVIS PHARMA INC,GOOD NEIGHBOR PHARMACY #6129 (NC),2,2,0.0,80.0,Combined Strategy,Factory Incident,Electronics
1475,ACTAVIS PHARMA INC,GOOD NEIGHBOR PHARMACY #6129 (NC),2,3,0.0,45.0,Inventory Buffer,Cyber Attack,Pharmaceuticals
1476,IMPAX LABORATORIES INC,PEOPLES PHARMACY #6007 (WV),3,1,0.0,49.0,Alternative Supplier,Natural Disaster,Automotive
1476,IMPAX LABORATORIES INC,PEOPLES PHARMACY #6007 (WV),3,2,0.0,190.0,Alternative Supplier,Factory Incident,Electronics
1476,IMPAX LABORATORIES INC,PEOPLES PHARMACY #6007 (WV),3,3,0.0,166.0,Alternative Supplier,Port Congestion,Pharmaceuticals
1477,ABBOTT LABORATORIES,HARRIS TEETER PHARMACY #6758 (NC),2,1,0.0,43.0,Customer Delay,Port Congestion,Electronics
1477,ABBOTT LABORATORIES,HARRIS TEETER PHARMACY #6758 (NC),2,2,0.0,67.0,Alternative Supplier,Labor Strike,Consumer Goods
1477,ABBOTT LABORATORIES,HARRIS TEETER PHARMACY #6758 (NC),2,3,0.0,90.0,Customer Delay,Natural Disaster,Consumer Goods
1478,SUN PHARMA GLOBAL INC,WINN-DIXIE PHARMACY #5889 (PA),1,1,0.0,42.0,Alternative Supplier,Port Congestion,Pharmaceuticals
1478,SUN PHARMA GLOBAL INC,WINN-DIXIE PHARMACY #5889 (PA),1,2,0.0,20.0,Alternative Supplier,Factory Incident,Electronics
1478,SUN PHARMA GLOBAL INC,WINN-DIXIE PHARMACY #5889 (PA),1,3,0.0,17.0,Alternative Supplier,Labor Strike,Automotive
1479,TEVA PHARMACEUTICALS USA INC,CVS PHARMACY #6466 (KY),2,1,0.0,58.0,Alternative Supplier,Cyber Attack,Electronics
1479,TEVA PHARMACEUTICALS USA INC,CVS PHARMACY #6466 (KY),2,2,0.0,47.0,Alternative Supplier,Natural Disaster,Pharmaceuticals
1479,TEVA PHARMACEUTICALS USA INC,CVS PHARMACY #6466 (KY),2,3,0.0,27.0,Production Reroute,Natural Disaster,Automotive
1480,JANSSEN PHARMACEUTICALS INC,QUALITY CARE PHARMACY #8199 (WV),2,1,0.0,39.0,Alternative Supplier,Geopolitical,Consumer Goods
1480,JANSSEN PHARMACEUTICALS INC,QUALITY CARE PHARMACY #8199 (WV),2,2,0.0,67.0,Alternative Supplier,Factory Incident,Automotive
1480,JANSSEN PHARMACEUTICALS INC,QUALITY CARE PHARMACY #8199 (WV),2,3,0.0,189.0,Inventory Buffer,Factory Incident,Aerospace
1481,JANSSEN PHARMACEUTICALS INC,WALMART PHARMACY #1339 (NC),2,1,0.0,28.0,Alternative Supplier,Factory Incident,Aerospace
1481,JANSSEN PHARMACEUTICALS INC,WALMART PHARMACY #1339 (NC),2,2,0.0,63.0,Alternative Supplier,Cyber Attack,Electronics
1481,JANSSEN PHARMACEUTICALS INC,WALMART PHARMACY #1339 (NC),2,3,0.0,17.0,Alternative Supplier,Port Congestion,Automotive
1482,PAR PHARMACEUTICAL INC,WALGREENS #5297 (MT),2,1,1.7338,74.0,Alternative Supplier,Cyber Attack,Automotive
1482,PAR PHARMACEUTICAL INC,WALGREENS #5297 (MT),2,2,1.7771,55.0,Alternative Supplier,Natural Disaster,Electronics
1482,PAR PHARMACEUTICAL INC,WALGREENS #5297 (MT),2,3,1.9606,28.0,Alternative Supplier,Natural Disaster,Electronics
1483,JANSSEN PHARMACEUTICALS INC,WALMART PHARMACY #6240 (NC),2,1,0.0,51.0,Alternative Supplier,Labor Strike,Aerospace
1483,JANSSEN PHARMACEUTICALS INC,WALMART PHARMACY #6240 (NC),2,2,0.0,50.0,Alternative Supplier,Cyber Attack,Pharmaceuticals
1483,JANSSEN PHARMACEUTICALS INC,WALMART PHARMACY #6240 (NC),2,3,0.0,35.0,Alternative Supplier,Geopolitical,Electronics
1484,ABBOTT LABORATORIES,RITE AID #2280 (MD),1,1,0.0,25.0,Alternative Supplier,Geopolitical,Aerospace
1484,ABBOTT LABORATORIES,RITE AID #2280 (MD),1,2,0.0,18.0,Alternative Supplier,Labor Strike,Automotive
1484,ABBOTT LABORATORIES,RITE AID #2280 (MD),1,3,0.0,11.0,Alternative Supplier,Labor Strike,Automotive
1485,HIKMA PHARMACEUTICALS,PEOPLES PHARMACY #6853 (ND),1,1,0.0,34.0,Alternative Supplier,Factory Incident,Automotive
1485,HIKMA PHARMACEUTICALS,PEOPLES PHARMACY #6853 (ND),1,2,0.0,40.0,Alternative Supplier,Port Congestion,Electronics
1485,HIKMA PHARMACEUTICALS,PEOPLES PHARMACY #6853 (ND),1,3,0.0,45.0,Production Reroute,Labor Strike,Consumer Goods
1486,ACTAVIS PHARMA INC,RITE AID #4372 (LA),2,1,1.7338,74.0,Alternative Supplier,Cyber Attack,Automotive
1486,ACTAVIS PHARMA INC,RITE AID #4372 (LA),2,2,1.7771,55.0,Alternative Supplier,Natural Disaster,Electronics
1486,ACTAVIS PHARMA INC,RITE AID #4372 (LA),2,3,1.9606,28.0,Alternative Supplier,Natural Disaster,Electronics
1487,LANNETT COMPANY INC,QUALITY CARE PHARMACY #3338 (WV),2,1,0.6747,23.0,Alternative Supplier,Cyber Attack,Electronics
1487,LANNETT COMPANY INC,QUALITY CARE PHARMACY #3338 (WV),2,2,0.904,74.0,Alternative Supplier,Cyber Attack,Automotive
1487,LANNETT COMPANY INC,QUALITY CARE PHARMACY #3338 (WV),2,3,0.915,55.0,Alternative Supplier,Natural Disaster,Electronics
1488,ENDO PHARMACEUTICALS INC,HARRIS TEETER PHARMACY #3473 (WV),2,1,0.0,75.0,Inventory Buffer,Factory Incident,Consumer Goods
1488,ENDO PHARMACEUTICALS INC,HARRIS TEETER PHARMACY #3473 (WV),2,2,0.0,51.0,Alternative Supplier,Geopolitical,Consumer Goods
1488,ENDO PHARMACEUTICALS INC,HARRIS TEETER PHARMACY #3473 (WV),2,3,0.0,70.0,Alternative Supplier,Factory Incident,Electronics
1489,AMNEAL PHARMACEUTICALS LLC,SUNRISE PHARMACY #8999 (NC),2,1,0.0,41.0,Alternative Supplier,Port Congestion,Pharmaceuticals
1489,AMNEAL PHARMACEUTICALS LLC,SUNRISE PHARMACY #8999 (NC),2,2,0.0,49.0,Alternative Supplier,Port Congestion,Consumer Goods
1489,AMNEAL PHARMACEUTICALS LLC,SUNRISE PHARMACY #8999 (NC),2,3,0.0,44.0,Alternative Supplier,Cyber Attack,Aerospace
1490,PURDUE PHARMA LP,QUALITY CARE PHARMACY #6507 (NC),2,1,1.7338,74.0,Alternative Supplier,Cyber Attack,Automotive
1490,PURDUE PHARMA LP,QUALITY CARE PHARMACY #6507 (NC),2,2,1.7771,55.0,Alternative Supplier,Natural Disaster,Electronics
1490,PURDUE PHARMA LP,QUALITY CARE PHARMACY #6507 (NC),2,3,1.9606,28.0,Alternative Supplier,Natural Disaster,Electronics
1491,PAR PHARMACEUTICAL INC,CVS PHARMACY #2808 (IN),2,1,1.7338,74.0,Alternative Supplier,Cyber Attack,Automotive
1491,PAR PHARMACEUTICAL INC,CVS PHARMACY #2808 (IN),2,2,1.7771,55.0,Alternative Supplier,Natural Disaster,Electronics
1491,PAR PHARMACEUTICAL INC,CVS PHARMACY #2808 (IN),2,3,1.9606,28.0,Alternative Supplier,Natural Disaster,Electronics
1492,PAR PHARMACEUTICAL INC,WALMART PHARMACY #6240 (NC),2,1,1.7338,74.0,Alternative Supplier,Cyber Attack,Automotive
1492,PAR PHARMACEUTICAL INC,WALMART PHARMACY #6240 (NC),2,2,1.7771,55.0,Alternative Supplier,Natural Disaster,Electronics
1492,PAR PHARMACEUTICAL INC,WALMART PHARMACY #6240 (NC),2,3,1.9606,28.0,Alternative Supplier,Natural Disaster,Electronics
1493,ACTAVIS PHARMA INC,PUBLIX PHARMACY #1697 (MI),2,1,0.0,66.0,Alternative Supplier,Geopolitical,Electronics
1493,ACTAVIS PHARMA INC,PUBLIX PHARMACY #1697 (MI),2,2,0.0,35.0,Alternative Supplier,Port Congestion,Automotive
1493,ACTAVIS PHARMA INC,PUBLIX PHARMACY #1697 (MI),2,3,0.0,79.0,Alternative Supplier,Labor Strike,Automotive
1494,PAR PHARMACEUTICAL INC,RITE AID #1901 (TN),2,1,0.0,20.0,Alternative Supplier,Labor Strike,Consumer Goods
1494,PAR PHARMACEUTICAL INC,RITE AID #1901 (TN),2,2,0.0,129.0,Production Reroute,Natural Disaster,Consumer Goods
1494,PAR PHARMACEUTICAL INC,RITE AID #1901 (TN),2,3,0.0,22.0,Alternative Supplier,Geopolitical,Electronics
1495,MYLAN PHARMACEUTICALS INC,HOMETOWN PHARMACY #6387 (NC),2,1,0.0,46.0,Alternative Supplier,Labor Strike,Automotive
1495,MYLAN PHARMACEUTICALS INC,HOMETOWN PHARMACY #6387 (NC),2,2,0.0,16.0,Alternative Supplier,Factory Incident,Consumer Goods
1495,MYLAN PHARMACEUTICALS INC,HOMETOWN PHARMACY #6387 (NC),2,3,0.0,8.0,Alternative Supplier,Natural Disaster,Automotive
1496,RHODES TECHNOLOGIES,HOMETOWN PHARMACY #8152 (WV),2,1,0.0,20.0,Alternative Supplier,Geopolitical,Aerospace
1496,RHODES TECHNOLOGIES,HOMETOWN PHARMACY #8152 (WV),2,2,0.0,25.0,Alternative Supplier,Port Congestion,Aerospace
1496,RHODES TECHNOLOGIES,HOMETOWN PHARMACY #8152 (WV),2,3,0.0,40.0,Alternative Supplier,Port Congestion,Consumer Goods
1497,SANDOZ INC,SUNRISE PHARMACY #7243 (WV),2,1,0.0,41.0,Alternative Supplier,Port Congestion,Pharmaceuticals
1497,SANDOZ INC,SUNRISE PHARMACY #7243 (WV),2,2,0.0,49.0,Alternative Supplier,Port Congestion,Consumer Goods
1497,SANDOZ INC,SUNRISE PHARMACY #7243 (WV),2,3,0.0,44.0,Alternative Supplier,Cyber Attack,Aerospace
1498,HIKMA PHARMACEUTICALS,WALGREENS #1336 (ID),2,1,0.5214,23.0,Alternative Supplier,Cyber Attack,Electronics
1498,HIKMA PHARMACEUTICALS,WALGREENS #1336 (ID),2,2,0.8683,74.0,Alternative Supplier,Cyber Attack,Automotive
1498,HIKMA PHARMACEUTICALS,WALGREENS #1336 (ID),2,3,0.8748,55.0,Alternative Supplier,Natural Disaster,Electronics
1499,TEVA PHARMACEUTICALS USA INC,GOOD NEIGHBOR PHARMACY #6129 (NC),2,1,0.0,41.0,Customer Delay,Natural Disaster,Automotive
1499,TEVA PHARMACEUTICALS USA INC,GOOD NEIGHBOR PHARMACY #6129 (NC),2,2,0.0,86.0,Alternative Supplier,Factory Incident,Pharmaceuticals
1499,TEVA PHARMACEUTICALS USA INC,GOOD NEIGHBOR PHARMACY #6129 (NC),2,3,0.0,78.0,Customer Delay,Port Congestion,Consumer Goods
1500,MYLAN PHARMACEUTICALS INC,HOMETOWN PHARMACY #6387 (NC),2,1,0.0,30.0,Alternative Supplier,Labor Strike,Consumer Goods
1500,MYLAN PHARMACEUTICALS INC,HOMETOWN PHARMACY #6387 (NC),2,2,0.0,72.0,Alternative Supplier,Labor Strike,Consumer Goods
1500,MYLAN PHARMACEUTICALS INC,HOMETOWN PHARMACY #6387 (NC),2,3,0.0,44.0,Production Reroute,Cyber Attack,Automotive
1501,AMNEAL PHARMACEUTICALS LLC,WALGREENS #7353 (OK),1,1,0.0008,29.0,Alternative Supplier,Natural Disaster,Electronics
1501,AMNEAL PHARMACEUTICALS LLC,WALGREENS #7353 (OK),1,2,0.0008,36.0,Alternative Supplier,Port Congestion,Pharmaceuticals
1501,AMNEAL PHARMACEUTICALS LLC,WALGREENS #7353 (OK),1,3,0.0008,22.0,Production Reroute,Port Congestion,Consumer Goods
1502,RHODES TECHNOLOGIES,HOMETOWN PHARMACY #4342 (MI),1,1,0.0,21.0,Alternative Supplier,Port Congestion,Consumer Goods
1502,RHODES TECHNOLOGIES,HOMETOWN PHARMACY #4342 (MI),1,2,0.0,22.0,Production Reroute,Factory Incident,Electronics
1502,RHODES TECHNOLOGIES,HOMETOWN PHARMACY #4342 (MI),1,3,0.0,27.0,Alternative Supplier,Labor Strike,Consumer Goods
1503,ACTAVIS PHARMA INC,PUBLIX PHARMACY #1697 (MI),2,1,0.0,47.0,Inventory Buffer,Factory Incident,Automotive
1503,ACTAVIS PHARMA INC,PUBLIX PHARMACY #1697 (MI),2,2,0.0,79.0,Alternative Supplier,Geopolitical,Consumer Goods
1503,ACTAVIS PHARMA INC,PUBLIX PHARMACY #1697 (MI),2,3,0.0,67.0,Alternative Supplier,Natural Disaster,Aerospace
1504,MYLAN PHARMACEUTICALS INC,HOMETOWN PHARMACY #6387 (NC),2,1,0.0,66.0,Customer Delay,Factory Incident,Consumer Goods
1504,MYLAN PHARMACEUTICALS INC,HOMETOWN PHARMACY #6387 (NC),2,2,0.0,62.0,Alternative Supplier,Port Congestion,Aerospace
1504,MYLAN PHARMACEUTICALS INC,HOMETOWN PHARMACY #6387 (NC),2,3,0.0,30.0,Inventory Buffer,Port Congestion,Consumer Goods
1505,MYLAN PHARMACEUTICALS INC,HOMETOWN PHARMACY #8919 (KY),1,1,0.0,21.0,Alternative Supplier,Port Congestion,Aerospace
1505,MYLAN PHARMACEUTICALS INC,HOMETOWN PHARMACY #8919 (KY),1,2,0.0,32.0,Alternative Supplier,Labor Strike,Electronics
1505,MYLAN PHARMACEUTICALS INC,HOMETOWN PHARMACY #8919 (KY),1,3,0.0,31.0,Production Reroute,Labor Strike,Automotive
1506,MALLINCKRODT LLC,COMMUNITY PHARMACY #9436 (WV),1,1,0.0,52.0,Production Reroute,Port Congestion,Consumer Goods
1506,MALLINCKRODT LLC,COMMUNITY PHARMACY #9436 (WV),1,2,0.0,14.0,Alternative Supplier,Port Congestion,Electronics
1506,MALLINCKRODT LLC,COMMUNITY PHARMACY #9436 (WV),1,3,0.0,31.0,Alternative Supplier,Geopolitical,Consumer Goods
1507,AMNEAL PHARMACEUTICALS LLC,HARRIS TEETER PHARMACY #6758 (NC),2,1,0.0,39.0,Alternative Supplier,Labor Strike,Pharmaceuticals
1507,AMNEAL PHARMACEUTICALS LLC,HARRIS TEETER PHARMACY #6758 (NC),2,2,0.0,35.0,Alternative Supplier,Natural Disaster,Electronics
1507,AMNEAL PHARMACEUTICALS LLC,HARRIS TEETER PHARMACY #6758 (NC),2,3,0.0,32.0,Alternative Supplier,Natural Disaster,Pharmaceuticals
1508,MYLAN PHARMACEUTICALS INC,MAIN STREET PHARMACY #4501 (WV),3,1,0.0,30.0,Alternative Supplier,Cyber Attack,Pharmaceuticals
1508,MYLAN PHARMACEUTICALS INC,MAIN STREET PHARMACY #4501 (WV),3,2,0.0,75.0,Alternative Supplier,Geopolitical,Electronics
1508,MYLAN PHARMACEUTICALS INC,MAIN STREET PHARMACY #4501 (WV),3,3,0.0,54.0,Alternative Supplier,Natural Disaster,Electronics
1509,SUN PHARMA GLOBAL INC,PEOPLES PHARMACY #2912 (WV),2,1,0.0008,64.0,Alternative Supplier,Cyber Attack,Automotive
1509,SUN PHARMA GLOBAL INC,PEOPLES PHARMACY #2912 (WV),2,2,0.0008,64.0,Alternative Supplier,Labor Strike,Electronics
1509,SUN PHARMA GLOBAL INC,PEOPLES PHARMACY #2912 (WV),2,3,0.0008,17.0,Alternative Supplier,Geopolitical,Pharmaceuticals
1510,PAR PHARMACEUTICAL INC,VILLAGE PHARMACY #4543 (IL),2,1,1.7338,74.0,Alternative Supplier,Cyber Attack,Automotive
1510,PAR PHARMACEUTICAL INC,VILLAGE PHARMACY #4543 (IL),2,2,1.7771,55.0,Alternative Supplier,Natural Disaster,Electronics
1510,PAR PHARMACEUTICAL INC,VILLAGE PHARMACY #4543 (IL),2,3,1.9606,28.0,Alternative Supplier,Natural Disaster,Electronics
1511,IMPAX LABORATORIES INC,HARRIS TEETER PHARMACY #6063 (NC),2,1,0.0,59.0,Alternative Supplier,Factory Incident,Aerospace
1511,IMPAX LABORATORIES INC,HARRIS TEETER PHARMACY #6063 (NC),2,2,0.0,65.0,Alternative Supplier,Port Congestion,Electronics
1511,IMPAX LABORATORIES INC,HARRIS TEETER PHARMACY #6063 (NC),2,3,0.0,46.0,Production Reroute,Geopolitical,Pharmaceuticals
1512,RHODES TECHNOLOGIES,HARRIS TEETER PHARMACY #7261 (KY),1,1,0.0014,29.0,Alternative Supplier,Natural Disaster,Electronics
1512,RHODES TECHNOLOGIES,HARRIS TEETER PHARMACY #7261 (KY),1,2,0.0014,36.0,Alternative Supplier,Port Congestion,Pharmaceuticals
1512,RHODES TECHNOLOGIES,HARRIS TEETER PHARMACY #7261 (KY),1,3,0.0014,22.0,Production Reroute,Port Congestion,Consumer Goods
1513,MALLINCKRODT LLC,COMMUNITY PHARMACY #9436 (WV),2,1,1.7338,74.0,Alternative Supplier,Cyber Attack,Automotive
1513,MALLINCKRODT LLC,COMMUNITY PHARMACY #9436 (WV),2,2,1.7771,55.0,Alternative Supplier,Natural Disaster,Electronics
1513,MALLINCKRODT LLC,COMMUNITY PHARMACY #9436 (WV),2,3,1.9606,28.0,Alternative Supplier,Natural Disaster,Electronics
1514,QUALITEST PHARMACEUTICALS,PEOPLES PHARMACY #4809 (WV),2,1,1.7338,74.0,Alternative Supplier,Cyber Attack,Automotive
1514,QUALITEST PHARMACEUTICALS,PEOPLES PHARMACY #4809 (WV),2,2,1.7771,55.0,Alternative Supplier,Natural Disaster,Electronics
1514,QUALITEST PHARMACEUTICALS,PEOPLES PHARMACY #4809 (WV),2,3,1.9606,28.0,Alternative Supplier,Natural Disaster,Electronics
1515,ACTAVIS PHARMA INC,HOMETOWN PHARMACY #8469 (NC),1,1,0.0,55.0,Alternative Supplier,Port Congestion,Electronics
1515,ACTAVIS PHARMA INC,HOMETOWN PHARMACY #8469 (NC),1,2,0.0,22.0,Alternative Supplier,Port Congestion,Consumer Goods
1515,ACTAVIS PHARMA INC,HOMETOWN PHARMACY #8469 (NC),1,3,0.0,10.0,Combined Strategy,Labor Strike,Consumer Goods
1516,MYLAN PHARMACEUTICALS INC,HOMETOWN PHARMACY #6387 (NC),2,1,0.0,48.0,Alternative Supplier,Labor Strike,Electronics
1516,MYLAN PHARMACEUTICALS INC,HOMETOWN PHARMACY #6387 (NC),2,2,0.0,36.0,Alternative Supplier,Factory Incident,Automotive
1516,MYLAN PHARMACEUTICALS INC,HOMETOWN PHARMACY #6387 (NC),2,3,0.0,12.0,Inventory Buffer,Cyber Attack,Consumer Goods
1517,IMPAX LABORATORIES INC,FAMILY CARE PHARMACY #5370 (RI),2,1,1.7338,74.0,Alternative Supplier,Cyber Attack,Automotive
1517,IMPAX LABORATORIES INC,FAMILY CARE PHARMACY #5370 (RI),2,2,1.7771,55.0,Alternative Supplier,Natural Disaster,Electronics
1517,IMPAX LABORATORIES INC,FAMILY CARE PHARMACY #5370 (RI),2,3,1.9606,28.0,Alternative Supplier,Natural Disaster,Electronics
1518,QUALITEST PHARMACEUTICALS,VILLAGE PHARMACY #9720 (VA),1,1,0.0,39.0,Alternative Supplier,Factory Incident,Automotive
1518,QUALITEST PHARMACEUTICALS,VILLAGE PHARMACY #9720 (VA),1,2,0.0,14.0,Alternative Supplier,Factory Incident,Automotive
1518,QUALITEST PHARMACEUTICALS,VILLAGE PHARMACY #9720 (VA),1,3,0.0,18.0,Alternative Supplier,Labor Strike,Electronics
1519,ENDO PHARMACEUTICALS INC,VILLAGE PHARMACY #6277 (OH),2,1,1.7338,74.0,Alternative Supplier,Cyber Attack,Automotive
1519,ENDO PHARMACEUTICALS INC,VILLAGE PHARMACY #6277 (OH),2,2,1.7771,55.0,Alternative Supplier,Natural Disaster,Electronics
1519,ENDO PHARMACEUTICALS INC,VILLAGE PHARMACY #6277 (OH),2,3,1.9606,28.0,Alternative Supplier,Natural Disaster,Electronics
1520,IMPAX LABORATORIES INC,GOOD NEIGHBOR PHARMACY #8540 (OH),1,1,0.0,40.0,Inventory Buffer,Labor Strike,Consumer Goods
1520,IMPAX LABORATORIES INC,GOOD NEIGHBOR PHARMACY #8540 (OH),1,2,0.0,26.0,Customer Delay,Geopolitical,Electronics
1520,IMPAX LABORATORIES INC,GOOD NEIGHBOR PHARMACY #8540 (OH),1,3,0.0,13.0,Production Reroute,Labor Strike,Aerospace
1521,WATSON LABORATORIES INC,WALGREENS #8617 (GA),2,1,1.7338,74.0,Alternative Supplier,Cyber Attack,Automotive
1521,WATSON LABORATORIES INC,WALGREENS #8617 (GA),2,2,1.7771,55.0,Alternative Supplier,Natural Disaster,Electronics
1521,WATSON LABORATORIES INC,WALGREENS #8617 (GA),2,3,1.9606,28.0,Alternative Supplier,Natural Disaster,Electronics
1522,SUN PHARMA GLOBAL INC,PEOPLES PHARMACY #2912 (WV),2,1,0.0,52.0,Alternative Supplier,Natural Disaster,Pharmaceuticals
1522,SUN PHARMA GLOBAL INC,PEOPLES PHARMACY #2912 (WV),2,2,0.0,63.0,Alternative Supplier,Port Congestion,Pharmaceuticals
1522,SUN PHARMA GLOBAL INC,PEOPLES PHARMACY #2912 (WV),2,3,0.0,126.0,Production Reroute,Port Congestion,Automotive
1523,ABBOTT LABORATORIES,MEDICO PHARMACY #5873 (MI),2,1,0.0,34.0,Alternative Supplier,Natural Disaster,Automotive
1523,ABBOTT LABORATORIES,MEDICO PHARMACY #5873 (MI),2,2,0.0001,10.0,Alternative Supplier,Port Congestion,Electronics
1523,ABBOTT LABORATORIES,MEDICO PHARMACY #5873 (MI),2,3,0.0001,132.0,Alternative Supplier,Factory Incident,Automotive
1524,TEVA PHARMACEUTICALS USA INC,GOOD NEIGHBOR PHARMACY #6661 (MS),2,1,0.0396,23.0,Alternative Supplier,Cyber Attack,Electronics
1524,TEVA PHARMACEUTICALS USA INC,GOOD NEIGHBOR PHARMACY #6661 (MS),2,2,0.1773,51.0,Alternative Supplier,Port Congestion,Aerospace
1524,TEVA PHARMACEUTICALS USA INC,GOOD NEIGHBOR PHARMACY #6661 (MS),2,3,0.2682,33.0,Inventory Buffer,Port Congestion,Consumer Goods
1525,JANSSEN PHARMACEUTICALS INC,PUBLIX PHARMACY #2055 (NC),1,1,0.0,16.0,Alternative Supplier,Factory Incident,Consumer Goods
1525,JANSSEN PHARMACEUTICALS INC,PUBLIX PHARMACY #2055 (NC),1,2,0.0,47.0,Customer Delay,Geopolitical,Automotive
1525,JANSSEN PHARMACEUTICALS INC,PUBLIX PHARMACY #2055 (NC),1,3,0.0,45.0,Alternative Supplier,Labor Strike,Electronics
1526,PURDUE PHARMA LP,COMMUNITY PHARMACY #9436 (WV),3,1,0.0,31.0,Inventory Buffer,Geopolitical,Aerospace
1526,PURDUE PHARMA LP,COMMUNITY PHARMACY #9436 (WV),3,2,0.0,183.0,Production Reroute,Geopolitical,Electronics
1526,PURDUE PHARMA LP,COMMUNITY PHARMACY #9436 (WV),3,3,0.0,159.0,Customer Delay,Port Congestion,Pharmaceuticals
1527,MALLINCKRODT LLC,GOOD NEIGHBOR PHARMACY #6272 (NC),1,1,0.0,9.0,Alternative Supplier,Labor Strike,Consumer Goods
1527,MALLINCKRODT LLC,GOOD NEIGHBOR PHARMACY #6272 (NC),1,2,0.0,26.0,Alternative Supplier,Labor Strike,Electronics
1527,MALLINCKRODT LLC,GOOD NEIGHBOR PHARMACY #6272 (NC),1,3,0.0,44.0,Alternative Supplier,Factory Incident,Consumer Goods
1528,MYLAN PHARMACEUTICALS INC,RITE AID #5178 (ND),2,1,0.037,23.0,Alternative Supplier,Cyber Attack,Electronics
1528,MYLAN PHARMACEUTICALS INC,RITE AID #5178 (ND),2,2,0.1718,51.0,Alternative Supplier,Port Congestion,Aerospace
1528,MYLAN PHARMACEUTICALS INC,RITE AID #5178 (ND),2,3,0.2614,33.0,Inventory Buffer,Port Congestion,Consumer Goods
1529,AMNEAL PHARMACEUTICALS LLC,HOMETOWN PHARMACY #8919 (KY),2,1,1.7338,74.0,Alternative Supplier,Cyber Attack,Automotive
1529,AMNEAL PHARMACEUTICALS LLC,HOMETOWN PHARMACY #8919 (KY),2,2,1.7771,55.0,Alternative Supplier,Natural Disaster,Electronics
1529,AMNEAL PHARMACEUTICALS LLC,HOMETOWN PHARMACY #8919 (KY),2,3,1.9606,28.0,Alternative Supplier,Natural Disaster,Electronics
1530,WATSON LABORATORIES INC,QUALITY CARE PHARMACY #4645 (VA),1,1,0.0,14.0,Production Reroute,Factory Incident,Electronics
1530,WATSON LABORATORIES INC,QUALITY CARE PHARMACY #4645 (VA),1,2,0.0,21.0,Alternative Supplier,Port Congestion,Consumer Goods
1530,WATSON LABORATORIES INC,QUALITY CARE PHARMACY #4645 (VA),1,3,0.0,97.0,Production Reroute,Port Congestion,Pharmaceuticals
1531,RHODES TECHNOLOGIES,MEDICO PHARMACY #1698 (IN),2,1,1.7338,74.0,Alternative Supplier,Cyber Attack,Automotive
1531,RHODES TECHNOLOGIES,MEDICO PHARMACY #1698 (IN),2,2,1.7771,55.0,Alternative Supplier,Natural Disaster,Electronics
1531,RHODES TECHNOLOGIES,MEDICO PHARMACY #1698 (IN),2,3,1.9606,28.0,Alternative Supplier,Natural Disaster,Electronics
1532,JANSSEN PHARMACEUTICALS INC,WALMART PHARMACY #6240 (NC),1,1,0.0,12.0,Alternative Supplier,Port Congestion,Pharmaceuticals
1532,JANSSEN PHARMACEUTICALS INC,WALMART PHARMACY #6240 (NC),1,2,0.0,36.0,Alternative Supplier,Geopolitical,Electronics
1532,JANSSEN PHARMACEUTICALS INC,WALMART PHARMACY #6240 (NC),1,3,0.0,69.0,Alternative Supplier,Labor Strike,Electronics
1533,PURDUE PHARMA LP,WALGREENS #4290 (MD),1,1,0.0,39.0,Customer Delay,Labor Strike,Consumer Goods
1533,PURDUE PHARMA LP,WALGREENS #4290 (MD),1,2,0.0,34.0,Customer Delay,Port Congestion,Aerospace
1533,PURDUE PHARMA LP,WALGREENS #4290 (MD),1,3,0.0,56.0,Production Reroute,Port Congestion,Automotive
1534,LANNETT COMPANY INC,FAMILY CARE PHARMACY #9324 (MD),1,1,0.0,31.0,Alternative Supplier,Geopolitical,Electronics
1534,LANNETT COMPANY INC,FAMILY CARE PHARMACY #9324 (MD),1,2,0.0,27.0,Production Reroute,Natural Disaster,Pharmaceuticals
1534,LANNETT COMPANY INC,FAMILY CARE PHARMACY #9324 (MD),1,3,0.0,40.0,Alternative Supplier,Port Congestion,Electronics
1535,MYLAN PHARMACEUTICALS INC,WALGREENS #1285 (WI),2,1,1.7338,74.0,Alternative Supplier,Cyber Attack,Automotive
1535,MYLAN PHARMACEUTICALS INC,WALGREENS #1285 (WI),2,2,1.7771,55.0,Alternative Supplier,Natural Disaster,Electronics
1535,MYLAN PHARMACEUTICALS INC,WALGREENS #1285 (WI),2,3,1.9606,28.0,Alternative Supplier,Natural Disaster,Electronics
1536,WATSON LABORATORIES INC,QUALITY CARE PHARMACY #4645 (VA),2,1,0.0,35.0,Production Reroute,Factory Incident,Automotive
1536,WATSON LABORATORIES INC,QUALITY CARE PHARMACY #4645 (VA),2,2,0.0,24.0,Alternative Supplier,Port Congestion,Electronics
1536,WATSON LABORATORIES INC,QUALITY CARE PHARMACY #4645 (VA),2,3,0.0,53.0,Alternative Supplier,Natural Disaster,Consumer Goods
1537,JANSSEN PHARMACEUTICALS INC,WALMART PHARMACY #6240 (NC),2,1,0.0,118.0,Production Reroute,Port Congestion,Automotive
1537,JANSSEN PHARMACEUTICALS INC,WALMART PHARMACY #6240 (NC),2,2,0.0,19.0,Alternative Supplier,Port Congestion,Pharmaceuticals
1537,JANSSEN PHARMACEUTICALS INC,WALMART PHARMACY #6240 (NC),2,3,0.0,123.0,Alternative Supplier,Factory Incident,Electronics
1538,ACTAVIS PHARMA INC,VILLAGE PHARMACY #1707 (KY),2,1,1.7338,74.0,Alternative Supplier,Cyber Attack,Automotive
1538,ACTAVIS PHARMA INC,VILLAGE PHARMACY #1707 (KY),2,2,1.7771,55.0,Alternative Supplier,Natural Disaster,Electronics
1538,ACTAVIS PHARMA INC,VILLAGE PHARMACY #1707 (KY),2,3,1.9606,28.0,Alternative Supplier,Natural Disaster,Electronics
1539,RHODES TECHNOLOGIES,RITE AID #9223 (WV),2,1,1.7338,74.0,Alternative Supplier,Cyber Attack,Automotive
1539,RHODES TECHNOLOGIES,RITE AID #9223 (WV),2,2,1.7771,55.0,Alternative Supplier,Natural Disaster,Electronics
1539,RHODES TECHNOLOGIES,RITE AID #9223 (WV),2,3,1.9606,28.0,Alternative Supplier,Natural Disaster,Electronics
1540,CADISTA PHARMACEUTICALS INC,VILLAGE PHARMACY #9397 (NC),3,1,0.0,59.0,Alternative Supplier,Natural Disaster,Pharmaceuticals
1540,CADISTA PHARMACEUTICALS INC,VILLAGE PHARMACY #9397 (NC),3,2,0.0,58.0,Inventory Buffer,Natural Disaster,Automotive
1540,CADISTA PHARMACEUTICALS INC,VILLAGE PHARMACY #9397 (NC),3,3,0.0,43.0,Alternative Supplier,Natural Disaster,Electronics
1541,AMNEAL PHARMACEUTICALS LLC,CVS PHARMACY #5479 (WA),2,1,0.0001,33.0,Inventory Buffer,Port Congestion,Consumer Goods
1541,AMNEAL PHARMACEUTICALS LLC,CVS PHARMACY #5479 (WA),2,2,0.0003,49.0,Alternative Supplier,Port Congestion,Consumer Goods
1541,AMNEAL PHARMACEUTICALS LLC,CVS PHARMACY #5479 (WA),2,3,0.0003,49.0,Inventory Buffer,Natural Disaster,Electronics
1542,IMPAX LABORATORIES INC,WALGREENS #7469 (WV),2,1,0.0,113.0,Alternative Supplier,Factory Incident,Aerospace
1542,IMPAX LABORATORIES INC,WALGREENS #7469 (WV),2,2,0.0,73.0,Alternative Supplier,Geopolitical,Consumer Goods
1542,IMPAX LABORATORIES INC,WALGREENS #7469 (WV),2,3,0.0,94.0,Customer Delay,Labor Strike,Automotive
1543,JANSSEN PHARMACEUTICALS INC,WALGREENS #4290 (MD),1,1,0.0,25.0,Customer Delay,Port Congestion,Consumer Goods
1543,JANSSEN PHARMACEUTICALS INC,WALGREENS #4290 (MD),1,2,0.0,13.0,Inventory Buffer,Port Congestion,Electronics
1543,JANSSEN PHARMACEUTICALS INC,WALGREENS #4290 (MD),1,3,0.0,17.0,Alternative Supplier,Factory Incident,Electronics
1544,JANSSEN PHARMACEUTICALS INC,MEDICO PHARMACY #6767 (NC),2,1,0.0,48.0,Customer Delay,Natural Disaster,Pharmaceuticals
1544,JANSSEN PHARMACEUTICALS INC,MEDICO PHARMACY #6767 (NC),2,2,0.0,34.0,Production Reroute,Port Congestion,Automotive
1544,JANSSEN PHARMACEUTICALS INC,MEDICO PHARMACY #6767 (NC),2,3,0.0,51.0,Alternative Supplier,Cyber Attack,Electronics
1545,ENDO PHARMACEUTICALS INC,HARRIS TEETER PHARMACY #3473 (WV),2,1,0.0,30.0,Alternative Supplier,Labor Strike,Consumer Goods
1545,ENDO PHARMACEUTICALS INC,HARRIS TEETER PHARMACY #3473 (WV),2,2,0.0,72.0,Alternative Supplier,Labor Strike,Consumer Goods
1545,ENDO PHARMACEUTICALS INC,HARRIS TEETER PHARMACY #3473 (WV),2,3,0.0,44.0,Production Reroute,Cyber Attack,Automotive
1546,JANSSEN PHARMACEUTICALS INC,VILLAGE PHARMACY #9397 (NC),2,1,0.0,52.0,Alternative Supplier,Natural Disaster,Pharmaceuticals
1546,JANSSEN PHARMACEUTICALS INC,VILLAGE PHARMACY #9397 (NC),2,2,0.0,63.0,Alternative Supplier,Port Congestion,Pharmaceuticals
1546,JANSSEN PHARMACEUTICALS INC,VILLAGE PHARMACY #9397 (NC),2,3,0.0,126.0,Production Reroute,Port Congestion,Automotive
1547,PURDUE PHARMA LP,HARRIS TEETER PHARMACY #6758 (NC),2,1,1.7338,74.0,Alternative Supplier,Cyber Attack,Automotive
1547,PURDUE PHARMA LP,HARRIS TEETER PHARMACY #6758 (NC),2,2,1.7771,55.0,Alternative Supplier,Natural Disaster,Electronics
1547,PURDUE PHARMA LP,HARRIS TEETER PHARMACY #6758 (NC),2,3,1.9606,28.0,Alternative Supplier,Natural Disaster,Electronics
1548,HIKMA PHARMACEUTICALS,QUALITY CARE PHARMACY #3657 (CO),2,1,1.7338,74.0,Alternative Supplier,Cyber Attack,Automotive
1548,HIKMA PHARMACEUTICALS,QUALITY CARE PHARMACY #3657 (CO),2,2,1.7771,55.0,Alternative Supplier,Natural Disaster,Electronics
1548,HIKMA PHARMACEUTICALS,QUALITY CARE PHARMACY #3657 (CO),2,3,1.9606,28.0,Alternative Supplier,Natural Disaster,Electronics
1549,TEVA PHARMACEUTICALS USA INC,GOOD NEIGHBOR PHARMACY #6129 (NC),2,1,0.0,41.0,Alternative Supplier,Labor Strike,Consumer Goods
1549,TEVA PHARMACEUTICALS USA INC,GOOD NEIGHBOR PHARMACY #6129 (NC),2,2,0.0,35.0,Combined Strategy,Cyber Attack,Electronics
1549,TEVA PHARMACEUTICALS USA INC,GOOD NEIGHBOR PHARMACY #6129 (NC),2,3,0.0,44.0,Alternative Supplier,Geopolitical,Consumer Goods
1550,PAR PHARMACEUTICAL INC,KROGER PHARMACY #2900 (MI),2,1,0.247,23.0,Alternative Supplier,Cyber Attack,Electronics
1550,PAR PHARMACEUTICAL INC,KROGER PHARMACY #2900 (MI),2,2,0.517,51.0,Alternative Supplier,Port Congestion,Aerospace
1550,PAR PHARMACEUTICAL INC,KROGER PHARMACY #2900 (MI),2,3,0.6656,33.0,Inventory Buffer,Port Congestion,Consumer Goods
1551,JANSSEN PHARMACEUTICALS INC,WALMART PHARMACY #6240 (NC),1,1,0.0005,29.0,Alternative Supplier,Natural Disaster,Electronics
1551,JANSSEN PHARMACEUTICALS INC,WALMART PHARMACY #6240 (NC),1,2,0.0005,36.0,Alternative Supplier,Port Congestion,Pharmaceuticals
1551,JANSSEN PHARMACEUTICALS INC,WALMART PHARMACY #6240 (NC),1,3,0.0005,22.0,Production Reroute,Port Congestion,Consumer Goods
1552,HIKMA PHARMACEUTICALS,COMMUNITY PHARMACY #9405 (MN),3,1,0.8823,74.0,Alternative Supplier,Cyber Attack,Automotive
1552,HIKMA PHARMACEUTICALS,COMMUNITY PHARMACY #9405 (MN),3,2,0.9256,55.0,Alternative Supplier,Natural Disaster,Electronics
1552,HIKMA PHARMACEUTICALS,COMMUNITY PHARMACY #9405 (MN),3,3,1.0486,88.0,Alternative Supplier,Natural Disaster,Automotive
1553,PAR PHARMACEUTICAL INC,GOOD NEIGHBOR PHARMACY #6272 (NC),2,1,0.0,113.0,Alternative Supplier,Factory Incident,Aerospace
1553,PAR PHARMACEUTICAL INC,GOOD NEIGHBOR PHARMACY #6272 (NC),2,2,0.0,73.0,Alternative Supplier,Geopolitical,Consumer Goods
1553,PAR PHARMACEUTICAL INC,GOOD NEIGHBOR PHARMACY #6272 (NC),2,3,0.0,94.0,Customer Delay,Labor Strike,Automotive
1554,CADISTA PHARMACEUTICALS INC,COMMUNITY PHARMACY #8090 (LA),2,1,1.7338,74.0,Alternative Supplier,Cyber Attack,Automotive
1554,CADISTA PHARMACEUTICALS INC,COMMUNITY PHARMACY #8090 (LA),2,2,1.7771,55.0,Alternative Supplier,Natural Disaster,Electronics
1554,CADISTA PHARMACEUTICALS INC,COMMUNITY PHARMACY #8090 (LA),2,3,1.9606,28.0,Alternative Supplier,Natural Disaster,Electronics
1555,TEVA PHARMACEUTICALS USA INC,HARRIS TEETER PHARMACY #1096 (WV),2,1,1.7338,74.0,Alternative Supplier,Cyber Attack,Automotive
1555,TEVA PHARMACEUTICALS USA INC,HARRIS TEETER PHARMACY #1096 (WV),2,2,1.7771,55.0,Alternative Supplier,Natural Disaster,Electronics
1555,TEVA PHARMACEUTICALS USA INC,HARRIS TEETER PHARMACY #1096 (WV),2,3,1.9606,28.0,Alternative Supplier,Natural Disaster,Electronics
1556,ENDO PHARMACEUTICALS INC,CVS PHARMACY #1614 (NM),2,1,1.7338,74.0,Alternative Supplier,Cyber Attack,Automotive
1556,ENDO PHARMACEUTICALS INC,CVS PHARMACY #1614 (NM),2,2,1.7771,55.0,Alternative Supplier,Natural Disaster,Electronics
1556,ENDO PHARMACEUTICALS INC,CVS PHARMACY #1614 (NM),2,3,1.9606,28.0,Alternative Supplier,Natural Disaster,Electronics
1557,MALLINCKRODT LLC,WALMART PHARMACY #9392 (NM),2,1,0.0,64.0,Inventory Buffer,Geopolitical,Electronics
1557,MALLINCKRODT LLC,WALMART PHARMACY #9392 (NM),2,2,0.0,53.0,Production Reroute,Natural Disaster,Pharmaceuticals
1557,MALLINCKRODT LLC,WALMART PHARMACY #9392 (NM),2,3,0.0,72.0,Alternative Supplier,Labor Strike,Electronics
1558,MYLAN PHARMACEUTICALS INC,SUNRISE PHARMACY #8999 (NC),2,1,0.003,64.0,Alternative Supplier,Cyber Attack,Automotive
1558,MYLAN PHARMACEUTICALS INC,SUNRISE PHARMACY #8999 (NC),2,2,0.003,64.0,Alternative Supplier,Labor Strike,Electronics
1558,MYLAN PHARMACEUTICALS INC,SUNRISE PHARMACY #8999 (NC),2,3,0.003,17.0,Alternative Supplier,Geopolitical,Pharmaceuticals
1559,AMNEAL PHARMACEUTICALS LLC,KROGER PHARMACY #1887 (KY),2,1,0.0,33.0,Alternative Supplier,Cyber Attack,Pharmaceuticals
1559,AMNEAL PHARMACEUTICALS LLC,KROGER PHARMACY #1887 (KY),2,2,0.0,26.0,Alternative Supplier,Factory Incident,Automotive
1559,AMNEAL PHARMACEUTICALS LLC,KROGER PHARMACY #1887 (KY),2,3,0.0,21.0,Alternative Supplier,Geopolitical,Automotive
1560,JANSSEN PHARMACEUTICALS INC,WALMART PHARMACY #6240 (NC),2,1,0.0,27.0,Inventory Buffer,Geopolitical,Aerospace
1560,JANSSEN PHARMACEUTICALS INC,WALMART PHARMACY #6240 (NC),2,2,0.0,43.0,Alternative Supplier,Cyber Attack,Electronics
1560,JANSSEN PHARMACEUTICALS INC,WALMART PHARMACY #6240 (NC),2,3,0.0,107.0,Alternative Supplier,Labor Strike,Aerospace
1561,PAR PHARMACEUTICAL INC,GOOD NEIGHBOR PHARMACY #6272 (NC),2,1,0.0,45.0,Alternative Supplier,Factory Incident,Automotive
1561,PAR PHARMACEUTICAL INC,GOOD NEIGHBOR PHARMACY #6272 (NC),2,2,0.0,28.0,Alternative Supplier,Natural Disaster,Electronics
1561,PAR PHARMACEUTICAL INC,GOOD NEIGHBOR PHARMACY #6272 (NC),2,3,0.0,54.0,Alternative Supplier,Port Congestion,Electronics
1562,VINTAGE PHARMACEUTICALS LLC,FAMILY CARE PHARMACY #6977 (NC),1,1,0.0,20.0,Alternative Supplier,Cyber Attack,Consumer Goods
1562,VINTAGE PHARMACEUTICALS LLC,FAMILY CARE PHARMACY #6977 (NC),1,2,0.0,9.0,Alternative Supplier,Factory Incident,Electronics
1562,VINTAGE PHARMACEUTICALS LLC,FAMILY CARE PHARMACY #6977 (NC),1,3,0.0,8.0,Combined Strategy,Labor Strike,Consumer Goods
1563,TEVA PHARMACEUTICALS USA INC,GOOD NEIGHBOR PHARMACY #6129 (NC),2,1,0.0,96.0,Alternative Supplier,Geopolitical,Pharmaceuticals
1563,TEVA PHARMACEUTICALS USA INC,GOOD NEIGHBOR PHARMACY #6129 (NC),2,2,0.0,39.0,Production Reroute,Port Congestion,Automotive
1563,TEVA PHARMACEUTICALS USA INC,GOOD NEIGHBOR PHARMACY #6129 (NC),2,3,0.0,47.0,Customer Delay,Geopolitical,Consumer Goods
1564,SUN PHARMA GLOBAL INC,VILLAGE PHARMACY #3562 (IA),2,1,0.0003,23.0,Alternative Supplier,Cyber Attack,Electronics
1564,SUN PHARMA GLOBAL INC,VILLAGE PHARMACY #3562 (IA),2,2,0.0566,51.0,Alternative Supplier,Port Congestion,Aerospace
1564,SUN PHARMA GLOBAL INC,VILLAGE PHARMACY #3562 (IA),2,3,0.1121,33.0,Inventory Buffer,Port Congestion,Consumer Goods
1565,CADISTA PHARMACEUTICALS INC,CVS PHARMACY #1417 (IA),2,1,1.7338,74.0,Alternative Supplier,Cyber Attack,Automotive
1565,CADISTA PHARMACEUTICALS INC,CVS PHARMACY #1417 (IA),2,2,1.7771,55.0,Alternative Supplier,Natural Disaster,Electronics
1565,CADISTA PHARMACEUTICALS INC,CVS PHARMACY #1417 (IA),2,3,1.9606,28.0,Alternative Supplier,Natural Disaster,Electronics
1566,MALLINCKRODT LLC,PUBLIX PHARMACY #2055 (NC),2,1,0.0,77.0,Alternative Supplier,Factory Incident,Pharmaceuticals
1566,MALLINCKRODT LLC,PUBLIX PHARMACY #2055 (NC),2,2,0.0,48.0,Alternative Supplier,Labor Strike,Automotive
1566,MALLINCKRODT LLC,PUBLIX PHARMACY #2055 (NC),2,3,0.0,13.0,Alternative Supplier,Port Congestion,Electronics
1567,MALLINCKRODT LLC,MAIN STREET PHARMACY #9550 (WV),2,1,1.7338,74.0,Alternative Supplier,Cyber Attack,Automotive
1567,MALLINCKRODT LLC,MAIN STREET PHARMACY #9550 (WV),2,2,1.7771,55.0,Alternative Supplier,Natural Disaster,Electronics
1567,MALLINCKRODT LLC,MAIN STREET PHARMACY #9550 (WV),2,3,1.9606,28.0,Alternative Supplier,Natural Disaster,Electronics
1568,PAR PHARMACEUTICAL INC,GOOD NEIGHBOR PHARMACY #6272 (NC),2,1,0.0,101.0,Alternative Supplier,Natural Disaster,Consumer Goods
1568,PAR PHARMACEUTICAL INC,GOOD NEIGHBOR PHARMACY #6272 (NC),2,2,0.0,47.0,Customer Delay,Port Congestion,Pharmaceuticals
1568,PAR PHARMACEUTICAL INC,GOOD NEIGHBOR PHARMACY #6272 (NC),2,3,0.0,27.0,Alternative Supplier,Factory Incident,Electronics
1569,TEVA PHARMACEUTICALS USA INC,WALMART PHARMACY #1998 (VT),2,1,0.0,29.0,Alternative Supplier,Factory Incident,Electronics
1569,TEVA PHARMACEUTICALS USA INC,WALMART PHARMACY #1998 (VT),2,2,0.0024,85.0,Alternative Supplier,Port Congestion,Electronics
1569,TEVA PHARMACEUTICALS USA INC,WALMART PHARMACY #1998 (VT),2,3,0.0028,81.0,Alternative Supplier,Natural Disaster,Automotive
1570,AMNEAL PHARMACEUTICALS LLC,KROGER PHARMACY #1887 (KY),2,1,0.0,39.0,Alternative Supplier,Port Congestion,Electronics
1570,AMNEAL PHARMACEUTICALS LLC,KROGER PHARMACY #1887 (KY),2,2,0.0,75.0,Production Reroute,Cyber Attack,Pharmaceuticals
1570,AMNEAL PHARMACEUTICALS LLC,KROGER PHARMACY #1887 (KY),2,3,0.0,70.0,Customer Delay,Factory Incident,Automotive
1571,SUN PHARMA GLOBAL INC,HOMETOWN PHARMACY #8469 (NC),1,1,0.0,28.0,Alternative Supplier,Factory Incident,Consumer Goods
1571,SUN PHARMA GLOBAL INC,HOMETOWN PHARMACY #8469 (NC),1,2,0.0,53.0,Inventory Buffer,Port Congestion,Electronics
1571,SUN PHARMA GLOBAL INC,HOMETOWN PHARMACY #8469 (NC),1,3,0.0,38.0,Customer Delay,Labor Strike,Consumer Goods
1572,JANSSEN PHARMACEUTICALS INC,MEDICO PHARMACY #6767 (NC),2,1,0.0,64.0,Alternative Supplier,Cyber Attack,Automotive
1572,JANSSEN PHARMACEUTICALS INC,MEDICO PHARMACY #6767 (NC),2,2,0.0,64.0,Alternative Supplier,Labor Strike,Electronics
1572,JANSSEN PHARMACEUTICALS INC,MEDICO PHARMACY #6767 (NC),2,3,0.0,17.0,Alternative Supplier,Geopolitical,Pharmaceuticals
1573,CADISTA PHARMACEUTICALS INC,WINN-DIXIE PHARMACY #6720 (AR),2,1,1.7338,74.0,Alternative Supplier,Cyber Attack,Automotive
1573,CADISTA PHARMACEUTICALS INC,WINN-DIXIE PHARMACY #6720 (AR),2,2,1.7771,55.0,Alternative Supplier,Natural Disaster,Electronics
1573,CADISTA PHARMACEUTICALS INC,WINN-DIXIE PHARMACY #6720 (AR),2,3,1.9606,28.0,Alternative Supplier,Natural Disaster,Electronics
1574,TEVA PHARMACEUTICALS USA INC,HARRIS TEETER PHARMACY #6063 (NC),2,1,0.0,31.0,Alternative Supplier,Natural Disaster,Electronics
1574,TEVA PHARMACEUTICALS USA INC,HARRIS TEETER PHARMACY #6063 (NC),2,2,0.0,49.0,Alternative Supplier,Labor Strike,Pharmaceuticals
1574,TEVA PHARMACEUTICALS USA INC,HARRIS TEETER PHARMACY #6063 (NC),2,3,0.0,15.0,Alternative Supplier,Labor Strike,Electronics
1575,SUN PHARMA GLOBAL INC,HOMETOWN PHARMACY #8469 (NC),1,1,0.0,45.0,Alternative Supplier,Labor Strike,Consumer Goods
1575,SUN PHARMA GLOBAL INC,HOMETOWN PHARMACY #8469 (NC),1,2,0.0,18.0,Inventory Buffer,Port Congestion,Pharmaceuticals
1575,SUN PHARMA GLOBAL INC,HOMETOWN PHARMACY #8469 (NC),1,3,0.0,20.0,Alternative Supplier,Port Congestion,Electronics
1576,MYLAN PHARMACEUTICALS INC,SUNRISE PHARMACY #8999 (NC),1,1,0.0,34.0,Customer Delay,Natural Disaster,Electronics
1576,MYLAN PHARMACEUTICALS INC,SUNRISE PHARMACY #8999 (NC),1,2,0.0,43.0,Customer Delay,Port Congestion,Automotive
1576,MYLAN PHARMACEUTICALS INC,SUNRISE PHARMACY #8999 (NC),1,3,0.0,13.0,Alternative Supplier,Labor Strike,Automotive
1577,WATSON LABORATORIES INC,QUALITY CARE PHARMACY #4645 (VA),1,1,0.0,25.0,Alternative Supplier,Port Congestion,Automotive
1577,WATSON LABORATORIES INC,QUALITY CARE PHARMACY #4645 (VA),1,2,0.0,22.0,Alternative Supplier,Port Congestion,Electronics
1577,WATSON LABORATORIES INC,QUALITY CARE PHARMACY #4645 (VA),1,3,0.0,52.0,Inventory Buffer,Cyber Attack,Automotive
1578,AMNEAL PHARMACEUTICALS LLC,WALMART PHARMACY #4463 (AK),2,1,1.7338,74.0,Alternative Supplier,Cyber Attack,Automotive
1578,AMNEAL PHARMACEUTICALS LLC,WALMART PHARMACY #4463 (AK),2,2,1.7771,55.0,Alternative Supplier,Natural Disaster,Electronics
1578,AMNEAL PHARMACEUTICALS LLC,WALMART PHARMACY #4463 (AK),2,3,1.9606,28.0,Alternative Supplier,Natural Disaster,Electronics
1579,JANSSEN PHARMACEUTICALS INC,QUALITY CARE PHARMACY #8199 (WV),2,1,0.0015,64.0,Alternative Supplier,Cyber Attack,Automotive
1579,JANSSEN PHARMACEUTICALS INC,QUALITY CARE PHARMACY #8199 (WV),2,2,0.0015,64.0,Alternative Supplier,Labor Strike,Electronics
1579,JANSSEN PHARMACEUTICALS INC,QUALITY CARE PHARMACY #8199 (WV),2,3,0.0015,17.0,Alternative Supplier,Geopolitical,Pharmaceuticals
1580,JANSSEN PHARMACEUTICALS INC,VILLAGE PHARMACY #9397 (NC),2,1,0.0,56.0,Alternative Supplier,Port Congestion,Aerospace
1580,JANSSEN PHARMACEUTICALS INC,VILLAGE PHARMACY #9397 (NC),2,2,0.0,91.0,Production Reroute,Port Congestion,Electronics
1580,JANSSEN PHARMACEUTICALS INC,VILLAGE PHARMACY #9397 (NC),2,3,0.0,78.0,Alternative Supplier,Geopolitical,Electronics
1581,PAR PHARMACEUTICAL INC,HOMETOWN PHARMACY #3982 (MO),2,1,0.0,39.0,Alternative Supplier,Port Congestion,Automotive
1581,PAR PHARMACEUTICAL INC,HOMETOWN PHARMACY #3982 (MO),2,2,0.0,52.0,Inventory Buffer,Cyber Attack,Electronics
1581,PAR PHARMACEUTICAL INC,HOMETOWN PHARMACY #3982 (MO),2,3,0.0,29.0,Production Reroute,Geopolitical,Pharmaceuticals
1582,WATSON LABORATORIES INC,COMMUNITY PHARMACY #2590 (PA),2,1,1.7338,74.0,Alternative Supplier,Cyber Attack,Automotive
1582,WATSON LABORATORIES INC,COMMUNITY PHARMACY #2590 (PA),2,2,1.7771,55.0,Alternative Supplier,Natural Disaster,Electronics
1582,WATSON LABORATORIES INC,COMMUNITY PHARMACY #2590 (PA),2,3,1.9606,28.0,Alternative Supplier,Natural Disaster,Electronics
1583,ACTAVIS PHARMA INC,PEOPLES PHARMACY #6007 (WV),1,1,0.0,26.0,Customer Delay,Port Congestion,Pharmaceuticals
1583,ACTAVIS PHARMA INC,PEOPLES PHARMACY #6007 (WV),1,2,0.0,16.0,Alternative Supplier,Labor Strike,Electronics
1583,ACTAVIS PHARMA INC,PEOPLES PHARMACY #6007 (WV),1,3,0.0,9.0,Alternative Supplier,Port Congestion,Pharmaceuticals
1584,ABBOTT LABORATORIES,HARRIS TEETER PHARMACY #6758 (NC),2,1,0.0,87.0,Alternative Supplier,Factory Incident,Automotive
1584,ABBOTT LABORATORIES,HARRIS TEETER PHARMACY #6758 (NC),2,2,0.0,16.0,Alternative Supplier,Labor Strike,Electronics
1584,ABBOTT LABORATORIES,HARRIS TEETER PHARMACY #6758 (NC),2,3,0.0,54.0,Alternative Supplier,Geopolitical,Electronics
1585,AMNEAL PHARMACEUTICALS LLC,GOOD NEIGHBOR PHARMACY #8896 (PA),1,1,0.0,34.0,Customer Delay,Natural Disaster,Electronics
1585,AMNEAL PHARMACEUTICALS LLC,GOOD NEIGHBOR PHARMACY #8896 (PA),1,2,0.0,43.0,Customer Delay,Port Congestion,Automotive
1585,AMNEAL PHARMACEUTICALS LLC,GOOD NEIGHBOR PHARMACY #8896 (PA),1,3,0.0,13.0,Alternative Supplier,Labor Strike,Automotive
1586,QUALITEST PHARMACEUTICALS,CVS PHARMACY #1577 (AR),2,1,1.1388,74.0,Alternative Supplier,Cyber Attack,Automotive
1586,QUALITEST PHARMACEUTICALS,CVS PHARMACY #1577 (AR),2,2,1.1638,55.0,Alternative Supplier,Natural Disaster,Electronics
1586,QUALITEST PHARMACEUTICALS,CVS PHARMACY #1577 (AR),2,3,1.2727,23.0,Alternative Supplier,Cyber Attack,Electronics
1587,CADISTA PHARMACEUTICALS INC,QUALITY CARE PHARMACY #4985 (TN),1,1,0.0,30.0,Alternative Supplier,Port Congestion,Automotive
1587,CADISTA PHARMACEUTICALS INC,QUALITY CARE PHARMACY #4985 (TN),1,2,0.0,24.0,Alternative Supplier,Geopolitical,Electronics
1587,CADISTA PHARMACEUTICALS INC,QUALITY CARE PHARMACY #4985 (TN),1,3,0.0,34.0,Inventory Buffer,Port Congestion,Electronics
1588,ACTAVIS PHARMA INC,PEOPLES PHARMACY #6007 (WV),1,1,0.0,29.0,Alternative Supplier,Natural Disaster,Electronics
1588,ACTAVIS PHARMA INC,PEOPLES PHARMACY #6007 (WV),1,2,0.0,36.0,Alternative Supplier,Port Congestion,Pharmaceuticals
1588,ACTAVIS PHARMA INC,PEOPLES PHARMACY #6007 (WV),1,3,0.0,22.0,Production Reroute,Port Congestion,Consumer Goods
1589,CADISTA PHARMACEUTICALS INC,VILLAGE PHARMACY #1707 (KY),2,1,1.7338,74.0,Alternative Supplier,Cyber Attack,Automotive
1589,CADISTA PHARMACEUTICALS INC,VILLAGE PHARMACY #1707 (KY),2,2,1.7771,55.0,Alternative Supplier,Natural Disaster,Electronics
1589,CADISTA PHARMACEUTICALS INC,VILLAGE PHARMACY #1707 (KY),2,3,1.9606,28.0,Alternative Supplier,Natural Disaster,Electronics
1590,AMNEAL PHARMACEUTICALS LLC,CORNER DRUG STORE #7018 (MO),2,1,1.7338,74.0,Alternative Supplier,Cyber Attack,Automotive
1590,AMNEAL PHARMACEUTICALS LLC,CORNER DRUG STORE #7018 (MO),2,2,1.7771,55.0,Alternative Supplier,Natural Disaster,Electronics
1590,AMNEAL PHARMACEUTICALS LLC,CORNER DRUG STORE #7018 (MO),2,3,1.9606,28.0,Alternative Supplier,Natural Disaster,Electronics
1591,MALLINCKRODT LLC,PUBLIX PHARMACY #2055 (NC),2,1,0.0,87.0,Alternative Supplier,Factory Incident,Automotive
1591,MALLINCKRODT LLC,PUBLIX PHARMACY #2055 (NC),2,2,0.0,16.0,Alternative Supplier,Labor Strike,Electronics
1591,MALLINCKRODT LLC,PUBLIX PHARMACY #2055 (NC),2,3,0.0,54.0,Alternative Supplier,Geopolitical,Electronics
1592,HIKMA PHARMACEUTICALS,QUALITY CARE PHARMACY #6507 (NC),3,1,0.4648,74.0,Alternative Supplier,Cyber Attack,Automotive
1592,HIKMA PHARMACEUTICALS,QUALITY CARE PHARMACY #6507 (NC),3,2,0.4963,55.0,Alternative Supplier,Natural Disaster,Electronics
1592,HIKMA PHARMACEUTICALS,QUALITY CARE PHARMACY #6507 (NC),3,3,0.633,28.0,Alternative Supplier,Natural Disaster,Electronics
1593,RHODES TECHNOLOGIES,HOMETOWN PHARMACY #8152 (WV),2,1,0.0,29.0,Alternative Supplier,Natural Disaster,Consumer Goods
1593,RHODES TECHNOLOGIES,HOMETOWN PHARMACY #8152 (WV),2,2,0.0,28.0,Production Reroute,Labor Strike,Electronics
1593,RHODES TECHNOLOGIES,HOMETOWN PHARMACY #8152 (WV),2,3,0.0,35.0,Alternative Supplier,Port Congestion,Consumer Goods
1594,TEVA PHARMACEUTICALS USA INC,HARRIS TEETER PHARMACY #6063 (NC),2,1,0.0,27.0,Alternative Supplier,Cyber Attack,Consumer Goods
1594,TEVA PHARMACEUTICALS USA INC,HARRIS TEETER PHARMACY #6063 (NC),2,2,0.0,55.0,Alternative Supplier,Natural Disaster,Electronics
1594,TEVA PHARMACEUTICALS USA INC,HARRIS TEETER PHARMACY #6063 (NC),2,3,0.0,62.0,Alternative Supplier,Geopolitical,Consumer Goods
1595,ENDO PHARMACEUTICALS INC,HARRIS TEETER PHARMACY #3473 (WV),2,1,0.0,56.0,Production Reroute,Factory Incident,Automotive
1595,ENDO PHARMACEUTICALS INC,HARRIS TEETER PHARMACY #3473 (WV),2,2,0.0,49.0,Alternative Supplier,Factory Incident,Automotive
1595,ENDO PHARMACEUTICALS INC,HARRIS TEETER PHARMACY #3473 (WV),2,3,0.0,41.0,Alternative Supplier,Port Congestion,Electronics
1596,ABBOTT LABORATORIES,RITE AID #7348 (UT),2,1,0.0017,49.0,Alternative Supplier,Port Congestion,Consumer Goods
1596,ABBOTT LABORATORIES,RITE AID #7348 (UT),2,2,0.0017,49.0,Inventory Buffer,Natural Disaster,Electronics
1596,ABBOTT LABORATORIES,RITE AID #7348 (UT),2,3,0.0022,33.0,Inventory Buffer,Port Congestion,Consumer Goods
1597,TEVA PHARMACEUTICALS USA INC,COMMUNITY PHARMACY #3782 (NC),2,1,0.0,45.0,Alternative Supplier,Cyber Attack,Electronics
1597,TEVA PHARMACEUTICALS USA INC,COMMUNITY PHARMACY #3782 (NC),2,2,0.0,23.0,Production Reroute,Port Congestion,Electronics
1597,TEVA PHARMACEUTICALS USA INC,COMMUNITY PHARMACY #3782 (NC),2,3,0.0,69.0,Alternative Supplier,Factory Incident,Electronics
1598,SUN PHARMA GLOBAL INC,PEOPLES PHARMACY #2912 (WV),2,1,0.0,27.0,Alternative Supplier,Cyber Attack,Consumer Goods
1598,SUN PHARMA GLOBAL INC,PEOPLES PHARMACY #2912 (WV),2,2,0.0,55.0,Alternative Supplier,Natural Disaster,Electronics
1598,SUN PHARMA GLOBAL INC,PEOPLES PHARMACY #2912 (WV),2,3,0.0,62.0,Alternative Supplier,Geopolitical,Consumer Goods
1599,ABBOTT LABORATORIES,PUBLIX PHARMACY #8639 (OH),2,1,1.7338,74.0,Alternative Supplier,Cyber Attack,Automotive
1599,ABBOTT LABORATORIES,PUBLIX PHARMACY #8639 (OH),2,2,1.7771,55.0,Alternative Supplier,Natural Disaster,Electronics
1599,ABBOTT LABORATORIES,PUBLIX PHARMACY #8639 (OH),2,3,1.9606,28.0,Alternative Supplier,Natural Disaster,Electronics
1600,IMPAX LABORATORIES INC,WINN-DIXIE PHARMACY #2866 (PA),3,1,0.8823,74.0,Alternative Supplier,Cyber Attack,Automotive
1600,IMPAX LABORATORIES INC,WINN-DIXIE PHARMACY #2866 (PA),3,2,0.9256,55.0,Alternative Supplier,Natural Disaster,Electronics
1600,IMPAX LABORATORIES INC,WINN-DIXIE PHARMACY #2866 (PA),3,3,1.0486,88.0,Alternative Supplier,Natural Disaster,Automotive
1601,JANSSEN PHARMACEUTICALS INC,VILLAGE PHARMACY #9397 (NC),2,1,0.0,34.0,Alternative Supplier,Labor Strike,Consumer Goods
1601,JANSSEN PHARMACEUTICALS INC,VILLAGE PHARMACY #9397 (NC),2,2,0.0,65.0,Alternative Supplier,Port Congestion,Consumer Goods
1601,JANSSEN PHARMACEUTICALS INC,VILLAGE PHARMACY #9397 (NC),2,3,0.0,93.0,Alternative Supplier,Port Congestion,Pharmaceuticals
1602,JANSSEN PHARMACEUTICALS INC,WALMART PHARMACY #1339 (NC),2,1,0.0,30.0,Alternative Supplier,Labor Strike,Aerospace
1602,JANSSEN PHARMACEUTICALS INC,WALMART PHARMACY #1339 (NC),2,2,0.0,24.0,Alternative Supplier,Cyber Attack,Automotive
1602,JANSSEN PHARMACEUTICALS INC,WALMART PHARMACY #1339 (NC),2,3,0.0,75.0,Alternative Supplier,Port Congestion,Aerospace
1603,HIKMA PHARMACEUTICALS,KROGER PHARMACY #1010 (TX),1,1,0.0,32.0,Alternative Supplier,Factory Incident,Electronics
1603,HIKMA PHARMACEUTICALS,KROGER PHARMACY #1010 (TX),1,2,0.0,13.0,Customer Delay,Port Congestion,Electronics
1603,HIKMA PHARMACEUTICALS,KROGER PHARMACY #1010 (TX),1,3,0.0,53.0,Customer Delay,Port Congestion,Electronics
1604,RHODES TECHNOLOGIES,WINN-DIXIE PHARMACY #6849 (MD),2,1,1.7338,74.0,Alternative Supplier,Cyber Attack,Automotive
1604,RHODES TECHNOLOGIES,WINN-DIXIE PHARMACY #6849 (MD),2,2,1.7771,55.0,Alternative Supplier,Natural Disaster,Electronics
1604,RHODES TECHNOLOGIES,WINN-DIXIE PHARMACY #6849 (MD),2,3,1.9606,28.0,Alternative Supplier,Natural Disaster,Electronics
1605,ABBOTT LABORATORIES,PEOPLES PHARMACY #6990 (OH),2,1,1.7338,74.0,Alternative Supplier,Cyber Attack,Automotive
1605,ABBOTT LABORATORIES,PEOPLES PHARMACY #6990 (OH),2,2,1.7771,55.0,Alternative Supplier,Natural Disaster,Electronics
1605,ABBOTT LABORATORIES,PEOPLES PHARMACY #6990 (OH),2,3,1.9606,28.0,Alternative Supplier,Natural Disaster,Electronics
1606,IMPAX LABORATORIES INC,GOOD NEIGHBOR PHARMACY #6129 (NC),1,1,0.0,16.0,Alternative Supplier,Labor Strike,Pharmaceuticals
1606,IMPAX LABORATORIES INC,GOOD NEIGHBOR PHARMACY #6129 (NC),1,2,0.0,12.0,Alternative Supplier,Factory Incident,Consumer Goods
1606,IMPAX LABORATORIES INC,GOOD NEIGHBOR PHARMACY #6129 (NC),1,3,0.0,18.0,Alternative Supplier,Port Congestion,Aerospace
1607,MALLINCKRODT LLC,PUBLIX PHARMACY #2055 (NC),1,1,0.0,12.0,Production Reroute,Port Congestion,Automotive
1607,MALLINCKRODT LLC,PUBLIX PHARMACY #2055 (NC),1,2,0.0,40.0,Alternative Supplier,Factory Incident,Aerospace
1607,MALLINCKRODT LLC,PUBLIX PHARMACY #2055 (NC),1,3,0.0,21.0,Alternative Supplier,Port Congestion,Aerospace
1608,ABBOTT LABORATORIES,HOMETOWN PHARMACY #6387 (NC),1,1,0.0,43.0,Alternative Supplier,Geopolitical,Aerospace
1608,ABBOTT LABORATORIES,HOMETOWN PHARMACY #6387 (NC),1,2,0.0,39.0,Alternative Supplier,Factory Incident,Aerospace
1608,ABBOTT LABORATORIES,HOMETOWN PHARMACY #6387 (NC),1,3,0.0,26.0,Inventory Buffer,Cyber Attack,Automotive
1609,MYLAN PHARMACEUTICALS INC,HEALTH MART PHARMACY #6466 (NM),2,1,1.7338,74.0,Alternative Supplier,Cyber Attack,Automotive
1609,MYLAN PHARMACEUTICALS INC,HEALTH MART PHARMACY #6466 (NM),2,2,1.7771,55.0,Alternative Supplier,Natural Disaster,Electronics
1609,MYLAN PHARMACEUTICALS INC,HEALTH MART PHARMACY #6466 (NM),2,3,1.9606,28.0,Alternative Supplier,Natural Disaster,Electronics
1610,TEVA PHARMACEUTICALS USA INC,QUALITY CARE PHARMACY #3338 (WV),2,1,1.7338,74.0,Alternative Supplier,Cyber Attack,Automotive
1610,TEVA PHARMACEUTICALS USA INC,QUALITY CARE PHARMACY #3338 (WV),2,2,1.7771,55.0,Alternative Supplier,Natural Disaster,Electronics
1610,TEVA PHARMACEUTICALS USA INC,QUALITY CARE PHARMACY #3338 (WV),2,3,1.9606,28.0,Alternative Supplier,Natural Disaster,Electronics
1611,MALLINCKRODT LLC,PUBLIX PHARMACY #2055 (NC),1,1,0.0,10.0,Production Reroute,Factory Incident,Consumer Goods
1611,MALLINCKRODT LLC,PUBLIX PHARMACY #2055 (NC),1,2,0.0,24.0,Alternative Supplier,Labor Strike,Electronics
1611,MALLINCKRODT LLC,PUBLIX PHARMACY #2055 (NC),1,3,0.0,9.0,Alternative Supplier,Labor Strike,Pharmaceuticals
1612,MYLAN PHARMACEUTICALS INC,HOMETOWN PHARMACY #6387 (NC),2,1,0.0,66.0,Customer Delay,Factory Incident,Consumer Goods
1612,MYLAN PHARMACEUTICALS INC,HOMETOWN PHARMACY #6387 (NC),2,2,0.0,62.0,Alternative Supplier,Port Congestion,Aerospace
1612,MYLAN PHARMACEUTICALS INC,HOMETOWN PHARMACY #6387 (NC),2,3,0.0,30.0,Inventory Buffer,Port Congestion,Consumer Goods
1613,SUN PHARMA GLOBAL INC,WALMART PHARMACY #1339 (NC),2,1,0.0,61.0,Alternative Supplier,Port Congestion,Consumer Goods
1613,SUN PHARMA GLOBAL INC,WALMART PHARMACY #1339 (NC),2,2,0.0,64.0,Alternative Supplier,Port Congestion,Electronics
1613,SUN PHARMA GLOBAL INC,WALMART PHARMACY #1339 (NC),2,3,0.0,41.0,Alternative Supplier,Cyber Attack,Consumer Goods
1614,MALLINCKRODT LLC,PEOPLES PHARMACY #6398 (AR),1,1,0.0,49.0,Production Reroute,Port Congestion,Electronics
1614,MALLINCKRODT LLC,PEOPLES PHARMACY #6398 (AR),1,2,0.0,10.0,Alternative Supplier,Cyber Attack,Electronics
1614,MALLINCKRODT LLC,PEOPLES PHARMACY #6398 (AR),1,3,0.0,15.0,Alternative Supplier,Natural Disaster,Automotive
1615,PAR PHARMACEUTICAL INC,HOMETOWN PHARMACY #5099 (MD),1,1,0.0006,29.0,Alternative Supplier,Natural Disaster,Electronics
1615,PAR PHARMACEUTICAL INC,HOMETOWN PHARMACY #5099 (MD),1,2,0.0006,36.0,Alternative Supplier,Port Congestion,Pharmaceuticals
1615,PAR PHARMACEUTICAL INC,HOMETOWN PHARMACY #5099 (MD),1,3,0.0006,22.0,Production Reroute,Port Congestion,Consumer Goods
1616,ACTAVIS PHARMA INC,CVS PHARMACY #3742 (SD),1,1,0.0003,29.0,Alternative Supplier,Natural Disaster,Electronics
1616,ACTAVIS PHARMA INC,CVS PHARMACY #3742 (SD),1,2,0.0003,36.0,Alternative Supplier,Port Congestion,Pharmaceuticals
1616,ACTAVIS PHARMA INC,CVS PHARMACY #3742 (SD),1,3,0.0003,22.0,Production Reroute,Port Congestion,Consumer Goods
1617,ENDO PHARMACEUTICALS INC,KROGER PHARMACY #5322 (OH),1,1,0.0,17.0,Alternative Supplier,Labor Strike,Consumer Goods
1617,ENDO PHARMACEUTICALS INC,KROGER PHARMACY #5322 (OH),1,2,0.0,19.0,Alternative Supplier,Port Congestion,Electronics
1617,ENDO PHARMACEUTICALS INC,KROGER PHARMACY #5322 (OH),1,3,0.0,24.0,Inventory Buffer,Port Congestion,Automotive
1618,JANSSEN PHARMACEUTICALS INC,WINN-DIXIE PHARMACY #4694 (OH),1,1,0.0008,29.0,Alternative Supplier,Natural Disaster,Electronics
1618,JANSSEN PHARMACEUTICALS INC,WINN-DIXIE PHARMACY #4694 (OH),1,2,0.0008,36.0,Alternative Supplier,Port Congestion,Pharmaceuticals
1618,JANSSEN PHARMACEUTICALS INC,WINN-DIXIE PHARMACY #4694 (OH),1,3,0.0008,22.0,Production Reroute,Port Congestion,Consumer Goods
1619,RHODES TECHNOLOGIES,HOMETOWN PHARMACY #8152 (WV),2,1,0.003,64.0,Alternative Supplier,Cyber Attack,Automotive
1619,RHODES TECHNOLOGIES,HOMETOWN PHARMACY #8152 (WV),2,2,0.003,64.0,Alternative Supplier,Labor Strike,Electronics
1619,RHODES TECHNOLOGIES,HOMETOWN PHARMACY #8152 (WV),2,3,0.003,17.0,Alternative Supplier,Geopolitical,Pharmaceuticals
1620,AMNEAL PHARMACEUTICALS LLC,KROGER PHARMACY #1887 (KY),2,1,0.0,46.0,Customer Delay,Port Congestion,Pharmaceuticals
1620,AMNEAL PHARMACEUTICALS LLC,KROGER PHARMACY #1887 (KY),2,2,0.0,24.0,Alternative Supplier,Port Congestion,Electronics
1620,AMNEAL PHARMACEUTICALS LLC,KROGER PHARMACY #1887 (KY),2,3,0.0,40.0,Alternative Supplier,Cyber Attack,Electronics
1621,MALLINCKRODT LLC,PUBLIX PHARMACY #1528 (VA),2,1,0.0,63.0,Alternative Supplier,Port Congestion,Electronics
1621,MALLINCKRODT LLC,PUBLIX PHARMACY #1528 (VA),2,2,0.0,46.0,Alternative Supplier,Geopolitical,Automotive
1621,MALLINCKRODT LLC,PUBLIX PHARMACY #1528 (VA),2,3,0.0,74.0,Alternative Supplier,Labor Strike,Automotive
1622,JANSSEN PHARMACEUTICALS INC,WALMART PHARMACY #6240 (NC),1,1,0.0,21.0,Alternative Supplier,Labor Strike,Automotive
1622,JANSSEN PHARMACEUTICALS INC,WALMART PHARMACY #6240 (NC),1,2,0.0,9.0,Alternative Supplier,Factory Incident,Consumer Goods
1622,JANSSEN PHARMACEUTICALS INC,WALMART PHARMACY #6240 (NC),1,3,0.0,21.0,Alternative Supplier,Labor Strike,Pharmaceuticals
1623,TEVA PHARMACEUTICALS USA INC,CVS PHARMACY #8062 (AR),2,1,1.7338,74.0,Alternative Supplier,Cyber Attack,Automotive
1623,TEVA PHARMACEUTICALS USA INC,CVS PHARMACY #8062 (AR),2,2,1.7771,55.0,Alternative Supplier,Natural Disaster,Electronics
1623,TEVA PHARMACEUTICALS USA INC,CVS PHARMACY #8062 (AR),2,3,1.9606,28.0,Alternative Supplier,Natural Disaster,Electronics
1624,ENDO PHARMACEUTICALS INC,MEDICO PHARMACY #5392 (NC),1,1,0.0,26.0,Alternative Supplier,Port Congestion,Automotive
1624,ENDO PHARMACEUTICALS INC,MEDICO PHARMACY #5392 (NC),1,2,0.0,13.0,Alternative Supplier,Port Congestion,Automotive
1624,ENDO PHARMACEUTICALS INC,MEDICO PHARMACY #5392 (NC),1,3,0.0,50.0,Alternative Supplier,Port Congestion,Aerospace
1625,MYLAN PHARMACEUTICALS INC,HARRIS TEETER PHARMACY #7528 (IN),2,1,1.7338,74.0,Alternative Supplier,Cyber Attack,Automotive
1625,MYLAN PHARMACEUTICALS INC,HARRIS TEETER PHARMACY #7528 (IN),2,2,1.7771,55.0,Alternative Supplier,Natural Disaster,Electronics
1625,MYLAN PHARMACEUTICALS INC,HARRIS TEETER PHARMACY #7528 (IN),2,3,1.9606,28.0,Alternative Supplier,Natural Disaster,Electronics
1626,TEVA PHARMACEUTICALS USA INC,CORNER DRUG STORE #4406 (KY),2,1,0.0,22.0,Alternative Supplier,Geopolitical,Electronics
1626,TEVA PHARMACEUTICALS USA INC,CORNER DRUG STORE #4406 (KY),2,2,0.0,23.0,Alternative Supplier,Geopolitical,Pharmaceuticals
1626,TEVA PHARMACEUTICALS USA INC,CORNER DRUG STORE #4406 (KY),2,3,0.0,54.0,Production Reroute,Factory Incident,Consumer Goods
1627,ACTAVIS PHARMA INC,QUALITY CARE PHARMACY #3338 (WV),2,1,1.7338,74.0,Alternative Supplier,Cyber Attack,Automotive
1627,ACTAVIS PHARMA INC,QUALITY CARE PHARMACY #3338 (WV),2,2,1.7771,55.0,Alternative Supplier,Natural Disaster,Electronics
1627,ACTAVIS PHARMA INC,QUALITY CARE PHARMACY #3338 (WV),2,3,1.9606,28.0,Alternative Supplier,Natural Disaster,Electronics
1628,PURDUE PHARMA LP,PUBLIX PHARMACY #6736 (TN),2,1,0.0,64.0,Alternative Supplier,Natural Disaster,Pharmaceuticals
1628,PURDUE PHARMA LP,PUBLIX PHARMACY #6736 (TN),2,2,0.0,63.0,Production Reroute,Labor Strike,Consumer Goods
1628,PURDUE PHARMA LP,PUBLIX PHARMACY #6736 (TN),2,3,0.0,42.0,Production Reroute,Port Congestion,Electronics
1629,TEVA PHARMACEUTICALS USA INC,FAMILY CARE PHARMACY #3398 (KY),1,1,0.0,27.0,Production Reroute,Labor Strike,Pharmaceuticals
1629,TEVA PHARMACEUTICALS USA INC,FAMILY CARE PHARMACY #3398 (KY),1,2,0.0,18.0,Alternative Supplier,Labor Strike,Electronics
1629,TEVA PHARMACEUTICALS USA INC,FAMILY CARE PHARMACY #3398 (KY),1,3,0.0,16.0,Alternative Supplier,Factory Incident,Automotive
1630,PAR PHARMACEUTICAL INC,WALGREENS #3635 (NC),1,1,0.0,17.0,Alternative Supplier,Factory Incident,Automotive
1630,PAR PHARMACEUTICAL INC,WALGREENS #3635 (NC),1,2,0.0,8.0,Alternative Supplier,Factory Incident,Automotive
1630,PAR PHARMACEUTICAL INC,WALGREENS #3635 (NC),1,3,0.0,45.0,Alternative Supplier,Labor Strike,Automotive
1631,ABBOTT LABORATORIES,HARRIS TEETER PHARMACY #6758 (NC),2,1,0.0,51.0,Alternative Supplier,Labor Strike,Aerospace
1631,ABBOTT LABORATORIES,HARRIS TEETER PHARMACY #6758 (NC),2,2,0.0,50.0,Alternative Supplier,Cyber Attack,Pharmaceuticals
1631,ABBOTT LABORATORIES,HARRIS TEETER PHARMACY #6758 (NC),2,3,0.0,35.0,Alternative Supplier,Geopolitical,Electronics
1632,ACTAVIS PHARMA INC,PUBLIX PHARMACY #1697 (MI),2,1,0.0,24.0,Alternative Supplier,Factory Incident,Automotive
1632,ACTAVIS PHARMA INC,PUBLIX PHARMACY #1697 (MI),2,2,0.0,30.0,Alternative Supplier,Labor Strike,Electronics
1632,ACTAVIS PHARMA INC,PUBLIX PHARMACY #1697 (MI),2,3,0.0,76.0,Alternative Supplier,Geopolitical,Electronics
1633,MALLINCKRODT LLC,GOOD NEIGHBOR PHARMACY #6272 (NC),2,1,0.4419,23.0,Alternative Supplier,Cyber Attack,Electronics
1633,MALLINCKRODT LLC,GOOD NEIGHBOR PHARMACY #6272 (NC),2,2,0.7863,51.0,Alternative Supplier,Port Congestion,Aerospace
1633,MALLINCKRODT LLC,GOOD NEIGHBOR PHARMACY #6272 (NC),2,3,0.8567,74.0,Alternative Supplier,Cyber Attack,Automotive
1634,MALLINCKRODT LLC,PUBLIX PHARMACY #2055 (NC),2,1,0.0,64.0,Inventory Buffer,Geopolitical,Electronics
1634,MALLINCKRODT LLC,PUBLIX PHARMACY #2055 (NC),2,2,0.0,53.0,Production Reroute,Natural Disaster,Pharmaceuticals
1634,MALLINCKRODT LLC,PUBLIX PHARMACY #2055 (NC),2,3,0.0,72.0,Alternative Supplier,Labor Strike,Electronics
1635,MYLAN PHARMACEUTICALS INC,HOMETOWN PHARMACY #6387 (NC),1,1,0.0,34.0,Customer Delay,Natural Disaster,Electronics
1635,MYLAN PHARMACEUTICALS INC,HOMETOWN PHARMACY #6387 (NC),1,2,0.0,43.0,Customer Delay,Port Congestion,Automotive
1635,MYLAN PHARMACEUTICALS INC,HOMETOWN PHARMACY #6387 (NC),1,3,0.0,13.0,Alternative Supplier,Labor Strike,Automotive
1636,MYLAN PHARMACEUTICALS INC,HARRIS TEETER PHARMACY #9121 (AK),2,1,1.7338,74.0,Alternative Supplier,Cyber Attack,Automotive
1636,MYLAN PHARMACEUTICALS INC,HARRIS TEETER PHARMACY #9121 (AK),2,2,1.7771,55.0,Alternative Supplier,Natural Disaster,Electronics
1636,MYLAN PHARMACEUTICALS INC,HARRIS TEETER PHARMACY #9121 (AK),2,3,1.9606,28.0,Alternative Supplier,Natural Disaster,Electronics
1637,JANSSEN PHARMACEUTICALS INC,MEDICO PHARMACY #6767 (NC),2,1,0.0,32.0,Alternative Supplier,Natural Disaster,Pharmaceuticals
1637,JANSSEN PHARMACEUTICALS INC,MEDICO PHARMACY #6767 (NC),2,2,0.0,54.0,Inventory Buffer,Natural Disaster,Pharmaceuticals
1637,JANSSEN PHARMACEUTICALS INC,MEDICO PHARMACY #6767 (NC),2,3,0.0,67.0,Inventory Buffer,Port Congestion,Pharmaceuticals
1638,SUN PHARMA GLOBAL INC,PEOPLES PHARMACY #2912 (WV),2,1,0.0,52.0,Alternative Supplier,Natural Disaster,Pharmaceuticals
1638,SUN PHARMA GLOBAL INC,PEOPLES PHARMACY #2912 (WV),2,2,0.0,63.0,Alternative Supplier,Port Congestion,Pharmaceuticals
1638,SUN PHARMA GLOBAL INC,PEOPLES PHARMACY #2912 (WV),2,3,0.0,126.0,Production Reroute,Port Congestion,Automotive
1639,MALLINCKRODT LLC,HARRIS TEETER PHARMACY #3473 (WV),2,1,0.0,40.0,Alternative Supplier,Port Congestion,Electronics
1639,MALLINCKRODT LLC,HARRIS TEETER PHARMACY #3473 (WV),2,2,0.0,65.0,Alternative Supplier,Cyber Attack,Aerospace
1639,MALLINCKRODT LLC,HARRIS TEETER PHARMACY #3473 (WV),2,3,0.0,89.0,Production Reroute,Port Congestion,Aerospace
1640,ENDO PHARMACEUTICALS INC,HARRIS TEETER PHARMACY #3473 (WV),2,1,0.0,27.0,Inventory Buffer,Geopolitical,Aerospace
1640,ENDO PHARMACEUTICALS INC,HARRIS TEETER PHARMACY #3473 (WV),2,2,0.0,43.0,Alternative Supplier,Cyber Attack,Electronics
1640,ENDO PHARMACEUTICALS INC,HARRIS TEETER PHARMACY #3473 (WV),2,3,0.0,107.0,Alternative Supplier,Labor Strike,Aerospace
1641,TEVA PHARMACEUTICALS USA INC,PEOPLES PHARMACY #2660 (NC),2,1,0.0,48.0,Alternative Supplier,Labor Strike,Electronics
1641,TEVA PHARMACEUTICALS USA INC,PEOPLES PHARMACY #2660 (NC),2,2,0.0,36.0,Alternative Supplier,Factory Incident,Automotive
1641,TEVA PHARMACEUTICALS USA INC,PEOPLES PHARMACY #2660 (NC),2,3,0.0,12.0,Inventory Buffer,Cyber Attack,Consumer Goods
1642,JANSSEN PHARMACEUTICALS INC,QUALITY CARE PHARMACY #8199 (WV),2,1,0.0,32.0,Alternative Supplier,Natural Disaster,Pharmaceuticals
1642,JANSSEN PHARMACEUTICALS INC,QUALITY CARE PHARMACY #8199 (WV),2,2,0.0,54.0,Inventory Buffer,Natural Disaster,Pharmaceuticals
1642,JANSSEN PHARMACEUTICALS INC,QUALITY CARE PHARMACY #8199 (WV),2,3,0.0,67.0,Inventory Buffer,Port Congestion,Pharmaceuticals
1643,RHODES TECHNOLOGIES,PEOPLES PHARMACY #1608 (RI),2,1,1.7338,74.0,Alternative Supplier,Cyber Attack,Automotive
1643,RHODES TECHNOLOGIES,PEOPLES PHARMACY #1608 (RI),2,2,1.7771,55.0,Alternative Supplier,Natural Disaster,Electronics
1643,RHODES TECHNOLOGIES,PEOPLES PHARMACY #1608 (RI),2,3,1.9606,28.0,Alternative Supplier,Natural Disaster,Electronics
1644,RHODES TECHNOLOGIES,GOOD NEIGHBOR PHARMACY #5417 (HI),2,1,1.7338,74.0,Alternative Supplier,Cyber Attack,Automotive
1644,RHODES TECHNOLOGIES,GOOD NEIGHBOR PHARMACY #5417 (HI),2,2,1.7771,55.0,Alternative Supplier,Natural Disaster,Electronics
1644,RHODES TECHNOLOGIES,GOOD NEIGHBOR PHARMACY #5417 (HI),2,3,1.9606,28.0,Alternative Supplier,Natural Disaster,Electronics
1645,CADISTA PHARMACEUTICALS INC,HOMETOWN PHARMACY #7488 (TN),1,1,0.0,29.0,Alternative Supplier,Labor Strike,Pharmaceuticals
1645,CADISTA PHARMACEUTICALS INC,HOMETOWN PHARMACY #7488 (TN),1,2,0.0,20.0,Alternative Supplier,Labor Strike,Automotive
1645,CADISTA PHARMACEUTICALS INC,HOMETOWN PHARMACY #7488 (TN),1,3,0.0,42.0,Alternative Supplier,Cyber Attack,Aerospace
1646,HIKMA PHARMACEUTICALS,CVS PHARMACY #9580 (KS),3,1,0.8823,74.0,Alternative Supplier,Cyber Attack,Automotive
1646,HIKMA PHARMACEUTICALS,CVS PHARMACY #9580 (KS),3,2,0.9256,55.0,Alternative Supplier,Natural Disaster,Electronics
1646,HIKMA PHARMACEUTICALS,CVS PHARMACY #9580 (KS),3,3,1.0486,88.0,Alternative Supplier,Natural Disaster,Automotive
1647,MYLAN PHARMACEUTICALS INC,CORNER DRUG STORE #3580 (SD),2,1,1.7338,74.0,Alternative Supplier,Cyber Attack,Automotive
1647,MYLAN PHARMACEUTICALS INC,CORNER DRUG STORE #3580 (SD),2,2,1.7771,55.0,Alternative Supplier,Natural Disaster,Electronics
1647,MYLAN PHARMACEUTICALS INC,CORNER DRUG STORE #3580 (SD),2,3,1.9606,28.0,Alternative Supplier,Natural Disaster,Electronics
1648,TEVA PHARMACEUTICALS USA INC,PEOPLES PHARMACY #2660 (NC),2,1,0.0015,64.0,Alternative Supplier,Cyber Attack,Automotive
1648,TEVA PHARMACEUTICALS USA INC,PEOPLES PHARMACY #2660 (NC),2,2,0.0015,64.0,Alternative Supplier,Labor Strike,Electronics
1648,TEVA PHARMACEUTICALS USA INC,PEOPLES PHARMACY #2660 (NC),2,3,0.0015,17.0,Alternative Supplier,Geopolitical,Pharmaceuticals
1649,VINTAGE PHARMACEUTICALS LLC,VILLAGE PHARMACY #7951 (SC),2,1,0.0,91.0,Production Reroute,Geopolitical,Electronics
1649,VINTAGE PHARMACEUTICALS LLC,VILLAGE PHARMACY #7951 (SC),2,2,0.0,19.0,Alternative Supplier,Natural Disaster,Electronics
1649,VINTAGE PHARMACEUTICALS LLC,VILLAGE PHARMACY #7951 (SC),2,3,0.0,21.0,Alternative Supplier,Natural Disaster,Consumer Goods
1650,MALLINCKRODT LLC,VILLAGE PHARMACY #4138 (MN),2,1,0.0,40.0,Alternative Supplier,Geopolitical,Consumer Goods
1650,MALLINCKRODT LLC,VILLAGE PHARMACY #4138 (MN),2,2,0.0001,42.0,Production Reroute,Port Congestion,Automotive
1650,MALLINCKRODT LLC,VILLAGE PHARMACY #4138 (MN),2,3,0.0003,31.0,Alternative Supplier,Factory Incident,Electronics
1651,PURDUE PHARMA LP,HARRIS TEETER PHARMACY #6352 (IA),1,1,0.0,48.0,Inventory Buffer,Port Congestion,Consumer Goods
1651,PURDUE PHARMA LP,HARRIS TEETER PHARMACY #6352 (IA),1,2,0.0,28.0,Alternative Supplier,Geopolitical,Electronics
1651,PURDUE PHARMA LP,HARRIS TEETER PHARMACY #6352 (IA),1,3,0.0,43.0,Inventory Buffer,Labor Strike,Electronics
1652,SUN PHARMA GLOBAL INC,CVS PHARMACY #9932 (PA),2,1,1.7338,74.0,Alternative Supplier,Cyber Attack,Automotive
1652,SUN PHARMA GLOBAL INC,CVS PHARMACY #9932 (PA),2,2,1.7771,55.0,Alternative Supplier,Natural Disaster,Electronics
1652,SUN PHARMA GLOBAL INC,CVS PHARMACY #9932 (PA),2,3,1.9606,28.0,Alternative Supplier,Natural Disaster,Electronics
1653,TEVA PHARMACEUTICALS USA INC,HARRIS TEETER PHARMACY #6063 (NC),2,1,0.0,64.0,Alternative Supplier,Cyber Attack,Automotive
1653,TEVA PHARMACEUTICALS USA INC,HARRIS TEETER PHARMACY #6063 (NC),2,2,0.0,64.0,Alternative Supplier,Labor Strike,Electronics
1653,TEVA PHARMACEUTICALS USA INC,HARRIS TEETER PHARMACY #6063 (NC),2,3,0.0,17.0,Alternative Supplier,Geopolitical,Pharmaceuticals
1654,TEVA PHARMACEUTICALS USA INC,COMMUNITY PHARMACY #3782 (NC),1,1,0.0,32.0,Alternative Supplier,Port Congestion,Aerospace
1654,TEVA PHARMACEUTICALS USA INC,COMMUNITY PHARMACY #3782 (NC),1,2,0.0,18.0,Alternative Supplier,Port Congestion,Aerospace
1654,TEVA PHARMACEUTICALS USA INC,COMMUNITY PHARMACY #3782 (NC),1,3,0.0,22.0,Alternative Supplier,Natural Disaster,Aerospace
1655,WATSON LABORATORIES INC,VILLAGE PHARMACY #1377 (VA),1,1,0.0,8.0,Alternative Supplier,Natural Disaster,Pharmaceuticals
1655,WATSON LABORATORIES INC,VILLAGE PHARMACY #1377 (VA),1,2,0.0,22.0,Alternative Supplier,Port Congestion,Automotive
1655,WATSON LABORATORIES INC,VILLAGE PHARMACY #1377 (VA),1,3,0.0,45.0,Alternative Supplier,Port Congestion,Pharmaceuticals
1656,ENDO PHARMACEUTICALS INC,HARRIS TEETER PHARMACY #3473 (WV),1,1,0.0,15.0,Alternative Supplier,Labor Strike,Electronics
1656,ENDO PHARMACEUTICALS INC,HARRIS TEETER PHARMACY #3473 (WV),1,2,0.0,11.0,Alternative Supplier,Port Congestion,Electronics
1656,ENDO PHARMACEUTICALS INC,HARRIS TEETER PHARMACY #3473 (WV),1,3,0.0,18.0,Alternative Supplier,Port Congestion,Pharmaceuticals
1657,AMNEAL PHARMACEUTICALS LLC,RITE AID #9075 (AR),2,1,1.7338,74.0,Alternative Supplier,Cyber Attack,Automotive
1657,AMNEAL PHARMACEUTICALS LLC,RITE AID #9075 (AR),2,2,1.7771,55.0,Alternative Supplier,Natural Disaster,Electronics
1657,AMNEAL PHARMACEUTICALS LLC,RITE AID #9075 (AR),2,3,1.9606,28.0,Alternative Supplier,Natural Disaster,Electronics
1658,QUALITEST PHARMACEUTICALS,PEOPLES PHARMACY #2912 (WV),2,1,0.0,17.0,Alternative Supplier,Factory Incident,Automotive
1658,QUALITEST PHARMACEUTICALS,PEOPLES PHARMACY #2912 (WV),2,2,0.0,27.0,Alternative Supplier,Port Congestion,Automotive
1658,QUALITEST PHARMACEUTICALS,PEOPLES PHARMACY #2912 (WV),2,3,0.0,54.0,Alternative Supplier,Cyber Attack,Electronics
1659,IMPAX LABORATORIES INC,WALGREENS #8041 (NY),3,1,0.8823,74.0,Alternative Supplier,Cyber Attack,Automotive
1659,IMPAX LABORATORIES INC,WALGREENS #8041 (NY),3,2,0.9256,55.0,Alternative Supplier,Natural Disaster,Electronics
1659,IMPAX LABORATORIES INC,WALGREENS #8041 (NY),3,3,1.0486,88.0,Alternative Supplier,Natural Disaster,Automotive
1660,LANNETT COMPANY INC,SUNRISE PHARMACY #5914 (NJ),1,1,0.0017,29.0,Alternative Supplier,Natural Disaster,Electronics
1660,LANNETT COMPANY INC,SUNRISE PHARMACY #5914 (NJ),1,2,0.0017,36.0,Alternative Supplier,Port Congestion,Pharmaceuticals
1660,LANNETT COMPANY INC,SUNRISE PHARMACY #5914 (NJ),1,3,0.0017,22.0,Production Reroute,Port Congestion,Consumer Goods
1661,SANDOZ INC,WALGREENS #3635 (NC),1,1,0.0,17.0,Alternative Supplier,Labor Strike,Automotive
1661,SANDOZ INC,WALGREENS #3635 (NC),1,2,0.0,19.0,Alternative Supplier,Port Congestion,Consumer Goods
1661,SANDOZ INC,WALGREENS #3635 (NC),1,3,0.0,8.0,Production Reroute,Port Congestion,Electronics
1662,PAR PHARMACEUTICAL INC,FAMILY CARE PHARMACY #6977 (NC),2,1,0.3426,23.0,Alternative Supplier,Cyber Attack,Electronics
1662,PAR PHARMACEUTICAL INC,FAMILY CARE PHARMACY #6977 (NC),2,2,0.6518,51.0,Alternative Supplier,Port Congestion,Aerospace
1662,PAR PHARMACEUTICAL INC,FAMILY CARE PHARMACY #6977 (NC),2,3,0.8174,33.0,Inventory Buffer,Port Congestion,Consumer Goods
1663,SANDOZ INC,SUNRISE PHARMACY #7243 (WV),2,1,0.0,64.0,Inventory Buffer,Geopolitical,Electronics
1663,SANDOZ INC,SUNRISE PHARMACY #7243 (WV),2,2,0.0,53.0,Production Reroute,Natural Disaster,Pharmaceuticals
1663,SANDOZ INC,SUNRISE PHARMACY #7243 (WV),2,3,0.0,72.0,Alternative Supplier,Labor Strike,Electronics
