date,manufacturer,distributor,retailer,retailer_state,quantity,z_quantity,flag_volume,flag_frequency,flag_surge,flag_concentration,flag_iforest,iforest_score,anomaly_score,ensemble_proba,days_Alternative_Supplier,days_Combined_Strategy,days_Customer_Delay,days_Inventory_Buffer,days_Production_Reroute,predicted_recovery_days,recommended_strategy,predicted_response_strategy
2012-08-15,RHODES TECHNOLOGIES,MIAMI-LUKEN INC,TUG VALLEY PHARMACY #1 (WV),WV,44014,169.642178775714,True,False,False,True,True,0.7859479358168779,3,0.998517719462754,,87.2,95.2,64.0,83.0,64.0,Inventory Buffer,Inventory Buffer
2013-02-21,ABBOTT LABORATORIES,CARDINAL HEALTH INC,HARRIS TEETER PHARMACY #6758 (NC),NC,20000,76.55470120059356,True,True,False,False,True,0.7460505837616614,3,0.9985047352375448,64.7,119.4,128.3,36.7,54.9,36.7,Inventory Buffer,Inventory Buffer
2010-09-26,RHODES TECHNOLOGIES,MIAMI-LUKEN INC,TUG VALLEY PHARMACY #1 (WV),WV,40642,156.5710130230986,True,False,False,True,True,0.7859479358168779,3,0.998495510015952,,87.2,95.2,64.0,83.0,64.0,Inventory Buffer,Inventory Buffer
2014-06-29,RHODES TECHNOLOGIES,MIAMI-LUKEN INC,TUG VALLEY PHARMACY #1 (WV),WV,48796,188.1790455102949,True,False,False,True,True,0.7859479358168779,3,0.998495268595058,,87.2,95.2,64.0,83.0,64.0,Inventory Buffer,Inventory Buffer
2009-12-05,HIKMA PHARMACEUTICALS,MIAMI-LUKEN INC,TUG VALLEY PHARMACY #1 (WV),WV,27495,105.60819684586411,True,False,False,True,True,0.7732887158102155,3,0.9984862468570014,,87.2,95.2,64.0,83.0,64.0,Inventory Buffer,Inventory Buffer
2009-06-15,HIKMA PHARMACEUTICALS,MIAMI-LUKEN INC,TUG VALLEY PHARMACY #1 (WV),WV,36434,140.25919051805542,True,False,False,True,True,0.782763833443506,3,0.998437587485588,,87.2,95.2,64.0,83.0,64.0,Inventory Buffer,Inventory Buffer
2012-02-06,RHODES TECHNOLOGIES,MIAMI-LUKEN INC,TUG VALLEY PHARMACY #1 (WV),WV,39545,152.31862013145593,True,False,False,True,True,0.782763833443506,3,0.9984118644173664,,87.2,95.2,64.0,83.0,64.0,Inventory Buffer,Inventory Buffer
2009-05-16,TEVA PHARMACEUTICALS USA INC,MIAMI-LUKEN INC,PEOPLES PHARMACY #2660 (NC),NC,20000,76.55470120059356,True,True,False,False,True,0.7455459868672627,3,0.998379927820409,64.7,119.4,128.3,36.7,54.9,36.7,Inventory Buffer,Inventory Buffer
2012-09-16,HIKMA PHARMACEUTICALS,MIAMI-LUKEN INC,TUG VALLEY PHARMACY #1 (WV),WV,27033,103.81730758794352,True,False,False,True,True,0.774859899521032,3,0.9983757809543756,,87.2,95.2,64.0,83.0,64.0,Inventory Buffer,Inventory Buffer
2014-09-09,TEVA PHARMACEUTICALS USA INC,MIAMI-LUKEN INC,TUG VALLEY PHARMACY #1 (WV),WV,27899,107.17425585062588,True,False,False,True,True,0.7607266453981751,3,0.9983088446353788,,87.2,95.2,64.0,83.0,64.0,Inventory Buffer,Inventory Buffer
2011-02-21,RHODES TECHNOLOGIES,MIAMI-LUKEN INC,TUG VALLEY PHARMACY #1 (WV),WV,37454,144.21310186671133,True,False,False,True,True,0.7854163540498982,3,0.9981690326960044,,87.2,95.2,64.0,83.0,64.0,Inventory Buffer,Inventory Buffer
2008-12-04,SANDOZ INC,MORRIS & DICKSON CO LLC,SUNRISE PHARMACY #7243 (WV),WV,20000,76.55470120059356,True,True,False,False,True,0.7430281170992329,3,0.9981450574869344,60.7,81.8,123.8,34.4,64.9,34.4,Inventory Buffer,Inventory Buffer
2009-07-26,HIKMA PHARMACEUTICALS,MIAMI-LUKEN INC,TUG VALLEY PHARMACY #1 (WV),WV,43738,168.5722968813718,True,False,True,True,True,0.7886112462640847,4,0.99813591998329,,126.1,150.3,102.6,127.0,102.6,Inventory Buffer,Inventory Buffer
2010-08-08,RHODES TECHNOLOGIES,MIAMI-LUKEN INC,TUG VALLEY PHARMACY #1 (WV),WV,42706,164.57186892861407,True,False,True,True,True,0.7902135626033302,4,0.9979762490412776,,126.1,150.3,102.6,127.0,102.6,Inventory Buffer,Inventory Buffer
2009-01-02,ENDO PHARMACEUTICALS INC,MIAMI-LUKEN INC,TUG VALLEY PHARMACY #1 (WV),WV,42615,164.21911801417517,True,False,False,True,True,0.7731802164540202,3,0.9979622067337368,,87.2,95.2,64.0,83.0,64.0,Inventory Buffer,Inventory Buffer
2014-06-12,TEVA PHARMACEUTICALS USA INC,MIAMI-LUKEN INC,TUG VALLEY PHARMACY #1 (WV),WV,45435,175.1505199781062,True,False,False,True,True,0.7731802164540202,3,0.9979609904653932,,87.2,95.2,64.0,83.0,64.0,Inventory Buffer,Inventory Buffer
2010-04-16,TEVA PHARMACEUTICALS USA INC,MIAMI-LUKEN INC,TUG VALLEY PHARMACY #1 (WV),WV,28446,109.29463772093447,True,False,False,True,True,0.7596979470827725,3,0.9979434021215902,,87.2,95.2,64.0,83.0,64.0,Inventory Buffer,Inventory Buffer
2013-07-30,RHODES TECHNOLOGIES,MIAMI-LUKEN INC,TUG VALLEY PHARMACY #1 (WV),WV,19123,73.15511271748451,True,False,False,True,True,0.7598045544899554,3,0.9978886693577712,,87.2,95.2,64.0,83.0,64.0,Inventory Buffer,Inventory Buffer
2011-07-05,PAR PHARMACEUTICAL INC,MIAMI-LUKEN INC,TUG VALLEY PHARMACY #1 (WV),WV,41599,160.28071220021988,True,False,False,True,True,0.7773765481596736,3,0.9977361084459264,,87.2,95.2,64.0,83.0,64.0,Inventory Buffer,Inventory Buffer
2006-04-01,SUN PHARMA GLOBAL INC,MIAMI-LUKEN INC,TUG VALLEY PHARMACY #1 (WV),WV,30910,118.8460470965111,True,False,False,True,True,0.7557378624797285,3,0.9977109260100906,,87.2,95.2,64.0,83.0,64.0,Inventory Buffer,Inventory Buffer
2012-03-23,TEVA PHARMACEUTICALS USA INC,MIAMI-LUKEN INC,TUG VALLEY PHARMACY #1 (WV),WV,29199,112.2135546283246,True,False,False,True,True,0.7648553870207428,3,0.9976993994747289,,87.2,95.2,64.0,83.0,64.0,Inventory Buffer,Inventory Buffer
2010-01-08,TEVA PHARMACEUTICALS USA INC,MIAMI-LUKEN INC,TUG VALLEY PHARMACY #1 (WV),WV,42333,163.12597781778206,True,False,False,True,True,0.7752755431279743,3,0.997686556432541,,87.2,95.2,64.0,83.0,64.0,Inventory Buffer,Inventory Buffer
2011-07-13,RHODES TECHNOLOGIES,MIAMI-LUKEN INC,TUG VALLEY PHARMACY #1 (WV),WV,25414,97.54144241787108,True,False,True,True,True,0.7774856363815418,4,0.9976844019320238,,126.1,150.3,102.6,127.0,102.6,Inventory Buffer,Inventory Buffer
2012-02-28,HIKMA PHARMACEUTICALS,MIAMI-LUKEN INC,TUG VALLEY PHARMACY #1 (WV),WV,33675,129.56424795830873,True,False,True,True,True,0.7902135626033302,4,0.9975969596375444,,126.1,150.3,102.6,127.0,102.6,Inventory Buffer,Inventory Buffer
2011-02-24,PAR PHARMACEUTICAL INC,MIAMI-LUKEN INC,TUG VALLEY PHARMACY #1 (WV),WV,47780,184.2406396963396,True,False,False,True,True,0.7758002614394625,3,0.997582285073718,,87.2,95.2,64.0,83.0,64.0,Inventory Buffer,Inventory Buffer
2014-01-02,QUALITEST PHARMACEUTICALS,MIAMI-LUKEN INC,TUG VALLEY PHARMACY #1 (WV),WV,32232,123.97062631506316,True,False,False,True,True,0.7562493573909803,3,0.9975666145796906,,87.2,95.2,64.0,83.0,64.0,Inventory Buffer,Inventory Buffer
2010-12-14,PAR PHARMACEUTICAL INC,MIAMI-LUKEN INC,TUG VALLEY PHARMACY #1 (WV),WV,24786,95.10707346987508,True,False,False,True,True,0.7555970456732687,3,0.99750374001107,,87.2,95.2,64.0,83.0,64.0,Inventory Buffer,Inventory Buffer
2012-10-12,IMPAX LABORATORIES INC,MIAMI-LUKEN INC,TUG VALLEY PHARMACY #1 (WV),WV,29523,113.4695029390741,True,False,False,True,True,0.762971837619088,3,0.9974719963755924,,87.2,95.2,64.0,83.0,64.0,Inventory Buffer,Inventory Buffer
2011-03-25,WATSON LABORATORIES INC,MIAMI-LUKEN INC,TUG VALLEY PHARMACY #1 (WV),WV,27497,105.61594961321444,True,False,False,True,True,0.7583400074421979,3,0.9974577379702873,,87.2,95.2,64.0,83.0,64.0,Inventory Buffer,Inventory Buffer
2007-03-02,JANSSEN PHARMACEUTICALS INC,MIAMI-LUKEN INC,TUG VALLEY PHARMACY #1 (WV),WV,46127,177.83297748131196,True,False,False,True,True,0.7665522675799279,3,0.9973802049299312,,87.2,95.2,64.0,83.0,64.0,Inventory Buffer,Inventory Buffer
2011-03-19,HIKMA PHARMACEUTICALS,MIAMI-LUKEN INC,TUG VALLEY PHARMACY #1 (WV),WV,15063,57.416994996363954,True,False,False,True,True,0.7430281170992329,3,0.9973776989017038,,87.2,95.2,64.0,83.0,64.0,Inventory Buffer,Inventory Buffer
2007-06-30,RHODES TECHNOLOGIES,BURLINGTON DRUG COMPANY INC,QUALITY CARE PHARMACY #9423 (NM),NM,32424,124.71489198069251,True,False,False,True,True,0.7526761498497847,3,0.9972982787133566,,87.2,95.2,64.0,83.0,64.0,Inventory Buffer,Inventory Buffer
2012-03-17,ABBOTT LABORATORIES,MIAMI-LUKEN INC,TUG VALLEY PHARMACY #1 (WV),WV,45427,175.11950890870497,True,False,False,True,True,0.7665522675799279,3,0.997291960639326,,87.2,95.2,64.0,83.0,64.0,Inventory Buffer,Inventory Buffer
2012-02-23,PURDUE PHARMA LP,MIAMI-LUKEN INC,TUG VALLEY PHARMACY #1 (WV),WV,40520,156.09809421472994,True,False,False,True,True,0.7670710818454844,3,0.9972755323738162,,87.2,95.2,64.0,83.0,64.0,Inventory Buffer,Inventory Buffer
2010-02-13,ENDO PHARMACEUTICALS INC,MIAMI-LUKEN INC,TUG VALLEY PHARMACY #1 (WV),WV,18516,70.80214782666673,True,False,False,True,True,0.7404148492854443,3,0.9972451853460944,,87.2,95.2,64.0,83.0,64.0,Inventory Buffer,Inventory Buffer
2013-06-12,SANDOZ INC,MIAMI-LUKEN INC,TUG VALLEY PHARMACY #1 (WV),WV,34184,131.53732724896153,True,False,False,True,True,0.7598395281535228,3,0.9972399842376152,,87.2,95.2,64.0,83.0,64.0,Inventory Buffer,Inventory Buffer
2014-04-04,WATSON LABORATORIES INC,MIAMI-LUKEN INC,TUG VALLEY PHARMACY #1 (WV),WV,18075,69.09266262592432,True,False,False,True,True,0.7385914876800823,3,0.997230832768174,,87.2,95.2,64.0,83.0,64.0,Inventory Buffer,Inventory Buffer
2014-02-12,WATSON LABORATORIES INC,MIAMI-LUKEN INC,TUG VALLEY PHARMACY #1 (WV),WV,42824,165.0292822022821,True,False,False,True,True,0.7732887158102155,3,0.9972232520190716,,87.2,95.2,64.0,83.0,64.0,Inventory Buffer,Inventory Buffer
2011-07-26,RHODES TECHNOLOGIES,MIAMI-LUKEN INC,TUG VALLEY PHARMACY #1 (WV),WV,19680,75.31425842454465,True,False,True,True,True,0.768074409714999,4,0.9972190156397126,,126.1,150.3,102.6,127.0,102.6,Inventory Buffer,Inventory Buffer
2007-09-10,VINTAGE PHARMACEUTICALS LLC,MIAMI-LUKEN INC,TUG VALLEY PHARMACY #1 (WV),WV,37407,144.03091183397913,True,False,False,True,True,0.7567611984897891,3,0.9972046410709986,,87.2,95.2,64.0,83.0,64.0,Inventory Buffer,Inventory Buffer
2008-04-16,TEVA PHARMACEUTICALS USA INC,ANDA INC,CVS PHARMACY #9401 (NY),NY,20000,76.55470120059356,True,False,False,True,True,0.737513653881001,3,0.997201701179862,,96.9,113.3,73.3,87.2,73.3,Inventory Buffer,Inventory Buffer
2012-04-27,MYLAN PHARMACEUTICALS INC,MORRIS & DICKSON CO LLC,SUNRISE PHARMACY #7243 (WV),WV,25432,97.6112173240238,True,False,False,False,True,0.7410199451053449,2,0.997201660668796,36.4,49.6,99.2,18.5,33.6,18.5,Inventory Buffer,Inventory Buffer
2011-08-12,MYLAN PHARMACEUTICALS INC,MIAMI-LUKEN INC,TUG VALLEY PHARMACY #1 (WV),WV,30322,116.56673349552123,True,False,False,True,True,0.7562493573909803,3,0.9971916391280125,,87.2,95.2,64.0,83.0,64.0,Inventory Buffer,Inventory Buffer
2011-12-14,SANDOZ INC,MIAMI-LUKEN INC,TUG VALLEY PHARMACY #1 (WV),WV,37090,142.8020982089557,True,False,False,True,True,0.7634467426675454,3,0.9971789757264282,,87.2,95.2,64.0,83.0,64.0,Inventory Buffer,Inventory Buffer
2008-09-13,VINTAGE PHARMACEUTICALS LLC,MIAMI-LUKEN INC,TUG VALLEY PHARMACY #1 (WV),WV,35970,138.4605484927845,True,False,False,True,True,0.7567611984897891,3,0.9971440866525562,,87.2,95.2,64.0,83.0,64.0,Inventory Buffer,Inventory Buffer
2007-12-18,SUN PHARMA GLOBAL INC,GULF COAST MEDICAL SUPPLY,HOMETOWN PHARMACY #8469 (NC),NC,20000,76.55470120059356,True,False,False,False,True,0.7199981045329825,2,0.9971354682321552,65.7,72.0,108.5,40.5,70.5,40.5,Inventory Buffer,Inventory Buffer
2012-01-22,QUALITEST PHARMACEUTICALS,MIAMI-LUKEN INC,TUG VALLEY PHARMACY #1 (WV),WV,32907,126.58718529579131,True,False,False,True,True,0.7562493573909803,3,0.9971015037059784,,87.2,95.2,64.0,83.0,64.0,Inventory Buffer,Inventory Buffer
2012-06-30,HIKMA PHARMACEUTICALS,MIAMI-LUKEN INC,TUG VALLEY PHARMACY #1 (WV),WV,31502,121.1408662322016,True,False,True,True,True,0.7923550498279215,4,0.9970718248393994,,126.1,150.3,102.6,127.0,102.6,Inventory Buffer,Inventory Buffer
2012-03-17,PAR PHARMACEUTICAL INC,MIAMI-LUKEN INC,TUG VALLEY PHARMACY #1 (WV),WV,23793,91.25782448044828,True,False,False,True,True,0.7566201910048995,3,0.9970317179964104,,87.2,95.2,64.0,83.0,64.0,Inventory Buffer,Inventory Buffer
2012-04-25,ENDO PHARMACEUTICALS INC,MIAMI-LUKEN INC,TUG VALLEY PHARMACY #1 (WV),WV,36151,139.16217393798718,True,False,True,True,True,0.7722430303408213,4,0.9969858999405224,,126.1,150.3,102.6,127.0,102.6,Inventory Buffer,Inventory Buffer
2008-07-27,IMPAX LABORATORIES INC,AMERISOURCEBERGEN DRUG CORP,PEOPLES PHARMACY #4809 (WV),WV,20000,76.55470120059356,True,False,False,False,True,0.7231888808744437,2,0.9969688058436044,36.4,49.6,99.2,18.5,33.6,18.5,Inventory Buffer,Inventory Buffer
2012-11-19,TEVA PHARMACEUTICALS USA INC,MIAMI-LUKEN INC,TUG VALLEY PHARMACY #1 (WV),WV,29281,112.53141808968712,True,False,True,True,True,0.768074409714999,4,0.99693436465986,,126.1,150.3,102.6,127.0,102.6,Inventory Buffer,Inventory Buffer
2010-01-30,PURDUE PHARMA LP,CARDINAL HEALTH INC,COMMUNITY PHARMACY #9436 (WV),WV,20000,76.55470120059356,True,True,False,False,True,0.7289820806740938,3,0.9969302055640514,64.7,119.4,128.3,36.7,54.9,36.7,Inventory Buffer,Inventory Buffer
2011-11-24,TEVA PHARMACEUTICALS USA INC,MIAMI-LUKEN INC,CVS PHARMACY #6466 (KY),KY,20000,76.55470120059356,True,True,True,False,True,0.7505020349738644,4,0.9968953991267998,114.3,184.1,207.2,106.1,124.9,106.1,Inventory Buffer,Inventory Buffer
2011-07-30,ABBOTT LABORATORIES,HD SMITH WHOLESALE DRUG CO,CVS PHARMACY #3187 (KY),KY,20000,76.55470120059356,True,True,False,False,True,0.73450144876418,3,0.9968539052642794,92.0,104.3,133.7,55.9,101.8,55.9,Inventory Buffer,Inventory Buffer
2008-08-20,ABBOTT LABORATORIES,KINRAY LLC,HOMETOWN PHARMACY #5447 (MD),MD,20000,76.55470120059356,True,False,False,True,True,0.7340289707880144,3,0.9968436964069188,,87.2,95.2,64.0,83.0,64.0,Inventory Buffer,Inventory Buffer
2011-05-08,ACTAVIS PHARMA INC,MIAMI-LUKEN INC,TUG VALLEY PHARMACY #1 (WV),WV,28851,110.8645731093714,True,False,False,True,True,0.7530798938427006,3,0.9967935230175764,,87.2,95.2,64.0,83.0,64.0,Inventory Buffer,Inventory Buffer
2012-02-05,HIKMA PHARMACEUTICALS,MIAMI-LUKEN INC,TUG VALLEY PHARMACY #1 (WV),WV,21382,81.91186343965478,True,False,True,True,True,0.7743358172303634,4,0.996788861143504,,126.1,150.3,102.6,127.0,102.6,Inventory Buffer,Inventory Buffer
2012-07-30,LANNETT COMPANY INC,MIAMI-LUKEN INC,TUG VALLEY PHARMACY #1 (WV),WV,26044,99.98356413321736,True,False,False,True,True,0.755226713521887,3,0.9967743212866524,,87.2,95.2,64.0,83.0,64.0,Inventory Buffer,Inventory Buffer
2014-07-06,QUALITEST PHARMACEUTICALS,GULF COAST MEDICAL SUPPLY,SUNRISE PHARMACY #3108 (NM),NM,20000,76.55470120059356,True,False,False,True,True,0.7330363746034663,3,0.9967677829641542,,136.3,149.4,112.0,148.0,112.0,Inventory Buffer,Inventory Buffer
2009-02-23,MYLAN PHARMACEUTICALS INC,CARDINAL HEALTH INC,HOMETOWN PHARMACY #8919 (KY),KY,20000,76.55470120059356,True,False,False,False,True,0.7195833476450232,2,0.9967213342045296,40.9,86.5,103.5,15.6,22.2,15.6,Inventory Buffer,Inventory Buffer
2009-10-21,MALLINCKRODT LLC,MIAMI-LUKEN INC,TUG VALLEY PHARMACY #1 (WV),WV,42827,165.04091135330756,True,False,False,True,True,0.7655156915232094,3,0.996716491843706,,87.2,95.2,64.0,83.0,64.0,Inventory Buffer,Inventory Buffer
2012-08-11,PAR PHARMACEUTICAL INC,MIAMI-LUKEN INC,TUG VALLEY PHARMACY #1 (WV),WV,40103,154.48164222219123,True,False,True,True,True,0.7753843365185877,4,0.996714225916194,,126.1,150.3,102.6,127.0,102.6,Inventory Buffer,Inventory Buffer
2009-12-24,PURDUE PHARMA LP,MIAMI-LUKEN INC,TUG VALLEY PHARMACY #1 (WV),WV,37015,142.51136943331923,True,False,False,True,True,0.7613833855318353,3,0.996683070143678,,87.2,95.2,64.0,83.0,64.0,Inventory Buffer,Inventory Buffer
2013-10-23,HIKMA PHARMACEUTICALS,MIAMI-LUKEN INC,TUG VALLEY PHARMACY #1 (WV),WV,18947,72.4728691906576,True,False,True,True,True,0.7691144505028038,4,0.9966667461570594,,126.1,150.3,102.6,127.0,102.6,Inventory Buffer,Inventory Buffer
2009-06-22,PAR PHARMACEUTICAL INC,MIAMI-LUKEN INC,TUG VALLEY PHARMACY #1 (WV),WV,17242,65.86363502452201,True,False,False,True,True,0.7419192392069047,3,0.9966472464911564,,87.2,95.2,64.0,83.0,64.0,Inventory Buffer,Inventory Buffer
2012-09-12,QUALITEST PHARMACEUTICALS,MIAMI-LUKEN INC,TUG VALLEY PHARMACY #1 (WV),WV,42642,164.3237803734043,True,False,False,True,True,0.7691144505028038,3,0.99662309360915,,87.2,95.2,64.0,83.0,64.0,Inventory Buffer,Inventory Buffer
2013-11-25,PAR PHARMACEUTICAL INC,VALUEDRUGCO,PUBLIX PHARMACY #7101 (VA),VA,20000,76.55470120059356,True,False,False,False,True,0.7197718809952445,2,0.996618165828058,65.7,72.0,108.5,40.5,70.5,40.5,Inventory Buffer,Inventory Buffer
2014-04-07,ACTAVIS PHARMA INC,CARDINAL HEALTH INC,KROGER PHARMACY #6614 (PA),PA,20000,76.55470120059356,True,False,False,False,True,0.7183123992803919,2,0.9966148670328386,40.9,86.5,103.5,15.6,22.2,15.6,Inventory Buffer,Inventory Buffer
2010-04-03,ABBOTT LABORATORIES,MIAMI-LUKEN INC,TUG VALLEY PHARMACY #1 (WV),WV,24829,95.27375796790665,True,False,False,True,True,0.7531855725472337,3,0.9965835290429508,,87.2,95.2,64.0,83.0,64.0,Inventory Buffer,Inventory Buffer
2012-12-27,TEVA PHARMACEUTICALS USA INC,PENN PHARMACEUTICAL SERVICES INC,MEDICO PHARMACY #5137 (MN),MN,36051,138.7745355704719,True,False,False,True,True,0.7555706684639695,3,0.996569190352706,,96.9,113.3,73.3,87.2,73.3,Inventory Buffer,Inventory Buffer
2011-12-16,SUN PHARMA GLOBAL INC,MIAMI-LUKEN INC,TUG VALLEY PHARMACY #1 (WV),WV,42414,163.43996489546944,True,False,True,True,True,0.7691144505028038,4,0.9965634999899736,,126.1,150.3,102.6,127.0,102.6,Inventory Buffer,Inventory Buffer
2013-01-28,VINTAGE PHARMACEUTICALS LLC,MIAMI-LUKEN INC,TUG VALLEY PHARMACY #1 (WV),WV,33893,130.40929959949204,True,False,False,True,True,0.7613833855318353,3,0.9965043575958444,,87.2,95.2,64.0,83.0,64.0,Inventory Buffer,Inventory Buffer
2008-08-12,MALLINCKRODT LLC,MORRIS & DICKSON CO LLC,HARRIS TEETER PHARMACY #6283 (CA),CA,20000,76.55470120059356,True,False,False,False,True,0.7259266678118148,2,0.9964821891083668,36.4,49.6,99.2,18.5,33.6,18.5,Inventory Buffer,Inventory Buffer
2008-11-06,MALLINCKRODT LLC,CARDINAL HEALTH INC,HOMETOWN PHARMACY #6387 (NC),NC,20000,76.55470120059356,True,False,False,False,True,0.7147311782561159,2,0.9964746835038856,40.9,86.5,103.5,15.6,22.2,15.6,Inventory Buffer,Inventory Buffer
2009-08-08,RHODES TECHNOLOGIES,HD SMITH WHOLESALE DRUG CO,QUALITY CARE PHARMACY #6294 (VA),VA,20000,76.55470120059356,True,False,False,False,True,0.7226997466638476,2,0.9964697005464104,65.7,72.0,108.5,40.5,70.5,40.5,Inventory Buffer,Inventory Buffer
2014-03-13,MALLINCKRODT LLC,MIAMI-LUKEN INC,TUG VALLEY PHARMACY #1 (WV),WV,47495,183.13587034892103,True,False,False,True,True,0.7660338042182818,3,0.9964648172911164,,87.2,95.2,64.0,83.0,64.0,Inventory Buffer,Inventory Buffer
2008-11-12,LANNETT COMPANY INC,MIAMI-LUKEN INC,TUG VALLEY PHARMACY #1 (WV),WV,44953,173.28210304668252,True,False,False,True,True,0.7660338042182818,3,0.9964342001425092,,87.2,95.2,64.0,83.0,64.0,Inventory Buffer,Inventory Buffer
2011-09-05,IMPAX LABORATORIES INC,MIAMI-LUKEN INC,TUG VALLEY PHARMACY #1 (WV),WV,16159,61.66551150433147,True,False,False,True,True,0.7335082136677428,3,0.996427934026925,,87.2,95.2,64.0,83.0,64.0,Inventory Buffer,Inventory Buffer
2007-06-02,PURDUE PHARMA LP,KEYSOURCE MEDICAL INC,HOMETOWN PHARMACY #8707 (WV),WV,20000,76.55470120059356,True,False,False,False,True,0.7112827469184325,2,0.9964252969509552,40.9,86.5,103.5,15.6,22.2,15.6,Inventory Buffer,Inventory Buffer
2008-04-16,PURDUE PHARMA LP,HENRY SCHEIN INC,HARRIS TEETER PHARMACY #1358 (CA),CA,20000,76.55470120059356,True,False,False,True,True,0.7272840021933846,3,0.9963669032769156,,96.9,113.3,73.3,87.2,73.3,Inventory Buffer,Inventory Buffer
2008-06-01,ABBOTT LABORATORIES,BURLINGTON DRUG COMPANY INC,HEALTH MART PHARMACY #8164 (MO),MO,20000,76.55470120059356,True,False,False,True,True,0.7300666322658685,3,0.9963587017589254,,87.2,95.2,64.0,83.0,64.0,Inventory Buffer,Inventory Buffer
2010-12-17,MYLAN PHARMACEUTICALS INC,MIAMI-LUKEN INC,TUG VALLEY PHARMACY #1 (WV),WV,37044,142.62378455989867,True,False,False,True,True,0.7624143660801963,3,0.9963446543115562,,87.2,95.2,64.0,83.0,64.0,Inventory Buffer,Inventory Buffer
2009-08-17,MALLINCKRODT LLC,MIAMI-LUKEN INC,TUG VALLEY PHARMACY #1 (WV),WV,48272,186.1478204645148,True,False,True,True,True,0.7691144505028038,4,0.9963139494194624,,126.1,150.3,102.6,127.0,102.6,Inventory Buffer,Inventory Buffer
2009-07-16,WATSON LABORATORIES INC,MIAMI-LUKEN INC,TUG VALLEY PHARMACY #1 (WV),WV,19591,74.96926027745604,True,False,False,True,True,0.743102696778188,3,0.9963049961214407,,87.2,95.2,64.0,83.0,64.0,Inventory Buffer,Inventory Buffer
2013-11-20,PURDUE PHARMA LP,ANDA INC,VILLAGE PHARMACY #9397 (NC),NC,20000,76.55470120059356,True,False,False,False,True,0.7137646776563467,2,0.9962640531772352,36.4,49.6,99.2,18.5,33.6,18.5,Inventory Buffer,Inventory Buffer
2012-06-05,ENDO PHARMACEUTICALS INC,MIAMI-LUKEN INC,TUG VALLEY PHARMACY #1 (WV),WV,20455,78.3184557727881,True,False,False,True,True,0.7535549038069429,3,0.9962371668337444,,87.2,95.2,64.0,83.0,64.0,Inventory Buffer,Inventory Buffer
2012-07-18,ACTAVIS PHARMA INC,BURLINGTON DRUG COMPANY INC,WALGREENS #9211 (LA),LA,20000,76.55470120059356,True,False,False,False,True,0.7217224705076458,2,0.9962141634899192,40.9,86.5,103.5,15.6,22.2,15.6,Inventory Buffer,Inventory Buffer
2009-04-28,CADISTA PHARMACEUTICALS INC,MIAMI-LUKEN INC,HARRIS TEETER PHARMACY #6758 (NC),NC,20000,76.55470120059356,True,False,False,False,True,0.7103922062566491,2,0.9961602113554038,40.9,86.5,103.5,15.6,22.2,15.6,Inventory Buffer,Inventory Buffer
2008-11-06,ABBOTT LABORATORIES,MIAMI-LUKEN INC,RITE AID #2280 (MD),MD,20000,76.55470120059356,True,False,False,False,True,0.7194533371828665,2,0.9961418731760509,40.9,86.5,103.5,15.6,22.2,15.6,Inventory Buffer,Inventory Buffer
2014-02-26,QUALITEST PHARMACEUTICALS,DIRECT RX,SUNRISE PHARMACY #6929 (SC),SC,20000,76.55470120059356,True,False,False,False,True,0.724945028027273,2,0.996137497024406,36.4,49.6,99.2,18.5,33.6,18.5,Inventory Buffer,Inventory Buffer
2010-04-19,JANSSEN PHARMACEUTICALS INC,MIAMI-LUKEN INC,TUG VALLEY PHARMACY #1 (WV),WV,16662,63.615332492933355,True,False,False,True,True,0.7299589001789576,3,0.9961351415398698,,87.2,95.2,64.0,83.0,64.0,Inventory Buffer,Inventory Buffer
2009-02-19,PAR PHARMACEUTICAL INC,PENN PHARMACEUTICAL SERVICES INC,MAIN STREET PHARMACY #2598 (NV),NV,20000,76.55470120059356,True,False,False,False,True,0.7261256827177126,2,0.9961268948365158,36.4,49.6,99.2,18.5,33.6,18.5,Inventory Buffer,Inventory Buffer
2013-04-09,ABBOTT LABORATORIES,PRESCRIPTION SUPPLY INC,HOMETOWN PHARMACY #2774 (SC),SC,20000,76.55470120059356,True,False,False,False,True,0.7271089212132892,2,0.9961054458027818,65.7,72.0,108.5,40.5,70.5,40.5,Inventory Buffer,Inventory Buffer
2008-08-23,ACTAVIS PHARMA INC,PENN PHARMACEUTICAL SERVICES INC,PUBLIX PHARMACY #2769 (WV),WV,20000,76.55470120059356,True,False,False,False,True,0.7113541402314052,2,0.9960710725486692,36.4,49.6,99.2,18.5,33.6,18.5,Inventory Buffer,Inventory Buffer
2013-03-20,RHODES TECHNOLOGIES,DAKOTA DRUG INC,PUBLIX PHARMACY #1697 (MI),MI,20000,76.55470120059356,True,False,False,False,True,0.7118355955625334,2,0.9960664393861745,40.9,86.5,103.5,15.6,22.2,15.6,Inventory Buffer,Inventory Buffer
2008-07-01,ENDO PHARMACEUTICALS INC,MCKESSON CORPORATION,MEDICO PHARMACY #4957 (HI),HI,20000,76.55470120059356,True,False,False,True,True,0.7295728462366584,3,0.9960191753042744,,87.2,95.2,64.0,83.0,64.0,Inventory Buffer,Inventory Buffer
2008-08-10,JANSSEN PHARMACEUTICALS INC,AMERISOURCEBERGEN DRUG CORP,CVS PHARMACY #1671 (HI),HI,20000,76.55470120059356,True,False,False,False,True,0.7251437738137708,2,0.996017455756018,36.4,49.6,99.2,18.5,33.6,18.5,Inventory Buffer,Inventory Buffer
2011-07-18,JANSSEN PHARMACEUTICALS INC,KEYSOURCE MEDICAL INC,HEALTH MART PHARMACY #8084 (WA),WA,46147,177.910505154815,True,False,True,True,True,0.7696349988928389,4,0.996003474732572,,126.1,150.3,102.6,127.0,102.6,Inventory Buffer,Inventory Buffer
2008-07-23,CADISTA PHARMACEUTICALS INC,KEYSOURCE MEDICAL INC,QUALITY CARE PHARMACY #5456 (WA),WA,20000,76.55470120059356,True,False,False,True,True,0.7295728462366584,3,0.9959991140331362,,87.2,95.2,64.0,83.0,64.0,Inventory Buffer,Inventory Buffer
2014-07-29,ENDO PHARMACEUTICALS INC,MORRIS & DICKSON CO LLC,GOOD NEIGHBOR PHARMACY #6272 (NC),NC,20000,76.55470120059356,True,False,False,False,True,0.7103922062566491,2,0.9959541277684612,36.4,49.6,99.2,18.5,33.6,18.5,Inventory Buffer,Inventory Buffer
2011-02-14,TEVA PHARMACEUTICALS USA INC,VALUEDRUGCO,HARRIS TEETER PHARMACY #6061 (MI),MI,20000,76.55470120059356,True,False,False,False,True,0.7149184403210112,2,0.9958571226550652,65.7,72.0,108.5,40.5,70.5,40.5,Inventory Buffer,Inventory Buffer
2014-02-28,PURDUE PHARMA LP,HENRY SCHEIN INC,MAIN STREET PHARMACY #6568 (HI),HI,20000,76.55470120059356,True,False,False,False,True,0.722946443823484,2,0.9958440887208612,36.4,49.6,99.2,18.5,33.6,18.5,Inventory Buffer,Inventory Buffer
2009-02-07,RHODES TECHNOLOGIES,DAKOTA DRUG INC,PEOPLES PHARMACY #9356 (IA),IA,20000,76.55470120059356,True,False,False,False,True,0.7201971511460054,2,0.9958246032369356,40.9,86.5,103.5,15.6,22.2,15.6,Inventory Buffer,Inventory Buffer
2007-07-11,MALLINCKRODT LLC,KEYSOURCE MEDICAL INC,MEDICO PHARMACY #6767 (NC),NC,20000,76.55470120059356,True,False,False,False,True,0.705687854924477,2,0.9957873425760464,40.9,86.5,103.5,15.6,22.2,15.6,Inventory Buffer,Inventory Buffer
2014-06-02,MALLINCKRODT LLC,MIAMI-LUKEN INC,GOOD NEIGHBOR PHARMACY #5811 (MT),MT,20000,76.55470120059356,True,False,False,False,True,0.721403063438122,2,0.9957702838944376,40.9,86.5,103.5,15.6,22.2,15.6,Inventory Buffer,Inventory Buffer
2008-10-27,PAR PHARMACEUTICAL INC,HD SMITH WHOLESALE DRUG CO,PUBLIX PHARMACY #7101 (VA),VA,20000,76.55470120059356,True,False,False,False,True,0.7222109432828346,2,0.9957525681483838,65.7,72.0,108.5,40.5,70.5,40.5,Inventory Buffer,Inventory Buffer
2011-09-07,PURDUE PHARMA LP,MIAMI-LUKEN INC,TUG VALLEY PHARMACY #1 (WV),WV,17875,68.31738589089376,True,False,False,True,True,0.7325793061449583,3,0.9957127812256904,,87.2,95.2,64.0,83.0,64.0,Inventory Buffer,Inventory Buffer
2013-12-30,AMNEAL PHARMACEUTICALS LLC,MCKESSON CORPORATION,COMMUNITY PHARMACY #3160 (TX),TX,20000,76.55470120059356,True,False,False,False,True,0.7231839375914215,2,0.9956971432349508,40.9,86.5,103.5,15.6,22.2,15.6,Inventory Buffer,Inventory Buffer
2007-05-21,AMNEAL PHARMACEUTICALS LLC,SMITH DRUG COMPANY,KROGER PHARMACY #9348 (RI),RI,34594,133.1266445557742,True,False,False,False,True,0.7382455520666437,2,0.995601071780038,65.7,72.0,108.5,40.5,70.5,40.5,Inventory Buffer,Inventory Buffer
2011-02-07,CADISTA PHARMACEUTICALS INC,MCKESSON CORPORATION,QUALITY CARE PHARMACY #4985 (TN),TN,20000,76.55470120059356,True,False,False,False,True,0.7236783461385332,2,0.9955895366979488,40.9,86.5,103.5,15.6,22.2,15.6,Inventory Buffer,Inventory Buffer
2012-08-19,JANSSEN PHARMACEUTICALS INC,MIAMI-LUKEN INC,TUG VALLEY PHARMACY #1 (WV),WV,20248,77.51604435203146,True,False,False,True,True,0.7335712834183259,3,0.9955668612839584,,87.2,95.2,64.0,83.0,64.0,Inventory Buffer,Inventory Buffer
2013-03-19,ABBOTT LABORATORIES,MIAMI-LUKEN INC,TUG VALLEY PHARMACY #1 (WV),WV,40148,154.6560794875731,True,False,True,True,True,0.7670357753301549,4,0.9955652833360874,,126.1,150.3,102.6,127.0,102.6,Inventory Buffer,Inventory Buffer
2014-02-02,ENDO PHARMACEUTICALS INC,HD SMITH WHOLESALE DRUG CO,VILLAGE PHARMACY #2199 (KS),KS,20000,76.55470120059356,True,False,False,False,True,0.7189667295351962,2,0.9955544548736552,65.7,72.0,108.5,40.5,70.5,40.5,Inventory Buffer,Inventory Buffer
2012-05-28,SANDOZ INC,MIAMI-LUKEN INC,TUG VALLEY PHARMACY #1 (WV),WV,22766,87.27677844606633,True,False,False,True,True,0.7435652344562804,3,0.995511873597868,,87.2,95.2,64.0,83.0,64.0,Inventory Buffer,Inventory Buffer
2009-06-21,ENDO PHARMACEUTICALS INC,MIAMI-LUKEN INC,TUG VALLEY PHARMACY #1 (WV),WV,44034,169.71970644921706,True,False,True,True,True,0.782763833443506,4,0.995484486179526,,126.1,150.3,102.6,127.0,102.6,Inventory Buffer,Inventory Buffer
2011-11-22,SUN PHARMA GLOBAL INC,AMERISOURCEBERGEN DRUG CORP,VILLAGE PHARMACY #1377 (VA),VA,20000,76.55470120059356,True,False,False,False,True,0.7197842275083106,2,0.9954814548950204,36.4,49.6,99.2,18.5,33.6,18.5,Inventory Buffer,Inventory Buffer
2012-12-17,AMNEAL PHARMACEUTICALS LLC,MIAMI-LUKEN INC,TUG VALLEY PHARMACY #1 (WV),WV,47922,184.79108617821132,True,False,True,True,True,0.7691144505028038,4,0.9954515372296872,,126.1,150.3,102.6,127.0,102.6,Inventory Buffer,Inventory Buffer
2012-12-19,LANNETT COMPANY INC,MIAMI-LUKEN INC,TUG VALLEY PHARMACY #1 (WV),WV,33711,129.70379777061422,True,False,True,True,True,0.7649627181646446,4,0.995449227404204,,126.1,150.3,102.6,127.0,102.6,Inventory Buffer,Inventory Buffer
2011-08-23,WATSON LABORATORIES INC,KEYSOURCE MEDICAL INC,VILLAGE PHARMACY #1037 (MI),MI,20000,76.55470120059356,True,False,False,False,True,0.7169401273878031,2,0.9954207972001888,40.9,86.5,103.5,15.6,22.2,15.6,Inventory Buffer,Inventory Buffer
2012-09-15,CADISTA PHARMACEUTICALS INC,MORRIS & DICKSON CO LLC,VILLAGE PHARMACY #3294 (MD),MD,20000,76.55470120059356,True,False,False,True,True,0.7290793941833238,3,0.995417840409293,,96.9,113.3,73.3,87.2,73.3,Inventory Buffer,Inventory Buffer
2014-06-21,PAR PHARMACEUTICAL INC,BURLINGTON DRUG COMPANY INC,CORNER DRUG STORE #2632 (NV),NV,20000,76.55470120059356,True,False,False,False,True,0.7184804510082493,2,0.9954020520260152,40.9,86.5,103.5,15.6,22.2,15.6,Inventory Buffer,Inventory Buffer
2013-10-06,CADISTA PHARMACEUTICALS INC,KEYSOURCE MEDICAL INC,KROGER PHARMACY #7026 (MS),MS,20000,76.55470120059356,True,False,False,False,True,0.7182506840935127,2,0.9953965787498628,40.9,86.5,103.5,15.6,22.2,15.6,Inventory Buffer,Inventory Buffer
2013-04-02,MALLINCKRODT LLC,AMERISOURCEBERGEN DRUG CORP,SUNRISE PHARMACY #4396 (HI),HI,20000,76.55470120059356,True,False,False,True,True,0.7266171356540796,3,0.9953722909249004,,96.9,113.3,73.3,87.2,73.3,Inventory Buffer,Inventory Buffer
2013-03-11,ACTAVIS PHARMA INC,MIAMI-LUKEN INC,TUG VALLEY PHARMACY #1 (WV),WV,44381,171.0648115844951,True,False,True,True,True,0.7685942541895671,4,0.995371779158676,,126.1,150.3,102.6,127.0,102.6,Inventory Buffer,Inventory Buffer
2010-05-22,IMPAX LABORATORIES INC,MIAMI-LUKEN INC,TUG VALLEY PHARMACY #1 (WV),WV,40046,154.2606883527075,True,False,True,True,True,0.7769597781541013,4,0.9953683605528942,,126.1,150.3,102.6,127.0,102.6,Inventory Buffer,Inventory Buffer
2014-02-08,VINTAGE PHARMACEUTICALS LLC,NATIONAL WHOLESALE DRUG CO INC,WALMART PHARMACY #6837 (MN),MN,20000,76.55470120059356,True,False,False,False,True,0.7194533371828665,2,0.9952849471693882,65.7,72.0,108.5,40.5,70.5,40.5,Inventory Buffer,Inventory Buffer
2009-06-24,ENDO PHARMACEUTICALS INC,MIAMI-LUKEN INC,TUG VALLEY PHARMACY #1 (WV),WV,37902,145.9497217531798,True,False,True,True,True,0.779065347480774,4,0.9952826458957456,,126.1,150.3,102.6,127.0,102.6,Inventory Buffer,Inventory Buffer
2012-11-09,JANSSEN PHARMACEUTICALS INC,MCKESSON CORPORATION,MAIN STREET PHARMACY #7935 (KY),KY,20000,76.55470120059356,True,False,False,False,True,0.7084722388954539,2,0.9952575515348614,40.9,86.5,103.5,15.6,22.2,15.6,Inventory Buffer,Inventory Buffer
2010-06-12,ABBOTT LABORATORIES,DIRECT RX,HARRIS TEETER PHARMACY #1609 (WY),WY,20000,76.55470120059356,True,False,False,False,True,0.7217175372481206,2,0.995256954432574,36.4,49.6,99.2,18.5,33.6,18.5,Inventory Buffer,Inventory Buffer
2013-03-11,CADISTA PHARMACEUTICALS INC,KEYSOURCE MEDICAL INC,MAIN STREET PHARMACY #6902 (ID),ID,20000,76.55470120059356,True,False,False,False,True,0.7217175372481206,2,0.9952547235675409,40.9,86.5,103.5,15.6,22.2,15.6,Inventory Buffer,Inventory Buffer
2009-10-29,MYLAN PHARMACEUTICALS INC,MIAMI-LUKEN INC,TUG VALLEY PHARMACY #1 (WV),WV,46387,178.8408372368517,True,False,True,True,True,0.7691144505028038,4,0.9952444206602824,,126.1,150.3,102.6,127.0,102.6,Inventory Buffer,Inventory Buffer
2008-09-27,PAR PHARMACEUTICAL INC,CARDINAL HEALTH INC,WALMART PHARMACY #2370 (MA),MA,20000,76.55470120059356,True,False,False,False,True,0.7184804510082493,2,0.9952371154514442,40.9,86.5,103.5,15.6,22.2,15.6,Inventory Buffer,Inventory Buffer
2009-01-26,VINTAGE PHARMACEUTICALS LLC,CARDINAL HEALTH INC,WALGREENS #9103 (IA),IA,20000,76.55470120059356,True,False,False,False,True,0.7179945013794226,2,0.9952265022996956,40.9,86.5,103.5,15.6,22.2,15.6,Inventory Buffer,Inventory Buffer
2014-10-21,ABBOTT LABORATORIES,KINRAY LLC,HOMETOWN PHARMACY #4303 (KS),KS,20000,76.55470120059356,True,False,False,False,True,0.7076300768813861,2,0.9952249634843144,40.9,86.5,103.5,15.6,22.2,15.6,Inventory Buffer,Inventory Buffer
2013-03-16,JANSSEN PHARMACEUTICALS INC,SMITH DRUG COMPANY,MAIN STREET PHARMACY #9148 (LA),LA,20000,76.55470120059356,True,False,False,False,True,0.7246582707235932,2,0.995214003001581,65.7,72.0,108.5,40.5,70.5,40.5,Inventory Buffer,Inventory Buffer
2013-10-13,AMNEAL PHARMACEUTICALS LLC,MIAMI-LUKEN INC,TUG VALLEY PHARMACY #1 (WV),WV,39117,150.6595279184905,True,False,True,True,True,0.7654804565989143,4,0.995181887847654,,126.1,150.3,102.6,127.0,102.6,Inventory Buffer,Inventory Buffer
2009-09-13,RHODES TECHNOLOGIES,DAKOTA DRUG INC,WALGREENS #3635 (NC),NC,20000,76.55470120059356,True,False,False,False,True,0.7050542139075788,2,0.9951571880465264,40.9,86.5,103.5,15.6,22.2,15.6,Inventory Buffer,Inventory Buffer
2013-12-20,WATSON LABORATORIES INC,MCKESSON CORPORATION,GOOD NEIGHBOR PHARMACY #2219 (NM),NM,53600,206.8011926857292,True,False,True,True,True,0.7727656962014056,4,0.9951384889014974,,126.1,150.3,102.6,127.0,102.6,Inventory Buffer,Inventory Buffer
2009-07-15,WATSON LABORATORIES INC,HENRY SCHEIN INC,HARRIS TEETER PHARMACY #6758 (NC),NC,20000,76.55470120059356,True,False,False,False,True,0.7167400412657808,2,0.9951276037689653,36.4,49.6,99.2,18.5,33.6,18.5,Inventory Buffer,Inventory Buffer
2013-10-30,RHODES TECHNOLOGIES,SMITH DRUG COMPANY,WALMART PHARMACY #9312 (PA),PA,20000,76.55470120059356,True,False,False,False,True,0.7222109432828346,2,0.9951266794671544,65.7,72.0,108.5,40.5,70.5,40.5,Inventory Buffer,Inventory Buffer
2009-04-26,SANDOZ INC,HD SMITH WHOLESALE DRUG CO,HARRIS TEETER PHARMACY #4455 (CT),CT,20000,76.55470120059356,True,False,False,False,True,0.7163094777310692,2,0.9951178543506256,65.7,72.0,108.5,40.5,70.5,40.5,Inventory Buffer,Inventory Buffer
2009-06-08,SANDOZ INC,PENN PHARMACEUTICAL SERVICES INC,QUALITY CARE PHARMACY #8298 (CO),CO,20000,76.55470120059356,True,False,False,False,True,0.7155696789265096,2,0.9951172860361882,36.4,49.6,99.2,18.5,33.6,18.5,Inventory Buffer,Inventory Buffer
2009-12-06,ABBOTT LABORATORIES,VALUEDRUGCO,VILLAGE PHARMACY #2453 (AK),AK,20000,76.55470120059356,True,False,False,False,True,0.7226948067242519,2,0.9951130703050748,65.7,72.0,108.5,40.5,70.5,40.5,Inventory Buffer,Inventory Buffer
2013-04-17,PURDUE PHARMA LP,MIAMI-LUKEN INC,VILLAGE PHARMACY #9397 (NC),NC,20000,76.55470120059356,True,False,False,False,True,0.7126279435070166,2,0.9951005470155416,40.9,86.5,103.5,15.6,22.2,15.6,Inventory Buffer,Inventory Buffer
2012-08-01,SUN PHARMA GLOBAL INC,MIAMI-LUKEN INC,TUG VALLEY PHARMACY #1 (WV),WV,15907,60.68866281819295,True,False,False,True,True,0.731834399270131,3,0.995071886256009,,87.2,95.2,64.0,83.0,64.0,Inventory Buffer,Inventory Buffer
2013-07-09,MYLAN PHARMACEUTICALS INC,BURLINGTON DRUG COMPANY INC,VILLAGE PHARMACY #1824 (WA),WA,20000,76.55470120059356,True,False,False,True,True,0.7276010396204656,3,0.99506602247061,,87.2,95.2,64.0,83.0,64.0,Inventory Buffer,Inventory Buffer
2008-05-08,MALLINCKRODT LLC,MORRIS & DICKSON CO LLC,COMMUNITY PHARMACY #4828 (AR),AR,20000,76.55470120059356,True,False,False,False,True,0.7184804510082493,2,0.9950575942453208,36.4,49.6,99.2,18.5,33.6,18.5,Inventory Buffer,Inventory Buffer
2012-07-22,IMPAX LABORATORIES INC,MIAMI-LUKEN INC,TUG VALLEY PHARMACY #1 (WV),WV,27362,105.0926378170688,True,False,True,True,True,0.7706771528566296,4,0.995057267319108,,126.1,150.3,102.6,127.0,102.6,Inventory Buffer,Inventory Buffer
2011-08-24,ABBOTT LABORATORIES,HD SMITH WHOLESALE DRUG CO,HOMETOWN PHARMACY #6387 (NC),NC,20000,76.55470120059356,True,False,False,False,True,0.7194823836346194,2,0.995054482143944,65.7,72.0,108.5,40.5,70.5,40.5,Inventory Buffer,Inventory Buffer
2010-08-21,JANSSEN PHARMACEUTICALS INC,BURLINGTON DRUG COMPANY INC,RITE AID #8098 (HI),HI,20000,76.55470120059356,True,False,False,False,True,0.7241631927035134,2,0.9950513282130344,40.9,86.5,103.5,15.6,22.2,15.6,Inventory Buffer,Inventory Buffer
2009-05-22,JANSSEN PHARMACEUTICALS INC,MORRIS & DICKSON CO LLC,RITE AID #1732 (OR),OR,20000,76.55470120059356,True,False,False,False,True,0.7163094777310692,2,0.995047999887842,36.4,49.6,99.2,18.5,33.6,18.5,Inventory Buffer,Inventory Buffer
2008-11-24,VINTAGE PHARMACEUTICALS LLC,HD SMITH WHOLESALE DRUG CO,RITE AID #3418 (WV),WV,20000,76.55470120059356,True,False,False,False,True,0.7197718809952445,2,0.9950330001828036,65.7,72.0,108.5,40.5,70.5,40.5,Inventory Buffer,Inventory Buffer
2008-04-10,JANSSEN PHARMACEUTICALS INC,BURLINGTON DRUG COMPANY INC,FAMILY CARE PHARMACY #6977 (NC),NC,20000,76.55470120059356,True,False,False,False,True,0.7129941769201144,2,0.9950050591521822,40.9,86.5,103.5,15.6,22.2,15.6,Inventory Buffer,Inventory Buffer
2012-10-25,WATSON LABORATORIES INC,DAKOTA DRUG INC,FAMILY CARE PHARMACY #6977 (NC),NC,20000,76.55470120059356,True,False,False,False,True,0.7205577272393826,2,0.995000448675113,40.9,86.5,103.5,15.6,22.2,15.6,Inventory Buffer,Inventory Buffer
2012-05-20,HIKMA PHARMACEUTICALS,DAKOTA DRUG INC,FAMILY CARE PHARMACY #7641 (AL),AL,20000,76.55470120059356,True,False,False,False,True,0.7321718745898297,2,0.9949777732427602,40.9,86.5,103.5,15.6,22.2,15.6,Inventory Buffer,Inventory Buffer
2014-03-12,AMNEAL PHARMACEUTICALS LLC,MIAMI-LUKEN INC,KROGER PHARMACY #7324 (ID),ID,20000,76.55470120059356,True,False,False,False,True,0.7190439295388845,2,0.994967855931127,40.9,86.5,103.5,15.6,22.2,15.6,Inventory Buffer,Inventory Buffer
2009-11-27,MYLAN PHARMACEUTICALS INC,VALUEDRUGCO,HOMETOWN PHARMACY #6892 (WY),WY,20000,76.55470120059356,True,False,False,False,True,0.7346529562415288,2,0.9949446089429136,65.7,72.0,108.5,40.5,70.5,40.5,Inventory Buffer,Inventory Buffer
2009-07-10,VINTAGE PHARMACEUTICALS LLC,HD SMITH WHOLESALE DRUG CO,PUBLIX PHARMACY #9124 (DE),DE,20000,76.55470120059356,True,False,False,False,True,0.7166155629404957,2,0.9949251427908096,65.7,72.0,108.5,40.5,70.5,40.5,Inventory Buffer,Inventory Buffer
2013-09-16,PAR PHARMACEUTICAL INC,GULF COAST MEDICAL SUPPLY,CORNER DRUG STORE #4270 (SC),SC,20000,76.55470120059356,True,False,False,False,True,0.7171005792827565,2,0.994917218635832,65.7,72.0,108.5,40.5,70.5,40.5,Inventory Buffer,Inventory Buffer
2010-09-24,JANSSEN PHARMACEUTICALS INC,SMITH DRUG COMPANY,CVS PHARMACY #8436 (AZ),AZ,20000,76.55470120059356,True,False,False,False,True,0.7170235879264689,2,0.994915517639648,65.7,72.0,108.5,40.5,70.5,40.5,Inventory Buffer,Inventory Buffer
2006-08-21,PAR PHARMACEUTICAL INC,MIAMI-LUKEN INC,QUALITY CARE PHARMACY #6874 (MI),MI,20000,76.55470120059356,True,False,False,False,True,0.7014697080741995,2,0.9949062923509684,40.9,86.5,103.5,15.6,22.2,15.6,Inventory Buffer,Inventory Buffer
2011-12-13,PAR PHARMACEUTICAL INC,AMERISOURCEBERGEN DRUG CORP,PEOPLES PHARMACY #8476 (PA),PA,20000,76.55470120059356,True,False,False,False,True,0.7226997466638476,2,0.9949010450493638,36.4,49.6,99.2,18.5,33.6,18.5,Inventory Buffer,Inventory Buffer
2014-01-23,LANNETT COMPANY INC,KINRAY LLC,FAMILY CARE PHARMACY #9927 (AK),AK,20000,76.55470120059356,True,False,False,True,True,0.7218913200337349,3,0.9948926835457652,,87.2,95.2,64.0,83.0,64.0,Inventory Buffer,Inventory Buffer
2013-09-28,JANSSEN PHARMACEUTICALS INC,ANDA INC,WINN-DIXIE PHARMACY #4020 (CT),CT,20000,76.55470120059356,True,False,False,False,True,0.71534084286399,2,0.994889458569324,36.4,49.6,99.2,18.5,33.6,18.5,Inventory Buffer,Inventory Buffer
2012-03-16,RHODES TECHNOLOGIES,BURLINGTON DRUG COMPANY INC,WINN-DIXIE PHARMACY #2750 (NM),NM,20000,76.55470120059356,True,False,False,False,True,0.7202541103253495,2,0.9948824465961664,40.9,86.5,103.5,15.6,22.2,15.6,Inventory Buffer,Inventory Buffer
2009-10-26,ACTAVIS PHARMA INC,CARDINAL HEALTH INC,QUALITY CARE PHARMACY #3338 (WV),WV,20000,76.55470120059356,True,False,False,False,True,0.7194101745504402,2,0.9948522889060466,40.9,86.5,103.5,15.6,22.2,15.6,Inventory Buffer,Inventory Buffer
2011-05-24,AMNEAL PHARMACEUTICALS LLC,MIAMI-LUKEN INC,TUG VALLEY PHARMACY #1 (WV),WV,19885,76.10891707795098,True,False,False,True,True,0.7405528366626168,3,0.9948401872171568,,87.2,95.2,64.0,83.0,64.0,Inventory Buffer,Inventory Buffer
2014-05-06,CADISTA PHARMACEUTICALS INC,CARDINAL HEALTH INC,RITE AID #5521 (NE),NE,20000,76.55470120059356,True,False,False,False,True,0.713153045622562,2,0.9948288058352864,40.9,86.5,103.5,15.6,22.2,15.6,Inventory Buffer,Inventory Buffer
2010-07-02,WATSON LABORATORIES INC,AMERISOURCEBERGEN DRUG CORP,VILLAGE PHARMACY #1377 (VA),VA,20000,76.55470120059356,True,False,False,False,True,0.713678725435572,2,0.9948239528802176,36.4,49.6,99.2,18.5,33.6,18.5,Inventory Buffer,Inventory Buffer
2013-08-22,VINTAGE PHARMACEUTICALS LLC,AMERISOURCEBERGEN DRUG CORP,CORNER DRUG STORE #1763 (DE),DE,20000,76.55470120059356,True,False,False,False,True,0.7192801412992406,2,0.9948218415635136,36.4,49.6,99.2,18.5,33.6,18.5,Inventory Buffer,Inventory Buffer
2010-08-13,TEVA PHARMACEUTICALS USA INC,MIAMI-LUKEN INC,HARRIS TEETER PHARMACY #8566 (DE),DE,20000,76.55470120059356,True,False,False,False,True,0.7217175372481206,2,0.9948066265276456,40.9,86.5,103.5,15.6,22.2,15.6,Inventory Buffer,Inventory Buffer
2009-11-21,TEVA PHARMACEUTICALS USA INC,DIRECT RX,HARRIS TEETER PHARMACY #6063 (NC),NC,3101,11.04769347418561,True,True,False,False,True,0.6852799924689004,3,0.9947954607197158,60.7,81.8,123.8,34.4,64.9,34.4,Inventory Buffer,Inventory Buffer
2013-11-30,SUN PHARMA GLOBAL INC,HENRY SCHEIN INC,MAIN STREET PHARMACY #1955 (GA),GA,20000,76.55470120059356,True,False,False,True,True,0.7386401864206286,3,0.9947759360811638,,96.9,113.3,73.3,87.2,73.3,Inventory Buffer,Inventory Buffer
2013-11-16,RHODES TECHNOLOGIES,KINRAY LLC,CORNER DRUG STORE #8986 (WY),WY,20000,76.55470120059356,True,False,False,False,True,0.716538623657888,2,0.994718333148052,40.9,86.5,103.5,15.6,22.2,15.6,Inventory Buffer,Inventory Buffer
2010-03-12,RHODES TECHNOLOGIES,DAKOTA DRUG INC,WALMART PHARMACY #7726 (SD),SD,20000,76.55470120059356,True,False,False,True,True,0.7281956634966,3,0.9946912813523396,,87.2,95.2,64.0,83.0,64.0,Inventory Buffer,Inventory Buffer
2013-04-18,ENDO PHARMACEUTICALS INC,MCKESSON CORPORATION,HOMETOWN PHARMACY #6803 (CA),CA,20000,76.55470120059356,True,False,False,True,True,0.7366438736273511,3,0.9946848636900472,,87.2,95.2,64.0,83.0,64.0,Inventory Buffer,Inventory Buffer
2011-09-16,VINTAGE PHARMACEUTICALS LLC,GULF COAST MEDICAL SUPPLY,GOOD NEIGHBOR PHARMACY #1814 (OR),OR,20000,76.55470120059356,True,False,False,False,True,0.7151624812929543,2,0.994640173467198,65.7,72.0,108.5,40.5,70.5,40.5,Inventory Buffer,Inventory Buffer
2010-01-01,ACTAVIS PHARMA INC,ANDA INC,HEALTH MART PHARMACY #9423 (WY),WY,20000,76.55470120059356,True,False,False,False,True,0.7231839375914215,2,0.994595709211262,36.4,49.6,99.2,18.5,33.6,18.5,Inventory Buffer,Inventory Buffer
2010-08-14,MYLAN PHARMACEUTICALS INC,NATIONAL WHOLESALE DRUG CO INC,WALGREENS #1013 (NH),NH,20000,76.55470120059356,True,False,False,False,True,0.714602044457916,2,0.9945665737793262,65.7,72.0,108.5,40.5,70.5,40.5,Inventory Buffer,Inventory Buffer
2013-02-06,RHODES TECHNOLOGIES,BURLINGTON DRUG COMPANY INC,GOOD NEIGHBOR PHARMACY #6303 (MD),MD,20000,76.55470120059356,True,False,False,False,True,0.7331633001647808,2,0.9945465003158008,40.9,86.5,103.5,15.6,22.2,15.6,Inventory Buffer,Inventory Buffer
2012-06-25,QUALITEST PHARMACEUTICALS,HENRY SCHEIN INC,GOOD NEIGHBOR PHARMACY #7042 (MT),MT,20000,76.55470120059356,True,False,False,False,True,0.7306872494032837,2,0.9944819270012624,36.4,49.6,99.2,18.5,33.6,18.5,Inventory Buffer,Inventory Buffer
2008-06-13,TEVA PHARMACEUTICALS USA INC,BELLCO DRUG CORP,GOOD NEIGHBOR PHARMACY #6942 (ME),ME,20000,76.55470120059356,True,False,False,False,True,0.7124427902427742,2,0.9944746849200125,65.7,72.0,108.5,40.5,70.5,40.5,Inventory Buffer,Inventory Buffer
2010-06-26,MALLINCKRODT LLC,GULF COAST MEDICAL SUPPLY,MAIN STREET PHARMACY #6958 (DE),DE,20000,76.55470120059356,True,False,False,False,True,0.7150856980201592,2,0.9944648702487636,65.7,72.0,108.5,40.5,70.5,40.5,Inventory Buffer,Inventory Buffer
2010-03-25,ABBOTT LABORATORIES,MORRIS & DICKSON CO LLC,WALGREENS #7427 (WY),WY,20000,76.55470120059356,True,False,False,False,True,0.7277270240512067,2,0.994463095051672,36.4,49.6,99.2,18.5,33.6,18.5,Inventory Buffer,Inventory Buffer
2011-05-26,TEVA PHARMACEUTICALS USA INC,BURLINGTON DRUG COMPANY INC,WINN-DIXIE PHARMACY #4662 (VT),VT,20000,76.55470120059356,True,False,False,True,True,0.727210955445615,3,0.9944360284173288,,87.2,95.2,64.0,83.0,64.0,Inventory Buffer,Inventory Buffer
2011-12-21,JANSSEN PHARMACEUTICALS INC,CARDINAL HEALTH INC,PUBLIX PHARMACY #1993 (CO),CO,20000,76.55470120059356,True,False,False,True,True,0.7209151370785108,3,0.9944207199360662,,87.2,95.2,64.0,83.0,64.0,Inventory Buffer,Inventory Buffer
2010-10-23,VINTAGE PHARMACEUTICALS LLC,MORRIS & DICKSON CO LLC,PEOPLES PHARMACY #4323 (WY),WY,20000,76.55470120059356,True,False,False,False,True,0.7175088804262632,2,0.994385419634264,36.4,49.6,99.2,18.5,33.6,18.5,Inventory Buffer,Inventory Buffer
2011-09-18,MALLINCKRODT LLC,PRESCRIPTION SUPPLY INC,FAMILY CARE PHARMACY #6977 (NC),NC,20000,76.55470120059356,True,False,False,False,True,0.7206098729573152,2,0.9943745603462044,65.7,72.0,108.5,40.5,70.5,40.5,Inventory Buffer,Inventory Buffer
2012-08-03,WATSON LABORATORIES INC,DAKOTA DRUG INC,VILLAGE PHARMACY #1009 (NE),NE,20000,76.55470120059356,True,False,False,False,True,0.7168509769627367,2,0.9943650803813938,40.9,86.5,103.5,15.6,22.2,15.6,Inventory Buffer,Inventory Buffer
2006-11-23,CADISTA PHARMACEUTICALS INC,BURLINGTON DRUG COMPANY INC,MAIN STREET PHARMACY #2094 (KY),KY,20000,76.55470120059356,True,False,False,False,True,0.6910744666884006,2,0.9943637786100648,40.9,86.5,103.5,15.6,22.2,15.6,Inventory Buffer,Inventory Buffer
2014-10-21,LANNETT COMPANY INC,KEYSOURCE MEDICAL INC,QUALITY CARE PHARMACY #9274 (CT),CT,20000,76.55470120059356,True,False,False,False,True,0.7085556560020768,2,0.9943444779634576,40.9,86.5,103.5,15.6,22.2,15.6,Inventory Buffer,Inventory Buffer
2012-10-25,SUN PHARMA GLOBAL INC,NATIONAL WHOLESALE DRUG CO INC,GOOD NEIGHBOR PHARMACY #5060 (NH),NH,20000,76.55470120059356,True,False,False,False,True,0.7175859238914748,2,0.9943413716755676,65.7,72.0,108.5,40.5,70.5,40.5,Inventory Buffer,Inventory Buffer
2007-10-06,PAR PHARMACEUTICAL INC,BURLINGTON DRUG COMPANY INC,HOMETOWN PHARMACY #8469 (NC),NC,20000,76.55470120059356,True,False,False,False,True,0.6919407908224297,2,0.9943329185386518,40.9,86.5,103.5,15.6,22.2,15.6,Inventory Buffer,Inventory Buffer
2014-05-22,QUALITEST PHARMACEUTICALS,VALUEDRUGCO,HEALTH MART PHARMACY #7354 (RI),RI,20000,76.55470120059356,True,False,False,False,True,0.7071037919270465,2,0.9942997080114808,65.7,72.0,108.5,40.5,70.5,40.5,Inventory Buffer,Inventory Buffer
2012-12-19,IMPAX LABORATORIES INC,NATIONAL WHOLESALE DRUG CO INC,CORNER DRUG STORE #1656 (DE),DE,20000,76.55470120059356,True,False,False,True,True,0.7386401864206286,3,0.9942695357023842,,136.3,149.4,112.0,148.0,112.0,Inventory Buffer,Inventory Buffer
2013-02-11,SUN PHARMA GLOBAL INC,DIRECT RX,COMMUNITY PHARMACY #5731 (WV),WV,20000,76.55470120059356,True,False,False,False,True,0.7155267492889213,2,0.994245163356114,36.4,49.6,99.2,18.5,33.6,18.5,Inventory Buffer,Inventory Buffer
2008-06-11,ENDO PHARMACEUTICALS INC,HD SMITH WHOLESALE DRUG CO,PEOPLES PHARMACY #5759 (KS),KS,20000,76.55470120059356,True,False,False,False,True,0.711301985369778,2,0.9942277241890988,65.7,72.0,108.5,40.5,70.5,40.5,Inventory Buffer,Inventory Buffer
2010-02-27,MALLINCKRODT LLC,KINRAY LLC,HARRIS TEETER PHARMACY #1338 (NH),NH,20000,76.55470120059356,True,False,False,False,True,0.7141187180183783,2,0.99418066512765,40.9,86.5,103.5,15.6,22.2,15.6,Inventory Buffer,Inventory Buffer
2010-09-16,CADISTA PHARMACEUTICALS INC,KINRAY LLC,PEOPLES PHARMACY #9504 (KY),KY,71557,276.40941434044885,True,False,True,False,True,0.7587771030789037,3,0.994180524579222,64.7,119.4,128.3,36.7,54.9,36.7,Inventory Buffer,Inventory Buffer
2008-10-16,TEVA PHARMACEUTICALS USA INC,MCKESSON CORPORATION,HARRIS TEETER PHARMACY #2468 (MN),MN,20000,76.55470120059356,True,False,False,False,True,0.7062943145469542,2,0.9941708212271244,40.9,86.5,103.5,15.6,22.2,15.6,Inventory Buffer,Inventory Buffer
2010-12-17,IMPAX LABORATORIES INC,PENN PHARMACEUTICAL SERVICES INC,FAMILY CARE PHARMACY #3942 (NM),NM,20000,76.55470120059356,True,False,True,True,True,0.7418591918356224,4,0.9941387957670152,,134.9,167.4,118.1,137.5,118.1,Inventory Buffer,Inventory Buffer
2011-11-16,JANSSEN PHARMACEUTICALS INC,NATIONAL WHOLESALE DRUG CO INC,SUNRISE PHARMACY #4284 (TX),TX,20000,76.55470120059356,True,False,True,True,True,0.743366516401597,4,0.9941111156264404,,152.0,176.4,144.1,182.4,144.1,Inventory Buffer,Inventory Buffer
2011-07-20,MYLAN PHARMACEUTICALS INC,KEYSOURCE MEDICAL INC,CORNER DRUG STORE #9828 (AR),AR,20000,76.55470120059356,True,False,False,False,True,0.7155696789265096,2,0.9940987314159644,40.9,86.5,103.5,15.6,22.2,15.6,Inventory Buffer,Inventory Buffer
2011-10-10,SANDOZ INC,DAKOTA DRUG INC,QUALITY CARE PHARMACY #7383 (VT),VT,20000,76.55470120059356,True,False,False,False,True,0.7223073528972249,2,0.9940529548023476,40.9,86.5,103.5,15.6,22.2,15.6,Inventory Buffer,Inventory Buffer
2013-04-05,QUALITEST PHARMACEUTICALS,ANDA INC,CORNER DRUG STORE #7916 (MO),MO,20000,76.55470120059356,True,False,False,False,True,0.7121886790644902,2,0.9940430709463932,36.4,49.6,99.2,18.5,33.6,18.5,Inventory Buffer,Inventory Buffer
2011-05-25,VINTAGE PHARMACEUTICALS LLC,PRESCRIPTION SUPPLY INC,CVS PHARMACY #5523 (NC),NC,20000,76.55470120059356,True,False,False,False,True,0.7013608728113163,2,0.9939920622660728,65.7,72.0,108.5,40.5,70.5,40.5,Inventory Buffer,Inventory Buffer
2009-09-03,ENDO PHARMACEUTICALS INC,MCKESSON CORPORATION,FAMILY CARE PHARMACY #3398 (KY),KY,20000,76.55470120059356,True,False,False,False,True,0.6998169545679308,2,0.9939706575586756,40.9,86.5,103.5,15.6,22.2,15.6,Inventory Buffer,Inventory Buffer
2011-01-19,WATSON LABORATORIES INC,HENRY SCHEIN INC,MEDICO PHARMACY #4659 (ID),ID,20000,76.55470120059356,True,False,False,False,True,0.7282195607998105,2,0.9939589603910124,36.4,49.6,99.2,18.5,33.6,18.5,Inventory Buffer,Inventory Buffer
2007-08-06,AMNEAL PHARMACEUTICALS LLC,VALUEDRUGCO,GOOD NEIGHBOR PHARMACY #3282 (LA),LA,20000,76.55470120059356,True,False,False,False,True,0.6972112434732367,2,0.9939350435194908,65.7,72.0,108.5,40.5,70.5,40.5,Inventory Buffer,Inventory Buffer
2010-06-06,AMNEAL PHARMACEUTICALS LLC,VALUEDRUGCO,MEDICO PHARMACY #7114 (NJ),NJ,23075,88.47458100168855,True,False,False,False,True,0.7227390613149983,2,0.9939286710794878,65.7,72.0,108.5,40.5,70.5,40.5,Inventory Buffer,Inventory Buffer
2012-10-22,RHODES TECHNOLOGIES,CARDINAL HEALTH INC,QUALITY CARE PHARMACY #9990 (HI),HI,20000,76.55470120059356,True,False,False,False,True,0.7112256165783339,2,0.9939122340875464,40.9,86.5,103.5,15.6,22.2,15.6,Inventory Buffer,Inventory Buffer
2011-09-02,ACTAVIS PHARMA INC,KEYSOURCE MEDICAL INC,WINN-DIXIE PHARMACY #5416 (AL),AL,20000,76.55470120059356,True,False,False,True,True,0.7391401093639631,3,0.9939087432675784,,87.2,95.2,64.0,83.0,64.0,Inventory Buffer,Inventory Buffer
2011-07-07,ENDO PHARMACEUTICALS INC,MIAMI-LUKEN INC,CORNER DRUG STORE #1213 (TN),TN,20000,76.55470120059356,True,False,False,False,True,0.7017800238199153,2,0.9938971177305624,40.9,86.5,103.5,15.6,22.2,15.6,Inventory Buffer,Inventory Buffer
2009-12-05,CADISTA PHARMACEUTICALS INC,GULF COAST MEDICAL SUPPLY,COMMUNITY PHARMACY #3567 (CT),CT,20000,76.55470120059356,True,False,False,False,True,0.7124427902427742,2,0.9938705464738756,65.7,72.0,108.5,40.5,70.5,40.5,Inventory Buffer,Inventory Buffer
2010-06-20,ENDO PHARMACEUTICALS INC,NATIONAL WHOLESALE DRUG CO INC,HARRIS TEETER PHARMACY #8577 (SD),SD,20000,76.55470120059356,True,False,False,False,True,0.7282195607998105,2,0.9938694172701013,65.7,72.0,108.5,40.5,70.5,40.5,Inventory Buffer,Inventory Buffer
2011-11-04,PURDUE PHARMA LP,BURLINGTON DRUG COMPANY INC,HOMETOWN PHARMACY #6366 (WA),WA,20000,76.55470120059356,True,False,False,False,True,0.7306872494032837,2,0.993844966427534,40.9,86.5,103.5,15.6,22.2,15.6,Inventory Buffer,Inventory Buffer
2012-07-31,MALLINCKRODT LLC,ANDA INC,QUALITY CARE PHARMACY #2760 (MN),MN,20000,76.55470120059356,True,False,False,False,True,0.7331633001647808,2,0.9938340647487172,36.4,49.6,99.2,18.5,33.6,18.5,Inventory Buffer,Inventory Buffer
2008-01-16,AMNEAL PHARMACEUTICALS LLC,DAKOTA DRUG INC,SUNRISE PHARMACY #5914 (NJ),NJ,20000,76.55470120059356,True,False,False,False,True,0.7048621612986774,2,0.9937835951514984,40.9,86.5,103.5,15.6,22.2,15.6,Inventory Buffer,Inventory Buffer
2012-10-04,WATSON LABORATORIES INC,KINRAY LLC,FAMILY CARE PHARMACY #5079 (SC),SC,20000,76.55470120059356,True,False,False,False,True,0.7282195607998105,2,0.993770783594846,40.9,86.5,103.5,15.6,22.2,15.6,Inventory Buffer,Inventory Buffer
2011-10-13,IMPAX LABORATORIES INC,CARDINAL HEALTH INC,RITE AID #9223 (WV),WV,20000,76.55470120059356,True,False,False,False,True,0.7173528174384938,2,0.9937539611507276,40.9,86.5,103.5,15.6,22.2,15.6,Inventory Buffer,Inventory Buffer
2010-01-08,AMNEAL PHARMACEUTICALS LLC,VALUEDRUGCO,WINN-DIXIE PHARMACY #6261 (VT),VT,20000,76.55470120059356,True,False,False,False,True,0.7143735178406793,2,0.9937384567782364,65.7,72.0,108.5,40.5,70.5,40.5,Inventory Buffer,Inventory Buffer
2007-08-16,MALLINCKRODT LLC,ANDA INC,SUNRISE PHARMACY #5636 (TX),TX,12296,46.69104136721603,True,False,False,False,True,0.6951903499710046,2,0.9937196716372084,36.4,49.6,99.2,18.5,33.6,18.5,Inventory Buffer,Inventory Buffer
2009-06-08,PAR PHARMACEUTICAL INC,CARDINAL HEALTH INC,QUALITY CARE PHARMACY #5311 (NM),NM,20000,76.55470120059356,True,False,False,False,True,0.7190439295388845,2,0.9937030341695487,40.9,86.5,103.5,15.6,22.2,15.6,Inventory Buffer,Inventory Buffer
2007-04-13,WATSON LABORATORIES INC,NATIONAL WHOLESALE DRUG CO INC,QUALITY CARE PHARMACY #3338 (WV),WV,20000,76.55470120059356,True,False,False,False,True,0.6893275082755379,2,0.993683047965968,65.7,72.0,108.5,40.5,70.5,40.5,Inventory Buffer,Inventory Buffer
2014-06-14,SUN PHARMA GLOBAL INC,GULF COAST MEDICAL SUPPLY,QUALITY CARE PHARMACY #8930 (ID),ID,20000,76.55470120059356,True,False,False,False,True,0.7059480531427698,2,0.993675797071202,65.7,72.0,108.5,40.5,70.5,40.5,Inventory Buffer,Inventory Buffer
2009-01-02,TEVA PHARMACEUTICALS USA INC,GULF COAST MEDICAL SUPPLY,CVS PHARMACY #9580 (KS),KS,20000,76.55470120059356,True,False,False,False,True,0.7020770230846457,2,0.99366550639963,65.7,72.0,108.5,40.5,70.5,40.5,Inventory Buffer,Inventory Buffer
2013-04-21,ENDO PHARMACEUTICALS INC,DAKOTA DRUG INC,QUALITY CARE PHARMACY #1048 (SD),SD,20000,76.55470120059356,True,False,False,False,True,0.7287124309047978,2,0.993663380458584,40.9,86.5,103.5,15.6,22.2,15.6,Inventory Buffer,Inventory Buffer
2008-03-18,SANDOZ INC,KINRAY LLC,GOOD NEIGHBOR PHARMACY #6889 (TX),TX,21137,80.96214943924234,True,False,False,False,True,0.7242313036359246,2,0.9936542772035026,40.9,86.5,103.5,15.6,22.2,15.6,Inventory Buffer,Inventory Buffer
2008-08-27,WATSON LABORATORIES INC,SMITH DRUG COMPANY,HARRIS TEETER PHARMACY #8332 (SD),SD,20000,76.55470120059356,True,False,False,False,True,0.7124427902427742,2,0.9936449964928132,65.7,72.0,108.5,40.5,70.5,40.5,Inventory Buffer,Inventory Buffer
2011-12-15,PAR PHARMACEUTICAL INC,SMITH DRUG COMPANY,CORNER DRUG STORE #8437 (OK),OK,20000,76.55470120059356,True,False,False,False,True,0.7252693327678881,2,0.9936313219789225,65.7,72.0,108.5,40.5,70.5,40.5,Inventory Buffer,Inventory Buffer
2011-01-26,HIKMA PHARMACEUTICALS,PRESCRIPTION SUPPLY INC,SUNRISE PHARMACY #6972 (NM),NM,20000,76.55470120059356,True,False,False,False,True,0.7331633001647808,2,0.9936147936384128,65.7,72.0,108.5,40.5,70.5,40.5,Inventory Buffer,Inventory Buffer
2011-07-25,QUALITEST PHARMACEUTICALS,MORRIS & DICKSON CO LLC,HEALTH MART PHARMACY #8336 (NE),NE,20000,76.55470120059356,True,False,False,False,True,0.711960924230981,2,0.9936010396154604,36.4,49.6,99.2,18.5,33.6,18.5,Inventory Buffer,Inventory Buffer
2011-03-10,PURDUE PHARMA LP,BELLCO DRUG CORP,FAMILY CARE PHARMACY #7468 (NE),NE,20000,76.55470120059356,True,False,False,False,True,0.7112256165783339,2,0.9935882916413108,65.7,72.0,108.5,40.5,70.5,40.5,Inventory Buffer,Inventory Buffer
2008-11-01,ENDO PHARMACEUTICALS INC,KEYSOURCE MEDICAL INC,GOOD NEIGHBOR PHARMACY #6194 (NH),NH,20000,76.55470120059356,True,False,False,False,True,0.7112256165783339,2,0.9935706754830808,40.9,86.5,103.5,15.6,22.2,15.6,Inventory Buffer,Inventory Buffer
2012-08-22,VINTAGE PHARMACEUTICALS LLC,CARDINAL HEALTH INC,COMMUNITY PHARMACY #7146 (NJ),NJ,20000,76.55470120059356,True,False,False,False,True,0.7085556560020768,2,0.9935216757400632,40.9,86.5,103.5,15.6,22.2,15.6,Inventory Buffer,Inventory Buffer
2010-09-02,MALLINCKRODT LLC,GULF COAST MEDICAL SUPPLY,WALGREENS #2438 (VT),VT,20000,76.55470120059356,True,False,False,False,True,0.7126706992242283,2,0.9935195270034868,65.7,72.0,108.5,40.5,70.5,40.5,Inventory Buffer,Inventory Buffer
2010-04-25,MYLAN PHARMACEUTICALS INC,HD SMITH WHOLESALE DRUG CO,HARRIS TEETER PHARMACY #6773 (OK),OK,20000,76.55470120059356,True,False,False,False,True,0.7053924123412921,2,0.9935165143677162,65.7,72.0,108.5,40.5,70.5,40.5,Inventory Buffer,Inventory Buffer
2013-02-11,SANDOZ INC,MIAMI-LUKEN INC,MAIN STREET PHARMACY #7377 (IA),IA,20000,76.55470120059356,True,False,False,False,True,0.7217854181552072,2,0.9935162228039376,40.9,86.5,103.5,15.6,22.2,15.6,Inventory Buffer,Inventory Buffer
2012-08-10,IMPAX LABORATORIES INC,VALUEDRUGCO,FAMILY CARE PHARMACY #6977 (NC),NC,20000,76.55470120059356,True,False,False,False,True,0.708965233205783,2,0.993493730589761,65.7,72.0,108.5,40.5,70.5,40.5,Inventory Buffer,Inventory Buffer
2013-08-29,ACTAVIS PHARMA INC,ANDA INC,FAMILY CARE PHARMACY #6977 (NC),NC,20000,76.55470120059356,True,False,False,False,True,0.7164860438793385,2,0.993492383083339,36.4,49.6,99.2,18.5,33.6,18.5,Inventory Buffer,Inventory Buffer
2014-08-30,LANNETT COMPANY INC,VALUEDRUGCO,PEOPLES PHARMACY #4568 (WA),WA,20000,76.55470120059356,True,False,False,False,True,0.7126706992242283,2,0.9934735127365232,65.7,72.0,108.5,40.5,70.5,40.5,Inventory Buffer,Inventory Buffer
2008-07-10,SUN PHARMA GLOBAL INC,MCKESSON CORPORATION,KROGER PHARMACY #6212 (UT),UT,20000,76.55470120059356,True,False,False,False,True,0.7069039693405407,2,0.9934604557820632,40.9,86.5,103.5,15.6,22.2,15.6,Inventory Buffer,Inventory Buffer
2012-12-12,SUN PHARMA GLOBAL INC,AMERISOURCEBERGEN DRUG CORP,PEOPLES PHARMACY #2188 (IA),IA,20000,76.55470120059356,True,False,False,False,True,0.7200175787133458,2,0.9934579718586356,36.4,49.6,99.2,18.5,33.6,18.5,Inventory Buffer,Inventory Buffer
2011-02-08,MALLINCKRODT LLC,MIAMI-LUKEN INC,PEOPLES PHARMACY #6526 (WA),WA,20000,76.55470120059356,True,False,False,False,True,0.7117069849226937,2,0.9934574848651838,40.9,86.5,103.5,15.6,22.2,15.6,Inventory Buffer,Inventory Buffer
2013-07-04,WATSON LABORATORIES INC,HD SMITH WHOLESALE DRUG CO,PUBLIX PHARMACY #6189 (IA),IA,20000,76.55470120059356,True,False,False,False,True,0.7363584372243305,2,0.9934468240162284,65.7,72.0,108.5,40.5,70.5,40.5,Inventory Buffer,Inventory Buffer
2009-11-14,AMNEAL PHARMACEUTICALS LLC,KINRAY LLC,FAMILY CARE PHARMACY #6878 (OR),OR,20000,76.55470120059356,True,False,False,False,True,0.7296991720865572,2,0.9934401969428892,40.9,86.5,103.5,15.6,22.2,15.6,Inventory Buffer,Inventory Buffer
2013-08-09,SANDOZ INC,SMITH DRUG COMPANY,SUNRISE PHARMACY #9718 (HI),HI,23445,89.90884296149511,True,False,True,False,True,0.7364180393549821,3,0.9934210632843702,92.0,104.3,133.7,55.9,101.8,55.9,Inventory Buffer,Inventory Buffer
2012-07-18,RHODES TECHNOLOGIES,DAKOTA DRUG INC,RITE AID #8888 (NY),NY,20000,76.55470120059356,True,False,False,False,True,0.7066255369867113,2,0.9934179389312514,40.9,86.5,103.5,15.6,22.2,15.6,Inventory Buffer,Inventory Buffer
2014-08-17,QUALITEST PHARMACEUTICALS,MORRIS & DICKSON CO LLC,GOOD NEIGHBOR PHARMACY #2494 (WV),WV,20000,76.55470120059356,True,False,False,False,True,0.6897940556462253,2,0.9934048197841244,36.4,49.6,99.2,18.5,33.6,18.5,Inventory Buffer,Inventory Buffer
2012-03-28,QUALITEST PHARMACEUTICALS,SMITH DRUG COMPANY,CVS PHARMACY #5523 (NC),NC,20000,76.55470120059356,True,False,False,False,True,0.6989369099982504,2,0.9933816248017024,65.7,72.0,108.5,40.5,70.5,40.5,Inventory Buffer,Inventory Buffer
2009-11-06,PAR PHARMACEUTICAL INC,AMERISOURCEBERGEN DRUG CORP,MEDICO PHARMACY #2821 (FL),FL,20000,76.55470120059356,True,False,False,False,True,0.7037627925899514,2,0.9933814702969672,36.4,49.6,99.2,18.5,33.6,18.5,Inventory Buffer,Inventory Buffer
2013-10-13,LANNETT COMPANY INC,HENRY SCHEIN INC,RITE AID #9223 (WV),WV,20000,76.55470120059356,True,False,False,False,True,0.697223492388211,2,0.9933753400115126,36.4,49.6,99.2,18.5,33.6,18.5,Inventory Buffer,Inventory Buffer
2008-02-08,VINTAGE PHARMACEUTICALS LLC,SMITH DRUG COMPANY,FAMILY CARE PHARMACY #9427 (IN),IN,32088,123.41242706584116,True,False,False,False,True,0.7118812041595021,2,0.9933603579015716,65.7,72.0,108.5,40.5,70.5,40.5,Inventory Buffer,Inventory Buffer
2011-11-24,IMPAX LABORATORIES INC,CARDINAL HEALTH INC,HEALTH MART PHARMACY #6716 (UT),UT,20000,76.55470120059356,True,False,False,False,True,0.7146787757977701,2,0.9933563344946486,40.9,86.5,103.5,15.6,22.2,15.6,Inventory Buffer,Inventory Buffer
2011-05-28,PURDUE PHARMA LP,NATIONAL WHOLESALE DRUG CO INC,SUNRISE PHARMACY #7702 (NC),NC,20000,76.55470120059356,True,False,True,False,True,0.7222109432828346,3,0.9933424854536914,92.0,104.3,133.7,55.9,101.8,55.9,Inventory Buffer,Inventory Buffer
2013-12-02,VINTAGE PHARMACEUTICALS LLC,DIRECT RX,PUBLIX PHARMACY #3391 (SD),SD,20000,76.55470120059356,True,False,False,False,True,0.7129249823888334,2,0.993338535407684,36.4,49.6,99.2,18.5,33.6,18.5,Inventory Buffer,Inventory Buffer
2014-03-23,ACTAVIS PHARMA INC,SMITH DRUG COMPANY,RITE AID #5178 (ND),ND,20000,76.55470120059356,True,False,False,False,True,0.7014564336443152,2,0.9933131341387303,65.7,72.0,108.5,40.5,70.5,40.5,Inventory Buffer,Inventory Buffer
2013-07-01,PURDUE PHARMA LP,PENN PHARMACEUTICAL SERVICES INC,VILLAGE PHARMACY #6515 (MT),MT,20000,76.55470120059356,True,False,False,False,True,0.7138903459668291,2,0.993310633105964,36.4,49.6,99.2,18.5,33.6,18.5,Inventory Buffer,Inventory Buffer
2012-02-27,ENDO PHARMACEUTICALS INC,ANDA INC,CORNER DRUG STORE #6823 (NY),NY,20000,76.55470120059356,True,False,False,False,True,0.7024816895936127,2,0.993306780733274,36.4,49.6,99.2,18.5,33.6,18.5,Inventory Buffer,Inventory Buffer
2011-08-17,PAR PHARMACEUTICAL INC,CARDINAL HEALTH INC,SUNRISE PHARMACY #7916 (MT),MT,20000,76.55470120059356,True,False,False,False,True,0.7121886790644902,2,0.993295728047396,40.9,86.5,103.5,15.6,22.2,15.6,Inventory Buffer,Inventory Buffer
2014-03-21,QUALITEST PHARMACEUTICALS,CARDINAL HEALTH INC,HARRIS TEETER PHARMACY #6458 (CO),CO,20000,76.55470120059356,True,False,False,False,True,0.7112256165783339,2,0.9932919583014702,40.9,86.5,103.5,15.6,22.2,15.6,Inventory Buffer,Inventory Buffer
2009-12-07,QUALITEST PHARMACEUTICALS,CARDINAL HEALTH INC,GOOD NEIGHBOR PHARMACY #2848 (MT),MT,20000,76.55470120059356,True,False,False,False,True,0.7054705798950087,2,0.9932723320827522,40.9,86.5,103.5,15.6,22.2,15.6,Inventory Buffer,Inventory Buffer
2010-01-22,CADISTA PHARMACEUTICALS INC,BURLINGTON DRUG COMPANY INC,GOOD NEIGHBOR PHARMACY #5339 (PA),PA,20000,76.55470120059356,True,False,False,False,True,0.6956594176778568,2,0.9932264480320546,40.9,86.5,103.5,15.6,22.2,15.6,Inventory Buffer,Inventory Buffer
2013-03-28,PURDUE PHARMA LP,KEYSOURCE MEDICAL INC,RITE AID #9329 (MN),MN,20000,76.55470120059356,True,False,False,False,True,0.7287124309047978,2,0.993218269868466,40.9,86.5,103.5,15.6,22.2,15.6,Inventory Buffer,Inventory Buffer
2012-08-21,PAR PHARMACEUTICAL INC,MCKESSON CORPORATION,FAMILY CARE PHARMACY #5952 (MI),MI,20000,76.55470120059356,True,False,True,False,True,0.7290843777644069,3,0.9932130105475406,64.7,119.4,128.3,36.7,54.9,36.7,Inventory Buffer,Inventory Buffer
2010-09-12,MYLAN PHARMACEUTICALS INC,AMERISOURCEBERGEN DRUG CORP,HARRIS TEETER PHARMACY #6503 (MO),MO,22345,85.64482091882698,True,False,True,True,True,0.7352449974999301,4,0.9932067080730494,,134.9,167.4,118.1,137.5,118.1,Inventory Buffer,Inventory Buffer
2012-08-12,CADISTA PHARMACEUTICALS INC,GULF COAST MEDICAL SUPPLY,HOMETOWN PHARMACY #8919 (KY),KY,20000,76.55470120059356,True,False,False,False,True,0.7036379633437568,2,0.9931886249264802,65.7,72.0,108.5,40.5,70.5,40.5,Inventory Buffer,Inventory Buffer
2009-09-21,SUN PHARMA GLOBAL INC,HENRY SCHEIN INC,KROGER PHARMACY #8420 (MT),MT,20000,76.55470120059356,True,False,False,False,True,0.7188658520418546,2,0.993160115355042,36.4,49.6,99.2,18.5,33.6,18.5,Inventory Buffer,Inventory Buffer
2012-02-10,PAR PHARMACEUTICAL INC,NATIONAL WHOLESALE DRUG CO INC,CORNER DRUG STORE #9113 (HI),HI,20000,76.55470120059356,True,False,False,False,True,0.7277270240512067,2,0.9931434620382368,65.7,72.0,108.5,40.5,70.5,40.5,Inventory Buffer,Inventory Buffer
2013-01-01,MYLAN PHARMACEUTICALS INC,KINRAY LLC,MAIN STREET PHARMACY #4930 (VA),VA,20000,76.55470120059356,True,False,False,False,True,0.6965103848563933,2,0.9931395771467776,40.9,86.5,103.5,15.6,22.2,15.6,Inventory Buffer,Inventory Buffer
2008-05-22,IMPAX LABORATORIES INC,KINRAY LLC,PEOPLES PHARMACY #5739 (CO),CO,20000,76.55470120059356,True,False,False,False,True,0.7035639141464932,2,0.993071475887246,40.9,86.5,103.5,15.6,22.2,15.6,Inventory Buffer,Inventory Buffer
2012-06-23,QUALITEST PHARMACEUTICALS,CARDINAL HEALTH INC,RITE AID #2593 (ID),ID,20000,76.55470120059356,True,False,False,False,True,0.7175859238914748,2,0.9930641038525024,40.9,86.5,103.5,15.6,22.2,15.6,Inventory Buffer,Inventory Buffer
2009-06-11,ABBOTT LABORATORIES,VALUEDRUGCO,HEALTH MART PHARMACY #8461 (GA),GA,6549,24.413464386112626,True,False,False,False,True,0.6925486966102669,2,0.9930074692433168,65.7,72.0,108.5,40.5,70.5,40.5,Inventory Buffer,Inventory Buffer
2012-11-21,VINTAGE PHARMACEUTICALS LLC,PRESCRIPTION SUPPLY INC,RITE AID #3349 (TN),TN,20000,76.55470120059356,True,False,False,False,True,0.7051960853925454,2,0.9929995810521406,65.7,72.0,108.5,40.5,70.5,40.5,Inventory Buffer,Inventory Buffer
2013-03-16,ENDO PHARMACEUTICALS INC,KEYSOURCE MEDICAL INC,HARRIS TEETER PHARMACY #5423 (HI),HI,20000,76.55470120059356,True,False,False,False,True,0.7174082074822529,2,0.9929638906228404,40.9,86.5,103.5,15.6,22.2,15.6,Inventory Buffer,Inventory Buffer
2010-10-05,PAR PHARMACEUTICAL INC,MCKESSON CORPORATION,VILLAGE PHARMACY #3392 (NY),NY,20000,76.55470120059356,True,False,False,True,True,0.7246674513933815,3,0.9929375832065416,,87.2,95.2,64.0,83.0,64.0,Inventory Buffer,Inventory Buffer
2010-05-26,ENDO PHARMACEUTICALS INC,PRESCRIPTION SUPPLY INC,WINN-DIXIE PHARMACY #2880 (MI),MI,20000,76.55470120059356,True,False,False,False,True,0.7029836642107904,2,0.9929286132398324,65.7,72.0,108.5,40.5,70.5,40.5,Inventory Buffer,Inventory Buffer
2012-01-27,RHODES TECHNOLOGIES,KEYSOURCE MEDICAL INC,WALGREENS #3078 (MA),MA,20000,76.55470120059356,True,False,False,False,True,0.7066818599825042,2,0.9929168009159748,40.9,86.5,103.5,15.6,22.2,15.6,Inventory Buffer,Inventory Buffer
2009-04-20,MYLAN PHARMACEUTICALS INC,VALUEDRUGCO,VILLAGE PHARMACY #8600 (HI),HI,20000,76.55470120059356,True,False,False,False,True,0.7124427902427742,2,0.992913560427326,65.7,72.0,108.5,40.5,70.5,40.5,Inventory Buffer,Inventory Buffer
2012-11-29,QUALITEST PHARMACEUTICALS,ANDA INC,KROGER PHARMACY #4771 (NV),NV,20000,76.55470120059356,True,False,False,False,True,0.7129249823888334,2,0.992901492770034,36.4,49.6,99.2,18.5,33.6,18.5,Inventory Buffer,Inventory Buffer
2007-06-02,MYLAN PHARMACEUTICALS INC,BELLCO DRUG CORP,WALMART PHARMACY #2083 (MI),MI,20000,76.55470120059356,True,False,False,False,True,0.6885102945410014,2,0.9928492320583308,65.7,72.0,108.5,40.5,70.5,40.5,Inventory Buffer,Inventory Buffer
2011-07-08,RHODES TECHNOLOGIES,KINRAY LLC,CORNER DRUG STORE #1973 (TX),TX,20000,76.55470120059356,True,False,True,False,True,0.7378545852454186,3,0.9928474893690852,64.7,119.4,128.3,36.7,54.9,36.7,Inventory Buffer,Inventory Buffer
2010-09-01,MYLAN PHARMACEUTICALS INC,BURLINGTON DRUG COMPANY INC,PEOPLES PHARMACY #6564 (IN),IN,20000,76.55470120059356,True,False,True,False,True,0.7212343281146733,3,0.9928471841616368,64.7,119.4,128.3,36.7,54.9,36.7,Inventory Buffer,Inventory Buffer
2009-05-05,ABBOTT LABORATORIES,CARDINAL HEALTH INC,COMMUNITY PHARMACY #2700 (OK),OK,20000,76.55470120059356,True,False,False,False,True,0.7003099252885422,2,0.9928396381228284,40.9,86.5,103.5,15.6,22.2,15.6,Inventory Buffer,Inventory Buffer
2013-02-01,SUN PHARMA GLOBAL INC,DAKOTA DRUG INC,WALGREENS #5730 (AR),AR,20000,76.55470120059356,True,False,False,False,True,0.7202681585177122,2,0.9927807385234736,40.9,86.5,103.5,15.6,22.2,15.6,Inventory Buffer,Inventory Buffer
2013-12-31,TEVA PHARMACEUTICALS USA INC,BURLINGTON DRUG COMPANY INC,FAMILY CARE PHARMACY #2731 (OH),OH,20000,76.55470120059356,True,False,False,False,True,0.690411005963305,2,0.9927773373272434,40.9,86.5,103.5,15.6,22.2,15.6,Inventory Buffer,Inventory Buffer
2009-02-25,MALLINCKRODT LLC,BURLINGTON DRUG COMPANY INC,HARRIS TEETER PHARMACY #5346 (KS),KS,20000,76.55470120059356,True,False,False,False,True,0.7040400969337967,2,0.9927736725948494,40.9,86.5,103.5,15.6,22.2,15.6,Inventory Buffer,Inventory Buffer
2009-07-07,ABBOTT LABORATORIES,PENN PHARMACEUTICAL SERVICES INC,GOOD NEIGHBOR PHARMACY #4482 (NJ),NJ,20000,76.55470120059356,True,False,False,False,True,0.7154412256974603,2,0.9927702249335096,36.4,49.6,99.2,18.5,33.6,18.5,Inventory Buffer,Inventory Buffer
2010-03-21,MYLAN PHARMACEUTICALS INC,KINRAY LLC,GOOD NEIGHBOR PHARMACY #7379 (WA),WA,20000,76.55470120059356,True,False,False,False,True,0.7154412256974603,2,0.9927696677775634,40.9,86.5,103.5,15.6,22.2,15.6,Inventory Buffer,Inventory Buffer
2014-02-19,PAR PHARMACEUTICAL INC,DIRECT RX,HARRIS TEETER PHARMACY #3473 (WV),WV,20000,76.55470120059356,True,False,False,False,True,0.7048887574757607,2,0.992765493053583,36.4,49.6,99.2,18.5,33.6,18.5,Inventory Buffer,Inventory Buffer
2011-11-07,LANNETT COMPANY INC,KEYSOURCE MEDICAL INC,VILLAGE PHARMACY #3051 (SD),SD,20000,76.55470120059356,True,False,False,False,True,0.7145017793691151,2,0.9927636120516103,40.9,86.5,103.5,15.6,22.2,15.6,Inventory Buffer,Inventory Buffer
2009-11-17,SANDOZ INC,MORRIS & DICKSON CO LLC,MEDICO PHARMACY #4635 (MT),MT,20000,76.55470120059356,True,False,False,False,True,0.6981421175473532,2,0.9927543520904676,36.4,49.6,99.2,18.5,33.6,18.5,Inventory Buffer,Inventory Buffer
2012-04-11,CADISTA PHARMACEUTICALS INC,DAKOTA DRUG INC,GOOD NEIGHBOR PHARMACY #2150 (CA),CA,20000,76.55470120059356,True,False,False,False,True,0.7135076124200416,2,0.9927275126710384,40.9,86.5,103.5,15.6,22.2,15.6,Inventory Buffer,Inventory Buffer
2009-01-13,MYLAN PHARMACEUTICALS INC,PRESCRIPTION SUPPLY INC,WALGREENS #7353 (OK),OK,20000,76.55470120059356,True,False,False,False,True,0.7056699973011804,2,0.9926742302485972,65.7,72.0,108.5,40.5,70.5,40.5,Inventory Buffer,Inventory Buffer
2011-08-28,PURDUE PHARMA LP,SMITH DRUG COMPANY,COMMUNITY PHARMACY #9484 (NV),NV,20000,76.55470120059356,True,False,False,False,True,0.711301985369778,2,0.992663944526455,65.7,72.0,108.5,40.5,70.5,40.5,Inventory Buffer,Inventory Buffer
2010-10-15,ACTAVIS PHARMA INC,NATIONAL WHOLESALE DRUG CO INC,HARRIS TEETER PHARMACY #3473 (WV),WV,20000,76.55470120059356,True,False,False,False,True,0.7005112347817761,2,0.9926286027213896,65.7,72.0,108.5,40.5,70.5,40.5,Inventory Buffer,Inventory Buffer
2012-09-15,VINTAGE PHARMACEUTICALS LLC,SMITH DRUG COMPANY,WINN-DIXIE PHARMACY #1281 (AZ),AZ,20000,76.55470120059356,True,False,False,False,True,0.7130250262078015,2,0.992615870021098,65.7,72.0,108.5,40.5,70.5,40.5,Inventory Buffer,Inventory Buffer
2009-07-12,AMNEAL PHARMACEUTICALS LLC,BURLINGTON DRUG COMPANY INC,WALMART PHARMACY #4965 (SC),SC,20000,76.55470120059356,True,False,False,False,True,0.7117069849226937,2,0.9926048808718876,40.9,86.5,103.5,15.6,22.2,15.6,Inventory Buffer,Inventory Buffer
2014-05-31,HIKMA PHARMACEUTICALS,NATIONAL WHOLESALE DRUG CO INC,SUNRISE PHARMACY #7702 (NC),NC,25503,97.88644056495968,True,False,False,False,True,0.7048164089517523,2,0.9925963867862388,65.7,72.0,108.5,40.5,70.5,40.5,Inventory Buffer,Inventory Buffer
2008-04-06,WATSON LABORATORIES INC,DAKOTA DRUG INC,PEOPLES PHARMACY #2660 (NC),NC,20000,76.55470120059356,True,False,False,False,True,0.7000374387667927,2,0.9925707932997144,40.9,86.5,103.5,15.6,22.2,15.6,Inventory Buffer,Inventory Buffer
2008-03-17,SANDOZ INC,KINRAY LLC,WALMART PHARMACY #5220 (ME),ME,20000,76.55470120059356,True,False,False,False,True,0.7158955727582087,2,0.9925704165200324,40.9,86.5,103.5,15.6,22.2,15.6,Inventory Buffer,Inventory Buffer
2010-07-01,RHODES TECHNOLOGIES,CARDINAL HEALTH INC,PEOPLES PHARMACY #2660 (NC),NC,10865,41.14393632807231,True,True,False,False,True,0.6812064709820131,3,0.9925532349743056,64.7,119.4,128.3,36.7,54.9,36.7,Inventory Buffer,Inventory Buffer
2008-11-09,SUN PHARMA GLOBAL INC,CARDINAL HEALTH INC,GOOD NEIGHBOR PHARMACY #2494 (WV),WV,20000,76.55470120059356,True,False,False,False,True,0.6872063890320658,2,0.9925524218177856,40.9,86.5,103.5,15.6,22.2,15.6,Inventory Buffer,Inventory Buffer
2010-08-12,CADISTA PHARMACEUTICALS INC,BELLCO DRUG CORP,WALGREENS #4628 (WA),WA,20000,76.55470120059356,True,False,False,False,True,0.7212434654066547,2,0.9925221812506588,65.7,72.0,108.5,40.5,70.5,40.5,Inventory Buffer,Inventory Buffer
2011-06-08,ENDO PHARMACEUTICALS INC,VALUEDRUGCO,HOMETOWN PHARMACY #1142 (NE),NE,20000,76.55470120059356,True,False,True,True,True,0.7344277323283785,4,0.9924787510532526,,152.0,176.4,144.1,182.4,144.1,Inventory Buffer,Inventory Buffer
2009-11-01,LANNETT COMPANY INC,SMITH DRUG COMPANY,RITE AID #9223 (WV),WV,20000,76.55470120059356,True,False,False,False,True,0.6921231668320902,2,0.9924662460949902,65.7,72.0,108.5,40.5,70.5,40.5,Inventory Buffer,Inventory Buffer
2013-10-27,QUALITEST PHARMACEUTICALS,DIRECT RX,COMMUNITY PHARMACY #8090 (LA),LA,20000,76.55470120059356,True,False,False,False,True,0.6923724919395977,2,0.992443766618732,36.4,49.6,99.2,18.5,33.6,18.5,Inventory Buffer,Inventory Buffer
2013-10-30,ENDO PHARMACEUTICALS INC,CARDINAL HEALTH INC,FAMILY CARE PHARMACY #4495 (MO),MO,10631,40.23686254808654,True,False,False,False,True,0.6925336225873883,2,0.9922923706004868,40.9,86.5,103.5,15.6,22.2,15.6,Inventory Buffer,Inventory Buffer
2013-06-25,TEVA PHARMACEUTICALS USA INC,HENRY SCHEIN INC,FAMILY CARE PHARMACY #2595 (OH),OH,20000,76.55470120059356,True,False,False,False,True,0.6853490856639742,2,0.9922695572433377,36.4,49.6,99.2,18.5,33.6,18.5,Inventory Buffer,Inventory Buffer
2014-03-10,CADISTA PHARMACEUTICALS INC,CARDINAL HEALTH INC,QUALITY CARE PHARMACY #7081 (NJ),NJ,20000,76.55470120059356,True,False,False,False,True,0.70882365411086,2,0.9922286173381162,40.9,86.5,103.5,15.6,22.2,15.6,Inventory Buffer,Inventory Buffer
2014-03-20,SANDOZ INC,PRESCRIPTION SUPPLY INC,WINN-DIXIE PHARMACY #9226 (CT),CT,20000,76.55470120059356,True,False,False,False,True,0.7093033967703889,2,0.992228522102258,65.7,72.0,108.5,40.5,70.5,40.5,Inventory Buffer,Inventory Buffer
2009-12-05,SANDOZ INC,BURLINGTON DRUG COMPANY INC,GOOD NEIGHBOR PHARMACY #9442 (VA),VA,20000,76.55470120059356,True,False,False,False,True,0.6962848211351402,2,0.9922146285177086,40.9,86.5,103.5,15.6,22.2,15.6,Inventory Buffer,Inventory Buffer
2009-08-17,JANSSEN PHARMACEUTICALS INC,GULF COAST MEDICAL SUPPLY,PEOPLES PHARMACY #6853 (ND),ND,20000,76.55470120059356,True,False,False,False,True,0.6999638329650494,2,0.9921847144559648,65.7,72.0,108.5,40.5,70.5,40.5,Inventory Buffer,Inventory Buffer
2013-09-19,PURDUE PHARMA LP,NATIONAL WHOLESALE DRUG CO INC,GOOD NEIGHBOR PHARMACY #4363 (OK),OK,20000,76.55470120059356,True,False,False,False,True,0.7007185744875764,2,0.9921803531009968,65.7,72.0,108.5,40.5,70.5,40.5,Inventory Buffer,Inventory Buffer
2008-12-17,CADISTA PHARMACEUTICALS INC,PRESCRIPTION SUPPLY INC,HEALTH MART PHARMACY #9547 (VA),VA,17879,68.33289142559437,True,False,False,False,True,0.6847633025224792,2,0.992116872119364,65.7,72.0,108.5,40.5,70.5,40.5,Inventory Buffer,Inventory Buffer
2013-03-31,JANSSEN PHARMACEUTICALS INC,MIAMI-LUKEN INC,MAIN STREET PHARMACY #6741 (AZ),AZ,20000,76.55470120059356,True,False,False,False,True,0.7142383702132572,2,0.9921039561105284,40.9,86.5,103.5,15.6,22.2,15.6,Inventory Buffer,Inventory Buffer
2009-06-23,LANNETT COMPANY INC,BURLINGTON DRUG COMPANY INC,CORNER DRUG STORE #5404 (NE),NE,20000,76.55470120059356,True,False,False,False,True,0.7042391099812186,2,0.9920955947903012,40.9,86.5,103.5,15.6,22.2,15.6,Inventory Buffer,Inventory Buffer
2009-07-13,MYLAN PHARMACEUTICALS INC,GULF COAST MEDICAL SUPPLY,FAMILY CARE PHARMACY #3097 (SC),SC,20000,76.55470120059356,True,False,False,False,True,0.6988948947908658,2,0.992076531803258,65.7,72.0,108.5,40.5,70.5,40.5,Inventory Buffer,Inventory Buffer
2009-05-29,QUALITEST PHARMACEUTICALS,VALUEDRUGCO,SUNRISE PHARMACY #9917 (KS),KS,20000,76.55470120059356,True,False,False,False,True,0.6998362654307407,2,0.9920291158899872,65.7,72.0,108.5,40.5,70.5,40.5,Inventory Buffer,Inventory Buffer
2011-02-21,QUALITEST PHARMACEUTICALS,HENRY SCHEIN INC,PUBLIX PHARMACY #2397 (LA),LA,72614,280.5067518850854,True,False,True,False,True,0.7598045544899554,3,0.9920162980796512,60.7,81.8,123.8,34.4,64.9,34.4,Inventory Buffer,Inventory Buffer
2011-11-22,JANSSEN PHARMACEUTICALS INC,MCKESSON CORPORATION,CORNER DRUG STORE #1891 (MT),MT,20000,76.55470120059356,True,False,True,False,True,0.7275039234338749,3,0.9919543832917226,64.7,119.4,128.3,36.7,54.9,36.7,Inventory Buffer,Inventory Buffer
2011-08-12,ABBOTT LABORATORIES,KINRAY LLC,CVS PHARMACY #7228 (FL),FL,20000,76.55470120059356,True,False,False,False,True,0.7144879378353564,2,0.9919323992746136,40.9,86.5,103.5,15.6,22.2,15.6,Inventory Buffer,Inventory Buffer
2014-04-24,LANNETT COMPANY INC,DIRECT RX,WALMART PHARMACY #5027 (SD),SD,20000,76.55470120059356,True,False,False,False,True,0.7207556469923663,2,0.991921431287866,36.4,49.6,99.2,18.5,33.6,18.5,Inventory Buffer,Inventory Buffer
2012-01-13,JANSSEN PHARMACEUTICALS INC,ANDA INC,HEALTH MART PHARMACY #1722 (WY),WY,20000,76.55470120059356,True,False,False,False,True,0.7192941704948299,2,0.9918603745678892,36.4,49.6,99.2,18.5,33.6,18.5,Inventory Buffer,Inventory Buffer
2013-08-12,PURDUE PHARMA LP,DAKOTA DRUG INC,COMMUNITY PHARMACY #2490 (KY),KY,61118,235.9438451555283,True,False,True,False,True,0.7521324511861218,3,0.9918547605064798,64.7,119.4,128.3,36.7,54.9,36.7,Inventory Buffer,Inventory Buffer
2013-09-20,AMNEAL PHARMACEUTICALS LLC,DAKOTA DRUG INC,WALGREENS #3121 (SC),SC,20000,76.55470120059356,True,False,False,False,True,0.6988948947908658,2,0.9918464137180708,40.9,86.5,103.5,15.6,22.2,15.6,Inventory Buffer,Inventory Buffer
2008-12-09,ABBOTT LABORATORIES,PENN PHARMACEUTICAL SERVICES INC,WINN-DIXIE PHARMACY #5962 (PA),PA,48816,188.25657318379797,True,False,False,False,True,0.7184206623505007,2,0.991837522402852,36.4,49.6,99.2,18.5,33.6,18.5,Inventory Buffer,Inventory Buffer
2013-02-04,PURDUE PHARMA LP,DAKOTA DRUG INC,GOOD NEIGHBOR PHARMACY #9827 (AZ),AZ,20000,76.55470120059356,True,False,False,False,True,0.7163801018001335,2,0.9918358604660664,40.9,86.5,103.5,15.6,22.2,15.6,Inventory Buffer,Inventory Buffer
2009-01-01,ACTAVIS PHARMA INC,GULF COAST MEDICAL SUPPLY,COMMUNITY PHARMACY #2294 (TN),TN,20000,76.55470120059356,True,False,False,False,True,0.6900342005445954,2,0.9918088002126758,65.7,72.0,108.5,40.5,70.5,40.5,Inventory Buffer,Inventory Buffer
2008-01-27,JANSSEN PHARMACEUTICALS INC,MIAMI-LUKEN INC,HEALTH MART PHARMACY #6840 (FL),FL,20000,76.55470120059356,True,False,False,False,True,0.7082170797523799,2,0.9918082456722284,40.9,86.5,103.5,15.6,22.2,15.6,Inventory Buffer,Inventory Buffer
2011-06-06,HIKMA PHARMACEUTICALS,BELLCO DRUG CORP,HOMETOWN PHARMACY #3142 (FL),FL,20000,76.55470120059356,True,False,False,False,True,0.7082170797523799,2,0.9918067796564768,65.7,72.0,108.5,40.5,70.5,40.5,Inventory Buffer,Inventory Buffer
2011-12-25,ACTAVIS PHARMA INC,SMITH DRUG COMPANY,PEOPLES PHARMACY #6007 (WV),WV,4838,17.780971917926106,True,True,False,False,True,0.6661450700056867,3,0.9918031474113498,92.0,104.3,133.7,55.9,101.8,55.9,Inventory Buffer,Inventory Buffer
2009-04-29,ENDO PHARMACEUTICALS INC,KINRAY LLC,MAIN STREET PHARMACY #2472 (ND),ND,20000,76.55470120059356,True,False,False,False,True,0.6929544222441102,2,0.9917745242903896,40.9,86.5,103.5,15.6,22.2,15.6,Inventory Buffer,Inventory Buffer
2013-03-14,ACTAVIS PHARMA INC,HENRY SCHEIN INC,KROGER PHARMACY #5224 (NH),NH,20000,76.55470120059356,True,False,True,False,True,0.7368568158450096,3,0.9917438120723616,60.7,81.8,123.8,34.4,64.9,34.4,Inventory Buffer,Inventory Buffer
2014-06-24,ABBOTT LABORATORIES,KEYSOURCE MEDICAL INC,CORNER DRUG STORE #2639 (VA),VA,20000,76.55470120059356,True,False,False,False,True,0.6834513247374691,2,0.9916917278479704,40.9,86.5,103.5,15.6,22.2,15.6,Inventory Buffer,Inventory Buffer
2012-04-16,ACTAVIS PHARMA INC,NATIONAL WHOLESALE DRUG CO INC,RITE AID #3418 (WV),WV,20000,76.55470120059356,True,False,False,False,True,0.7109594937431221,2,0.9916690826147934,65.7,72.0,108.5,40.5,70.5,40.5,Inventory Buffer,Inventory Buffer
2011-04-15,ABBOTT LABORATORIES,KEYSOURCE MEDICAL INC,SUNRISE PHARMACY #1845 (LA),LA,20000,76.55470120059356,True,False,False,False,True,0.6848168078246711,2,0.9916047714509691,40.9,86.5,103.5,15.6,22.2,15.6,Inventory Buffer,Inventory Buffer
2014-03-12,CADISTA PHARMACEUTICALS INC,HENRY SCHEIN INC,MAIN STREET PHARMACY #2094 (KY),KY,20000,76.55470120059356,True,False,False,False,True,0.6924030113112053,2,0.9916025383690612,36.4,49.6,99.2,18.5,33.6,18.5,Inventory Buffer,Inventory Buffer
2011-05-08,ENDO PHARMACEUTICALS INC,ANDA INC,HARRIS TEETER PHARMACY #5699 (AZ),AZ,20000,76.55470120059356,True,False,True,False,True,0.7323835240832473,3,0.9916002612688768,60.7,81.8,123.8,34.4,64.9,34.4,Inventory Buffer,Inventory Buffer
2011-03-08,TEVA PHARMACEUTICALS USA INC,ANDA INC,MEDICO PHARMACY #2927 (MI),MI,20000,76.55470120059356,True,False,False,False,True,0.6840313189233106,2,0.99159551046686,36.4,49.6,99.2,18.5,33.6,18.5,Inventory Buffer,Inventory Buffer
2011-05-01,PAR PHARMACEUTICAL INC,ANDA INC,GOOD NEIGHBOR PHARMACY #9772 (VA),VA,20000,76.55470120059356,True,False,False,False,True,0.6929949404239902,2,0.991537580147876,36.4,49.6,99.2,18.5,33.6,18.5,Inventory Buffer,Inventory Buffer
2011-02-21,LANNETT COMPANY INC,SMITH DRUG COMPANY,KROGER PHARMACY #7238 (CO),CO,20000,76.55470120059356,True,False,True,False,True,0.724872270698192,3,0.9915331448109184,92.0,104.3,133.7,55.9,101.8,55.9,Inventory Buffer,Inventory Buffer
2012-10-22,HIKMA PHARMACEUTICALS,KEYSOURCE MEDICAL INC,WALMART PHARMACY #6240 (NC),NC,20000,76.55470120059356,True,False,False,False,True,0.6861315908004798,2,0.9914765387791328,40.9,86.5,103.5,15.6,22.2,15.6,Inventory Buffer,Inventory Buffer
2011-03-27,QUALITEST PHARMACEUTICALS,VALUEDRUGCO,MAIN STREET PHARMACY #5037 (UT),UT,10244,38.73670206580239,True,False,False,False,True,0.688329406948681,2,0.9914764677569216,65.7,72.0,108.5,40.5,70.5,40.5,Inventory Buffer,Inventory Buffer
2012-06-30,SUN PHARMA GLOBAL INC,HD SMITH WHOLESALE DRUG CO,PEOPLES PHARMACY #2021 (TN),TN,20000,76.55470120059356,True,False,True,False,True,0.7178265633146086,3,0.9914127215641332,92.0,104.3,133.7,55.9,101.8,55.9,Inventory Buffer,Inventory Buffer
2013-06-07,QUALITEST PHARMACEUTICALS,PRESCRIPTION SUPPLY INC,GOOD NEIGHBOR PHARMACY #8085 (OH),OH,20000,76.55470120059356,True,False,False,False,True,0.6843536268527884,2,0.991411115548094,65.7,72.0,108.5,40.5,70.5,40.5,Inventory Buffer,Inventory Buffer
2010-01-20,QUALITEST PHARMACEUTICALS,GULF COAST MEDICAL SUPPLY,MEDICO PHARMACY #6092 (NY),NY,10411,39.38405813955291,True,False,False,False,True,0.6830680227785336,2,0.9913930639972628,65.7,72.0,108.5,40.5,70.5,40.5,Inventory Buffer,Inventory Buffer
2008-10-29,SANDOZ INC,ANDA INC,VILLAGE PHARMACY #3656 (WA),WA,20000,76.55470120059356,True,False,False,False,True,0.7105035698683847,2,0.9913921273435328,36.4,49.6,99.2,18.5,33.6,18.5,Inventory Buffer,Inventory Buffer
2011-06-09,ABBOTT LABORATORIES,KEYSOURCE MEDICAL INC,QUALITY CARE PHARMACY #7561 (KY),KY,20000,76.55470120059356,True,False,False,False,True,0.6915897543216439,2,0.9913845164881148,40.9,86.5,103.5,15.6,22.2,15.6,Inventory Buffer,Inventory Buffer
2012-04-13,ACTAVIS PHARMA INC,BURLINGTON DRUG COMPANY INC,WALGREENS #3635 (NC),NC,20000,76.55470120059356,True,False,False,False,True,0.7091229386852794,2,0.9913690510634462,40.9,86.5,103.5,15.6,22.2,15.6,Inventory Buffer,Inventory Buffer
2013-11-03,IMPAX LABORATORIES INC,DAKOTA DRUG INC,CVS PHARMACY #8273 (OR),OR,20000,76.55470120059356,True,False,False,False,True,0.6973328676670248,2,0.9913678302222187,40.9,86.5,103.5,15.6,22.2,15.6,Inventory Buffer,Inventory Buffer
2013-08-14,ABBOTT LABORATORIES,MIAMI-LUKEN INC,PEOPLES PHARMACY #6398 (AR),AR,20000,76.55470120059356,True,False,False,False,True,0.7018685241447413,2,0.991366494011898,40.9,86.5,103.5,15.6,22.2,15.6,Inventory Buffer,Inventory Buffer
2009-05-22,VINTAGE PHARMACEUTICALS LLC,CARDINAL HEALTH INC,PEOPLES PHARMACY #1524 (OK),OK,20000,76.55470120059356,True,False,False,False,True,0.6919945690248164,2,0.9913569374903414,40.9,86.5,103.5,15.6,22.2,15.6,Inventory Buffer,Inventory Buffer
2011-02-04,VINTAGE PHARMACEUTICALS LLC,BURLINGTON DRUG COMPANY INC,WINN-DIXIE PHARMACY #3574 (OR),OR,20000,76.55470120059356,True,False,False,False,True,0.7081917260050975,2,0.9913507202273328,40.9,86.5,103.5,15.6,22.2,15.6,Inventory Buffer,Inventory Buffer
2013-12-04,QUALITEST PHARMACEUTICALS,ANDA INC,COMMUNITY PHARMACY #9849 (AK),AK,20000,76.55470120059356,True,False,False,False,True,0.6973328676670248,2,0.9913408710162313,36.4,49.6,99.2,18.5,33.6,18.5,Inventory Buffer,Inventory Buffer
2013-02-05,IMPAX LABORATORIES INC,KEYSOURCE MEDICAL INC,VILLAGE PHARMACY #2291 (AK),AK,20000,76.55470120059356,True,False,False,False,True,0.7077837702139542,2,0.9913124560132114,40.9,86.5,103.5,15.6,22.2,15.6,Inventory Buffer,Inventory Buffer
2010-07-24,AMNEAL PHARMACEUTICALS LLC,AMERISOURCEBERGEN DRUG CORP,WINN-DIXIE PHARMACY #4828 (HI),HI,20000,76.55470120059356,True,False,False,False,True,0.7004453450733341,2,0.9912693530675326,36.4,49.6,99.2,18.5,33.6,18.5,Inventory Buffer,Inventory Buffer
2009-05-12,MYLAN PHARMACEUTICALS INC,MCKESSON CORPORATION,PUBLIX PHARMACY #2769 (WV),WV,20000,76.55470120059356,True,False,False,False,True,0.6839594030642117,2,0.9912569322615948,40.9,86.5,103.5,15.6,22.2,15.6,Inventory Buffer,Inventory Buffer
2007-04-21,MALLINCKRODT LLC,DIRECT RX,FAMILY CARE PHARMACY #1847 (OH),OH,20000,76.55470120059356,True,False,False,False,True,0.6817096268220174,2,0.9911905308474832,36.4,49.6,99.2,18.5,33.6,18.5,Inventory Buffer,Inventory Buffer
2011-03-18,RHODES TECHNOLOGIES,HD SMITH WHOLESALE DRUG CO,MAIN STREET PHARMACY #8902 (TN),TN,60485,233.49009428915653,True,False,True,False,True,0.735141059538702,3,0.9911892538019722,92.0,104.3,133.7,55.9,101.8,55.9,Inventory Buffer,Inventory Buffer
2011-02-07,HIKMA PHARMACEUTICALS,SMITH DRUG COMPANY,WALMART PHARMACY #9312 (PA),PA,41531,160.01711811030947,True,False,True,False,True,0.7375605784067208,3,0.9911882228713212,92.0,104.3,133.7,55.9,101.8,55.9,Inventory Buffer,Inventory Buffer
2009-08-13,ENDO PHARMACEUTICALS INC,PENN PHARMACEUTICAL SERVICES INC,WALMART PHARMACY #1108 (WV),WV,20000,76.55470120059356,True,False,False,False,True,0.6839594030642117,2,0.9911576280465744,36.4,49.6,99.2,18.5,33.6,18.5,Inventory Buffer,Inventory Buffer
2011-05-22,ENDO PHARMACEUTICALS INC,KINRAY LLC,GOOD NEIGHBOR PHARMACY #6839 (WI),WI,20000,76.55470120059356,True,False,True,False,True,0.7268366823213571,3,0.9910034836948808,64.7,119.4,128.3,36.7,54.9,36.7,Inventory Buffer,Inventory Buffer
2011-11-04,MYLAN PHARMACEUTICALS INC,ANDA INC,WALMART PHARMACY #8931 (VA),VA,40576,156.3151717005385,True,False,True,False,True,0.7316449302690864,3,0.9909936235370284,60.7,81.8,123.8,34.4,64.9,34.4,Inventory Buffer,Inventory Buffer
2009-09-06,ACTAVIS PHARMA INC,KEYSOURCE MEDICAL INC,QUALITY CARE PHARMACY #4119 (IL),IL,20000,76.55470120059356,True,False,False,False,True,0.7009194171655269,2,0.9908885923826276,40.9,86.5,103.5,15.6,22.2,15.6,Inventory Buffer,Inventory Buffer
2013-08-08,SUN PHARMA GLOBAL INC,CARDINAL HEALTH INC,WINN-DIXIE PHARMACY #1912 (OH),OH,20000,76.55470120059356,True,False,False,False,True,0.6927149044410221,2,0.990834967377923,40.9,86.5,103.5,15.6,22.2,15.6,Inventory Buffer,Inventory Buffer
2013-01-07,CADISTA PHARMACEUTICALS INC,CARDINAL HEALTH INC,HOMETOWN PHARMACY #8574 (OR),OR,20000,76.55470120059356,True,False,False,False,True,0.6982771181405171,2,0.9908127313817074,40.9,86.5,103.5,15.6,22.2,15.6,Inventory Buffer,Inventory Buffer
2011-01-06,PAR PHARMACEUTICAL INC,CARDINAL HEALTH INC,QUALITY CARE PHARMACY #4985 (TN),TN,20000,76.55470120059356,True,False,False,False,True,0.689311464626896,2,0.9908095119038248,40.9,86.5,103.5,15.6,22.2,15.6,Inventory Buffer,Inventory Buffer
2007-11-12,TEVA PHARMACEUTICALS USA INC,ANDA INC,FAMILY CARE PHARMACY #5200 (UT),UT,20000,76.55470120059356,True,False,False,False,True,0.6851165547233479,2,0.9907966354393638,36.4,49.6,99.2,18.5,33.6,18.5,Inventory Buffer,Inventory Buffer
2013-02-21,RHODES TECHNOLOGIES,AMERISOURCEBERGEN DRUG CORP,CVS PHARMACY #5473 (MI),MI,20000,76.55470120059356,True,False,False,False,True,0.7010395467268384,2,0.9907242394518332,36.4,49.6,99.2,18.5,33.6,18.5,Inventory Buffer,Inventory Buffer
2011-01-22,JANSSEN PHARMACEUTICALS INC,BURLINGTON DRUG COMPANY INC,VILLAGE PHARMACY #4526 (UT),UT,20000,76.55470120059356,True,False,False,False,True,0.7011928315056037,2,0.990711759656018,40.9,86.5,103.5,15.6,22.2,15.6,Inventory Buffer,Inventory Buffer
2009-12-31,MALLINCKRODT LLC,CARDINAL HEALTH INC,QUALITY CARE PHARMACY #6847 (WV),WV,20000,76.55470120059356,True,False,False,False,True,0.6788880022683684,2,0.9906954733564096,40.9,86.5,103.5,15.6,22.2,15.6,Inventory Buffer,Inventory Buffer
2013-01-14,ABBOTT LABORATORIES,MCKESSON CORPORATION,HOMETOWN PHARMACY #8558 (MA),MA,20000,76.55470120059356,True,False,False,False,True,0.6957920552002761,2,0.9906484703558792,40.9,86.5,103.5,15.6,22.2,15.6,Inventory Buffer,Inventory Buffer
2011-01-06,ENDO PHARMACEUTICALS INC,VALUEDRUGCO,CORNER DRUG STORE #3604 (VA),VA,20000,76.55470120059356,True,False,False,False,True,0.6898747967727299,2,0.9906310366107692,65.7,72.0,108.5,40.5,70.5,40.5,Inventory Buffer,Inventory Buffer
2008-01-13,PURDUE PHARMA LP,BELLCO DRUG CORP,COMMUNITY PHARMACY #6047 (VA),VA,20000,76.55470120059356,True,False,False,False,True,0.6764995253379714,2,0.9906135209990408,65.7,72.0,108.5,40.5,70.5,40.5,Inventory Buffer,Inventory Buffer
2008-09-26,SANDOZ INC,PRESCRIPTION SUPPLY INC,CVS PHARMACY #4109 (IN),IN,20000,76.55470120059356,True,False,False,False,True,0.6780299125343671,2,0.9905870763222392,65.7,72.0,108.5,40.5,70.5,40.5,Inventory Buffer,Inventory Buffer
2012-04-19,PURDUE PHARMA LP,DIRECT RX,COMMUNITY PHARMACY #3782 (NC),NC,20472,78.3843542952657,True,False,False,False,True,0.6894340421623335,2,0.9905760693457616,36.4,49.6,99.2,18.5,33.6,18.5,Inventory Buffer,Inventory Buffer
2011-09-20,HIKMA PHARMACEUTICALS,BURLINGTON DRUG COMPANY INC,CVS PHARMACY #4509 (LA),LA,20000,76.55470120059356,True,False,False,False,True,0.6958414625596611,2,0.99041624995915,40.9,86.5,103.5,15.6,22.2,15.6,Inventory Buffer,Inventory Buffer
2013-08-10,ACTAVIS PHARMA INC,BURLINGTON DRUG COMPANY INC,COMMUNITY PHARMACY #3558 (DE),DE,20000,76.55470120059356,True,False,False,False,True,0.7129398845577152,2,0.9903880145332844,40.9,86.5,103.5,15.6,22.2,15.6,Inventory Buffer,Inventory Buffer
2013-01-06,IMPAX LABORATORIES INC,CARDINAL HEALTH INC,KROGER PHARMACY #6996 (NM),NM,20000,76.55470120059356,True,False,False,False,True,0.703870758983032,2,0.9903851701359008,40.9,86.5,103.5,15.6,22.2,15.6,Inventory Buffer,Inventory Buffer
2011-06-21,ENDO PHARMACEUTICALS INC,PENN PHARMACEUTICAL SERVICES INC,VILLAGE PHARMACY #4087 (DE),DE,20000,76.55470120059356,True,False,True,False,True,0.722598345394655,3,0.9903694029643528,60.7,81.8,123.8,34.4,64.9,34.4,Inventory Buffer,Inventory Buffer
2009-01-10,SUN PHARMA GLOBAL INC,DIRECT RX,SUNRISE PHARMACY #8999 (NC),NC,20000,76.55470120059356,True,False,False,False,True,0.6772080598733212,2,0.990358610493588,36.4,49.6,99.2,18.5,33.6,18.5,Inventory Buffer,Inventory Buffer
2008-04-07,JANSSEN PHARMACEUTICALS INC,KINRAY LLC,MEDICO PHARMACY #2927 (MI),MI,20000,76.55470120059356,True,False,False,False,True,0.6939608212957024,2,0.9903318072488596,40.9,86.5,103.5,15.6,22.2,15.6,Inventory Buffer,Inventory Buffer
2014-02-20,MYLAN PHARMACEUTICALS INC,VALUEDRUGCO,PEOPLES PHARMACY #6284 (NH),NH,20000,76.55470120059356,True,False,True,False,True,0.7257070042132454,3,0.9903068856574772,92.0,104.3,133.7,55.9,101.8,55.9,Inventory Buffer,Inventory Buffer
2010-01-09,JANSSEN PHARMACEUTICALS INC,HENRY SCHEIN INC,QUALITY CARE PHARMACY #8199 (WV),WV,2103,7.17906256638307,True,True,False,False,True,0.6748726498476784,3,0.9903061601237716,118.9,113.4,107.6,77.6,97.2,77.6,Inventory Buffer,Inventory Buffer
2008-05-24,ENDO PHARMACEUTICALS INC,AMERISOURCEBERGEN DRUG CORP,SUNRISE PHARMACY #2009 (VA),VA,20000,76.55470120059356,True,False,False,False,True,0.6818840159176653,2,0.9902309515648816,36.4,49.6,99.2,18.5,33.6,18.5,Inventory Buffer,Inventory Buffer
2008-08-16,QUALITEST PHARMACEUTICALS,CARDINAL HEALTH INC,QUALITY CARE PHARMACY #3905 (TN),TN,20000,76.55470120059356,True,False,False,False,True,0.7029393714125891,2,0.9902228329865372,40.9,86.5,103.5,15.6,22.2,15.6,Inventory Buffer,Inventory Buffer
2008-06-10,IMPAX LABORATORIES INC,KINRAY LLC,HEALTH MART PHARMACY #5181 (MI),MI,20000,76.55470120059356,True,False,False,False,True,0.6857124301109648,2,0.9902202657784032,40.9,86.5,103.5,15.6,22.2,15.6,Inventory Buffer,Inventory Buffer
2007-04-07,PURDUE PHARMA LP,AMERISOURCEBERGEN DRUG CORP,VILLAGE PHARMACY #2073 (WI),WI,20000,76.55470120059356,True,False,False,False,True,0.6789375595738679,2,0.990203546658458,36.4,49.6,99.2,18.5,33.6,18.5,Inventory Buffer,Inventory Buffer
2012-07-24,IMPAX LABORATORIES INC,GULF COAST MEDICAL SUPPLY,VILLAGE PHARMACY #3997 (AL),AL,20000,76.55470120059356,True,False,True,False,True,0.7423612934509157,3,0.9901871848922836,92.0,104.3,133.7,55.9,101.8,55.9,Inventory Buffer,Inventory Buffer
2010-12-31,IMPAX LABORATORIES INC,BURLINGTON DRUG COMPANY INC,PUBLIX PHARMACY #5267 (KS),KS,20000,76.55470120059356,True,False,True,False,True,0.715807010778981,3,0.9901590517077172,64.7,119.4,128.3,36.7,54.9,36.7,Inventory Buffer,Inventory Buffer
2011-02-06,ACTAVIS PHARMA INC,HENRY SCHEIN INC,GOOD NEIGHBOR PHARMACY #6129 (NC),NC,5956,22.114768866746985,True,True,False,False,True,0.6805529036017708,3,0.9901538020136152,60.7,81.8,123.8,34.4,64.9,34.4,Inventory Buffer,Inventory Buffer
2010-08-21,VINTAGE PHARMACEUTICALS LLC,CARDINAL HEALTH INC,FAMILY CARE PHARMACY #2655 (IL),IL,20000,76.55470120059356,True,False,False,False,True,0.7042736286274394,2,0.9901338697127376,40.9,86.5,103.5,15.6,22.2,15.6,Inventory Buffer,Inventory Buffer
2012-12-22,RHODES TECHNOLOGIES,PRESCRIPTION SUPPLY INC,PEOPLES PHARMACY #6489 (NJ),NJ,20000,76.55470120059356,True,False,False,False,True,0.6948511651717949,2,0.9901292567601409,65.7,72.0,108.5,40.5,70.5,40.5,Inventory Buffer,Inventory Buffer
2008-08-21,QUALITEST PHARMACEUTICALS,KINRAY LLC,SUNRISE PHARMACY #9599 (CT),CT,20000,76.55470120059356,True,False,False,False,True,0.7101504424936973,2,0.9901042284904232,40.9,86.5,103.5,15.6,22.2,15.6,Inventory Buffer,Inventory Buffer
2010-03-30,WATSON LABORATORIES INC,DIRECT RX,RITE AID #8791 (VA),VA,20000,76.55470120059356,True,False,False,False,True,0.6857124301109648,2,0.9900885463796008,36.4,49.6,99.2,18.5,33.6,18.5,Inventory Buffer,Inventory Buffer
2013-07-29,PAR PHARMACEUTICAL INC,HENRY SCHEIN INC,MAIN STREET PHARMACY #4930 (VA),VA,20000,76.55470120059356,True,False,False,False,True,0.6789085357763033,2,0.9900511118942004,36.4,49.6,99.2,18.5,33.6,18.5,Inventory Buffer,Inventory Buffer
2012-07-28,JANSSEN PHARMACEUTICALS INC,MORRIS & DICKSON CO LLC,WINN-DIXIE PHARMACY #2844 (IL),IL,20000,76.55470120059356,True,False,False,False,True,0.6955179995603198,2,0.9899874773876396,36.4,49.6,99.2,18.5,33.6,18.5,Inventory Buffer,Inventory Buffer
2013-11-06,CADISTA PHARMACEUTICALS INC,HENRY SCHEIN INC,HOMETOWN PHARMACY #4042 (MN),MN,5988,22.238813144351877,True,False,False,False,True,0.6741833053507876,2,0.9899740001541026,36.4,49.6,99.2,18.5,33.6,18.5,Inventory Buffer,Inventory Buffer
2012-12-05,QUALITEST PHARMACEUTICALS,DAKOTA DRUG INC,WINN-DIXIE PHARMACY #1509 (PA),PA,20000,76.55470120059356,True,False,False,False,True,0.6857124301109648,2,0.9899717498242012,40.9,86.5,103.5,15.6,22.2,15.6,Inventory Buffer,Inventory Buffer
2012-07-16,ABBOTT LABORATORIES,DAKOTA DRUG INC,WALGREENS #2651 (GA),GA,20000,76.55470120059356,True,False,False,False,True,0.6912956664412012,2,0.9899686316423096,40.9,86.5,103.5,15.6,22.2,15.6,Inventory Buffer,Inventory Buffer
2010-08-28,SANDOZ INC,HENRY SCHEIN INC,COMMUNITY PHARMACY #1898 (TN),TN,20000,76.55470120059356,True,False,False,False,True,0.6949005057197074,2,0.9899441874565676,36.4,49.6,99.2,18.5,33.6,18.5,Inventory Buffer,Inventory Buffer
2008-01-26,SANDOZ INC,CARDINAL HEALTH INC,GOOD NEIGHBOR PHARMACY #2904 (CT),CT,20000,76.55470120059356,True,False,False,False,True,0.690532036876066,2,0.9899073265795886,40.9,86.5,103.5,15.6,22.2,15.6,Inventory Buffer,Inventory Buffer
2013-02-11,PURDUE PHARMA LP,ANDA INC,WINN-DIXIE PHARMACY #4833 (LA),LA,20000,76.55470120059356,True,False,False,False,True,0.7000915607385587,2,0.9898959660857366,36.4,49.6,99.2,18.5,33.6,18.5,Inventory Buffer,Inventory Buffer
2008-10-25,WATSON LABORATORIES INC,AMERISOURCEBERGEN DRUG CORP,HOMETOWN PHARMACY #9630 (AL),AL,20000,76.55470120059356,True,False,False,False,True,0.685720236831344,2,0.9898641761671952,36.4,49.6,99.2,18.5,33.6,18.5,Inventory Buffer,Inventory Buffer
2014-01-31,ABBOTT LABORATORIES,CARDINAL HEALTH INC,VILLAGE PHARMACY #1845 (LA),LA,22197,85.07111613490436,True,False,False,False,True,0.6852719422119434,2,0.9897798354327768,40.9,86.5,103.5,15.6,22.2,15.6,Inventory Buffer,Inventory Buffer
2013-07-18,RHODES TECHNOLOGIES,VALUEDRUGCO,SUNRISE PHARMACY #5334 (AL),AL,20000,76.55470120059356,True,False,False,False,True,0.6996679385988245,2,0.9897328867211436,65.7,72.0,108.5,40.5,70.5,40.5,Inventory Buffer,Inventory Buffer
2012-07-18,CADISTA PHARMACEUTICALS INC,MIAMI-LUKEN INC,TUG VALLEY PHARMACY #1 (WV),WV,49730,191.79958786288768,True,False,True,True,True,0.7886112462640847,4,0.9897324511193126,,126.1,150.3,102.6,127.0,102.6,Inventory Buffer,Inventory Buffer
2007-07-26,ABBOTT LABORATORIES,DAKOTA DRUG INC,COMMUNITY PHARMACY #7816 (UT),UT,20000,76.55470120059356,True,False,False,False,True,0.675820228318823,2,0.9896938243543948,40.9,86.5,103.5,15.6,22.2,15.6,Inventory Buffer,Inventory Buffer
2011-06-17,ENDO PHARMACEUTICALS INC,GULF COAST MEDICAL SUPPLY,VILLAGE PHARMACY #5883 (VA),VA,20000,76.55470120059356,True,False,True,False,True,0.711130632628851,3,0.9896534832351556,92.0,104.3,133.7,55.9,101.8,55.9,Inventory Buffer,Inventory Buffer
2012-01-15,SANDOZ INC,MCKESSON CORPORATION,SUNRISE PHARMACY #7702 (NC),NC,20000,76.55470120059356,True,False,False,False,True,0.6806868340212266,2,0.9896275152466608,40.9,86.5,103.5,15.6,22.2,15.6,Inventory Buffer,Inventory Buffer
2009-09-17,AMNEAL PHARMACEUTICALS LLC,PENN PHARMACEUTICAL SERVICES INC,GOOD NEIGHBOR PHARMACY #7171 (MA),MA,20000,76.55470120059356,True,False,False,False,True,0.7085041148326281,2,0.989619057830874,36.4,49.6,99.2,18.5,33.6,18.5,Inventory Buffer,Inventory Buffer
2013-02-11,SANDOZ INC,PENN PHARMACEUTICAL SERVICES INC,SUNRISE PHARMACY #7702 (NC),NC,20000,76.55470120059356,True,False,False,False,True,0.6885175338364671,2,0.9895944060181732,36.4,49.6,99.2,18.5,33.6,18.5,Inventory Buffer,Inventory Buffer
2012-12-17,ABBOTT LABORATORIES,AMERISOURCEBERGEN DRUG CORP,CVS PHARMACY #6803 (KY),KY,42677,164.45945380203463,True,False,True,False,True,0.7235035071464092,3,0.9895495699983436,60.7,81.8,123.8,34.4,64.9,34.4,Inventory Buffer,Inventory Buffer
2010-05-02,SUN PHARMA GLOBAL INC,GULF COAST MEDICAL SUPPLY,MAIN STREET PHARMACY #4451 (TX),TX,5720,21.199942319410916,True,False,False,False,True,0.6727622756280857,2,0.9895360429405404,65.7,72.0,108.5,40.5,70.5,40.5,Inventory Buffer,Inventory Buffer
2008-04-13,WATSON LABORATORIES INC,KINRAY LLC,MEDICO PHARMACY #9307 (VA),VA,20000,76.55470120059356,True,False,False,False,True,0.6892541064005779,2,0.9894371858800756,40.9,86.5,103.5,15.6,22.2,15.6,Inventory Buffer,Inventory Buffer
2013-10-16,VINTAGE PHARMACEUTICALS LLC,HENRY SCHEIN INC,KROGER PHARMACY #9142 (OH),OH,20000,76.55470120059356,True,False,False,False,True,0.6788796830501234,2,0.9894130273734124,36.4,49.6,99.2,18.5,33.6,18.5,Inventory Buffer,Inventory Buffer
2010-06-07,SANDOZ INC,KINRAY LLC,MAIN STREET PHARMACY #4930 (VA),VA,20000,76.55470120059356,True,False,False,False,True,0.6788796830501234,2,0.989394099732599,40.9,86.5,103.5,15.6,22.2,15.6,Inventory Buffer,Inventory Buffer
2012-04-23,IMPAX LABORATORIES INC,VALUEDRUGCO,WALGREENS #7869 (VT),VT,20000,76.55470120059356,True,False,True,True,True,0.7540038908741596,4,0.9893581243756716,,152.0,176.4,144.1,182.4,144.1,Inventory Buffer,Inventory Buffer
2009-04-14,HIKMA PHARMACEUTICALS,HENRY SCHEIN INC,PEOPLES PHARMACY #9606 (WI),WI,20000,76.55470120059356,True,False,False,False,True,0.690578263582627,2,0.9893057257871662,36.4,49.6,99.2,18.5,33.6,18.5,Inventory Buffer,Inventory Buffer
2012-05-03,SANDOZ INC,BELLCO DRUG CORP,CORNER DRUG STORE #3385 (IN),IN,20000,76.55470120059356,True,False,False,False,True,0.6967836935385273,2,0.9892702522445248,65.7,72.0,108.5,40.5,70.5,40.5,Inventory Buffer,Inventory Buffer
2012-08-01,HIKMA PHARMACEUTICALS,HD SMITH WHOLESALE DRUG CO,HOMETOWN PHARMACY #8707 (WV),WV,20000,76.55470120059356,True,False,False,False,True,0.689681219086562,2,0.9892635270066252,65.7,72.0,108.5,40.5,70.5,40.5,Inventory Buffer,Inventory Buffer
2013-02-17,TEVA PHARMACEUTICALS USA INC,HD SMITH WHOLESALE DRUG CO,KROGER PHARMACY #4300 (VA),VA,50195,193.60210627183375,True,False,True,False,True,0.7214455587727163,3,0.9892536814082652,92.0,104.3,133.7,55.9,101.8,55.9,Inventory Buffer,Inventory Buffer
2008-02-05,MYLAN PHARMACEUTICALS INC,DIRECT RX,WINN-DIXIE PHARMACY #8389 (RI),RI,20000,76.55470120059356,True,False,False,False,True,0.6794812382214033,2,0.9892152597660911,36.4,49.6,99.2,18.5,33.6,18.5,Inventory Buffer,Inventory Buffer
2010-03-18,SANDOZ INC,MCKESSON CORPORATION,SUNRISE PHARMACY #6637 (LA),LA,13468,51.23416303449516,True,False,False,False,True,0.6685328561007231,2,0.9891970520290048,40.9,86.5,103.5,15.6,22.2,15.6,Inventory Buffer,Inventory Buffer
2011-11-23,PAR PHARMACEUTICAL INC,KEYSOURCE MEDICAL INC,WINN-DIXIE PHARMACY #9341 (ND),ND,20000,76.55470120059356,True,False,True,False,True,0.7184057520390421,3,0.9890849627631992,64.7,119.4,128.3,36.7,54.9,36.7,Inventory Buffer,Inventory Buffer
2008-07-17,VINTAGE PHARMACEUTICALS LLC,SMITH DRUG COMPANY,QUALITY CARE PHARMACY #3035 (NY),NY,14028,53.40493789258076,True,False,False,False,True,0.6796061514026452,2,0.9890804490481694,65.7,72.0,108.5,40.5,70.5,40.5,Inventory Buffer,Inventory Buffer
2013-06-25,RHODES TECHNOLOGIES,KINRAY LLC,MEDICO PHARMACY #5822 (TN),TN,20000,76.55470120059356,True,False,False,False,True,0.6791215065776652,2,0.9890718725981698,40.9,86.5,103.5,15.6,22.2,15.6,Inventory Buffer,Inventory Buffer
2011-02-16,SUN PHARMA GLOBAL INC,VALUEDRUGCO,PEOPLES PHARMACY #5942 (WI),WI,20000,76.55470120059356,True,False,False,False,True,0.6928441702213077,2,0.9890395549781796,65.7,72.0,108.5,40.5,70.5,40.5,Inventory Buffer,Inventory Buffer
2012-12-19,SANDOZ INC,BELLCO DRUG CORP,CORNER DRUG STORE #1213 (TN),TN,20000,76.55470120059356,True,False,False,False,True,0.6752437411273507,2,0.9890042348996204,65.7,72.0,108.5,40.5,70.5,40.5,Inventory Buffer,Inventory Buffer
2012-11-25,MALLINCKRODT LLC,MIAMI-LUKEN INC,PEOPLES PHARMACY #4186 (SD),SD,9856,37.23266519984308,True,False,False,False,True,0.6767309436385393,2,0.9889961602112276,40.9,86.5,103.5,15.6,22.2,15.6,Inventory Buffer,Inventory Buffer
2008-01-18,PAR PHARMACEUTICAL INC,MCKESSON CORPORATION,COMMUNITY PHARMACY #4205 (PA),PA,20000,76.55470120059356,True,False,False,False,True,0.6858774916401411,2,0.988950487551896,40.9,86.5,103.5,15.6,22.2,15.6,Inventory Buffer,Inventory Buffer
2010-09-15,HIKMA PHARMACEUTICALS,BELLCO DRUG CORP,RITE AID #6549 (IN),IN,20000,76.55470120059356,True,False,False,False,True,0.6818840159176653,2,0.9889378994964928,65.7,72.0,108.5,40.5,70.5,40.5,Inventory Buffer,Inventory Buffer
2011-03-19,CADISTA PHARMACEUTICALS INC,HENRY SCHEIN INC,HEALTH MART PHARMACY #8093 (UT),UT,20000,76.55470120059356,True,False,True,False,True,0.7349248042185385,3,0.9888808606870876,60.7,81.8,123.8,34.4,64.9,34.4,Inventory Buffer,Inventory Buffer
2010-12-21,LANNETT COMPANY INC,AMERISOURCEBERGEN DRUG CORP,MAIN STREET PHARMACY #6528 (OH),OH,20000,76.55470120059356,True,False,False,False,True,0.6991448566714462,2,0.9888807645512976,36.4,49.6,99.2,18.5,33.6,18.5,Inventory Buffer,Inventory Buffer
2010-02-27,SUN PHARMA GLOBAL INC,HD SMITH WHOLESALE DRUG CO,HARRIS TEETER PHARMACY #8060 (MI),MI,20000,76.55470120059356,True,False,False,False,True,0.6828073472774091,2,0.9888317828302664,65.7,72.0,108.5,40.5,70.5,40.5,Inventory Buffer,Inventory Buffer
2013-10-28,AMNEAL PHARMACEUTICALS LLC,MORRIS & DICKSON CO LLC,HOMETOWN PHARMACY #8469 (NC),NC,20000,76.55470120059356,True,False,True,False,True,0.7103832362979328,3,0.9888220991327864,60.7,81.8,123.8,34.4,64.9,34.4,Inventory Buffer,Inventory Buffer
2012-05-27,WATSON LABORATORIES INC,KINRAY LLC,CVS PHARMACY #2808 (IN),IN,20000,76.55470120059356,True,False,False,False,True,0.7015140209837726,2,0.988818042779944,40.9,86.5,103.5,15.6,22.2,15.6,Inventory Buffer,Inventory Buffer
2009-12-09,VINTAGE PHARMACEUTICALS LLC,MIAMI-LUKEN INC,CVS PHARMACY #5446 (LA),LA,20000,76.55470120059356,True,False,False,False,True,0.6792709789654084,2,0.9888167102155886,40.9,86.5,103.5,15.6,22.2,15.6,Inventory Buffer,Inventory Buffer
2010-11-21,MALLINCKRODT LLC,VALUEDRUGCO,WALGREENS #4408 (TN),TN,20000,76.55470120059356,True,False,True,False,True,0.7096886727765735,3,0.988780050088332,92.0,104.3,133.7,55.9,101.8,55.9,Inventory Buffer,Inventory Buffer
2013-11-13,MYLAN PHARMACEUTICALS INC,MORRIS & DICKSON CO LLC,CORNER DRUG STORE #9454 (NM),NM,20000,76.55470120059356,True,False,False,False,True,0.6868504749458753,2,0.98873156550487,36.4,49.6,99.2,18.5,33.6,18.5,Inventory Buffer,Inventory Buffer
2007-10-01,SANDOZ INC,ANDA INC,KROGER PHARMACY #5686 (VA),VA,20000,76.55470120059356,True,False,False,False,True,0.675363132250803,2,0.9887105451217684,36.4,49.6,99.2,18.5,33.6,18.5,Inventory Buffer,Inventory Buffer
2011-05-14,MYLAN PHARMACEUTICALS INC,DIRECT RX,KROGER PHARMACY #2808 (ND),ND,20000,76.55470120059356,True,False,False,False,True,0.7038759485194978,2,0.9886952222289352,36.4,49.6,99.2,18.5,33.6,18.5,Inventory Buffer,Inventory Buffer
2009-09-27,ABBOTT LABORATORIES,CARDINAL HEALTH INC,CORNER DRUG STORE #8237 (VA),VA,20000,76.55470120059356,True,False,False,False,True,0.6788115489563694,2,0.9886874787645809,40.9,86.5,103.5,15.6,22.2,15.6,Inventory Buffer,Inventory Buffer
2013-06-03,SUN PHARMA GLOBAL INC,CARDINAL HEALTH INC,HARRIS TEETER PHARMACY #8108 (VA),VA,20000,76.55470120059356,True,False,False,False,True,0.6800410972550559,2,0.9886816245429292,40.9,86.5,103.5,15.6,22.2,15.6,Inventory Buffer,Inventory Buffer
2011-11-12,CADISTA PHARMACEUTICALS INC,DAKOTA DRUG INC,FAMILY CARE PHARMACY #6923 (IL),IL,20000,76.55470120059356,True,False,True,False,True,0.7184057520390421,3,0.9886662283642704,64.7,119.4,128.3,36.7,54.9,36.7,Inventory Buffer,Inventory Buffer
2008-09-01,MALLINCKRODT LLC,ANDA INC,VILLAGE PHARMACY #3873 (PA),PA,20000,76.55470120059356,True,False,False,False,True,0.6699939712784874,2,0.988612601056053,36.4,49.6,99.2,18.5,33.6,18.5,Inventory Buffer,Inventory Buffer
2010-07-12,HIKMA PHARMACEUTICALS,BELLCO DRUG CORP,PEOPLES PHARMACY #3759 (TN),TN,20000,76.55470120059356,True,False,False,False,True,0.6786621776653942,2,0.9885911569834528,65.7,72.0,108.5,40.5,70.5,40.5,Inventory Buffer,Inventory Buffer
2008-07-11,PURDUE PHARMA LP,PENN PHARMACEUTICAL SERVICES INC,PEOPLES PHARMACY #1274 (IL),IL,20000,76.55470120059356,True,False,False,False,True,0.6814002948684276,2,0.9885822401551372,36.4,49.6,99.2,18.5,33.6,18.5,Inventory Buffer,Inventory Buffer
2010-05-23,ENDO PHARMACEUTICALS INC,HD SMITH WHOLESALE DRUG CO,CVS PHARMACY #9326 (KY),KY,20000,76.55470120059356,True,False,False,False,True,0.6863926263209869,2,0.9885570259378248,65.7,72.0,108.5,40.5,70.5,40.5,Inventory Buffer,Inventory Buffer
2011-10-09,IMPAX LABORATORIES INC,KINRAY LLC,PUBLIX PHARMACY #2055 (NC),NC,20000,76.55470120059356,True,False,False,False,True,0.6977576078070307,2,0.9885288517618134,40.9,86.5,103.5,15.6,22.2,15.6,Inventory Buffer,Inventory Buffer
2011-11-01,CADISTA PHARMACEUTICALS INC,AMERISOURCEBERGEN DRUG CORP,KROGER PHARMACY #8452 (WA),WA,20000,76.55470120059356,True,False,True,False,True,0.7190597250515322,3,0.9885285847258044,60.7,81.8,123.8,34.4,64.9,34.4,Inventory Buffer,Inventory Buffer
2010-05-09,LANNETT COMPANY INC,DIRECT RX,QUALITY CARE PHARMACY #6847 (WV),WV,20000,76.55470120059356,True,False,False,False,True,0.6849529615690182,2,0.9885251110749156,36.4,49.6,99.2,18.5,33.6,18.5,Inventory Buffer,Inventory Buffer
2009-03-06,RHODES TECHNOLOGIES,PENN PHARMACEUTICAL SERVICES INC,COMMUNITY PHARMACY #7344 (LA),LA,20000,76.55470120059356,True,False,False,False,True,0.6922317420094504,2,0.9885206071680788,36.4,49.6,99.2,18.5,33.6,18.5,Inventory Buffer,Inventory Buffer
2013-02-16,MALLINCKRODT LLC,VALUEDRUGCO,KROGER PHARMACY #6824 (NE),NE,20000,76.55470120059356,True,False,False,False,True,0.6875529966377099,2,0.9884974255898928,65.7,72.0,108.5,40.5,70.5,40.5,Inventory Buffer,Inventory Buffer
2012-06-24,MALLINCKRODT LLC,PENN PHARMACEUTICAL SERVICES INC,RITE AID #8167 (LA),LA,20000,76.55470120059356,True,False,False,False,True,0.6858774916401411,2,0.988464218118964,36.4,49.6,99.2,18.5,33.6,18.5,Inventory Buffer,Inventory Buffer
2013-01-15,PAR PHARMACEUTICAL INC,HENRY SCHEIN INC,HARRIS TEETER PHARMACY #1893 (LA),LA,20000,76.55470120059356,True,False,False,False,True,0.684022054139297,2,0.988432546001422,36.4,49.6,99.2,18.5,33.6,18.5,Inventory Buffer,Inventory Buffer
2008-06-17,WATSON LABORATORIES INC,GULF COAST MEDICAL SUPPLY,HEALTH MART PHARMACY #5407 (IA),IA,5901,21.901567764613574,True,False,False,False,True,0.6708086349589167,2,0.9884212488910966,65.7,72.0,108.5,40.5,70.5,40.5,Inventory Buffer,Inventory Buffer
2008-12-07,PAR PHARMACEUTICAL INC,DAKOTA DRUG INC,GOOD NEIGHBOR PHARMACY #9772 (VA),VA,20000,76.55470120059356,True,False,False,False,True,0.674993798883028,2,0.988404882794038,40.9,86.5,103.5,15.6,22.2,15.6,Inventory Buffer,Inventory Buffer
2012-10-09,MALLINCKRODT LLC,PRESCRIPTION SUPPLY INC,WALGREENS #8595 (PA),PA,20000,76.55470120059356,True,False,False,False,True,0.6786621776653942,2,0.988392320566625,65.7,72.0,108.5,40.5,70.5,40.5,Inventory Buffer,Inventory Buffer
2009-01-14,PAR PHARMACEUTICAL INC,DIRECT RX,HEALTH MART PHARMACY #5260 (PA),PA,20000,76.55470120059356,True,False,False,False,True,0.6741765221672545,2,0.9883877106790256,36.4,49.6,99.2,18.5,33.6,18.5,Inventory Buffer,Inventory Buffer
2010-07-04,LANNETT COMPANY INC,AMERISOURCEBERGEN DRUG CORP,HARRIS TEETER PHARMACY #4342 (ME),ME,20000,76.55470120059356,True,False,True,False,True,0.7102612953265559,3,0.9883600890878622,60.7,81.8,123.8,34.4,64.9,34.4,Inventory Buffer,Inventory Buffer
2010-11-28,PURDUE PHARMA LP,AMERISOURCEBERGEN DRUG CORP,CVS PHARMACY #5105 (TN),TN,20000,76.55470120059356,True,False,False,False,True,0.690906963659877,2,0.9883575629253514,36.4,49.6,99.2,18.5,33.6,18.5,Inventory Buffer,Inventory Buffer
2008-10-13,SANDOZ INC,PENN PHARMACEUTICAL SERVICES INC,HOMETOWN PHARMACY #6513 (WV),WV,20000,76.55470120059356,True,False,False,False,True,0.6878837690678107,2,0.988325301767658,36.4,49.6,99.2,18.5,33.6,18.5,Inventory Buffer,Inventory Buffer
2009-12-21,MYLAN PHARMACEUTICALS INC,DIRECT RX,HOMETOWN PHARMACY #5274 (NY),NY,20000,76.55470120059356,True,False,False,False,True,0.6861588451668336,2,0.9883068884751384,36.4,49.6,99.2,18.5,33.6,18.5,Inventory Buffer,Inventory Buffer
2014-09-22,ENDO PHARMACEUTICALS INC,MORRIS & DICKSON CO LLC,PEOPLES PHARMACY #3668 (MI),MI,20000,76.55470120059356,True,False,False,False,True,0.6723853827939188,2,0.9882493125202256,36.4,49.6,99.2,18.5,33.6,18.5,Inventory Buffer,Inventory Buffer
2013-09-24,WATSON LABORATORIES INC,PRESCRIPTION SUPPLY INC,CORNER DRUG STORE #3385 (IN),IN,20000,76.55470120059356,True,False,False,False,True,0.6744085566287622,2,0.9882239453973752,65.7,72.0,108.5,40.5,70.5,40.5,Inventory Buffer,Inventory Buffer
2012-04-08,JANSSEN PHARMACEUTICALS INC,PRESCRIPTION SUPPLY INC,WALGREENS #3635 (NC),NC,20000,76.55470120059356,True,False,False,False,True,0.6775945768973705,2,0.9882167009229234,65.7,72.0,108.5,40.5,70.5,40.5,Inventory Buffer,Inventory Buffer
2009-12-13,SUN PHARMA GLOBAL INC,PENN PHARMACEUTICAL SERVICES INC,FAMILY CARE PHARMACY #3203 (KY),KY,20000,76.55470120059356,True,False,False,False,True,0.6750216632047292,2,0.9882035487274068,36.4,49.6,99.2,18.5,33.6,18.5,Inventory Buffer,Inventory Buffer
2009-04-22,ABBOTT LABORATORIES,MORRIS & DICKSON CO LLC,WALGREENS #8038 (IN),IN,57979,223.77587679922348,True,False,False,False,True,0.7115194826866534,2,0.9881484313595876,36.4,49.6,99.2,18.5,33.6,18.5,Inventory Buffer,Inventory Buffer
2012-11-12,ABBOTT LABORATORIES,DIRECT RX,WALMART PHARMACY #4214 (AR),AR,20000,76.55470120059356,True,False,False,False,True,0.6751783547536264,2,0.9879661035099304,36.4,49.6,99.2,18.5,33.6,18.5,Inventory Buffer,Inventory Buffer
2009-01-07,CADISTA PHARMACEUTICALS INC,AMERISOURCEBERGEN DRUG CORP,COMMUNITY PHARMACY #7046 (MI),MI,20000,76.55470120059356,True,False,False,False,True,0.6767963882376826,2,0.9879282158983412,36.4,49.6,99.2,18.5,33.6,18.5,Inventory Buffer,Inventory Buffer
2008-01-17,SANDOZ INC,AMERISOURCEBERGEN DRUG CORP,PEOPLES PHARMACY #9504 (KY),KY,20000,76.55470120059356,True,False,False,False,True,0.676542674877566,2,0.987924826288648,36.4,49.6,99.2,18.5,33.6,18.5,Inventory Buffer,Inventory Buffer
2011-11-30,ABBOTT LABORATORIES,MCKESSON CORPORATION,GOOD NEIGHBOR PHARMACY #2790 (PA),PA,20000,76.55470120059356,True,False,False,False,True,0.6944305045633056,2,0.9878365502424364,40.9,86.5,103.5,15.6,22.2,15.6,Inventory Buffer,Inventory Buffer
2009-03-01,MALLINCKRODT LLC,AMERISOURCEBERGEN DRUG CORP,HEALTH MART PHARMACY #5260 (PA),PA,20428,78.21379341355897,True,False,False,False,True,0.6872256252763886,2,0.9878283696491365,36.4,49.6,99.2,18.5,33.6,18.5,Inventory Buffer,Inventory Buffer
2008-11-21,VINTAGE PHARMACEUTICALS LLC,MORRIS & DICKSON CO LLC,MEDICO PHARMACY #1628 (FL),FL,20000,76.55470120059356,True,False,False,False,True,0.69483048265683,2,0.9878163140292806,36.4,49.6,99.2,18.5,33.6,18.5,Inventory Buffer,Inventory Buffer
2011-09-29,JANSSEN PHARMACEUTICALS INC,ANDA INC,CORNER DRUG STORE #5842 (PA),PA,20000,76.55470120059356,True,False,False,False,True,0.6769401490754909,2,0.9877954006210968,36.4,49.6,99.2,18.5,33.6,18.5,Inventory Buffer,Inventory Buffer
2014-05-02,SANDOZ INC,GULF COAST MEDICAL SUPPLY,WALGREENS #9879 (MD),MD,20000,76.55470120059356,True,False,False,False,True,0.6753562606683053,2,0.9877884123614312,65.7,72.0,108.5,40.5,70.5,40.5,Inventory Buffer,Inventory Buffer
2009-09-28,MYLAN PHARMACEUTICALS INC,MIAMI-LUKEN INC,WINN-DIXIE PHARMACY #8561 (LA),LA,20000,76.55470120059356,True,False,False,False,True,0.6792709789654084,2,0.9877330689476496,40.9,86.5,103.5,15.6,22.2,15.6,Inventory Buffer,Inventory Buffer
2010-04-22,QUALITEST PHARMACEUTICALS,MORRIS & DICKSON CO LLC,HEALTH MART PHARMACY #5901 (NE),NE,22117,84.76100544089213,True,False,False,False,True,0.6979222686388735,2,0.987693793636812,36.4,49.6,99.2,18.5,33.6,18.5,Inventory Buffer,Inventory Buffer
2009-12-30,TEVA PHARMACEUTICALS USA INC,DAKOTA DRUG INC,RITE AID #7819 (CA),CA,20000,76.55470120059356,True,False,False,False,True,0.6753562606683053,2,0.987693325895342,40.9,86.5,103.5,15.6,22.2,15.6,Inventory Buffer,Inventory Buffer
2014-02-28,JANSSEN PHARMACEUTICALS INC,MIAMI-LUKEN INC,WALMART PHARMACY #6240 (NC),NC,99,-0.5892103186232326,False,True,False,False,True,0.641561472850997,2,0.9876703907121666,46.0,56.5,71.3,57.4,63.0,46.0,Alternative Supplier,Alternative Supplier
2010-02-07,VINTAGE PHARMACEUTICALS LLC,PENN PHARMACEUTICAL SERVICES INC,HOMETOWN PHARMACY #6513 (WV),WV,20000,76.55470120059356,True,False,False,False,True,0.6698610020406793,2,0.987663047100788,36.4,49.6,99.2,18.5,33.6,18.5,Inventory Buffer,Inventory Buffer
2010-08-23,SANDOZ INC,SMITH DRUG COMPANY,HARRIS TEETER PHARMACY #4474 (IN),IN,20000,76.55470120059356,True,False,False,False,True,0.6859283795324737,2,0.9876527694903104,65.7,72.0,108.5,40.5,70.5,40.5,Inventory Buffer,Inventory Buffer
2011-07-31,SUN PHARMA GLOBAL INC,AMERISOURCEBERGEN DRUG CORP,COMMUNITY PHARMACY #2490 (KY),KY,33059,127.17639561441456,True,False,True,False,True,0.7209494080201463,3,0.9876136800544156,60.7,81.8,123.8,34.4,64.9,34.4,Inventory Buffer,Inventory Buffer
2013-10-09,HIKMA PHARMACEUTICALS,HENRY SCHEIN INC,COMMUNITY PHARMACY #4854 (WY),WY,20000,76.55470120059356,True,False,True,False,True,0.7214963740846578,3,0.9875859569031074,60.7,81.8,123.8,34.4,64.9,34.4,Inventory Buffer,Inventory Buffer
2010-04-13,ABBOTT LABORATORIES,BURLINGTON DRUG COMPANY INC,COMMUNITY PHARMACY #9318 (AL),AL,20000,76.55470120059356,True,False,False,False,True,0.6952669041361266,2,0.98756465561108,40.9,86.5,103.5,15.6,22.2,15.6,Inventory Buffer,Inventory Buffer
2010-05-04,JANSSEN PHARMACEUTICALS INC,NATIONAL WHOLESALE DRUG CO INC,QUALITY CARE PHARMACY #3860 (VA),VA,20000,76.55470120059356,True,False,False,False,True,0.6769769342084596,2,0.987560030818007,65.7,72.0,108.5,40.5,70.5,40.5,Inventory Buffer,Inventory Buffer
2013-05-05,ENDO PHARMACEUTICALS INC,MIAMI-LUKEN INC,HOMETOWN PHARMACY #7311 (LA),LA,20000,76.55470120059356,True,False,False,False,True,0.6763656530486688,2,0.9875280619002024,40.9,86.5,103.5,15.6,22.2,15.6,Inventory Buffer,Inventory Buffer
2012-10-30,QUALITEST PHARMACEUTICALS,GULF COAST MEDICAL SUPPLY,WALGREENS #8038 (IN),IN,20000,76.55470120059356,True,False,False,False,True,0.67128295611813,2,0.987478957342366,65.7,72.0,108.5,40.5,70.5,40.5,Inventory Buffer,Inventory Buffer
2010-10-15,HIKMA PHARMACEUTICALS,SMITH DRUG COMPANY,WALMART PHARMACY #6376 (OH),OH,20000,76.55470120059356,True,False,True,False,True,0.7006637027983235,3,0.987348458310346,92.0,104.3,133.7,55.9,101.8,55.9,Inventory Buffer,Inventory Buffer
2013-02-06,AMNEAL PHARMACEUTICALS LLC,KINRAY LLC,GOOD NEIGHBOR PHARMACY #6452 (TX),TX,7616,28.54956576750071,True,False,False,False,True,0.6745805886035346,2,0.9873417927748592,40.9,86.5,103.5,15.6,22.2,15.6,Inventory Buffer,Inventory Buffer
2010-03-21,ABBOTT LABORATORIES,CARDINAL HEALTH INC,QUALITY CARE PHARMACY #4665 (OH),OH,20000,76.55470120059356,True,False,False,False,True,0.683923620224768,2,0.9872776130244224,40.9,86.5,103.5,15.6,22.2,15.6,Inventory Buffer,Inventory Buffer
2013-01-06,AMNEAL PHARMACEUTICALS LLC,GULF COAST MEDICAL SUPPLY,CVS PHARMACY #5105 (TN),TN,20000,76.55470120059356,True,False,False,False,True,0.6781546116070004,2,0.9872681270785876,65.7,72.0,108.5,40.5,70.5,40.5,Inventory Buffer,Inventory Buffer
2010-09-08,MYLAN PHARMACEUTICALS INC,HD SMITH WHOLESALE DRUG CO,HOMETOWN PHARMACY #6387 (NC),NC,2055,6.992996149975734,True,True,True,False,True,0.6821678336973969,4,0.9871869151813022,95.2,98.4,103.3,83.7,110.7,83.7,Inventory Buffer,Inventory Buffer
2009-02-11,SANDOZ INC,KINRAY LLC,COMMUNITY PHARMACY #5405 (TX),TX,20000,76.55470120059356,True,False,False,False,True,0.6746053539015836,2,0.9871791455769924,40.9,86.5,103.5,15.6,22.2,15.6,Inventory Buffer,Inventory Buffer
2012-05-24,MYLAN PHARMACEUTICALS INC,AMERISOURCEBERGEN DRUG CORP,MAIN STREET PHARMACY #6380 (KS),KS,20000,76.55470120059356,True,False,True,False,True,0.7117044186449549,3,0.9871771306364016,60.7,81.8,123.8,34.4,64.9,34.4,Inventory Buffer,Inventory Buffer
2010-03-24,RHODES TECHNOLOGIES,CARDINAL HEALTH INC,CORNER DRUG STORE #3031 (NE),NE,20000,76.55470120059356,True,False,False,False,True,0.6870879650240508,2,0.98716264106131,40.9,86.5,103.5,15.6,22.2,15.6,Inventory Buffer,Inventory Buffer
2011-03-05,IMPAX LABORATORIES INC,MIAMI-LUKEN INC,COMMUNITY PHARMACY #7647 (MI),MI,20000,76.55470120059356,True,False,False,False,True,0.6773037559281129,2,0.9871059955268268,40.9,86.5,103.5,15.6,22.2,15.6,Inventory Buffer,Inventory Buffer
2011-02-15,HIKMA PHARMACEUTICALS,BURLINGTON DRUG COMPANY INC,MEDICO PHARMACY #2352 (OK),OK,20000,76.55470120059356,True,False,True,False,True,0.7229623250641536,3,0.9870955308859314,64.7,119.4,128.3,36.7,54.9,36.7,Inventory Buffer,Inventory Buffer
2012-08-13,SANDOZ INC,PRESCRIPTION SUPPLY INC,HOMETOWN PHARMACY #6061 (MI),MI,20000,76.55470120059356,True,False,False,False,True,0.6820481558886587,2,0.9870502553740992,65.7,72.0,108.5,40.5,70.5,40.5,Inventory Buffer,Inventory Buffer
2012-10-31,ENDO PHARMACEUTICALS INC,DAKOTA DRUG INC,FAMILY CARE PHARMACY #6977 (NC),NC,20000,76.55470120059356,True,False,False,False,True,0.6778742272419045,2,0.9870244993387418,40.9,86.5,103.5,15.6,22.2,15.6,Inventory Buffer,Inventory Buffer
2012-05-30,VINTAGE PHARMACEUTICALS LLC,BURLINGTON DRUG COMPANY INC,HOMETOWN PHARMACY #5569 (NC),NC,20000,76.55470120059356,True,False,False,False,True,0.6854255217915053,2,0.9870049832318616,40.9,86.5,103.5,15.6,22.2,15.6,Inventory Buffer,Inventory Buffer
2014-08-19,ACTAVIS PHARMA INC,BELLCO DRUG CORP,HARRIS TEETER PHARMACY #4306 (PA),PA,20000,76.55470120059356,True,False,False,False,True,0.673926054448677,2,0.9869853016291036,65.7,72.0,108.5,40.5,70.5,40.5,Inventory Buffer,Inventory Buffer
2009-01-26,MALLINCKRODT LLC,HD SMITH WHOLESALE DRUG CO,PEOPLES PHARMACY #6990 (OH),OH,20000,76.55470120059356,True,False,False,False,True,0.6722504249481301,2,0.9869633892878656,65.7,72.0,108.5,40.5,70.5,40.5,Inventory Buffer,Inventory Buffer
2012-05-25,ABBOTT LABORATORIES,NATIONAL WHOLESALE DRUG CO INC,HARRIS TEETER PHARMACY #9419 (IA),IA,7989,29.99545687833272,True,False,False,True,True,0.68017277334874,3,0.9869134411006524,,136.3,149.4,112.0,148.0,112.0,Inventory Buffer,Inventory Buffer
2011-01-16,QUALITEST PHARMACEUTICALS,BURLINGTON DRUG COMPANY INC,WALGREENS #4571 (VA),VA,20000,76.55470120059356,True,False,False,False,True,0.6707680531746191,2,0.986829339886408,40.9,86.5,103.5,15.6,22.2,15.6,Inventory Buffer,Inventory Buffer
2014-08-28,IMPAX LABORATORIES INC,DAKOTA DRUG INC,WINN-DIXIE PHARMACY #6356 (UT),UT,20000,76.55470120059356,True,False,False,False,True,0.6708091409342606,2,0.9868256969980608,40.9,86.5,103.5,15.6,22.2,15.6,Inventory Buffer,Inventory Buffer
2008-07-14,WATSON LABORATORIES INC,HD SMITH WHOLESALE DRUG CO,COMMUNITY PHARMACY #9436 (WV),WV,20000,76.55470120059356,True,False,False,False,True,0.6793395372198879,2,0.9868094931621084,65.7,72.0,108.5,40.5,70.5,40.5,Inventory Buffer,Inventory Buffer
2007-10-30,JANSSEN PHARMACEUTICALS INC,KEYSOURCE MEDICAL INC,RITE AID #9322 (LA),LA,20000,76.55470120059356,True,False,False,False,True,0.6708091409342606,2,0.986788269183836,40.9,86.5,103.5,15.6,22.2,15.6,Inventory Buffer,Inventory Buffer
2011-01-08,WATSON LABORATORIES INC,MORRIS & DICKSON CO LLC,PEOPLES PHARMACY #3390 (LA),LA,20000,76.55470120059356,True,False,False,False,True,0.6919818329876712,2,0.9867851721873656,36.4,49.6,99.2,18.5,33.6,18.5,Inventory Buffer,Inventory Buffer
2013-07-26,LANNETT COMPANY INC,CARDINAL HEALTH INC,WALGREENS #8038 (IN),IN,20000,76.55470120059356,True,False,False,False,True,0.6777383678854912,2,0.9867779018630308,40.9,86.5,103.5,15.6,22.2,15.6,Inventory Buffer,Inventory Buffer
2013-12-26,SANDOZ INC,MORRIS & DICKSON CO LLC,PUBLIX PHARMACY #7202 (CT),CT,20000,76.55470120059356,True,False,False,False,True,0.6708091409342606,2,0.986751347652786,36.4,49.6,99.2,18.5,33.6,18.5,Inventory Buffer,Inventory Buffer
2008-05-27,JANSSEN PHARMACEUTICALS INC,BURLINGTON DRUG COMPANY INC,GOOD NEIGHBOR PHARMACY #5339 (PA),PA,20000,76.55470120059356,True,False,False,False,True,0.6708091409342606,2,0.986682155620304,40.9,86.5,103.5,15.6,22.2,15.6,Inventory Buffer,Inventory Buffer
2012-05-13,PURDUE PHARMA LP,DIRECT RX,MAIN STREET PHARMACY #3220 (NV),NV,20000,76.55470120059356,True,False,False,False,True,0.6855539373568248,2,0.9866709983787184,36.4,49.6,99.2,18.5,33.6,18.5,Inventory Buffer,Inventory Buffer
2014-02-02,WATSON LABORATORIES INC,HD SMITH WHOLESALE DRUG CO,SUNRISE PHARMACY #7649 (PA),PA,5924,21.990724589142093,True,False,False,False,True,0.6799854178524215,2,0.9866692586165922,65.7,72.0,108.5,40.5,70.5,40.5,Inventory Buffer,Inventory Buffer
2014-08-29,MALLINCKRODT LLC,NATIONAL WHOLESALE DRUG CO INC,FAMILY CARE PHARMACY #1327 (ND),ND,10489,39.68641606621484,True,False,False,False,True,0.6643850467071162,2,0.986610372637706,65.7,72.0,108.5,40.5,70.5,40.5,Inventory Buffer,Inventory Buffer
2010-11-27,TEVA PHARMACEUTICALS USA INC,HD SMITH WHOLESALE DRUG CO,MEDICO PHARMACY #8971 (LA),LA,20000,76.55470120059356,True,False,False,False,True,0.6919642447801009,2,0.9865762756097844,65.7,72.0,108.5,40.5,70.5,40.5,Inventory Buffer,Inventory Buffer
2008-08-02,PURDUE PHARMA LP,HENRY SCHEIN INC,VILLAGE PHARMACY #9720 (VA),VA,20000,76.55470120059356,True,False,False,False,True,0.6661098540684287,2,0.9865353622022984,36.4,49.6,99.2,18.5,33.6,18.5,Inventory Buffer,Inventory Buffer
2012-07-07,WATSON LABORATORIES INC,HD SMITH WHOLESALE DRUG CO,QUALITY CARE PHARMACY #3729 (OH),OH,20000,76.55470120059356,True,False,False,False,True,0.6812964883807953,2,0.9864906650328754,65.7,72.0,108.5,40.5,70.5,40.5,Inventory Buffer,Inventory Buffer
2009-10-27,SUN PHARMA GLOBAL INC,GULF COAST MEDICAL SUPPLY,PEOPLES PHARMACY #2825 (IA),IA,9393,35.43789955824732,True,False,False,False,True,0.6718514899845716,2,0.9864513905924248,65.7,72.0,108.5,40.5,70.5,40.5,Inventory Buffer,Inventory Buffer
2012-08-30,SUN PHARMA GLOBAL INC,KEYSOURCE MEDICAL INC,WALMART PHARMACY #1339 (NC),NC,6253,23.26605481826738,True,True,False,False,True,0.6665850836650525,3,0.9863385711921242,64.7,119.4,128.3,36.7,54.9,36.7,Inventory Buffer,Inventory Buffer
2009-02-04,SUN PHARMA GLOBAL INC,ANDA INC,HOMETOWN PHARMACY #9727 (AK),AK,4043,14.699246896179591,True,False,False,False,True,0.6633118496595292,2,0.9863305855350812,36.4,49.6,99.2,18.5,33.6,18.5,Inventory Buffer,Inventory Buffer
2014-08-15,ACTAVIS PHARMA INC,BELLCO DRUG CORP,PUBLIX PHARMACY #1697 (MI),MI,3964,14.393012585842516,True,True,False,False,True,0.6497049900753027,3,0.986255567555836,92.0,104.3,133.7,55.9,101.8,55.9,Inventory Buffer,Inventory Buffer
2014-04-06,ABBOTT LABORATORIES,KEYSOURCE MEDICAL INC,MEDICO PHARMACY #8978 (MI),MI,20000,76.55470120059356,True,False,False,False,True,0.6620008139596164,2,0.9862319579336852,40.9,86.5,103.5,15.6,22.2,15.6,Inventory Buffer,Inventory Buffer
2011-11-25,TEVA PHARMACEUTICALS USA INC,ANDA INC,HARRIS TEETER PHARMACY #7528 (IN),IN,20000,76.55470120059356,True,False,True,False,True,0.695704321072333,3,0.9862284991834102,60.7,81.8,123.8,34.4,64.9,34.4,Inventory Buffer,Inventory Buffer
2011-03-23,JANSSEN PHARMACEUTICALS INC,SMITH DRUG COMPANY,VILLAGE PHARMACY #8618 (LA),LA,20000,76.55470120059356,True,False,False,False,True,0.6871462587851075,2,0.9862214889097424,65.7,72.0,108.5,40.5,70.5,40.5,Inventory Buffer,Inventory Buffer
2012-09-07,TEVA PHARMACEUTICALS USA INC,KINRAY LLC,WALGREENS #8885 (WI),WI,20000,76.55470120059356,True,False,False,False,True,0.6855539373568248,2,0.9862093091720266,40.9,86.5,103.5,15.6,22.2,15.6,Inventory Buffer,Inventory Buffer
2014-05-14,VINTAGE PHARMACEUTICALS LLC,DIRECT RX,RITE AID #9320 (LA),LA,20000,76.55470120059356,True,False,False,False,True,0.6716500606558408,2,0.9862057892308596,36.4,49.6,99.2,18.5,33.6,18.5,Inventory Buffer,Inventory Buffer
2010-09-26,AMNEAL PHARMACEUTICALS LLC,GULF COAST MEDICAL SUPPLY,WINN-DIXIE PHARMACY #2880 (MI),MI,54659,210.90628299771603,True,False,True,False,True,0.7371222760317511,3,0.9861418236838316,92.0,104.3,133.7,55.9,101.8,55.9,Inventory Buffer,Inventory Buffer
2012-12-21,MYLAN PHARMACEUTICALS INC,BURLINGTON DRUG COMPANY INC,PEOPLES PHARMACY #6564 (IN),IN,4749,17.4359737708375,True,False,False,False,True,0.6509578689084483,2,0.986137841936026,40.9,86.5,103.5,15.6,22.2,15.6,Inventory Buffer,Inventory Buffer
2008-01-01,PAR PHARMACEUTICAL INC,SMITH DRUG COMPANY,KROGER PHARMACY #3100 (MI),MI,20000,76.55470120059356,True,False,False,False,True,0.6750098146890245,2,0.9860022633273752,65.7,72.0,108.5,40.5,70.5,40.5,Inventory Buffer,Inventory Buffer
2009-07-04,ENDO PHARMACEUTICALS INC,GULF COAST MEDICAL SUPPLY,VILLAGE PHARMACY #8587 (CT),CT,20000,76.55470120059356,True,False,False,False,True,0.6745376487903876,2,0.985984002207045,65.7,72.0,108.5,40.5,70.5,40.5,Inventory Buffer,Inventory Buffer
2007-02-18,ACTAVIS PHARMA INC,BELLCO DRUG CORP,CORNER DRUG STORE #4480 (IN),IN,20000,76.55470120059356,True,False,False,False,True,0.6621089902348045,2,0.9859743856023612,65.7,72.0,108.5,40.5,70.5,40.5,Inventory Buffer,Inventory Buffer
2012-01-08,SUN PHARMA GLOBAL INC,DAKOTA DRUG INC,CVS PHARMACY #6414 (OK),OK,20000,76.55470120059356,True,False,False,False,True,0.6812964883807953,2,0.9859548197316388,40.9,86.5,103.5,15.6,22.2,15.6,Inventory Buffer,Inventory Buffer
2012-04-19,JANSSEN PHARMACEUTICALS INC,HENRY SCHEIN INC,CORNER DRUG STORE #2658 (AK),AK,5813,21.56044600120013,True,False,False,True,True,0.6784484630026119,3,0.9859085524703578,,96.9,113.3,73.3,87.2,73.3,Inventory Buffer,Inventory Buffer
2013-05-22,QUALITEST PHARMACEUTICALS,GULF COAST MEDICAL SUPPLY,HARRIS TEETER PHARMACY #9191 (IN),IN,20000,76.55470120059356,True,False,False,False,True,0.6708873025076466,2,0.9857956232824858,65.7,72.0,108.5,40.5,70.5,40.5,Inventory Buffer,Inventory Buffer
2009-05-15,RHODES TECHNOLOGIES,PRESCRIPTION SUPPLY INC,MAIN STREET PHARMACY #5473 (OH),OH,20000,76.55470120059356,True,False,False,False,True,0.6656593256846874,2,0.9857730304127116,65.7,72.0,108.5,40.5,70.5,40.5,Inventory Buffer,Inventory Buffer
2010-01-02,RHODES TECHNOLOGIES,DAKOTA DRUG INC,HOMETOWN PHARMACY #4482 (KY),KY,20000,76.55470120059356,True,False,False,False,True,0.6650115484908987,2,0.9857533134804496,40.9,86.5,103.5,15.6,22.2,15.6,Inventory Buffer,Inventory Buffer
2014-11-12,LANNETT COMPANY INC,DIRECT RX,CORNER DRUG STORE #2236 (KY),KY,20000,76.55470120059356,True,False,False,False,True,0.6636631043229405,2,0.9857277176637844,36.4,49.6,99.2,18.5,33.6,18.5,Inventory Buffer,Inventory Buffer
2011-03-16,CADISTA PHARMACEUTICALS INC,BELLCO DRUG CORP,KROGER PHARMACY #9499 (WI),WI,20000,76.55470120059356,True,False,True,False,True,0.722793669607534,3,0.9856972933816632,92.0,104.3,133.7,55.9,101.8,55.9,Inventory Buffer,Inventory Buffer
2011-07-23,AMNEAL PHARMACEUTICALS LLC,HENRY SCHEIN INC,MEDICO PHARMACY #4239 (VT),VT,20000,76.55470120059356,True,False,True,True,True,0.7586092366833872,4,0.9856824521078884,,134.9,167.4,118.1,137.5,118.1,Inventory Buffer,Inventory Buffer
2010-10-17,IMPAX LABORATORIES INC,MCKESSON CORPORATION,HARRIS TEETER PHARMACY #9689 (OK),OK,20000,76.55470120059356,True,False,False,False,True,0.6891257683288058,2,0.9856626589868572,40.9,86.5,103.5,15.6,22.2,15.6,Inventory Buffer,Inventory Buffer
2009-12-01,JANSSEN PHARMACEUTICALS INC,AMERISOURCEBERGEN DRUG CORP,MAIN STREET PHARMACY #8777 (MI),MI,20000,76.55470120059356,True,False,False,False,True,0.6923102567694389,2,0.9856549174240362,36.4,49.6,99.2,18.5,33.6,18.5,Inventory Buffer,Inventory Buffer
2009-09-30,CADISTA PHARMACEUTICALS INC,DIRECT RX,MEDICO PHARMACY #9378 (TN),TN,20000,76.55470120059356,True,False,False,False,True,0.687690750060606,2,0.9856463891753886,36.4,49.6,99.2,18.5,33.6,18.5,Inventory Buffer,Inventory Buffer
2012-04-06,IMPAX LABORATORIES INC,KEYSOURCE MEDICAL INC,CVS PHARMACY #6302 (ID),ID,20000,76.55470120059356,True,False,True,False,True,0.7377364929207595,3,0.9856423587643798,64.7,119.4,128.3,36.7,54.9,36.7,Inventory Buffer,Inventory Buffer
2014-02-10,PAR PHARMACEUTICAL INC,KINRAY LLC,MAIN STREET PHARMACY #4656 (ME),ME,20000,76.55470120059356,True,False,False,False,True,0.6877284277481777,2,0.985636332290769,40.9,86.5,103.5,15.6,22.2,15.6,Inventory Buffer,Inventory Buffer
2011-12-18,IMPAX LABORATORIES INC,GULF COAST MEDICAL SUPPLY,VILLAGE PHARMACY #4459 (DE),DE,20000,76.55470120059356,True,False,True,False,True,0.7429238635769818,3,0.9856157363306906,92.0,104.3,133.7,55.9,101.8,55.9,Inventory Buffer,Inventory Buffer
2009-12-11,ACTAVIS PHARMA INC,DIRECT RX,VILLAGE PHARMACY #4294 (PA),PA,20000,76.55470120059356,True,False,False,False,True,0.6780568003664388,2,0.9856001878634206,36.4,49.6,99.2,18.5,33.6,18.5,Inventory Buffer,Inventory Buffer
2009-06-01,MYLAN PHARMACEUTICALS INC,HENRY SCHEIN INC,WALMART PHARMACY #1339 (NC),NC,20000,76.55470120059356,True,False,False,False,True,0.6630826071087894,2,0.9855577640008296,36.4,49.6,99.2,18.5,33.6,18.5,Inventory Buffer,Inventory Buffer
2013-08-30,TEVA PHARMACEUTICALS USA INC,BELLCO DRUG CORP,CORNER DRUG STORE #6232 (MI),MI,20000,76.55470120059356,True,False,False,False,True,0.6641122816336194,2,0.9855574228141364,65.7,72.0,108.5,40.5,70.5,40.5,Inventory Buffer,Inventory Buffer
2011-08-13,CADISTA PHARMACEUTICALS INC,HD SMITH WHOLESALE DRUG CO,HARRIS TEETER PHARMACY #7261 (KY),KY,20000,76.55470120059356,True,False,False,False,True,0.6671472014067859,2,0.985499878973259,65.7,72.0,108.5,40.5,70.5,40.5,Inventory Buffer,Inventory Buffer
2011-05-17,SUN PHARMA GLOBAL INC,ANDA INC,GOOD NEIGHBOR PHARMACY #7746 (TN),TN,20000,76.55470120059356,True,False,False,False,True,0.6736529215233864,2,0.9854454941691648,36.4,49.6,99.2,18.5,33.6,18.5,Inventory Buffer,Inventory Buffer
2012-03-21,MALLINCKRODT LLC,DAKOTA DRUG INC,CVS PHARMACY #6466 (KY),KY,20000,76.55470120059356,True,False,True,False,True,0.6999535816110253,3,0.9854292047235385,64.7,119.4,128.3,36.7,54.9,36.7,Inventory Buffer,Inventory Buffer
2010-02-11,ABBOTT LABORATORIES,PENN PHARMACEUTICAL SERVICES INC,HEALTH MART PHARMACY #8815 (OH),OH,20000,76.55470120059356,True,False,False,False,True,0.6710472945780408,2,0.98540154733196,36.4,49.6,99.2,18.5,33.6,18.5,Inventory Buffer,Inventory Buffer
2010-09-06,SANDOZ INC,KEYSOURCE MEDICAL INC,WALGREENS #1373 (PA),PA,20000,76.55470120059356,True,False,False,False,True,0.6682999949624621,2,0.9853682610114148,40.9,86.5,103.5,15.6,22.2,15.6,Inventory Buffer,Inventory Buffer
2014-10-19,WATSON LABORATORIES INC,DAKOTA DRUG INC,VILLAGE PHARMACY #9720 (VA),VA,20000,76.55470120059356,True,False,False,False,True,0.6630475627804653,2,0.9853667882761512,40.9,86.5,103.5,15.6,22.2,15.6,Inventory Buffer,Inventory Buffer
2012-11-19,LANNETT COMPANY INC,SMITH DRUG COMPANY,VILLAGE PHARMACY #2028 (TN),TN,20000,76.55470120059356,True,False,False,False,True,0.6789069685348527,2,0.9853620309475752,65.7,72.0,108.5,40.5,70.5,40.5,Inventory Buffer,Inventory Buffer
2013-08-02,RHODES TECHNOLOGIES,PRESCRIPTION SUPPLY INC,QUALITY CARE PHARMACY #6849 (ID),ID,20000,76.55470120059356,True,False,False,False,True,0.6727821071798836,2,0.9853489098046868,65.7,72.0,108.5,40.5,70.5,40.5,Inventory Buffer,Inventory Buffer
2010-03-23,SUN PHARMA GLOBAL INC,NATIONAL WHOLESALE DRUG CO INC,KROGER PHARMACY #9531 (NJ),NJ,20000,76.55470120059356,True,False,False,False,True,0.6705934267194682,2,0.9853461717547428,65.7,72.0,108.5,40.5,70.5,40.5,Inventory Buffer,Inventory Buffer
2009-05-14,WATSON LABORATORIES INC,MORRIS & DICKSON CO LLC,CORNER DRUG STORE #6232 (MI),MI,20000,76.55470120059356,True,False,False,False,True,0.6610128593312385,2,0.9853321618943855,36.4,49.6,99.2,18.5,33.6,18.5,Inventory Buffer,Inventory Buffer
2011-10-08,ENDO PHARMACEUTICALS INC,HENRY SCHEIN INC,FAMILY CARE PHARMACY #6977 (NC),NC,20000,76.55470120059356,True,False,False,False,True,0.6581700269875482,2,0.985319382269157,36.4,49.6,99.2,18.5,33.6,18.5,Inventory Buffer,Inventory Buffer
2014-05-22,PURDUE PHARMA LP,HENRY SCHEIN INC,RITE AID #3349 (TN),TN,20000,76.55470120059356,True,False,False,False,True,0.6606634402082897,2,0.9853073391939108,36.4,49.6,99.2,18.5,33.6,18.5,Inventory Buffer,Inventory Buffer
2011-10-11,HIKMA PHARMACEUTICALS,MIAMI-LUKEN INC,GOOD NEIGHBOR PHARMACY #5677 (LA),LA,20000,76.55470120059356,True,False,False,False,True,0.6716635511668211,2,0.98519624297689,40.9,86.5,103.5,15.6,22.2,15.6,Inventory Buffer,Inventory Buffer
2012-03-09,MALLINCKRODT LLC,HD SMITH WHOLESALE DRUG CO,QUALITY CARE PHARMACY #6507 (NC),NC,20000,76.55470120059356,True,False,True,False,True,0.6990070641272235,3,0.9851848607119188,92.0,104.3,133.7,55.9,101.8,55.9,Inventory Buffer,Inventory Buffer
2013-08-12,PURDUE PHARMA LP,DIRECT RX,HARRIS TEETER PHARMACY #1096 (WV),WV,20000,76.55470120059356,True,False,True,False,True,0.7153019306518288,3,0.985165843667131,60.7,81.8,123.8,34.4,64.9,34.4,Inventory Buffer,Inventory Buffer
2008-06-15,PAR PHARMACEUTICAL INC,HD SMITH WHOLESALE DRUG CO,WINN-DIXIE PHARMACY #5962 (PA),PA,20000,76.55470120059356,True,False,False,False,True,0.6606634402082897,2,0.9851437935541932,65.7,72.0,108.5,40.5,70.5,40.5,Inventory Buffer,Inventory Buffer
2009-08-23,QUALITEST PHARMACEUTICALS,MCKESSON CORPORATION,WALMART PHARMACY #9312 (PA),PA,22341,85.62931538412637,True,False,False,False,True,0.6647763688759116,2,0.9851330461743064,40.9,86.5,103.5,15.6,22.2,15.6,Inventory Buffer,Inventory Buffer
2012-03-22,PAR PHARMACEUTICAL INC,PENN PHARMACEUTICAL SERVICES INC,FAMILY CARE PHARMACY #5612 (LA),LA,23141,88.73042232424864,True,False,False,False,True,0.6883046360679022,2,0.9851315604584492,36.4,49.6,99.2,18.5,33.6,18.5,Inventory Buffer,Inventory Buffer
2011-03-12,CADISTA PHARMACEUTICALS INC,MORRIS & DICKSON CO LLC,CORNER DRUG STORE #4480 (IN),IN,20000,76.55470120059356,True,False,True,False,True,0.7104786309700145,3,0.9851044868248772,60.7,81.8,123.8,34.4,64.9,34.4,Inventory Buffer,Inventory Buffer
2010-11-18,ENDO PHARMACEUTICALS INC,MIAMI-LUKEN INC,HARRIS TEETER PHARMACY #3473 (WV),WV,4206,15.331097435229506,True,True,False,False,True,0.651441567550563,3,0.984962134882756,64.7,119.4,128.3,36.7,54.9,36.7,Inventory Buffer,Inventory Buffer
2008-12-18,IMPAX LABORATORIES INC,KINRAY LLC,PEOPLES PHARMACY #1397 (OH),OH,20000,76.55470120059356,True,False,False,False,True,0.6684319349752559,2,0.9849480983387394,40.9,86.5,103.5,15.6,22.2,15.6,Inventory Buffer,Inventory Buffer
2012-09-05,MALLINCKRODT LLC,DIRECT RX,GOOD NEIGHBOR PHARMACY #8844 (OK),OK,20000,76.55470120059356,True,False,False,False,True,0.6756494552085154,2,0.984877257114078,36.4,49.6,99.2,18.5,33.6,18.5,Inventory Buffer,Inventory Buffer
2014-01-01,RHODES TECHNOLOGIES,MIAMI-LUKEN INC,WALMART PHARMACY #6240 (NC),NC,1553,5.047051545049006,True,True,False,False,True,0.639203340960367,3,0.9847673346076984,70.5,86.3,103.0,83.5,90.1,70.5,Alternative Supplier,Alternative Supplier
2013-01-08,SANDOZ INC,MORRIS & DICKSON CO LLC,WALGREENS #9211 (LA),LA,20000,76.55470120059356,True,False,False,False,True,0.6636631043229405,2,0.984746696591743,36.4,49.6,99.2,18.5,33.6,18.5,Inventory Buffer,Inventory Buffer
2010-01-30,VINTAGE PHARMACEUTICALS LLC,DIRECT RX,PEOPLES PHARMACY #2093 (AR),AR,20000,76.55470120059356,True,False,False,False,True,0.6693008369112814,2,0.9847311369907684,36.4,49.6,99.2,18.5,33.6,18.5,Inventory Buffer,Inventory Buffer
2011-05-22,QUALITEST PHARMACEUTICALS,ANDA INC,WALGREENS #3575 (OH),OH,20000,76.55470120059356,True,False,False,False,True,0.6688843399032506,2,0.9846972014895186,36.4,49.6,99.2,18.5,33.6,18.5,Inventory Buffer,Inventory Buffer
2014-04-12,LANNETT COMPANY INC,SMITH DRUG COMPANY,PEOPLES PHARMACY #7557 (OH),OH,20000,76.55470120059356,True,False,False,False,True,0.6880344600761699,2,0.9846939897525498,65.7,72.0,108.5,40.5,70.5,40.5,Inventory Buffer,Inventory Buffer
2009-06-22,PURDUE PHARMA LP,PRESCRIPTION SUPPLY INC,WALGREENS #9879 (MD),MD,20439,78.25643363398565,True,False,False,False,True,0.6715477395470303,2,0.984688439214258,65.7,72.0,108.5,40.5,70.5,40.5,Inventory Buffer,Inventory Buffer
2009-06-25,JANSSEN PHARMACEUTICALS INC,NATIONAL WHOLESALE DRUG CO INC,PEOPLES PHARMACY #5108 (MI),MI,20000,76.55470120059356,True,False,False,False,True,0.6680019497888521,2,0.9846423148435086,65.7,72.0,108.5,40.5,70.5,40.5,Inventory Buffer,Inventory Buffer
2011-04-10,HIKMA PHARMACEUTICALS,HD SMITH WHOLESALE DRUG CO,CORNER DRUG STORE #6200 (PA),PA,36394,140.1041351710493,True,False,True,False,True,0.7320916972532244,3,0.98461557724292,92.0,104.3,133.7,55.9,101.8,55.9,Inventory Buffer,Inventory Buffer
2012-03-18,SANDOZ INC,NATIONAL WHOLESALE DRUG CO INC,GOOD NEIGHBOR PHARMACY #2790 (PA),PA,20000,76.55470120059356,True,False,False,False,True,0.6689551774734427,2,0.9845927955210048,65.7,72.0,108.5,40.5,70.5,40.5,Inventory Buffer,Inventory Buffer
2012-12-24,ACTAVIS PHARMA INC,BURLINGTON DRUG COMPANY INC,COMMUNITY PHARMACY #2490 (KY),KY,20000,76.55470120059356,True,False,False,False,True,0.6598889263412674,2,0.9845355271198744,40.9,86.5,103.5,15.6,22.2,15.6,Inventory Buffer,Inventory Buffer
2011-09-24,ENDO PHARMACEUTICALS INC,BELLCO DRUG CORP,PUBLIX PHARMACY #9833 (MI),MI,20000,76.55470120059356,True,False,False,False,True,0.6713510283123085,2,0.9845295272908532,65.7,72.0,108.5,40.5,70.5,40.5,Inventory Buffer,Inventory Buffer
2007-04-23,IMPAX LABORATORIES INC,AMERISOURCEBERGEN DRUG CORP,MEDICO PHARMACY #4938 (TN),TN,20000,76.55470120059356,True,False,False,False,True,0.6558962281216051,2,0.984516321911536,36.4,49.6,99.2,18.5,33.6,18.5,Inventory Buffer,Inventory Buffer
2013-01-27,CADISTA PHARMACEUTICALS INC,GULF COAST MEDICAL SUPPLY,MEDICO PHARMACY #3872 (CT),CT,9242,34.852565623299235,True,False,False,False,True,0.6737359998005531,2,0.9844674390897838,65.7,72.0,108.5,40.5,70.5,40.5,Inventory Buffer,Inventory Buffer
2011-06-07,WATSON LABORATORIES INC,DAKOTA DRUG INC,WALGREENS #6088 (NV),NV,22707,87.04807180923231,True,False,False,False,True,0.6728761476381276,2,0.9844418935184052,40.9,86.5,103.5,15.6,22.2,15.6,Inventory Buffer,Inventory Buffer
2012-05-25,VINTAGE PHARMACEUTICALS LLC,GULF COAST MEDICAL SUPPLY,PEOPLES PHARMACY #8235 (MT),MT,20000,76.55470120059356,True,False,False,False,True,0.6872632774803745,2,0.9844104854326328,65.7,72.0,108.5,40.5,70.5,40.5,Inventory Buffer,Inventory Buffer
2009-04-17,VINTAGE PHARMACEUTICALS LLC,GULF COAST MEDICAL SUPPLY,WINN-DIXIE PHARMACY #6356 (UT),UT,20000,76.55470120059356,True,False,False,False,True,0.6715477395470303,2,0.9843636609820084,65.7,72.0,108.5,40.5,70.5,40.5,Inventory Buffer,Inventory Buffer
2013-12-13,MALLINCKRODT LLC,DIRECT RX,GOOD NEIGHBOR PHARMACY #5339 (PA),PA,23195,88.9397470427069,True,False,False,False,True,0.6642647064169971,2,0.984354270566626,36.4,49.6,99.2,18.5,33.6,18.5,Inventory Buffer,Inventory Buffer
2009-11-30,HIKMA PHARMACEUTICALS,BURLINGTON DRUG COMPANY INC,GOOD NEIGHBOR PHARMACY #7697 (PA),PA,20000,76.55470120059356,True,False,False,False,True,0.6742711284660972,2,0.9843529920111506,40.9,86.5,103.5,15.6,22.2,15.6,Inventory Buffer,Inventory Buffer
2009-11-13,IMPAX LABORATORIES INC,SMITH DRUG COMPANY,KROGER PHARMACY #8403 (NV),NV,20000,76.55470120059356,True,False,False,False,True,0.6683286879300189,2,0.9843508623343448,65.7,72.0,108.5,40.5,70.5,40.5,Inventory Buffer,Inventory Buffer
2008-02-24,CADISTA PHARMACEUTICALS INC,HD SMITH WHOLESALE DRUG CO,WINN-DIXIE PHARMACY #8378 (VA),VA,20000,76.55470120059356,True,False,False,False,True,0.6596352051005874,2,0.9843382815295564,65.7,72.0,108.5,40.5,70.5,40.5,Inventory Buffer,Inventory Buffer
2013-01-08,TEVA PHARMACEUTICALS USA INC,NATIONAL WHOLESALE DRUG CO INC,GOOD NEIGHBOR PHARMACY #5650 (PA),PA,20000,76.55470120059356,True,False,False,False,True,0.6679135735384546,2,0.9843211953150204,65.7,72.0,108.5,40.5,70.5,40.5,Inventory Buffer,Inventory Buffer
2012-08-23,ABBOTT LABORATORIES,SMITH DRUG COMPANY,SUNRISE PHARMACY #1937 (TN),TN,20000,76.55470120059356,True,False,False,False,True,0.6624757129102606,2,0.984215501209331,65.7,72.0,108.5,40.5,70.5,40.5,Inventory Buffer,Inventory Buffer
2012-06-18,SANDOZ INC,BELLCO DRUG CORP,KROGER PHARMACY #8012 (VA),VA,20000,76.55470120059356,True,False,False,False,True,0.6738233866084031,2,0.9841052351269036,65.7,72.0,108.5,40.5,70.5,40.5,Inventory Buffer,Inventory Buffer
2013-08-20,LANNETT COMPANY INC,AMERISOURCEBERGEN DRUG CORP,WALMART PHARMACY #7653 (PA),PA,20000,76.55470120059356,True,False,False,False,True,0.6678766588213938,2,0.9841008096314284,36.4,49.6,99.2,18.5,33.6,18.5,Inventory Buffer,Inventory Buffer
2011-06-07,MALLINCKRODT LLC,NATIONAL WHOLESALE DRUG CO INC,KROGER PHARMACY #5892 (NJ),NJ,20000,76.55470120059356,True,False,False,False,True,0.6742794405530894,2,0.9840802545365512,65.7,72.0,108.5,40.5,70.5,40.5,Inventory Buffer,Inventory Buffer
2009-09-17,JANSSEN PHARMACEUTICALS INC,DAKOTA DRUG INC,WALGREENS #3575 (OH),OH,20000,76.55470120059356,True,False,False,False,True,0.657536925105825,2,0.9840181393869092,40.9,86.5,103.5,15.6,22.2,15.6,Inventory Buffer,Inventory Buffer
2009-07-01,TEVA PHARMACEUTICALS USA INC,CARDINAL HEALTH INC,SUNRISE PHARMACY #6615 (LA),LA,20000,76.55470120059356,True,False,False,False,True,0.6782191339021028,2,0.984016396451034,40.9,86.5,103.5,15.6,22.2,15.6,Inventory Buffer,Inventory Buffer
2013-09-03,ACTAVIS PHARMA INC,KINRAY LLC,WALMART PHARMACY #9460 (CT),CT,20000,76.55470120059356,True,False,False,False,True,0.6729122038768975,2,0.984012208869962,40.9,86.5,103.5,15.6,22.2,15.6,Inventory Buffer,Inventory Buffer
2012-05-17,ABBOTT LABORATORIES,VALUEDRUGCO,KROGER PHARMACY #8403 (NV),NV,20000,76.55470120059356,True,False,False,False,True,0.6729122038768975,2,0.983977500466971,65.7,72.0,108.5,40.5,70.5,40.5,Inventory Buffer,Inventory Buffer
2010-04-19,AMNEAL PHARMACEUTICALS LLC,DAKOTA DRUG INC,PUBLIX PHARMACY #7202 (CT),CT,20000,76.55470120059356,True,False,False,False,True,0.6729122038768975,2,0.9839631480453684,40.9,86.5,103.5,15.6,22.2,15.6,Inventory Buffer,Inventory Buffer
2010-08-13,ABBOTT LABORATORIES,MCKESSON CORPORATION,GOOD NEIGHBOR PHARMACY #3769 (AL),AL,20000,76.55470120059356,True,False,False,False,True,0.6742794405530894,2,0.9839064483306904,40.9,86.5,103.5,15.6,22.2,15.6,Inventory Buffer,Inventory Buffer
2009-05-12,HIKMA PHARMACEUTICALS,PENN PHARMACEUTICAL SERVICES INC,WALGREENS #5846 (PA),PA,20000,76.55470120059356,True,False,False,False,True,0.6881938928367762,2,0.9838324887156796,36.4,49.6,99.2,18.5,33.6,18.5,Inventory Buffer,Inventory Buffer
2011-01-27,SUN PHARMA GLOBAL INC,HENRY SCHEIN INC,KROGER PHARMACY #9282 (UT),UT,20000,76.55470120059356,True,False,False,False,True,0.6729122038768975,2,0.9837463514638756,36.4,49.6,99.2,18.5,33.6,18.5,Inventory Buffer,Inventory Buffer
2011-10-11,TEVA PHARMACEUTICALS USA INC,MIAMI-LUKEN INC,CORNER DRUG STORE #4406 (KY),KY,7575,28.39063403681944,True,False,False,False,True,0.6465101443992994,2,0.9837384415643502,40.9,86.5,103.5,15.6,22.2,15.6,Inventory Buffer,Inventory Buffer
2009-01-09,ACTAVIS PHARMA INC,PENN PHARMACEUTICAL SERVICES INC,GOOD NEIGHBOR PHARMACY #6129 (NC),NC,75,-0.6822435268269009,False,True,False,False,True,0.6468041104718721,2,0.983671459818002,46.6,50.5,65.0,46.3,67.5,46.3,Inventory Buffer,Inventory Buffer
2008-08-22,SANDOZ INC,CARDINAL HEALTH INC,WINN-DIXIE PHARMACY #8378 (VA),VA,20000,76.55470120059356,True,False,False,False,True,0.6562898515209684,2,0.9836532520711264,40.9,86.5,103.5,15.6,22.2,15.6,Inventory Buffer,Inventory Buffer
2010-02-05,ACTAVIS PHARMA INC,KINRAY LLC,CVS PHARMACY #1671 (OH),OH,20000,76.55470120059356,True,False,False,False,True,0.677758614515982,2,0.9836531650525284,40.9,86.5,103.5,15.6,22.2,15.6,Inventory Buffer,Inventory Buffer
2010-10-16,SANDOZ INC,HD SMITH WHOLESALE DRUG CO,HOMETOWN PHARMACY #6513 (WV),WV,20000,76.55470120059356,True,False,True,False,True,0.685306876003933,3,0.9836141075569764,92.0,104.3,133.7,55.9,101.8,55.9,Inventory Buffer,Inventory Buffer
2009-07-03,PAR PHARMACEUTICAL INC,DIRECT RX,HARRIS TEETER PHARMACY #6063 (NC),NC,179,-0.2790996246110049,False,False,False,False,True,0.6406894736314205,1,0.9835683526026188,24.5,27.8,34.2,26.8,28.5,24.5,Alternative Supplier,Alternative Supplier
2013-07-14,CADISTA PHARMACEUTICALS INC,PRESCRIPTION SUPPLY INC,PEOPLES PHARMACY #5108 (MI),MI,20000,76.55470120059356,True,False,False,False,True,0.6613783359817174,2,0.9835614288731586,65.7,72.0,108.5,40.5,70.5,40.5,Inventory Buffer,Inventory Buffer
2012-07-06,CADISTA PHARMACEUTICALS INC,VALUEDRUGCO,KROGER PHARMACY #5322 (OH),OH,58800,226.95838779652397,True,False,True,False,True,0.7630154079657303,3,0.9835434090731828,92.0,104.3,133.7,55.9,101.8,55.9,Inventory Buffer,Inventory Buffer
2009-10-30,MYLAN PHARMACEUTICALS INC,MCKESSON CORPORATION,PEOPLES PHARMACY #9504 (KY),KY,20000,76.55470120059356,True,False,True,False,True,0.6960681860676105,3,0.9835414926407592,64.7,119.4,128.3,36.7,54.9,36.7,Inventory Buffer,Inventory Buffer
2007-05-22,ACTAVIS PHARMA INC,PENN PHARMACEUTICAL SERVICES INC,PUBLIX PHARMACY #4394 (MD),MD,7944,29.821019612950845,True,False,False,False,True,0.6550778000324761,2,0.983522481547262,36.4,49.6,99.2,18.5,33.6,18.5,Inventory Buffer,Inventory Buffer
2013-07-17,WATSON LABORATORIES INC,KEYSOURCE MEDICAL INC,FAMILY CARE PHARMACY #9932 (MI),MI,20000,76.55470120059356,True,False,False,False,True,0.6880660286962578,2,0.9835053315230312,40.9,86.5,103.5,15.6,22.2,15.6,Inventory Buffer,Inventory Buffer
2011-12-16,MALLINCKRODT LLC,AMERISOURCEBERGEN DRUG CORP,QUALITY CARE PHARMACY #3706 (PA),PA,20000,76.55470120059356,True,False,False,False,True,0.6821038443857295,2,0.983505242418616,36.4,49.6,99.2,18.5,33.6,18.5,Inventory Buffer,Inventory Buffer
2011-07-24,ABBOTT LABORATORIES,ANDA INC,COMMUNITY PHARMACY #8229 (IN),IN,20000,76.55470120059356,True,False,False,False,True,0.6763661637111842,2,0.9835032016338672,36.4,49.6,99.2,18.5,33.6,18.5,Inventory Buffer,Inventory Buffer
2014-04-15,QUALITEST PHARMACEUTICALS,AMERISOURCEBERGEN DRUG CORP,PUBLIX PHARMACY #6343 (IN),IN,20000,76.55470120059356,True,False,False,False,True,0.6562194918606825,2,0.9834054842529626,36.4,49.6,99.2,18.5,33.6,18.5,Inventory Buffer,Inventory Buffer
2010-05-17,TEVA PHARMACEUTICALS USA INC,PRESCRIPTION SUPPLY INC,PUBLIX PHARMACY #6343 (IN),IN,20000,76.55470120059356,True,False,False,False,True,0.6656302370265444,2,0.983389537726981,65.7,72.0,108.5,40.5,70.5,40.5,Inventory Buffer,Inventory Buffer
2010-03-18,TEVA PHARMACEUTICALS USA INC,HENRY SCHEIN INC,KROGER PHARMACY #3523 (OH),OH,20000,76.55470120059356,True,False,False,False,True,0.6636631043229405,2,0.983366204040136,36.4,49.6,99.2,18.5,33.6,18.5,Inventory Buffer,Inventory Buffer
2012-09-09,PAR PHARMACEUTICAL INC,MCKESSON CORPORATION,PEOPLES PHARMACY #8932 (PA),PA,20000,76.55470120059356,True,False,False,False,True,0.6704431888458636,2,0.983362874315442,40.9,86.5,103.5,15.6,22.2,15.6,Inventory Buffer,Inventory Buffer
2011-12-13,ABBOTT LABORATORIES,PRESCRIPTION SUPPLY INC,MEDICO PHARMACY #3176 (VA),VA,20000,76.55470120059356,True,False,False,False,True,0.6698848392600145,2,0.9833438458894526,65.7,72.0,108.5,40.5,70.5,40.5,Inventory Buffer,Inventory Buffer
2008-09-11,ABBOTT LABORATORIES,KEYSOURCE MEDICAL INC,CVS PHARMACY #3187 (KY),KY,146,-0.4070202858910488,False,True,False,False,True,0.6403224458954763,2,0.9833292508616466,59.2,55.7,69.4,56.7,59.7,55.7,Combined Strategy,Combined Strategy
2008-03-07,AMNEAL PHARMACEUTICALS LLC,MORRIS & DICKSON CO LLC,KROGER PHARMACY #2038 (MI),MI,20000,76.55470120059356,True,False,False,False,True,0.6557756528974218,2,0.9833141314631442,36.4,49.6,99.2,18.5,33.6,18.5,Inventory Buffer,Inventory Buffer
2009-11-06,VINTAGE PHARMACEUTICALS LLC,DIRECT RX,QUALITY CARE PHARMACY #6823 (IN),IN,20000,76.55470120059356,True,False,False,False,True,0.6657900304857296,2,0.9832717185621824,36.4,49.6,99.2,18.5,33.6,18.5,Inventory Buffer,Inventory Buffer
2011-01-29,SANDOZ INC,MCKESSON CORPORATION,HOMETOWN PHARMACY #2172 (WV),WV,20000,76.55470120059356,True,False,False,False,True,0.6718470842786861,2,0.9831991911109156,40.9,86.5,103.5,15.6,22.2,15.6,Inventory Buffer,Inventory Buffer
2009-02-19,PURDUE PHARMA LP,MORRIS & DICKSON CO LLC,CVS PHARMACY #6755 (TN),TN,20000,76.55470120059356,True,False,False,False,True,0.6616366907788357,2,0.9831675861061469,36.4,49.6,99.2,18.5,33.6,18.5,Inventory Buffer,Inventory Buffer
2012-09-24,SUN PHARMA GLOBAL INC,DIRECT RX,RITE AID #7819 (CA),CA,20000,76.55470120059356,True,False,False,False,True,0.6752872235102748,2,0.9830977187195808,36.4,49.6,99.2,18.5,33.6,18.5,Inventory Buffer,Inventory Buffer
2009-11-25,WATSON LABORATORIES INC,GULF COAST MEDICAL SUPPLY,SUNRISE PHARMACY #3108 (NM),NM,2903,10.280169506505349,True,False,False,True,True,0.6526376022304452,3,0.9830864884966776,,136.3,149.4,112.0,148.0,112.0,Inventory Buffer,Inventory Buffer
2013-03-18,SANDOZ INC,AMERISOURCEBERGEN DRUG CORP,WALMART PHARMACY #6240 (NC),NC,20000,76.55470120059356,True,False,False,False,True,0.6585508693161762,2,0.9830789601567268,36.4,49.6,99.2,18.5,33.6,18.5,Inventory Buffer,Inventory Buffer
2010-10-23,SUN PHARMA GLOBAL INC,MORRIS & DICKSON CO LLC,PEOPLES PHARMACY #8235 (MT),MT,20000,76.55470120059356,True,False,False,False,True,0.6752872235102748,2,0.983059707232702,36.4,49.6,99.2,18.5,33.6,18.5,Inventory Buffer,Inventory Buffer
2011-11-28,QUALITEST PHARMACEUTICALS,MIAMI-LUKEN INC,PEOPLES PHARMACY #2660 (NC),NC,5833,21.637973674703183,True,False,False,False,True,0.6365678762187041,2,0.9830433850988802,40.9,86.5,103.5,15.6,22.2,15.6,Inventory Buffer,Inventory Buffer
2013-12-26,PURDUE PHARMA LP,BURLINGTON DRUG COMPANY INC,RITE AID #1037 (WA),WA,20000,76.55470120059356,True,False,False,False,True,0.6733676411192145,2,0.9830352611207576,40.9,86.5,103.5,15.6,22.2,15.6,Inventory Buffer,Inventory Buffer
2009-11-10,ACTAVIS PHARMA INC,PRESCRIPTION SUPPLY INC,FAMILY CARE PHARMACY #8739 (NM),NM,20000,76.55470120059356,True,False,False,False,True,0.6881938928367762,2,0.9830169817535368,65.7,72.0,108.5,40.5,70.5,40.5,Inventory Buffer,Inventory Buffer
2009-04-26,ACTAVIS PHARMA INC,GULF COAST MEDICAL SUPPLY,SUNRISE PHARMACY #2784 (IN),IN,20000,76.55470120059356,True,False,False,False,True,0.6588435562322751,2,0.9830097283584978,65.7,72.0,108.5,40.5,70.5,40.5,Inventory Buffer,Inventory Buffer
2010-01-30,HIKMA PHARMACEUTICALS,KEYSOURCE MEDICAL INC,MAIN STREET PHARMACY #4198 (PA),PA,20000,76.55470120059356,True,False,False,False,True,0.6676210003639064,2,0.982973642849252,40.9,86.5,103.5,15.6,22.2,15.6,Inventory Buffer,Inventory Buffer
2010-01-30,JANSSEN PHARMACEUTICALS INC,MIAMI-LUKEN INC,HOMETOWN PHARMACY #7311 (LA),LA,20000,76.55470120059356,True,False,False,False,True,0.6698848392600145,2,0.9829684637604024,40.9,86.5,103.5,15.6,22.2,15.6,Inventory Buffer,Inventory Buffer
2007-05-15,RHODES TECHNOLOGIES,AMERISOURCEBERGEN DRUG CORP,WALMART PHARMACY #6240 (NC),NC,2709,9.528151073525695,True,True,False,False,True,0.639624945473049,3,0.9829445872423316,60.7,81.8,123.8,34.4,64.9,34.4,Inventory Buffer,Inventory Buffer
2012-02-19,SANDOZ INC,NATIONAL WHOLESALE DRUG CO INC,WALGREENS #1949 (IN),IN,20000,76.55470120059356,True,False,False,False,True,0.6671694499050617,2,0.9829226123887844,65.7,72.0,108.5,40.5,70.5,40.5,Inventory Buffer,Inventory Buffer
2012-03-10,ACTAVIS PHARMA INC,ANDA INC,PUBLIX PHARMACY #5706 (MT),MT,20000,76.55470120059356,True,False,False,False,True,0.6680728564389885,2,0.9829130959046586,36.4,49.6,99.2,18.5,33.6,18.5,Inventory Buffer,Inventory Buffer
2010-05-31,WATSON LABORATORIES INC,ANDA INC,GOOD NEIGHBOR PHARMACY #9772 (VA),VA,20000,76.55470120059356,True,False,False,False,True,0.6676210003639064,2,0.9828912263276188,36.4,49.6,99.2,18.5,33.6,18.5,Inventory Buffer,Inventory Buffer
2013-11-15,WATSON LABORATORIES INC,CARDINAL HEALTH INC,CVS PHARMACY #6803 (KY),KY,20000,76.55470120059356,True,False,False,False,True,0.6588435562322751,2,0.9828722315736672,40.9,86.5,103.5,15.6,22.2,15.6,Inventory Buffer,Inventory Buffer
2010-10-27,RHODES TECHNOLOGIES,VALUEDRUGCO,QUALITY CARE PHARMACY #2449 (MD),MD,2732,9.61730789805421,True,False,False,True,True,0.6535024775379796,3,0.9828618228658584,,136.3,149.4,112.0,148.0,112.0,Inventory Buffer,Inventory Buffer
2011-12-23,WATSON LABORATORIES INC,PENN PHARMACEUTICAL SERVICES INC,HEALTH MART PHARMACY #4740 (VA),VA,20000,76.55470120059356,True,False,False,False,True,0.6748035281625104,2,0.9828159956733457,36.4,49.6,99.2,18.5,33.6,18.5,Inventory Buffer,Inventory Buffer
2012-06-23,MYLAN PHARMACEUTICALS INC,KEYSOURCE MEDICAL INC,HOMETOWN PHARMACY #8919 (KY),KY,8834,33.27100108383688,True,False,True,False,True,0.687912528544162,3,0.9827860316821352,64.7,119.4,128.3,36.7,54.9,36.7,Inventory Buffer,Inventory Buffer
2012-02-07,PAR PHARMACEUTICAL INC,NATIONAL WHOLESALE DRUG CO INC,SUNRISE PHARMACY #4402 (PA),PA,20000,76.55470120059356,True,False,False,False,True,0.680961126315072,2,0.9827148900891768,65.7,72.0,108.5,40.5,70.5,40.5,Inventory Buffer,Inventory Buffer
2010-05-22,ABBOTT LABORATORIES,VALUEDRUGCO,SUNRISE PHARMACY #2882 (KY),KY,20000,76.55470120059356,True,False,False,False,True,0.6744616220932719,2,0.9826908643440372,65.7,72.0,108.5,40.5,70.5,40.5,Inventory Buffer,Inventory Buffer
2009-03-14,MALLINCKRODT LLC,HENRY SCHEIN INC,KROGER PHARMACY #6683 (OH),OH,20000,76.55470120059356,True,False,False,False,True,0.6735495763030421,2,0.982684314464164,36.4,49.6,99.2,18.5,33.6,18.5,Inventory Buffer,Inventory Buffer
2010-04-13,LANNETT COMPANY INC,CARDINAL HEALTH INC,CORNER DRUG STORE #4406 (KY),KY,20000,76.55470120059356,True,False,False,False,True,0.6644196725729636,2,0.9826746098024508,40.9,86.5,103.5,15.6,22.2,15.6,Inventory Buffer,Inventory Buffer
2009-11-08,ACTAVIS PHARMA INC,BURLINGTON DRUG COMPANY INC,WALGREENS #6656 (TN),TN,20000,76.55470120059356,True,False,False,False,True,0.680734913210878,2,0.9826115492320352,40.9,86.5,103.5,15.6,22.2,15.6,Inventory Buffer,Inventory Buffer
2012-05-11,QUALITEST PHARMACEUTICALS,PENN PHARMACEUTICAL SERVICES INC,COMMUNITY PHARMACY #5405 (TX),TX,20000,76.55470120059356,True,False,False,False,True,0.6735297310677999,2,0.9825931958459054,36.4,49.6,99.2,18.5,33.6,18.5,Inventory Buffer,Inventory Buffer
2012-10-20,ACTAVIS PHARMA INC,BELLCO DRUG CORP,QUALITY CARE PHARMACY #6847 (WV),WV,20000,76.55470120059356,True,False,False,False,True,0.6588435562322751,2,0.9825316163552614,65.7,72.0,108.5,40.5,70.5,40.5,Inventory Buffer,Inventory Buffer
2012-08-03,AMNEAL PHARMACEUTICALS LLC,HENRY SCHEIN INC,WINN-DIXIE PHARMACY #5889 (PA),PA,20000,76.55470120059356,True,False,False,False,True,0.6712459248753212,2,0.982523128412396,36.4,49.6,99.2,18.5,33.6,18.5,Inventory Buffer,Inventory Buffer
2011-02-24,ABBOTT LABORATORIES,MCKESSON CORPORATION,SUNRISE PHARMACY #7243 (WV),WV,20000,76.55470120059356,True,False,False,False,True,0.6638055087565148,2,0.982507732007944,40.9,86.5,103.5,15.6,22.2,15.6,Inventory Buffer,Inventory Buffer
2012-05-23,IMPAX LABORATORIES INC,BURLINGTON DRUG COMPANY INC,QUALITY CARE PHARMACY #6849 (ID),ID,20000,76.55470120059356,True,False,False,False,True,0.6744856369040327,2,0.9825013933533194,40.9,86.5,103.5,15.6,22.2,15.6,Inventory Buffer,Inventory Buffer
2010-04-03,ENDO PHARMACEUTICALS INC,HD SMITH WHOLESALE DRUG CO,WALGREENS #6014 (MI),MI,20000,76.55470120059356,True,False,False,False,True,0.6576187233950865,2,0.9824952603449004,65.7,72.0,108.5,40.5,70.5,40.5,Inventory Buffer,Inventory Buffer
2012-08-30,PURDUE PHARMA LP,MCKESSON CORPORATION,VILLAGE PHARMACY #2822 (WV),WV,3598,12.974256160736577,True,False,False,False,True,0.6476446224666336,2,0.9824933201545556,40.9,86.5,103.5,15.6,22.2,15.6,Inventory Buffer,Inventory Buffer
2011-11-11,CADISTA PHARMACEUTICALS INC,DIRECT RX,COMMUNITY PHARMACY #3782 (NC),NC,20000,76.55470120059356,True,False,True,False,True,0.6942838392478548,3,0.9824862602292652,60.7,81.8,123.8,34.4,64.9,34.4,Inventory Buffer,Inventory Buffer
2013-07-24,HIKMA PHARMACEUTICALS,MCKESSON CORPORATION,HARRIS TEETER PHARMACY #7528 (IN),IN,20000,76.55470120059356,True,False,False,False,True,0.6659194891285015,2,0.9824606440333672,40.9,86.5,103.5,15.6,22.2,15.6,Inventory Buffer,Inventory Buffer
2010-02-10,WATSON LABORATORIES INC,MIAMI-LUKEN INC,KROGER PHARMACY #8012 (VA),VA,20000,76.55470120059356,True,False,False,False,True,0.6597986483076019,2,0.9823507264114102,40.9,86.5,103.5,15.6,22.2,15.6,Inventory Buffer,Inventory Buffer
2009-02-09,LANNETT COMPANY INC,MCKESSON CORPORATION,VILLAGE PHARMACY #2073 (WI),WI,20000,76.55470120059356,True,False,False,False,True,0.6715477395470303,2,0.9823447390138614,40.9,86.5,103.5,15.6,22.2,15.6,Inventory Buffer,Inventory Buffer
2010-05-31,CADISTA PHARMACEUTICALS INC,AMERISOURCEBERGEN DRUG CORP,COMMUNITY PHARMACY #9334 (IN),IN,20000,76.55470120059356,True,False,False,False,True,0.660247840815713,2,0.9823078295683344,36.4,49.6,99.2,18.5,33.6,18.5,Inventory Buffer,Inventory Buffer
2010-11-24,TEVA PHARMACEUTICALS USA INC,KEYSOURCE MEDICAL INC,CORNER DRUG STORE #6232 (MI),MI,20000,76.55470120059356,True,False,False,False,True,0.6784464618493978,2,0.9822934205102536,40.9,86.5,103.5,15.6,22.2,15.6,Inventory Buffer,Inventory Buffer
2012-03-25,HIKMA PHARMACEUTICALS,MIAMI-LUKEN INC,QUALITY CARE PHARMACY #4445 (LA),LA,20000,76.55470120059356,True,False,False,False,True,0.6748054649724174,2,0.982254380194189,40.9,86.5,103.5,15.6,22.2,15.6,Inventory Buffer,Inventory Buffer
2013-07-13,AMNEAL PHARMACEUTICALS LLC,PENN PHARMACEUTICAL SERVICES INC,VILLAGE PHARMACY #8587 (CT),CT,20000,76.55470120059356,True,False,False,False,True,0.6689789824587192,2,0.9822434447064068,36.4,49.6,99.2,18.5,33.6,18.5,Inventory Buffer,Inventory Buffer
2012-02-21,IMPAX LABORATORIES INC,NATIONAL WHOLESALE DRUG CO INC,PEOPLES PHARMACY #2912 (WV),WV,20000,76.55470120059356,True,False,False,False,True,0.6751247356906389,2,0.9821477634893262,65.7,72.0,108.5,40.5,70.5,40.5,Inventory Buffer,Inventory Buffer
2014-07-16,SUN PHARMA GLOBAL INC,PRESCRIPTION SUPPLY INC,COMMUNITY PHARMACY #4270 (AR),AR,5977,22.196172923925197,True,False,False,False,True,0.6520264354666745,2,0.982084227603808,65.7,72.0,108.5,40.5,70.5,40.5,Inventory Buffer,Inventory Buffer
2012-06-09,PURDUE PHARMA LP,BURLINGTON DRUG COMPANY INC,WALMART PHARMACY #9460 (CT),CT,20000,76.55470120059356,True,False,False,False,True,0.6780074777195197,2,0.9820841903528854,40.9,86.5,103.5,15.6,22.2,15.6,Inventory Buffer,Inventory Buffer
2009-08-22,WATSON LABORATORIES INC,VALUEDRUGCO,CORNER DRUG STORE #1453 (OH),OH,20000,76.55470120059356,True,False,False,False,True,0.6775489022890021,2,0.9820022255585256,65.7,72.0,108.5,40.5,70.5,40.5,Inventory Buffer,Inventory Buffer
2011-05-10,SANDOZ INC,BELLCO DRUG CORP,QUALITY CARE PHARMACY #6273 (HI),HI,5769,21.389885119493403,True,False,False,False,True,0.6583377049540126,2,0.9819906591017132,65.7,72.0,108.5,40.5,70.5,40.5,Inventory Buffer,Inventory Buffer
2007-10-23,MYLAN PHARMACEUTICALS INC,HD SMITH WHOLESALE DRUG CO,WALMART PHARMACY #2686 (MN),MN,2441,8.489280248584732,True,False,False,False,True,0.6587007729351048,2,0.9819448594571116,65.7,72.0,108.5,40.5,70.5,40.5,Inventory Buffer,Inventory Buffer
2008-01-06,JANSSEN PHARMACEUTICALS INC,KINRAY LLC,WINN-DIXIE PHARMACY #4694 (OH),OH,20000,76.55470120059356,True,False,False,False,True,0.6644196725729636,2,0.9819424181796113,40.9,86.5,103.5,15.6,22.2,15.6,Inventory Buffer,Inventory Buffer
2010-12-24,ACTAVIS PHARMA INC,PENN PHARMACEUTICAL SERVICES INC,FAMILY CARE PHARMACY #2731 (OH),OH,33764,129.90924610539733,True,False,True,False,True,0.7156836584712467,3,0.9819369216181648,60.7,81.8,123.8,34.4,64.9,34.4,Inventory Buffer,Inventory Buffer
2012-07-15,VINTAGE PHARMACEUTICALS LLC,HENRY SCHEIN INC,SUNRISE PHARMACY #8451 (IN),IN,20000,76.55470120059356,True,False,False,False,True,0.660247840815713,2,0.9818636903836374,36.4,49.6,99.2,18.5,33.6,18.5,Inventory Buffer,Inventory Buffer
2006-09-23,HIKMA PHARMACEUTICALS,KINRAY LLC,HOMETOWN PHARMACY #5569 (NC),NC,4562,16.711090023583917,True,False,False,False,True,0.6358836841884828,2,0.981860807242017,40.9,86.5,103.5,15.6,22.2,15.6,Inventory Buffer,Inventory Buffer
2008-01-09,ACTAVIS PHARMA INC,DAKOTA DRUG INC,FAMILY CARE PHARMACY #2595 (OH),OH,20000,76.55470120059356,True,False,False,False,True,0.6532157573549581,2,0.9818555573705467,40.9,86.5,103.5,15.6,22.2,15.6,Inventory Buffer,Inventory Buffer
2012-06-20,TEVA PHARMACEUTICALS USA INC,DIRECT RX,VILLAGE PHARMACY #2028 (TN),TN,20000,76.55470120059356,True,False,False,False,True,0.6791218993110842,2,0.9817067768692744,36.4,49.6,99.2,18.5,33.6,18.5,Inventory Buffer,Inventory Buffer
2011-02-10,AMNEAL PHARMACEUTICALS LLC,BURLINGTON DRUG COMPANY INC,COMMUNITY PHARMACY #7046 (MI),MI,20000,76.55470120059356,True,False,True,False,True,0.6845255555453899,3,0.9816821997526238,64.7,119.4,128.3,36.7,54.9,36.7,Inventory Buffer,Inventory Buffer
2012-08-07,ACTAVIS PHARMA INC,MORRIS & DICKSON CO LLC,VILLAGE PHARMACY #9964 (OH),OH,20000,76.55470120059356,True,False,False,False,True,0.6639736877438114,2,0.9816234975786904,36.4,49.6,99.2,18.5,33.6,18.5,Inventory Buffer,Inventory Buffer
2009-05-26,ACTAVIS PHARMA INC,VALUEDRUGCO,WALGREENS #5175 (PA),PA,20000,76.55470120059356,True,False,False,False,True,0.6784440095944893,2,0.981588948383543,65.7,72.0,108.5,40.5,70.5,40.5,Inventory Buffer,Inventory Buffer
2011-09-10,LANNETT COMPANY INC,SMITH DRUG COMPANY,MAIN STREET PHARMACY #2648 (MO),MO,424,0.6706143758014423,False,False,False,True,True,0.6530540417759625,2,0.9814772737427738,,77.4,83.8,68.3,76.2,68.3,Inventory Buffer,Inventory Buffer
2009-08-24,WATSON LABORATORIES INC,NATIONAL WHOLESALE DRUG CO INC,WINN-DIXIE PHARMACY #3112 (LA),LA,20000,76.55470120059356,True,False,False,False,True,0.6724730991385426,2,0.9814769871936326,65.7,72.0,108.5,40.5,70.5,40.5,Inventory Buffer,Inventory Buffer
2007-10-24,MALLINCKRODT LLC,DIRECT RX,HOMETOWN PHARMACY #6387 (NC),NC,7572,28.379004885793982,True,False,False,False,True,0.6354346890130578,2,0.9814628001356762,36.4,49.6,99.2,18.5,33.6,18.5,Inventory Buffer,Inventory Buffer
2011-02-01,ACTAVIS PHARMA INC,NATIONAL WHOLESALE DRUG CO INC,WALGREENS #4642 (PA),PA,20000,76.55470120059356,True,False,False,False,True,0.6757177000790802,2,0.981411031002206,65.7,72.0,108.5,40.5,70.5,40.5,Inventory Buffer,Inventory Buffer
2013-07-20,IMPAX LABORATORIES INC,HD SMITH WHOLESALE DRUG CO,PUBLIX PHARMACY #6736 (TN),TN,20000,76.55470120059356,True,False,False,False,True,0.6591398399771147,2,0.9813940108287084,65.7,72.0,108.5,40.5,70.5,40.5,Inventory Buffer,Inventory Buffer
2009-10-22,ACTAVIS PHARMA INC,DAKOTA DRUG INC,QUALITY CARE PHARMACY #6847 (WV),WV,20000,76.55470120059356,True,False,False,False,True,0.6707495686151755,2,0.9813652591437616,40.9,86.5,103.5,15.6,22.2,15.6,Inventory Buffer,Inventory Buffer
2013-08-08,SANDOZ INC,VALUEDRUGCO,VILLAGE PHARMACY #7454 (PA),PA,20000,76.55470120059356,True,False,True,False,True,0.6897915201065528,3,0.9813381687173262,92.0,104.3,133.7,55.9,101.8,55.9,Inventory Buffer,Inventory Buffer
2010-03-05,JANSSEN PHARMACEUTICALS INC,PENN PHARMACEUTICAL SERVICES INC,CORNER DRUG STORE #1213 (TN),TN,20000,76.55470120059356,True,False,False,False,True,0.678662570133185,2,0.981285600834968,36.4,49.6,99.2,18.5,33.6,18.5,Inventory Buffer,Inventory Buffer
2011-11-18,AMNEAL PHARMACEUTICALS LLC,SMITH DRUG COMPANY,MEDICO PHARMACY #9378 (TN),TN,20000,76.55470120059356,True,False,True,False,True,0.6897932457480389,3,0.9812522471944432,92.0,104.3,133.7,55.9,101.8,55.9,Inventory Buffer,Inventory Buffer
2010-03-04,HIKMA PHARMACEUTICALS,BELLCO DRUG CORP,PUBLIX PHARMACY #1973 (TN),TN,20000,76.55470120059356,True,False,False,False,True,0.6827959331294645,2,0.981226615747185,65.7,72.0,108.5,40.5,70.5,40.5,Inventory Buffer,Inventory Buffer
2011-05-21,MALLINCKRODT LLC,KINRAY LLC,PEOPLES PHARMACY #2912 (WV),WV,20000,76.55470120059356,True,False,False,False,True,0.6764035956726924,2,0.9812231909688136,40.9,86.5,103.5,15.6,22.2,15.6,Inventory Buffer,Inventory Buffer
2010-04-29,QUALITEST PHARMACEUTICALS,MCKESSON CORPORATION,VILLAGE PHARMACY #2822 (WV),WV,20000,76.55470120059356,True,False,False,False,True,0.6759886709036811,2,0.9812151196415662,40.9,86.5,103.5,15.6,22.2,15.6,Inventory Buffer,Inventory Buffer
2011-07-02,AMNEAL PHARMACEUTICALS LLC,AMERISOURCEBERGEN DRUG CORP,COMMUNITY PHARMACY #5731 (WV),WV,20000,76.55470120059356,True,False,True,False,True,0.731785480519219,3,0.9811825427684888,60.7,81.8,123.8,34.4,64.9,34.4,Inventory Buffer,Inventory Buffer
2014-02-15,MYLAN PHARMACEUTICALS INC,PENN PHARMACEUTICAL SERVICES INC,COMMUNITY PHARMACY #5731 (WV),WV,23902,91.68035030103997,True,False,True,False,True,0.6901266435291032,3,0.9811342118226364,60.7,81.8,123.8,34.4,64.9,34.4,Inventory Buffer,Inventory Buffer
2013-09-15,CADISTA PHARMACEUTICALS INC,SMITH DRUG COMPANY,WALGREENS #6014 (MI),MI,20000,76.55470120059356,True,False,False,False,True,0.6548933589788924,2,0.9810880161149612,65.7,72.0,108.5,40.5,70.5,40.5,Inventory Buffer,Inventory Buffer
2013-03-14,PURDUE PHARMA LP,BURLINGTON DRUG COMPANY INC,MEDICO PHARMACY #5873 (MI),MI,20000,76.55470120059356,True,False,False,False,True,0.6799729182295956,2,0.981082731801134,40.9,86.5,103.5,15.6,22.2,15.6,Inventory Buffer,Inventory Buffer
2011-07-05,SUN PHARMA GLOBAL INC,NATIONAL WHOLESALE DRUG CO INC,HARRIS TEETER PHARMACY #1284 (MN),MN,20000,76.55470120059356,True,False,True,False,True,0.7034551152596674,3,0.9810814519914696,92.0,104.3,133.7,55.9,101.8,55.9,Inventory Buffer,Inventory Buffer
2012-04-18,MALLINCKRODT LLC,MIAMI-LUKEN INC,HOMETOWN PHARMACY #7488 (TN),TN,20000,76.55470120059356,True,False,True,False,True,0.6889977310489146,3,0.9810762903944432,64.7,119.4,128.3,36.7,54.9,36.7,Inventory Buffer,Inventory Buffer
2011-02-25,AMNEAL PHARMACEUTICALS LLC,MORRIS & DICKSON CO LLC,WINN-DIXIE PHARMACY #1109 (AL),AL,12628,47.97800074736677,True,False,True,False,True,0.6873678221153313,3,0.9810115823091644,60.7,81.8,123.8,34.4,64.9,34.4,Inventory Buffer,Inventory Buffer
2014-07-26,PURDUE PHARMA LP,SMITH DRUG COMPANY,GOOD NEIGHBOR PHARMACY #9772 (VA),VA,20000,76.55470120059356,True,False,False,False,True,0.6493467152047069,2,0.9809912500412544,65.7,72.0,108.5,40.5,70.5,40.5,Inventory Buffer,Inventory Buffer
2012-06-27,CADISTA PHARMACEUTICALS INC,AMERISOURCEBERGEN DRUG CORP,PEOPLES PHARMACY #2093 (AR),AR,20000,76.55470120059356,True,False,False,False,True,0.6713132995875631,2,0.9809675047428884,36.4,49.6,99.2,18.5,33.6,18.5,Inventory Buffer,Inventory Buffer
2011-05-03,MALLINCKRODT LLC,KINRAY LLC,HEALTH MART PHARMACY #4338 (LA),LA,20000,76.55470120059356,True,False,False,False,True,0.6844789751961751,2,0.9808721750261054,40.9,86.5,103.5,15.6,22.2,15.6,Inventory Buffer,Inventory Buffer
2012-12-01,ABBOTT LABORATORIES,BELLCO DRUG CORP,KROGER PHARMACY #4300 (VA),VA,20000,76.55470120059356,True,False,True,False,True,0.6880945459972859,3,0.9808202152019776,92.0,104.3,133.7,55.9,101.8,55.9,Inventory Buffer,Inventory Buffer
2011-06-11,TEVA PHARMACEUTICALS USA INC,PENN PHARMACEUTICAL SERVICES INC,WALMART PHARMACY #3043 (PA),PA,20000,76.55470120059356,True,False,False,False,True,0.6787832608826665,2,0.980791656206772,36.4,49.6,99.2,18.5,33.6,18.5,Inventory Buffer,Inventory Buffer
2012-01-23,JANSSEN PHARMACEUTICALS INC,PENN PHARMACEUTICAL SERVICES INC,MAIN STREET PHARMACY #7456 (MI),MI,20000,76.55470120059356,True,False,False,False,True,0.6736491577731929,2,0.9807811740318992,36.4,49.6,99.2,18.5,33.6,18.5,Inventory Buffer,Inventory Buffer
2012-03-25,WATSON LABORATORIES INC,AMERISOURCEBERGEN DRUG CORP,SUNRISE PHARMACY #9538 (OH),OH,20000,76.55470120059356,True,False,False,False,True,0.6729282391880758,2,0.9807553099900158,36.4,49.6,99.2,18.5,33.6,18.5,Inventory Buffer,Inventory Buffer
2011-06-24,PAR PHARMACEUTICAL INC,BURLINGTON DRUG COMPANY INC,QUALITY CARE PHARMACY #3706 (PA),PA,20000,76.55470120059356,True,False,False,False,True,0.6724730991385426,2,0.9806803041064563,40.9,86.5,103.5,15.6,22.2,15.6,Inventory Buffer,Inventory Buffer
2008-10-04,SANDOZ INC,MORRIS & DICKSON CO LLC,SUNRISE PHARMACY #7243 (WV),WV,84,-0.6473560737505253,False,True,False,False,True,0.6522893329490834,2,0.9806642928766296,48.3,52.2,66.7,48.0,60.4,48.0,Inventory Buffer,Inventory Buffer
2012-06-09,ENDO PHARMACEUTICALS INC,CARDINAL HEALTH INC,FAMILY CARE PHARMACY #8739 (NM),NM,20000,76.55470120059356,True,False,False,False,True,0.6858697134731431,2,0.9806335018770088,40.9,86.5,103.5,15.6,22.2,15.6,Inventory Buffer,Inventory Buffer
2009-03-15,ABBOTT LABORATORIES,PENN PHARMACEUTICAL SERVICES INC,GOOD NEIGHBOR PHARMACY #2984 (ME),ME,8880,33.44931473289391,True,False,False,False,True,0.6463524765998646,2,0.9806088762031532,36.4,49.6,99.2,18.5,33.6,18.5,Inventory Buffer,Inventory Buffer
2014-03-02,MYLAN PHARMACEUTICALS INC,GULF COAST MEDICAL SUPPLY,PEOPLES PHARMACY #2021 (TN),TN,20771,79.5433930141364,True,False,False,False,True,0.6526364688259225,2,0.980607198222946,65.7,72.0,108.5,40.5,70.5,40.5,Inventory Buffer,Inventory Buffer
2010-10-21,SANDOZ INC,ANDA INC,PUBLIX PHARMACY #8653 (MI),MI,20000,76.55470120059356,True,False,True,False,True,0.6856248611222999,3,0.9806033352287696,60.7,81.8,123.8,34.4,64.9,34.4,Inventory Buffer,Inventory Buffer
2011-09-22,ACTAVIS PHARMA INC,HENRY SCHEIN INC,RITE AID #1037 (WA),WA,20000,76.55470120059356,True,False,False,False,True,0.6863339205555725,2,0.980595363998564,36.4,49.6,99.2,18.5,33.6,18.5,Inventory Buffer,Inventory Buffer
2011-02-17,PURDUE PHARMA LP,CARDINAL HEALTH INC,RITE AID #3349 (TN),TN,20000,76.55470120059356,True,False,False,False,True,0.6639034394041962,2,0.980544431607956,40.9,86.5,103.5,15.6,22.2,15.6,Inventory Buffer,Inventory Buffer
2012-06-03,HIKMA PHARMACEUTICALS,DIRECT RX,HARRIS TEETER PHARMACY #6063 (NC),NC,20000,76.55470120059356,True,False,True,False,True,0.7117936463153501,3,0.9805398510683624,60.7,81.8,123.8,34.4,64.9,34.4,Inventory Buffer,Inventory Buffer
2010-06-11,ENDO PHARMACEUTICALS INC,BURLINGTON DRUG COMPANY INC,MEDICO PHARMACY #9378 (TN),TN,20000,76.55470120059356,True,False,False,False,True,0.6738959364352175,2,0.9805376480724172,40.9,86.5,103.5,15.6,22.2,15.6,Inventory Buffer,Inventory Buffer
2012-06-09,MYLAN PHARMACEUTICALS INC,MORRIS & DICKSON CO LLC,WALMART PHARMACY #1108 (WV),WV,20000,76.55470120059356,True,False,True,False,True,0.6939608212957024,3,0.9805133856672528,60.7,81.8,123.8,34.4,64.9,34.4,Inventory Buffer,Inventory Buffer
2008-07-28,QUALITEST PHARMACEUTICALS,BELLCO DRUG CORP,KROGER PHARMACY #8012 (VA),VA,20000,76.55470120059356,True,False,False,False,True,0.669031634464856,2,0.9804842310636503,65.7,72.0,108.5,40.5,70.5,40.5,Inventory Buffer,Inventory Buffer
2012-06-28,WATSON LABORATORIES INC,MIAMI-LUKEN INC,MAIN STREET PHARMACY #7935 (KY),KY,20000,76.55470120059356,True,False,False,False,True,0.6598345307848954,2,0.9803809228922384,40.9,86.5,103.5,15.6,22.2,15.6,Inventory Buffer,Inventory Buffer
2011-07-12,JANSSEN PHARMACEUTICALS INC,MORRIS & DICKSON CO LLC,SUNRISE PHARMACY #3285 (MN),MN,9151,34.49981470886033,True,False,True,False,True,0.689905213076411,3,0.9803752438759736,60.7,81.8,123.8,34.4,64.9,34.4,Inventory Buffer,Inventory Buffer
2008-07-19,QUALITEST PHARMACEUTICALS,HENRY SCHEIN INC,PUBLIX PHARMACY #2014 (PA),PA,20000,76.55470120059356,True,False,False,False,True,0.666335630281895,2,0.9803188886067788,36.4,49.6,99.2,18.5,33.6,18.5,Inventory Buffer,Inventory Buffer
2010-05-28,QUALITEST PHARMACEUTICALS,ANDA INC,HARRIS TEETER PHARMACY #3473 (WV),WV,20000,76.55470120059356,True,False,False,False,True,0.6549545197722857,2,0.98027654588662,36.4,49.6,99.2,18.5,33.6,18.5,Inventory Buffer,Inventory Buffer
2012-09-18,JANSSEN PHARMACEUTICALS INC,GULF COAST MEDICAL SUPPLY,WALMART PHARMACY #9312 (PA),PA,20000,76.55470120059356,True,False,False,False,True,0.6582485131817396,2,0.980273550791383,65.7,72.0,108.5,40.5,70.5,40.5,Inventory Buffer,Inventory Buffer
2012-04-21,RHODES TECHNOLOGIES,GULF COAST MEDICAL SUPPLY,FAMILY CARE PHARMACY #2951 (LA),LA,20000,76.55470120059356,True,False,False,False,True,0.6648911979711987,2,0.9801465942855996,65.7,72.0,108.5,40.5,70.5,40.5,Inventory Buffer,Inventory Buffer
2012-02-26,MYLAN PHARMACEUTICALS INC,PRESCRIPTION SUPPLY INC,CVS PHARMACY #2408 (IN),IN,20000,76.55470120059356,True,False,False,False,True,0.6604272250336193,2,0.9801398607334432,65.7,72.0,108.5,40.5,70.5,40.5,Inventory Buffer,Inventory Buffer
2013-05-20,IMPAX LABORATORIES INC,MCKESSON CORPORATION,WALGREENS #8038 (IN),IN,20000,76.55470120059356,True,False,False,False,True,0.6716874566210098,2,0.9801372295722174,40.9,86.5,103.5,15.6,22.2,15.6,Inventory Buffer,Inventory Buffer
2012-06-16,SUN PHARMA GLOBAL INC,MCKESSON CORPORATION,WALMART PHARMACY #4084 (VA),VA,20000,76.55470120059356,True,False,True,False,True,0.6890957625195726,3,0.9801133383574732,64.7,119.4,128.3,36.7,54.9,36.7,Inventory Buffer,Inventory Buffer
2012-08-13,SANDOZ INC,MORRIS & DICKSON CO LLC,SUNRISE PHARMACY #7243 (WV),WV,334,0.3217398450376862,False,True,False,False,True,0.6474160502088422,2,0.9801104901082756,46.9,50.3,63.6,49.1,54.0,46.9,Alternative Supplier,Alternative Supplier
2010-03-09,JANSSEN PHARMACEUTICALS INC,GULF COAST MEDICAL SUPPLY,QUALITY CARE PHARMACY #8199 (WV),WV,2984,10.594156584192728,True,True,False,False,True,0.6526324921695889,3,0.980110301968989,92.0,104.3,133.7,55.9,101.8,55.9,Inventory Buffer,Inventory Buffer
2010-05-12,ABBOTT LABORATORIES,SMITH DRUG COMPANY,CVS PHARMACY #6838 (TN),TN,20000,76.55470120059356,True,False,False,False,True,0.6694487418329867,2,0.9800989735840272,65.7,72.0,108.5,40.5,70.5,40.5,Inventory Buffer,Inventory Buffer
2010-12-29,JANSSEN PHARMACEUTICALS INC,DIRECT RX,CORNER DRUG STORE #9661 (KY),KY,20000,76.55470120059356,True,False,False,False,True,0.6687631081277046,2,0.9800800107995272,36.4,49.6,99.2,18.5,33.6,18.5,Inventory Buffer,Inventory Buffer
2014-02-01,HIKMA PHARMACEUTICALS,KEYSOURCE MEDICAL INC,QUALITY CARE PHARMACY #8047 (TX),TX,13429,51.082984071164205,True,False,True,False,True,0.6861102138439554,3,0.9800791007481356,64.7,119.4,128.3,36.7,54.9,36.7,Inventory Buffer,Inventory Buffer
2011-01-16,HIKMA PHARMACEUTICALS,BELLCO DRUG CORP,WINN-DIXIE PHARMACY #5077 (VA),VA,20000,76.55470120059356,True,False,False,False,True,0.6795815393699766,2,0.9800774489455236,65.7,72.0,108.5,40.5,70.5,40.5,Inventory Buffer,Inventory Buffer
2012-12-06,VINTAGE PHARMACEUTICALS LLC,BELLCO DRUG CORP,PEOPLES PHARMACY #1397 (OH),OH,20000,76.55470120059356,True,False,False,False,True,0.6726198921862622,2,0.980034870295882,65.7,72.0,108.5,40.5,70.5,40.5,Inventory Buffer,Inventory Buffer
2010-08-25,VINTAGE PHARMACEUTICALS LLC,DAKOTA DRUG INC,WALGREENS #4642 (PA),PA,20000,76.55470120059356,True,False,False,False,True,0.667788557207296,2,0.979985116161682,40.9,86.5,103.5,15.6,22.2,15.6,Inventory Buffer,Inventory Buffer
2010-11-15,LANNETT COMPANY INC,GULF COAST MEDICAL SUPPLY,HOMETOWN PHARMACY #8469 (NC),NC,20000,76.55470120059356,True,False,False,False,True,0.660222241279027,2,0.9799508258043316,65.7,72.0,108.5,40.5,70.5,40.5,Inventory Buffer,Inventory Buffer
2010-10-30,PAR PHARMACEUTICAL INC,MORRIS & DICKSON CO LLC,PUBLIX PHARMACY #5706 (MT),MT,20000,76.55470120059356,True,False,False,False,True,0.676632681700958,2,0.9799439156640436,36.4,49.6,99.2,18.5,33.6,18.5,Inventory Buffer,Inventory Buffer
2009-05-01,ACTAVIS PHARMA INC,HENRY SCHEIN INC,WINN-DIXIE PHARMACY #8389 (RI),RI,20000,76.55470120059356,True,False,False,False,True,0.6743930126228479,2,0.9799037034686486,36.4,49.6,99.2,18.5,33.6,18.5,Inventory Buffer,Inventory Buffer
2011-10-31,ABBOTT LABORATORIES,BELLCO DRUG CORP,PUBLIX PHARMACY #2234 (VA),VA,20000,76.55470120059356,True,False,False,False,True,0.6531601656561568,2,0.9798525680622012,65.7,72.0,108.5,40.5,70.5,40.5,Inventory Buffer,Inventory Buffer
2008-08-20,QUALITEST PHARMACEUTICALS,BURLINGTON DRUG COMPANY INC,MEDICO PHARMACY #6745 (VA),VA,20000,76.55470120059356,True,False,False,False,True,0.6770906370194081,2,0.9798394371741737,40.9,86.5,103.5,15.6,22.2,15.6,Inventory Buffer,Inventory Buffer
2013-09-16,TEVA PHARMACEUTICALS USA INC,MCKESSON CORPORATION,SUNRISE PHARMACY #7649 (PA),PA,20000,76.55470120059356,True,False,False,False,True,0.6501670263269073,2,0.979830726026886,40.9,86.5,103.5,15.6,22.2,15.6,Inventory Buffer,Inventory Buffer
2013-07-27,WATSON LABORATORIES INC,VALUEDRUGCO,WALMART PHARMACY #2539 (MI),MI,20000,76.55470120059356,True,False,False,False,True,0.6842346193325363,2,0.9798038264434236,65.7,72.0,108.5,40.5,70.5,40.5,Inventory Buffer,Inventory Buffer
2013-08-22,IMPAX LABORATORIES INC,GULF COAST MEDICAL SUPPLY,WINN-DIXIE PHARMACY #3643 (MI),MI,20000,76.55470120059356,True,False,False,False,True,0.6571386110267718,2,0.9797870072647517,65.7,72.0,108.5,40.5,70.5,40.5,Inventory Buffer,Inventory Buffer
2009-08-15,VINTAGE PHARMACEUTICALS LLC,NATIONAL WHOLESALE DRUG CO INC,PEOPLES PHARMACY #8170 (VA),VA,20000,76.55470120059356,True,False,False,False,True,0.6828786278671433,2,0.9797746864805283,65.7,72.0,108.5,40.5,70.5,40.5,Inventory Buffer,Inventory Buffer
2012-02-14,IMPAX LABORATORIES INC,KINRAY LLC,WALMART PHARMACY #4214 (AR),AR,20000,76.55470120059356,True,False,False,False,True,0.6775489022890021,2,0.9797184718571444,40.9,86.5,103.5,15.6,22.2,15.6,Inventory Buffer,Inventory Buffer
2013-04-09,LANNETT COMPANY INC,CARDINAL HEALTH INC,KROGER PHARMACY #5892 (NJ),NJ,20000,76.55470120059356,True,False,False,False,True,0.6775489022890021,2,0.979674935341146,40.9,86.5,103.5,15.6,22.2,15.6,Inventory Buffer,Inventory Buffer
2012-04-16,IMPAX LABORATORIES INC,DIRECT RX,HARRIS TEETER PHARMACY #6063 (NC),NC,158,-0.3605036817892146,False,True,True,False,True,0.7036430051082174,3,0.9796599623601768,103.4,110.8,124.7,94.2,97.0,94.2,Inventory Buffer,Inventory Buffer
2011-12-03,QUALITEST PHARMACEUTICALS,NATIONAL WHOLESALE DRUG CO INC,VILLAGE PHARMACY #7086 (IN),IN,20000,76.55470120059356,True,False,False,False,True,0.655336600792173,2,0.979628543248692,65.7,72.0,108.5,40.5,70.5,40.5,Inventory Buffer,Inventory Buffer
2012-09-06,LANNETT COMPANY INC,BELLCO DRUG CORP,MAIN STREET PHARMACY #5473 (OH),OH,20000,76.55470120059356,True,False,True,False,True,0.6854524637837807,3,0.9795792927079852,92.0,104.3,133.7,55.9,101.8,55.9,Inventory Buffer,Inventory Buffer
2012-08-17,CADISTA PHARMACEUTICALS INC,MCKESSON CORPORATION,MAIN STREET PHARMACY #7456 (MI),MI,20000,76.55470120059356,True,False,False,False,True,0.6677333458005302,2,0.9795647907901976,40.9,86.5,103.5,15.6,22.2,15.6,Inventory Buffer,Inventory Buffer
2011-11-30,AMNEAL PHARMACEUTICALS LLC,DAKOTA DRUG INC,GOOD NEIGHBOR PHARMACY #7994 (IN),IN,20000,76.55470120059356,True,False,True,False,True,0.6889977310489146,3,0.9795511485745771,64.7,119.4,128.3,36.7,54.9,36.7,Inventory Buffer,Inventory Buffer
2008-11-09,TEVA PHARMACEUTICALS USA INC,PRESCRIPTION SUPPLY INC,MAIN STREET PHARMACY #1667 (MI),MI,20000,76.55470120059356,True,False,False,False,True,0.6437735960895141,2,0.979514716088096,65.7,72.0,108.5,40.5,70.5,40.5,Inventory Buffer,Inventory Buffer
2011-06-10,TEVA PHARMACEUTICALS USA INC,HD SMITH WHOLESALE DRUG CO,PUBLIX PHARMACY #1697 (MI),MI,20000,76.55470120059356,True,False,False,False,True,0.6727642065722294,2,0.9794493537359796,65.7,72.0,108.5,40.5,70.5,40.5,Inventory Buffer,Inventory Buffer
2011-05-13,ENDO PHARMACEUTICALS INC,MORRIS & DICKSON CO LLC,PEOPLES PHARMACY #6594 (KY),KY,20000,76.55470120059356,True,False,True,False,True,0.6819176949628067,3,0.9794064217870636,60.7,81.8,123.8,34.4,64.9,34.4,Inventory Buffer,Inventory Buffer
2011-12-19,IMPAX LABORATORIES INC,CARDINAL HEALTH INC,CVS PHARMACY #5523 (NC),NC,20000,76.55470120059356,True,False,True,False,True,0.714636537279355,3,0.97938514043156,64.7,119.4,128.3,36.7,54.9,36.7,Inventory Buffer,Inventory Buffer
2011-06-21,SANDOZ INC,MORRIS & DICKSON CO LLC,PEOPLES PHARMACY #1397 (OH),OH,20000,76.55470120059356,True,False,False,False,True,0.6578340610352381,2,0.9793565519889068,36.4,49.6,99.2,18.5,33.6,18.5,Inventory Buffer,Inventory Buffer
2009-06-01,SUN PHARMA GLOBAL INC,MCKESSON CORPORATION,MEDICO PHARMACY #4957 (HI),HI,40,-0.8179169554572505,False,False,False,True,True,0.6477369149686356,2,0.9793519274860798,,78.8,85.7,69.5,76.6,69.5,Inventory Buffer,Inventory Buffer
2010-07-17,VINTAGE PHARMACEUTICALS LLC,GULF COAST MEDICAL SUPPLY,CORNER DRUG STORE #6200 (PA),PA,20000,76.55470120059356,True,False,False,False,True,0.6568637337017648,2,0.9793271873611392,65.7,72.0,108.5,40.5,70.5,40.5,Inventory Buffer,Inventory Buffer
2011-06-23,PAR PHARMACEUTICAL INC,DIRECT RX,PUBLIX PHARMACY #2234 (VA),VA,20000,76.55470120059356,True,False,False,False,True,0.6689959551675239,2,0.9793013753427692,36.4,49.6,99.2,18.5,33.6,18.5,Inventory Buffer,Inventory Buffer
2011-05-22,CADISTA PHARMACEUTICALS INC,BELLCO DRUG CORP,HARRIS TEETER PHARMACY #5982 (VT),VT,162,-0.3449981470886032,False,False,False,True,True,0.64707081085319,2,0.9792941086082384,,75.2,82.5,67.2,73.7,67.2,Inventory Buffer,Inventory Buffer
2010-08-07,HIKMA PHARMACEUTICALS,ANDA INC,HEALTH MART PHARMACY #6078 (KY),KY,20000,76.55470120059356,True,False,False,False,True,0.6526116698773178,2,0.979289867765406,36.4,49.6,99.2,18.5,33.6,18.5,Inventory Buffer,Inventory Buffer
2011-08-28,SUN PHARMA GLOBAL INC,AMERISOURCEBERGEN DRUG CORP,GOOD NEIGHBOR PHARMACY #6272 (NC),NC,20000,76.55470120059356,True,False,False,False,True,0.656821611515825,2,0.9792765345253224,36.4,49.6,99.2,18.5,33.6,18.5,Inventory Buffer,Inventory Buffer
2012-12-17,VINTAGE PHARMACEUTICALS LLC,MORRIS & DICKSON CO LLC,CVS PHARMACY #9428 (AK),AK,5715,21.18056040103515,True,False,False,False,True,0.6748404627041507,2,0.979212566033138,36.4,49.6,99.2,18.5,33.6,18.5,Inventory Buffer,Inventory Buffer
2011-01-28,AMNEAL PHARMACEUTICALS LLC,DIRECT RX,COMMUNITY PHARMACY #6047 (VA),VA,20000,76.55470120059356,True,False,False,False,True,0.6656083775902173,2,0.9791711771734628,36.4,49.6,99.2,18.5,33.6,18.5,Inventory Buffer,Inventory Buffer
2010-08-26,CADISTA PHARMACEUTICALS INC,HENRY SCHEIN INC,PUBLIX PHARMACY #2397 (LA),LA,5275,19.474951583967897,True,False,False,False,True,0.6712397138370996,2,0.979154629930066,36.4,49.6,99.2,18.5,33.6,18.5,Inventory Buffer,Inventory Buffer
2008-12-20,ENDO PHARMACEUTICALS INC,DIRECT RX,HOMETOWN PHARMACY #4342 (MI),MI,20000,76.55470120059356,True,False,False,False,True,0.6523311349086307,2,0.9791512883536508,36.4,49.6,99.2,18.5,33.6,18.5,Inventory Buffer,Inventory Buffer
2010-07-30,SANDOZ INC,MIAMI-LUKEN INC,WALGREENS #2968 (NH),NH,3692,13.338636226200943,True,False,False,False,True,0.6464619820462953,2,0.9791220796378842,40.9,86.5,103.5,15.6,22.2,15.6,Inventory Buffer,Inventory Buffer
2010-11-23,ENDO PHARMACEUTICALS INC,MIAMI-LUKEN INC,SUNRISE PHARMACY #1937 (TN),TN,20000,76.55470120059356,True,False,False,False,True,0.6562852696613665,2,0.9791030411658932,40.9,86.5,103.5,15.6,22.2,15.6,Inventory Buffer,Inventory Buffer
2012-08-03,TEVA PHARMACEUTICALS USA INC,PENN PHARMACEUTICAL SERVICES INC,MEDICO PHARMACY #4938 (TN),TN,20000,76.55470120059356,True,False,False,False,True,0.662411104403719,2,0.9790274511056128,36.4,49.6,99.2,18.5,33.6,18.5,Inventory Buffer,Inventory Buffer
2009-07-08,TEVA PHARMACEUTICALS USA INC,HD SMITH WHOLESALE DRUG CO,VILLAGE PHARMACY #7086 (IN),IN,20000,76.55470120059356,True,False,False,False,True,0.6632067442229509,2,0.9790095524924172,65.7,72.0,108.5,40.5,70.5,40.5,Inventory Buffer,Inventory Buffer
2013-01-31,RHODES TECHNOLOGIES,MCKESSON CORPORATION,MEDICO PHARMACY #9378 (TN),TN,20000,76.55470120059356,True,False,False,False,True,0.6700630000965216,2,0.978941931312108,40.9,86.5,103.5,15.6,22.2,15.6,Inventory Buffer,Inventory Buffer
2012-02-16,TEVA PHARMACEUTICALS USA INC,KINRAY LLC,QUALITY CARE PHARMACY #3905 (TN),TN,20000,76.55470120059356,True,False,False,False,True,0.6479436337784024,2,0.9789354411091014,40.9,86.5,103.5,15.6,22.2,15.6,Inventory Buffer,Inventory Buffer
2010-11-25,AMNEAL PHARMACEUTICALS LLC,BURLINGTON DRUG COMPANY INC,WALGREENS #6088 (NV),NV,20000,76.55470120059356,True,False,False,False,True,0.6630907451335089,2,0.9789310701144758,40.9,86.5,103.5,15.6,22.2,15.6,Inventory Buffer,Inventory Buffer
2013-07-22,SANDOZ INC,SMITH DRUG COMPANY,CORNER DRUG STORE #9661 (KY),KY,20000,76.55470120059356,True,False,False,False,True,0.6526116698773178,2,0.978909518315272,65.7,72.0,108.5,40.5,70.5,40.5,Inventory Buffer,Inventory Buffer
2012-08-31,ENDO PHARMACEUTICALS INC,ANDA INC,WINN-DIXIE PHARMACY #5077 (VA),VA,20000,76.55470120059356,True,False,False,False,True,0.6548933589788924,2,0.9788461687791438,36.4,49.6,99.2,18.5,33.6,18.5,Inventory Buffer,Inventory Buffer
2014-03-21,SUN PHARMA GLOBAL INC,SMITH DRUG COMPANY,KROGER PHARMACY #3523 (OH),OH,20000,76.55470120059356,True,False,False,False,True,0.6521702710914499,2,0.978843835209802,65.7,72.0,108.5,40.5,70.5,40.5,Inventory Buffer,Inventory Buffer
2013-04-21,RHODES TECHNOLOGIES,VALUEDRUGCO,SUNRISE PHARMACY #1937 (TN),TN,20000,76.55470120059356,True,False,False,False,True,0.6562852696613665,2,0.9788260810087592,65.7,72.0,108.5,40.5,70.5,40.5,Inventory Buffer,Inventory Buffer
2013-03-06,ABBOTT LABORATORIES,GULF COAST MEDICAL SUPPLY,KROGER PHARMACY #9282 (UT),UT,20000,76.55470120059356,True,False,True,False,True,0.6927277587377296,3,0.9788207206201616,92.0,104.3,133.7,55.9,101.8,55.9,Inventory Buffer,Inventory Buffer
2011-03-12,LANNETT COMPANY INC,KEYSOURCE MEDICAL INC,CORNER DRUG STORE #8392 (NM),NM,8460,31.82123358932971,True,False,False,False,True,0.6459350503459248,2,0.9787634249160712,40.9,86.5,103.5,15.6,22.2,15.6,Inventory Buffer,Inventory Buffer
2012-06-30,TEVA PHARMACEUTICALS USA INC,BELLCO DRUG CORP,MAIN STREET PHARMACY #1358 (IN),IN,20000,76.55470120059356,True,False,False,False,True,0.6682520299327173,2,0.9786007937011688,65.7,72.0,108.5,40.5,70.5,40.5,Inventory Buffer,Inventory Buffer
2010-12-06,HIKMA PHARMACEUTICALS,DIRECT RX,HOMETOWN PHARMACY #9385 (MI),MI,20000,76.55470120059356,True,False,False,False,True,0.6767985317413221,2,0.978486999751019,36.4,49.6,99.2,18.5,33.6,18.5,Inventory Buffer,Inventory Buffer
2013-04-08,ACTAVIS PHARMA INC,DAKOTA DRUG INC,PUBLIX PHARMACY #1697 (MI),MI,1101,3.294926123879919,False,True,False,False,True,0.6218714027593389,2,0.9784770892108372,49.3,56.9,66.0,47.1,50.7,47.1,Inventory Buffer,Inventory Buffer
2012-02-16,MALLINCKRODT LLC,NATIONAL WHOLESALE DRUG CO INC,PUBLIX PHARMACY #2055 (NC),NC,2707,9.52039830617539,True,True,False,False,True,0.6215445449747754,3,0.978416512336495,92.0,104.3,133.7,55.9,101.8,55.9,Inventory Buffer,Inventory Buffer
2012-01-11,CADISTA PHARMACEUTICALS INC,HENRY SCHEIN INC,HOMETOWN PHARMACY #7488 (TN),TN,7477,28.010748436654463,True,False,False,False,True,0.6315103383806665,2,0.9783613660315524,36.4,49.6,99.2,18.5,33.6,18.5,Inventory Buffer,Inventory Buffer
2010-08-18,CADISTA PHARMACEUTICALS INC,PENN PHARMACEUTICAL SERVICES INC,COMMUNITY PHARMACY #6047 (VA),VA,20000,76.55470120059356,True,False,False,False,True,0.6678000526723021,2,0.9783598149441008,36.4,49.6,99.2,18.5,33.6,18.5,Inventory Buffer,Inventory Buffer
2012-09-10,LANNETT COMPANY INC,SMITH DRUG COMPANY,KROGER PHARMACY #9531 (NJ),NJ,20000,76.55470120059356,True,False,True,False,True,0.6876122755868964,3,0.978321302938314,92.0,104.3,133.7,55.9,101.8,55.9,Inventory Buffer,Inventory Buffer
2010-03-16,HIKMA PHARMACEUTICALS,HD SMITH WHOLESALE DRUG CO,KROGER PHARMACY #2038 (MI),MI,20000,76.55470120059356,True,False,False,False,True,0.6794808320530924,2,0.9783086613772228,65.7,72.0,108.5,40.5,70.5,40.5,Inventory Buffer,Inventory Buffer
2011-02-09,CADISTA PHARMACEUTICALS INC,VALUEDRUGCO,MAIN STREET PHARMACY #1903 (WA),WA,20000,76.55470120059356,True,False,False,False,True,0.6661846643011589,2,0.9782920442111944,65.7,72.0,108.5,40.5,70.5,40.5,Inventory Buffer,Inventory Buffer
2013-11-16,SUN PHARMA GLOBAL INC,HENRY SCHEIN INC,KROGER PHARMACY #1497 (PA),PA,20000,76.55470120059356,True,False,False,False,True,0.6688631839993213,2,0.978259199175259,36.4,49.6,99.2,18.5,33.6,18.5,Inventory Buffer,Inventory Buffer
2011-10-10,WATSON LABORATORIES INC,PENN PHARMACEUTICAL SERVICES INC,CVS PHARMACY #1671 (OH),OH,20000,76.55470120059356,True,False,False,False,True,0.6722139094597713,2,0.9781588509974566,36.4,49.6,99.2,18.5,33.6,18.5,Inventory Buffer,Inventory Buffer
2011-07-24,WATSON LABORATORIES INC,MCKESSON CORPORATION,MEDICO PHARMACY #4957 (HI),HI,64,-0.7248837472535822,False,False,False,True,True,0.6429834606312499,2,0.9781305775644916,,79.0,85.7,69.5,76.6,69.5,Inventory Buffer,Inventory Buffer
2007-07-09,SUN PHARMA GLOBAL INC,BURLINGTON DRUG COMPANY INC,FAMILY CARE PHARMACY #2595 (OH),OH,20000,76.55470120059356,True,False,False,False,True,0.6438122592458536,2,0.9780889667984493,40.9,86.5,103.5,15.6,22.2,15.6,Inventory Buffer,Inventory Buffer
2008-04-06,RHODES TECHNOLOGIES,MCKESSON CORPORATION,WALGREENS #6014 (MI),MI,20000,76.55470120059356,True,False,False,False,True,0.6438122592458536,2,0.9780344273640408,40.9,86.5,103.5,15.6,22.2,15.6,Inventory Buffer,Inventory Buffer
2014-02-24,HIKMA PHARMACEUTICALS,SMITH DRUG COMPANY,KROGER PHARMACY #2900 (MI),MI,20000,76.55470120059356,True,False,True,False,True,0.6807336812924556,3,0.9780174557694458,92.0,104.3,133.7,55.9,101.8,55.9,Inventory Buffer,Inventory Buffer
2011-07-25,AMNEAL PHARMACEUTICALS LLC,GULF COAST MEDICAL SUPPLY,WALGREENS #8617 (GA),GA,20000,76.55470120059356,True,False,True,False,True,0.7385860403525101,3,0.9780068299302336,92.0,104.3,133.7,55.9,101.8,55.9,Inventory Buffer,Inventory Buffer
2011-01-25,ABBOTT LABORATORIES,DIRECT RX,HARRIS TEETER PHARMACY #6063 (NC),NC,68,-0.7093782125529708,False,False,False,False,True,0.6306973016807061,1,0.9779659101004864,24.8,27.9,34.3,26.2,30.7,24.8,Alternative Supplier,Alternative Supplier
2012-03-11,WATSON LABORATORIES INC,KEYSOURCE MEDICAL INC,CVS PHARMACY #6755 (TN),TN,20000,76.55470120059356,True,False,False,False,True,0.6667366113844146,2,0.9779301587965358,40.9,86.5,103.5,15.6,22.2,15.6,Inventory Buffer,Inventory Buffer
2013-02-13,PAR PHARMACEUTICAL INC,MIAMI-LUKEN INC,SUNRISE PHARMACY #9094 (PA),PA,20000,76.55470120059356,True,False,False,False,True,0.6554561115400456,2,0.9779099124213184,40.9,86.5,103.5,15.6,22.2,15.6,Inventory Buffer,Inventory Buffer
2011-08-26,ENDO PHARMACEUTICALS INC,KEYSOURCE MEDICAL INC,WINN-DIXIE PHARMACY #5416 (AL),AL,93,-0.6124686206741496,False,False,False,True,True,0.640430477123124,2,0.9778778856780594,,79.2,86.0,69.8,77.0,69.8,Inventory Buffer,Inventory Buffer
2011-06-29,SUN PHARMA GLOBAL INC,AMERISOURCEBERGEN DRUG CORP,MAIN STREET PHARMACY #4501 (WV),WV,20000,76.55470120059356,True,False,False,False,True,0.6607498788678117,2,0.9778668144419148,36.4,49.6,99.2,18.5,33.6,18.5,Inventory Buffer,Inventory Buffer
2014-04-11,PAR PHARMACEUTICAL INC,HENRY SCHEIN INC,HARRIS TEETER PHARMACY #4474 (IN),IN,20000,76.55470120059356,True,False,False,False,True,0.6534953638875397,2,0.977795759461235,36.4,49.6,99.2,18.5,33.6,18.5,Inventory Buffer,Inventory Buffer
2014-10-26,JANSSEN PHARMACEUTICALS INC,ANDA INC,PEOPLES PHARMACY #6594 (KY),KY,20000,76.55470120059356,True,False,False,False,True,0.6397631214050122,2,0.9777787043437344,36.4,49.6,99.2,18.5,33.6,18.5,Inventory Buffer,Inventory Buffer
2013-01-09,MALLINCKRODT LLC,PRESCRIPTION SUPPLY INC,KROGER PHARMACY #3100 (MI),MI,20000,76.55470120059356,True,False,False,False,True,0.6534953638875397,2,0.97757366367541,65.7,72.0,108.5,40.5,70.5,40.5,Inventory Buffer,Inventory Buffer
2012-11-21,VINTAGE PHARMACEUTICALS LLC,SMITH DRUG COMPANY,HOMETOWN PHARMACY #4482 (KY),KY,8531,32.096456830265566,True,False,False,False,True,0.649059905546062,2,0.9775551718064308,65.7,72.0,108.5,40.5,70.5,40.5,Inventory Buffer,Inventory Buffer
2011-02-05,LANNETT COMPANY INC,MIAMI-LUKEN INC,CVS PHARMACY #6965 (LA),LA,20000,76.55470120059356,True,False,True,False,True,0.6783012767572739,3,0.9775373764560144,64.7,119.4,128.3,36.7,54.9,36.7,Inventory Buffer,Inventory Buffer
2010-12-23,ABBOTT LABORATORIES,ANDA INC,VILLAGE PHARMACY #9964 (OH),OH,20000,76.55470120059356,True,False,False,False,True,0.6542456034311543,2,0.9775056529518767,36.4,49.6,99.2,18.5,33.6,18.5,Inventory Buffer,Inventory Buffer
2012-07-01,SUN PHARMA GLOBAL INC,VALUEDRUGCO,CVS PHARMACY #2504 (VA),VA,22928,87.90475260144109,True,False,False,False,True,0.6629902049424823,2,0.9775013406944864,65.7,72.0,108.5,40.5,70.5,40.5,Inventory Buffer,Inventory Buffer
2013-03-31,PAR PHARMACEUTICAL INC,KEYSOURCE MEDICAL INC,WINN-DIXIE PHARMACY #1542 (VT),VT,370,0.4612896573431886,False,False,False,True,True,0.6451391778818242,2,0.9775008305767352,,74.9,82.4,68.0,75.2,68.0,Inventory Buffer,Inventory Buffer
2008-07-27,WATSON LABORATORIES INC,PRESCRIPTION SUPPLY INC,CVS PHARMACY #9746 (TN),TN,20000,76.55470120059356,True,False,False,False,True,0.6594100760889573,2,0.977489600012464,65.7,72.0,108.5,40.5,70.5,40.5,Inventory Buffer,Inventory Buffer
2012-05-07,MYLAN PHARMACEUTICALS INC,AMERISOURCEBERGEN DRUG CORP,SUNRISE PHARMACY #8787 (TN),TN,20000,76.55470120059356,True,False,True,False,True,0.6808304398400533,3,0.9774872668757318,60.7,81.8,123.8,34.4,64.9,34.4,Inventory Buffer,Inventory Buffer
2010-11-15,HIKMA PHARMACEUTICALS,MCKESSON CORPORATION,CVS PHARMACY #5523 (NC),NC,20000,76.55470120059356,True,False,False,False,True,0.6532223786698573,2,0.977399026906021,40.9,86.5,103.5,15.6,22.2,15.6,Inventory Buffer,Inventory Buffer
2011-12-18,IMPAX LABORATORIES INC,PRESCRIPTION SUPPLY INC,CVS PHARMACY #3954 (OH),OH,20000,76.55470120059356,True,False,True,False,True,0.7144754722610942,3,0.9773712045042472,92.0,104.3,133.7,55.9,101.8,55.9,Inventory Buffer,Inventory Buffer
2012-10-06,SANDOZ INC,GULF COAST MEDICAL SUPPLY,FAMILY CARE PHARMACY #5952 (MI),MI,20000,76.55470120059356,True,False,False,False,True,0.6534953638875397,2,0.9773529050567208,65.7,72.0,108.5,40.5,70.5,40.5,Inventory Buffer,Inventory Buffer
2008-10-29,MALLINCKRODT LLC,MORRIS & DICKSON CO LLC,WALMART PHARMACY #1108 (WV),WV,4592,16.827381533838505,True,False,False,False,True,0.6343248831285436,2,0.9773399620049216,36.4,49.6,99.2,18.5,33.6,18.5,Inventory Buffer,Inventory Buffer
2010-11-06,PAR PHARMACEUTICAL INC,VALUEDRUGCO,MEDICO PHARMACY #9307 (VA),VA,20000,76.55470120059356,True,False,False,False,True,0.6546884068336011,2,0.9773394594355532,65.7,72.0,108.5,40.5,70.5,40.5,Inventory Buffer,Inventory Buffer
2014-03-28,MALLINCKRODT LLC,KINRAY LLC,PUBLIX PHARMACY #2055 (NC),NC,289,0.1473025796558081,False,True,False,False,True,0.6495302656783691,2,0.9772922937958404,47.5,50.4,63.1,48.7,54.0,47.5,Alternative Supplier,Alternative Supplier
2010-04-05,WATSON LABORATORIES INC,NATIONAL WHOLESALE DRUG CO INC,MEDICO PHARMACY #8978 (MI),MI,20000,76.55470120059356,True,False,False,False,True,0.652225783361951,2,0.977275879015006,65.7,72.0,108.5,40.5,70.5,40.5,Inventory Buffer,Inventory Buffer
2014-03-16,SANDOZ INC,MCKESSON CORPORATION,MAIN STREET PHARMACY #7581 (LA),LA,20000,76.55470120059356,True,False,False,False,True,0.6599577033294374,2,0.9772496286151792,40.9,86.5,103.5,15.6,22.2,15.6,Inventory Buffer,Inventory Buffer
2012-08-19,MYLAN PHARMACEUTICALS INC,HD SMITH WHOLESALE DRUG CO,HOMETOWN PHARMACY #6387 (NC),NC,10,-0.934208465711836,False,True,False,False,True,0.6223129125714563,2,0.9772472872633484,47.5,52.0,68.5,55.0,60.2,47.5,Alternative Supplier,Alternative Supplier
2011-01-05,SANDOZ INC,HENRY SCHEIN INC,WINN-DIXIE PHARMACY #3643 (MI),MI,20000,76.55470120059356,True,False,False,False,True,0.6615084468928643,2,0.9772024570998452,36.4,49.6,99.2,18.5,33.6,18.5,Inventory Buffer,Inventory Buffer
2013-01-16,WATSON LABORATORIES INC,SMITH DRUG COMPANY,MAIN STREET PHARMACY #4501 (WV),WV,6649,24.80110275362791,True,False,False,False,True,0.6314637241937456,2,0.9771228793971508,65.7,72.0,108.5,40.5,70.5,40.5,Inventory Buffer,Inventory Buffer
2009-09-01,PAR PHARMACEUTICAL INC,DAKOTA DRUG INC,PUBLIX PHARMACY #1528 (VA),VA,20000,76.55470120059356,True,False,False,False,True,0.6484686312358016,2,0.9770622219781568,40.9,86.5,103.5,15.6,22.2,15.6,Inventory Buffer,Inventory Buffer
2013-05-09,VINTAGE PHARMACEUTICALS LLC,MIAMI-LUKEN INC,KROGER PHARMACY #5322 (OH),OH,20000,76.55470120059356,True,False,False,False,True,0.654527791011619,2,0.9770391499631116,40.9,86.5,103.5,15.6,22.2,15.6,Inventory Buffer,Inventory Buffer
2012-04-24,MALLINCKRODT LLC,PENN PHARMACEUTICAL SERVICES INC,CVS PHARMACY #6838 (TN),TN,20000,76.55470120059356,True,False,True,False,True,0.6793545867703406,3,0.9769603373530656,60.7,81.8,123.8,34.4,64.9,34.4,Inventory Buffer,Inventory Buffer
2012-08-05,ACTAVIS PHARMA INC,PRESCRIPTION SUPPLY INC,PEOPLES PHARMACY #6007 (WV),WV,2616,9.16764739173648,True,True,False,False,True,0.6355177870358071,3,0.97695516567944,92.0,104.3,133.7,55.9,101.8,55.9,Inventory Buffer,Inventory Buffer
2012-07-18,AMNEAL PHARMACEUTICALS LLC,HD SMITH WHOLESALE DRUG CO,MEDICO PHARMACY #1923 (IA),IA,7230,27.05328166889171,True,False,False,False,True,0.6462332042008081,2,0.9769165005849324,65.7,72.0,108.5,40.5,70.5,40.5,Inventory Buffer,Inventory Buffer
2013-05-09,WATSON LABORATORIES INC,DIRECT RX,MEDICO PHARMACY #1621 (MI),MI,20000,76.55470120059356,True,False,False,False,True,0.6483170986258011,2,0.9768868433637892,36.4,49.6,99.2,18.5,33.6,18.5,Inventory Buffer,Inventory Buffer
2012-05-13,ENDO PHARMACEUTICALS INC,DIRECT RX,SUNRISE PHARMACY #9538 (OH),OH,20000,76.55470120059356,True,False,False,False,True,0.6561593801589154,2,0.9768857295936628,36.4,49.6,99.2,18.5,33.6,18.5,Inventory Buffer,Inventory Buffer
2012-09-22,ACTAVIS PHARMA INC,GULF COAST MEDICAL SUPPLY,PUBLIX PHARMACY #2234 (VA),VA,20000,76.55470120059356,True,False,False,False,True,0.6538404986190977,2,0.9768535964783872,65.7,72.0,108.5,40.5,70.5,40.5,Inventory Buffer,Inventory Buffer
2009-10-03,QUALITEST PHARMACEUTICALS,CARDINAL HEALTH INC,CORNER DRUG STORE #9661 (KY),KY,20000,76.55470120059356,True,False,False,False,True,0.6511455292046092,2,0.976809861301592,40.9,86.5,103.5,15.6,22.2,15.6,Inventory Buffer,Inventory Buffer
2013-01-15,RHODES TECHNOLOGIES,MORRIS & DICKSON CO LLC,HOMETOWN PHARMACY #2773 (SD),SD,10600,40.1166946541568,True,False,False,False,True,0.67077582282145,2,0.976687416964448,36.4,49.6,99.2,18.5,33.6,18.5,Inventory Buffer,Inventory Buffer
2010-11-13,WATSON LABORATORIES INC,DAKOTA DRUG INC,WALMART PHARMACY #2320 (VA),VA,210,-0.1589317306812666,False,False,False,False,True,0.636454693326512,1,0.9765275136942704,24.4,27.6,34.0,27.0,28.7,24.4,Alternative Supplier,Alternative Supplier
2010-08-01,ENDO PHARMACEUTICALS INC,HENRY SCHEIN INC,HARRIS TEETER PHARMACY #5008 (MA),MA,5046,18.587259722357896,True,False,False,False,True,0.6356172451388732,2,0.976509228223524,36.4,49.6,99.2,18.5,33.6,18.5,Inventory Buffer,Inventory Buffer
2012-07-31,CADISTA PHARMACEUTICALS INC,DAKOTA DRUG INC,HEALTH MART PHARMACY #5593 (KY),KY,5599,20.73089989471742,True,False,True,False,True,0.7195583932152171,3,0.9763571899430572,64.7,119.4,128.3,36.7,54.9,36.7,Inventory Buffer,Inventory Buffer
2008-10-24,PAR PHARMACEUTICAL INC,BURLINGTON DRUG COMPANY INC,GOOD NEIGHBOR PHARMACY #4375 (OH),OH,20000,76.55470120059356,True,False,False,False,True,0.6571831058891777,2,0.9762033967781504,40.9,86.5,103.5,15.6,22.2,15.6,Inventory Buffer,Inventory Buffer
2010-03-23,ENDO PHARMACEUTICALS INC,NATIONAL WHOLESALE DRUG CO INC,HARRIS TEETER PHARMACY #3473 (WV),WV,255,0.0155055347006113,False,True,False,False,True,0.6150275276575017,2,0.9761986322105428,48.8,52.3,68.0,53.3,52.7,48.8,Alternative Supplier,Alternative Supplier
2014-10-28,ENDO PHARMACEUTICALS INC,HENRY SCHEIN INC,MEDICO PHARMACY #4239 (VT),VT,1361,4.302785879419659,True,False,False,True,True,0.6447228487698692,3,0.9761730703283056,,109.4,114.8,99.4,108.6,99.4,Inventory Buffer,Inventory Buffer
2012-11-29,PAR PHARMACEUTICAL INC,MORRIS & DICKSON CO LLC,GOOD NEIGHBOR PHARMACY #6272 (NC),NC,951,2.7134685726069923,False,True,False,False,True,0.6417257716837168,2,0.9760590749112764,49.2,50.9,65.5,52.2,55.4,49.2,Alternative Supplier,Alternative Supplier
2011-12-09,MALLINCKRODT LLC,HENRY SCHEIN INC,MAIN STREET PHARMACY #2855 (IN),IN,20000,76.55470120059356,True,False,False,False,True,0.6688036826284866,2,0.9760338845360398,36.4,49.6,99.2,18.5,33.6,18.5,Inventory Buffer,Inventory Buffer
2010-09-07,SANDOZ INC,MCKESSON CORPORATION,SUNRISE PHARMACY #7243 (WV),WV,436,0.7171309799032765,False,True,False,False,True,0.626194860550973,2,0.97599417985728,52.8,55.2,70.0,55.9,62.2,52.8,Alternative Supplier,Alternative Supplier
2011-01-25,SUN PHARMA GLOBAL INC,BELLCO DRUG CORP,PEOPLES PHARMACY #2912 (WV),WV,3027,10.7608410822243,True,True,False,False,True,0.6291495924538237,3,0.975968176278061,92.0,104.3,133.7,55.9,101.8,55.9,Inventory Buffer,Inventory Buffer
2013-04-21,MYLAN PHARMACEUTICALS INC,HENRY SCHEIN INC,HOMETOWN PHARMACY #4342 (MI),MI,410,0.6163450043493025,False,False,False,False,True,0.6283155053424151,1,0.975959716680998,27.0,30.2,36.7,27.2,30.0,27.0,Alternative Supplier,Alternative Supplier
2009-11-29,MYLAN PHARMACEUTICALS INC,KEYSOURCE MEDICAL INC,RITE AID #4103 (MS),MS,11054,41.8765728426762,True,False,False,False,True,0.6638032861514372,2,0.9759251158501836,40.9,86.5,103.5,15.6,22.2,15.6,Inventory Buffer,Inventory Buffer
2012-07-27,JANSSEN PHARMACEUTICALS INC,DIRECT RX,PUBLIX PHARMACY #6736 (TN),TN,20,-0.8954446289603074,False,False,False,False,True,0.6431230320302239,1,0.9759185326212368,24.4,27.9,34.1,27.2,30.3,24.4,Alternative Supplier,Alternative Supplier
2007-09-08,JANSSEN PHARMACEUTICALS INC,MORRIS & DICKSON CO LLC,CVS PHARMACY #9428 (AK),AK,254,0.0116291510254585,False,False,False,False,True,0.6449937490772779,1,0.9758603219803588,25.1,29.2,33.1,26.4,28.1,25.1,Alternative Supplier,Alternative Supplier
2007-12-25,SANDOZ INC,DIRECT RX,SUNRISE PHARMACY #7243 (WV),WV,2419,8.40399980773137,True,True,False,False,True,0.6198287324031319,3,0.975858344893864,60.7,81.8,123.8,34.4,64.9,34.4,Inventory Buffer,Inventory Buffer
2013-10-17,HIKMA PHARMACEUTICALS,BELLCO DRUG CORP,MAIN STREET PHARMACY #2855 (IN),IN,20000,76.55470120059356,True,False,True,False,True,0.6849888528812339,3,0.9758512359660618,92.0,104.3,133.7,55.9,101.8,55.9,Inventory Buffer,Inventory Buffer
2009-09-05,SUN PHARMA GLOBAL INC,VALUEDRUGCO,KROGER PHARMACY #6683 (OH),OH,20000,76.55470120059356,True,False,False,False,True,0.6580729900287035,2,0.9758248787386136,65.7,72.0,108.5,40.5,70.5,40.5,Inventory Buffer,Inventory Buffer
2011-05-28,IMPAX LABORATORIES INC,VALUEDRUGCO,QUALITY CARE PHARMACY #2449 (MD),MD,169,-0.3178634613625333,False,False,False,True,True,0.6378609949251246,2,0.9756246972880108,,75.2,82.5,67.2,73.7,67.2,Inventory Buffer,Inventory Buffer
2012-12-11,IMPAX LABORATORIES INC,PENN PHARMACEUTICAL SERVICES INC,QUALITY CARE PHARMACY #9242 (KY),KY,20000,76.55470120059356,True,False,False,False,True,0.6697232438732473,2,0.97560847268202,36.4,49.6,99.2,18.5,33.6,18.5,Inventory Buffer,Inventory Buffer
2010-10-14,JANSSEN PHARMACEUTICALS INC,NATIONAL WHOLESALE DRUG CO INC,RITE AID #5277 (TX),TX,4599,16.854516219564573,True,False,False,False,True,0.6447263544900209,2,0.975608002321802,65.7,72.0,108.5,40.5,70.5,40.5,Inventory Buffer,Inventory Buffer
2012-11-29,TEVA PHARMACEUTICALS USA INC,BURLINGTON DRUG COMPANY INC,CVS PHARMACY #2408 (IN),IN,20000,76.55470120059356,True,False,True,False,True,0.6734257170953865,3,0.9755792005427112,64.7,119.4,128.3,36.7,54.9,36.7,Inventory Buffer,Inventory Buffer
2010-08-06,RHODES TECHNOLOGIES,MORRIS & DICKSON CO LLC,HOMETOWN PHARMACY #2766 (WV),WV,20000,76.55470120059356,True,False,True,False,True,0.6788556109492409,3,0.97556539916353,60.7,81.8,123.8,34.4,64.9,34.4,Inventory Buffer,Inventory Buffer
2014-03-28,JANSSEN PHARMACEUTICALS INC,KINRAY LLC,MEDICO PHARMACY #6767 (NC),NC,2332,8.066754427993072,True,True,False,False,True,0.6178192147930738,3,0.9755105037266268,52.2,84.5,67.8,47.0,40.9,40.9,Production Reroute,Production Reroute
2011-08-15,TEVA PHARMACEUTICALS USA INC,MIAMI-LUKEN INC,PEOPLES PHARMACY #2660 (NC),NC,73,-0.6899962941772065,False,True,False,False,True,0.6229952546882732,2,0.9754327315566534,46.4,49.4,64.2,46.5,67.6,46.4,Alternative Supplier,Alternative Supplier
2012-04-24,MALLINCKRODT LLC,MORRIS & DICKSON CO LLC,MAIN STREET PHARMACY #2094 (KY),KY,2937,10.411966551460544,True,False,True,False,True,0.6701665474045071,3,0.975424326506855,60.7,81.8,123.8,34.4,64.9,34.4,Inventory Buffer,Inventory Buffer
2011-06-18,HIKMA PHARMACEUTICALS,HD SMITH WHOLESALE DRUG CO,PEOPLES PHARMACY #2132 (MO),MO,4199,15.303962749503436,True,False,False,False,True,0.6564250916398828,2,0.9753357361646648,65.7,72.0,108.5,40.5,70.5,40.5,Inventory Buffer,Inventory Buffer
2009-12-22,JANSSEN PHARMACEUTICALS INC,DIRECT RX,KROGER PHARMACY #1497 (PA),PA,20000,76.55470120059356,True,False,False,False,True,0.6712947794875286,2,0.9752733370132568,36.4,49.6,99.2,18.5,33.6,18.5,Inventory Buffer,Inventory Buffer
2011-06-07,SANDOZ INC,ANDA INC,CVS PHARMACY #9401 (NY),NY,2426,8.43113449345744,True,False,False,True,True,0.652048269266782,3,0.975197304832509,,96.9,113.3,73.3,87.2,73.3,Inventory Buffer,Inventory Buffer
2013-01-25,ACTAVIS PHARMA INC,HD SMITH WHOLESALE DRUG CO,MEDICO PHARMACY #8978 (MI),MI,20000,76.55470120059356,True,False,False,False,True,0.6554671299733701,2,0.9751465257962348,65.7,72.0,108.5,40.5,70.5,40.5,Inventory Buffer,Inventory Buffer
2011-09-07,AMNEAL PHARMACEUTICALS LLC,ANDA INC,GOOD NEIGHBOR PHARMACY #4375 (OH),OH,20000,76.55470120059356,True,False,False,False,True,0.6517538469511576,2,0.97512840817734,36.4,49.6,99.2,18.5,33.6,18.5,Inventory Buffer,Inventory Buffer
2011-02-05,QUALITEST PHARMACEUTICALS,NATIONAL WHOLESALE DRUG CO INC,CORNER DRUG STORE #3604 (VA),VA,20000,76.55470120059356,True,False,True,False,True,0.6877752292300204,3,0.975087701451469,92.0,104.3,133.7,55.9,101.8,55.9,Inventory Buffer,Inventory Buffer
2010-07-24,MYLAN PHARMACEUTICALS INC,DIRECT RX,SUNRISE PHARMACY #8999 (NC),NC,487,0.9148265473360716,False,True,False,False,True,0.6217666966758786,2,0.9750683276423716,50.5,54.1,69.6,55.0,60.3,50.5,Alternative Supplier,Alternative Supplier
2007-04-13,IMPAX LABORATORIES INC,KINRAY LLC,FAMILY CARE PHARMACY #9927 (AK),AK,866,2.3839759602190003,False,False,False,True,True,0.640292868028286,2,0.9748200913934478,,70.1,80.6,66.8,73.3,66.8,Inventory Buffer,Inventory Buffer
2011-09-22,MALLINCKRODT LLC,KEYSOURCE MEDICAL INC,GOOD NEIGHBOR PHARMACY #8533 (OH),OH,20000,76.55470120059356,True,False,False,False,True,0.6692031018775305,2,0.974794298140652,40.9,86.5,103.5,15.6,22.2,15.6,Inventory Buffer,Inventory Buffer
2010-10-25,HIKMA PHARMACEUTICALS,ANDA INC,COMMUNITY PHARMACY #9334 (IN),IN,20000,76.55470120059356,True,False,True,False,True,0.6726094452652207,3,0.9747592834334032,60.7,81.8,123.8,34.4,64.9,34.4,Inventory Buffer,Inventory Buffer
2010-12-25,ABBOTT LABORATORIES,HENRY SCHEIN INC,HARRIS TEETER PHARMACY #6758 (NC),NC,618,1.4226328087810944,False,True,False,False,True,0.6267623358577354,2,0.9747098969205128,50.2,54.1,70.9,55.4,60.7,50.2,Alternative Supplier,Alternative Supplier
2010-12-09,JANSSEN PHARMACEUTICALS INC,DIRECT RX,QUALITY CARE PHARMACY #3409 (ND),ND,14258,54.29650613786591,True,False,False,False,True,0.6632985711920925,2,0.974681727287918,36.4,49.6,99.2,18.5,33.6,18.5,Inventory Buffer,Inventory Buffer
2011-06-05,AMNEAL PHARMACEUTICALS LLC,PRESCRIPTION SUPPLY INC,VILLAGE PHARMACY #7086 (IN),IN,20000,76.55470120059356,True,False,False,False,True,0.6616062447442224,2,0.97464494042258,65.7,72.0,108.5,40.5,70.5,40.5,Inventory Buffer,Inventory Buffer
2007-10-27,IMPAX LABORATORIES INC,KINRAY LLC,FAMILY CARE PHARMACY #9927 (AK),AK,113,-0.5349409471710928,False,False,False,True,True,0.6436815477214515,2,0.9746038658879904,,74.5,82.1,67.6,74.8,67.6,Inventory Buffer,Inventory Buffer
2011-07-24,SANDOZ INC,PRESCRIPTION SUPPLY INC,HOMETOWN PHARMACY #2774 (SC),SC,66,-0.7171309799032765,False,False,False,False,True,0.6366220848043805,1,0.9745033280080506,25.1,27.5,35.4,26.3,30.6,25.1,Alternative Supplier,Alternative Supplier
2010-02-18,ACTAVIS PHARMA INC,PRESCRIPTION SUPPLY INC,WALGREENS #3575 (OH),OH,20000,76.55470120059356,True,False,False,False,True,0.6619165103516742,2,0.9744751220329811,65.7,72.0,108.5,40.5,70.5,40.5,Inventory Buffer,Inventory Buffer
2011-03-04,MYLAN PHARMACEUTICALS INC,CARDINAL HEALTH INC,HOMETOWN PHARMACY #6387 (NC),NC,92,-0.6163450043493025,False,True,False,False,True,0.6141567521517863,2,0.974384813589468,52.9,55.5,70.3,56.3,60.1,52.9,Alternative Supplier,Alternative Supplier
2010-01-17,VINTAGE PHARMACEUTICALS LLC,AMERISOURCEBERGEN DRUG CORP,GOOD NEIGHBOR PHARMACY #7155 (GA),GA,1246,3.857001756777082,True,False,False,True,True,0.6476051517851135,3,0.9743514722259156,,106.7,121.8,103.8,114.2,103.8,Inventory Buffer,Inventory Buffer
2010-12-11,QUALITEST PHARMACEUTICALS,KINRAY LLC,RITE AID #3349 (TN),TN,20000,76.55470120059356,True,False,False,False,True,0.6494490989298148,2,0.9743018757284448,40.9,86.5,103.5,15.6,22.2,15.6,Inventory Buffer,Inventory Buffer
2012-06-25,CADISTA PHARMACEUTICALS INC,DAKOTA DRUG INC,WALGREENS #9697 (VA),VA,20000,76.55470120059356,True,False,False,False,True,0.6579878180662144,2,0.9741787616252966,40.9,86.5,103.5,15.6,22.2,15.6,Inventory Buffer,Inventory Buffer
2007-08-03,VINTAGE PHARMACEUTICALS LLC,NATIONAL WHOLESALE DRUG CO INC,SUNRISE PHARMACY #1866 (GA),GA,1420,4.531492516253677,True,False,False,False,True,0.6363977197919853,2,0.9741623677726732,51.7,54.4,73.5,56.5,52.3,51.7,Alternative Supplier,Alternative Supplier
2011-11-13,ABBOTT LABORATORIES,AMERISOURCEBERGEN DRUG CORP,CORNER DRUG STORE #2236 (KY),KY,20000,76.55470120059356,True,False,False,False,True,0.6670303063699746,2,0.9740679560975734,36.4,49.6,99.2,18.5,33.6,18.5,Inventory Buffer,Inventory Buffer
2012-06-30,MYLAN PHARMACEUTICALS INC,KEYSOURCE MEDICAL INC,SUNRISE PHARMACY #8405 (VA),VA,20000,76.55470120059356,True,False,True,False,True,0.687815335450358,3,0.9740639297924144,64.7,119.4,128.3,36.7,54.9,36.7,Inventory Buffer,Inventory Buffer
2014-02-24,HIKMA PHARMACEUTICALS,AMERISOURCEBERGEN DRUG CORP,PUBLIX PHARMACY #2014 (PA),PA,20000,76.55470120059356,True,False,True,False,True,0.6729982881764887,3,0.9740575875392968,60.7,81.8,123.8,34.4,64.9,34.4,Inventory Buffer,Inventory Buffer
2011-11-25,VINTAGE PHARMACEUTICALS LLC,CARDINAL HEALTH INC,WALGREENS #4391 (MD),MD,8336,31.34056201361076,True,False,False,False,True,0.6394290805977579,2,0.973883393166012,40.9,86.5,103.5,15.6,22.2,15.6,Inventory Buffer,Inventory Buffer
2012-06-07,MYLAN PHARMACEUTICALS INC,BURLINGTON DRUG COMPANY INC,HOMETOWN PHARMACY #5957 (IA),IA,7757,29.09613586569726,True,False,True,False,True,0.6885062920153738,3,0.9738499140837522,64.7,119.4,128.3,36.7,54.9,36.7,Inventory Buffer,Inventory Buffer
2011-11-08,PAR PHARMACEUTICAL INC,BELLCO DRUG CORP,HEALTH MART PHARMACY #6078 (KY),KY,20000,76.55470120059356,True,False,True,False,True,0.6745268662524335,3,0.9738391568996418,92.0,104.3,133.7,55.9,101.8,55.9,Inventory Buffer,Inventory Buffer
2009-03-14,IMPAX LABORATORIES INC,CARDINAL HEALTH INC,MEDICO PHARMACY #2700 (ID),ID,5968,22.16128547084882,True,False,False,False,True,0.6334166660576794,2,0.9737386528590578,40.9,86.5,103.5,15.6,22.2,15.6,Inventory Buffer,Inventory Buffer
2011-11-10,PURDUE PHARMA LP,CARDINAL HEALTH INC,WALGREENS #6656 (TN),TN,20000,76.55470120059356,True,False,False,False,True,0.6618044256346126,2,0.9737103899378424,40.9,86.5,103.5,15.6,22.2,15.6,Inventory Buffer,Inventory Buffer
2008-11-27,PAR PHARMACEUTICAL INC,BELLCO DRUG CORP,RITE AID #1901 (TN),TN,3195,11.412073539649978,True,False,False,False,True,0.615508534101627,2,0.9736400543950272,65.7,72.0,108.5,40.5,70.5,40.5,Inventory Buffer,Inventory Buffer
2010-02-04,LANNETT COMPANY INC,SMITH DRUG COMPANY,CVS PHARMACY #5523 (NC),NC,20000,76.55470120059356,True,False,False,False,True,0.6607115827344909,2,0.973602312780002,65.7,72.0,108.5,40.5,70.5,40.5,Inventory Buffer,Inventory Buffer
2012-09-26,QUALITEST PHARMACEUTICALS,KEYSOURCE MEDICAL INC,MEDICO PHARMACY #1621 (MI),MI,20000,76.55470120059356,True,False,False,False,True,0.6685395794403453,2,0.9735148630652392,40.9,86.5,103.5,15.6,22.2,15.6,Inventory Buffer,Inventory Buffer
2010-02-27,SUN PHARMA GLOBAL INC,CARDINAL HEALTH INC,MAIN STREET PHARMACY #4612 (MS),MS,11526,43.706225937348336,True,False,False,False,True,0.6461772213138859,2,0.9734583494229012,40.9,86.5,103.5,15.6,22.2,15.6,Inventory Buffer,Inventory Buffer
2009-06-27,SANDOZ INC,MCKESSON CORPORATION,SUNRISE PHARMACY #7243 (WV),WV,418,0.6473560737505253,False,True,False,False,True,0.6188050828647914,2,0.9734560230353876,47.4,50.5,65.3,47.5,59.9,47.4,Alternative Supplier,Alternative Supplier
2011-07-22,HIKMA PHARMACEUTICALS,VALUEDRUGCO,WALGREENS #9353 (NM),NM,380,0.5000534940947171,False,False,False,False,True,0.6335341368698467,1,0.9734074096378624,23.6,26.7,35.4,26.0,29.4,23.6,Alternative Supplier,Alternative Supplier
2012-12-04,VINTAGE PHARMACEUTICALS LLC,AMERISOURCEBERGEN DRUG CORP,MEDICO PHARMACY #4770 (MT),MT,12200,46.31890853440136,True,False,False,False,True,0.6627181629144815,2,0.973387150384986,36.4,49.6,99.2,18.5,33.6,18.5,Inventory Buffer,Inventory Buffer
2008-07-12,SANDOZ INC,DAKOTA DRUG INC,WALMART PHARMACY #2320 (VA),VA,40,-0.8179169554572505,False,False,False,False,True,0.6322862480507713,1,0.9733617303804348,24.6,27.6,33.8,24.5,27.2,24.5,Inventory Buffer,Inventory Buffer
2011-05-10,MYLAN PHARMACEUTICALS INC,BURLINGTON DRUG COMPANY INC,VILLAGE PHARMACY #2028 (TN),TN,20000,76.55470120059356,True,False,False,False,True,0.6614749401625933,2,0.9732728406096716,40.9,86.5,103.5,15.6,22.2,15.6,Inventory Buffer,Inventory Buffer
2013-11-16,CADISTA PHARMACEUTICALS INC,CARDINAL HEALTH INC,GOOD NEIGHBOR PHARMACY #7898 (NM),NM,5866,21.76589433598323,True,False,False,False,True,0.6319792033854131,2,0.973271400072006,40.9,86.5,103.5,15.6,22.2,15.6,Inventory Buffer,Inventory Buffer
2010-03-30,RHODES TECHNOLOGIES,MIAMI-LUKEN INC,WALMART PHARMACY #6240 (NC),NC,153,-0.3798856001649789,False,True,False,False,True,0.6354075542204092,2,0.9732488222637417,50.4,53.4,67.1,56.2,59.3,50.4,Alternative Supplier,Alternative Supplier
2013-02-16,ACTAVIS PHARMA INC,NATIONAL WHOLESALE DRUG CO INC,HARRIS TEETER PHARMACY #9419 (IA),IA,163,-0.3411217634134504,False,False,False,True,True,0.6324489989449602,2,0.9732206593890476,,75.2,82.5,67.2,73.7,67.2,Inventory Buffer,Inventory Buffer
2007-12-30,IMPAX LABORATORIES INC,ANDA INC,MEDICO PHARMACY #1407 (IL),IL,227,-0.0930332082036683,False,False,False,False,True,0.6403514709465877,1,0.9732168592343144,25.1,29.2,33.1,26.4,28.1,25.1,Alternative Supplier,Alternative Supplier
2013-06-08,IMPAX LABORATORIES INC,HENRY SCHEIN INC,WINN-DIXIE PHARMACY #3112 (LA),LA,20000,76.55470120059356,True,False,False,False,True,0.6544050309766153,2,0.9730328189747146,36.4,49.6,99.2,18.5,33.6,18.5,Inventory Buffer,Inventory Buffer
2014-02-15,JANSSEN PHARMACEUTICALS INC,VALUEDRUGCO,QUALITY CARE PHARMACY #8443 (AZ),AZ,3700,13.369647295602164,True,False,False,False,True,0.6298840604754076,2,0.9729926044069238,65.7,72.0,108.5,40.5,70.5,40.5,Inventory Buffer,Inventory Buffer
2011-03-13,CADISTA PHARMACEUTICALS INC,MORRIS & DICKSON CO LLC,PEOPLES PHARMACY #6564 (IN),IN,20000,76.55470120059356,True,False,True,False,True,0.688171652402714,3,0.9729473001612948,60.7,81.8,123.8,34.4,64.9,34.4,Inventory Buffer,Inventory Buffer
2010-11-24,PURDUE PHARMA LP,BELLCO DRUG CORP,PUBLIX PHARMACY #9278 (VA),VA,20000,76.55470120059356,True,False,False,False,True,0.6625565865483093,2,0.9729029283407016,65.7,72.0,108.5,40.5,70.5,40.5,Inventory Buffer,Inventory Buffer
2009-10-22,LANNETT COMPANY INC,VALUEDRUGCO,GOOD NEIGHBOR PHARMACY #2494 (WV),WV,20000,76.55470120059356,True,False,False,False,True,0.6501165540498459,2,0.9728715674770976,65.7,72.0,108.5,40.5,70.5,40.5,Inventory Buffer,Inventory Buffer
2009-11-14,AMNEAL PHARMACEUTICALS LLC,VALUEDRUGCO,KROGER PHARMACY #6614 (PA),PA,20000,76.55470120059356,True,False,False,False,True,0.6622523449632081,2,0.9728312160609148,65.7,72.0,108.5,40.5,70.5,40.5,Inventory Buffer,Inventory Buffer
2013-06-22,IMPAX LABORATORIES INC,GULF COAST MEDICAL SUPPLY,FAMILY CARE PHARMACY #2866 (NM),NM,9435,35.60070767260374,True,False,False,False,True,0.656610739434992,2,0.9728250273840984,65.7,72.0,108.5,40.5,70.5,40.5,Inventory Buffer,Inventory Buffer
2009-03-04,RHODES TECHNOLOGIES,HD SMITH WHOLESALE DRUG CO,HOMETOWN PHARMACY #7311 (LA),LA,20000,76.55470120059356,True,False,False,False,True,0.6505565628486984,2,0.9728207567137452,65.7,72.0,108.5,40.5,70.5,40.5,Inventory Buffer,Inventory Buffer
2013-10-19,RHODES TECHNOLOGIES,BURLINGTON DRUG COMPANY INC,COMMUNITY PHARMACY #6047 (VA),VA,20000,76.55470120059356,True,False,False,False,True,0.6532028765991265,2,0.9727366053536796,40.9,86.5,103.5,15.6,22.2,15.6,Inventory Buffer,Inventory Buffer
2012-12-22,LANNETT COMPANY INC,HD SMITH WHOLESALE DRUG CO,VILLAGE PHARMACY #2199 (KS),KS,5204,19.19972834303205,True,False,True,False,True,0.6802486346739691,3,0.9727306723016078,92.0,104.3,133.7,55.9,101.8,55.9,Inventory Buffer,Inventory Buffer
2012-03-08,JANSSEN PHARMACEUTICALS INC,DAKOTA DRUG INC,MEDICO PHARMACY #1621 (MI),MI,20000,76.55470120059356,True,False,False,False,True,0.6509887661276732,2,0.9727199502626516,40.9,86.5,103.5,15.6,22.2,15.6,Inventory Buffer,Inventory Buffer
2013-11-27,QUALITEST PHARMACEUTICALS,CARDINAL HEALTH INC,HARRIS TEETER PHARMACY #6063 (NC),NC,20000,76.55470120059356,True,False,False,False,True,0.6405960990532991,2,0.9726927393393308,40.9,86.5,103.5,15.6,22.2,15.6,Inventory Buffer,Inventory Buffer
2012-11-05,PAR PHARMACEUTICAL INC,VALUEDRUGCO,CVS PHARMACY #9746 (TN),TN,20000,76.55470120059356,True,False,False,False,True,0.6551118350184244,2,0.9726328510270206,65.7,72.0,108.5,40.5,70.5,40.5,Inventory Buffer,Inventory Buffer
2012-07-30,MALLINCKRODT LLC,BELLCO DRUG CORP,WINN-DIXIE PHARMACY #8378 (VA),VA,20000,76.55470120059356,True,False,False,False,True,0.6619226364903963,2,0.9725793494205622,65.7,72.0,108.5,40.5,70.5,40.5,Inventory Buffer,Inventory Buffer
2012-03-26,IMPAX LABORATORIES INC,HENRY SCHEIN INC,CVS PHARMACY #4109 (IN),IN,20000,76.55470120059356,True,False,False,False,True,0.6619226364903963,2,0.9725663482156756,36.4,49.6,99.2,18.5,33.6,18.5,Inventory Buffer,Inventory Buffer
2010-12-03,ACTAVIS PHARMA INC,MCKESSON CORPORATION,VILLAGE PHARMACY #3873 (PA),PA,20000,76.55470120059356,True,False,True,False,True,0.6911259328488809,3,0.9725138149850696,64.7,119.4,128.3,36.7,54.9,36.7,Inventory Buffer,Inventory Buffer
2012-02-21,AMNEAL PHARMACEUTICALS LLC,NATIONAL WHOLESALE DRUG CO INC,MEDICO PHARMACY #6550 (VA),VA,20000,76.55470120059356,True,False,False,False,True,0.6507749701492386,2,0.972456571361634,65.7,72.0,108.5,40.5,70.5,40.5,Inventory Buffer,Inventory Buffer
2009-09-13,CADISTA PHARMACEUTICALS INC,HENRY SCHEIN INC,FAMILY CARE PHARMACY #5331 (IN),IN,6966,26.02991637865136,True,False,False,False,True,0.6533617264256448,2,0.9724408111428404,36.4,49.6,99.2,18.5,33.6,18.5,Inventory Buffer,Inventory Buffer
2009-08-07,ACTAVIS PHARMA INC,KEYSOURCE MEDICAL INC,PUBLIX PHARMACY #1697 (MI),MI,2441,8.489280248584732,True,True,False,False,True,0.6113074586580902,3,0.9723571575775828,64.7,119.4,128.3,36.7,54.9,36.7,Inventory Buffer,Inventory Buffer
2013-07-13,ABBOTT LABORATORIES,MCKESSON CORPORATION,WALGREENS #2082 (LA),LA,4869,17.901139811855842,True,False,False,False,True,0.6178858095568198,2,0.972345467333562,40.9,86.5,103.5,15.6,22.2,15.6,Inventory Buffer,Inventory Buffer
2014-08-02,JANSSEN PHARMACEUTICALS INC,MCKESSON CORPORATION,VILLAGE PHARMACY #9397 (NC),NC,40,-0.8179169554572505,False,True,False,False,True,0.6164827839842736,2,0.9722542471616166,49.5,52.1,67.6,50.9,55.7,49.5,Alternative Supplier,Alternative Supplier
2013-06-07,MYLAN PHARMACEUTICALS INC,DIRECT RX,SUNRISE PHARMACY #8999 (NC),NC,247,-0.0155055347006113,False,True,False,False,True,0.6091963346346996,2,0.9721854968166486,49.5,53.1,69.2,53.2,65.2,49.5,Alternative Supplier,Alternative Supplier
2010-05-26,IMPAX LABORATORIES INC,KEYSOURCE MEDICAL INC,COMMUNITY PHARMACY #2313 (LA),LA,20000,76.55470120059356,True,False,True,False,True,0.6926793599296014,3,0.972134137405482,64.7,119.4,128.3,36.7,54.9,36.7,Inventory Buffer,Inventory Buffer
2011-03-22,JANSSEN PHARMACEUTICALS INC,MORRIS & DICKSON CO LLC,HOMETOWN PHARMACY #3804 (KY),KY,20000,76.55470120059356,True,False,False,False,True,0.6595569664686637,2,0.9721253384337358,36.4,49.6,99.2,18.5,33.6,18.5,Inventory Buffer,Inventory Buffer
2010-11-02,JANSSEN PHARMACEUTICALS INC,KINRAY LLC,WALGREENS #4309 (VT),VT,361,0.426402204266813,False,False,False,True,True,0.6308023053581752,2,0.9720989740388244,,77.4,84.7,68.5,75.6,68.5,Inventory Buffer,Inventory Buffer
2010-03-20,JANSSEN PHARMACEUTICALS INC,HENRY SCHEIN INC,WALGREENS #9697 (VA),VA,20000,76.55470120059356,True,False,False,False,True,0.6600695217692515,2,0.972065306143525,36.4,49.6,99.2,18.5,33.6,18.5,Inventory Buffer,Inventory Buffer
2009-04-04,WATSON LABORATORIES INC,PENN PHARMACEUTICAL SERVICES INC,KROGER PHARMACY #3095 (DE),DE,5511,20.38977813130397,True,False,False,False,True,0.6324003269268558,2,0.9720510103435768,36.4,49.6,99.2,18.5,33.6,18.5,Inventory Buffer,Inventory Buffer
2012-04-21,ENDO PHARMACEUTICALS INC,GULF COAST MEDICAL SUPPLY,GOOD NEIGHBOR PHARMACY #8533 (OH),OH,20000,76.55470120059356,True,False,True,False,True,0.671179384849483,3,0.9720002195828368,92.0,104.3,133.7,55.9,101.8,55.9,Inventory Buffer,Inventory Buffer
2012-04-12,AMNEAL PHARMACEUTICALS LLC,MIAMI-LUKEN INC,HARRIS TEETER PHARMACY #8566 (DE),DE,507,0.9923542208391284,False,False,False,False,True,0.6325144285080635,1,0.9719985336564502,24.0,27.9,34.1,25.8,28.8,24.0,Alternative Supplier,Alternative Supplier
2013-12-06,JANSSEN PHARMACEUTICALS INC,PRESCRIPTION SUPPLY INC,HOMETOWN PHARMACY #8469 (NC),NC,2309,7.977597603464557,True,True,False,False,True,0.6091951552538989,3,0.9718653469413574,85.5,79.0,73.1,56.3,66.6,56.3,Inventory Buffer,Inventory Buffer
2010-07-17,LANNETT COMPANY INC,PRESCRIPTION SUPPLY INC,VILLAGE PHARMACY #1707 (KY),KY,20000,76.55470120059356,True,False,True,False,True,0.6680874076936691,3,0.9718203069852578,92.0,104.3,133.7,55.9,101.8,55.9,Inventory Buffer,Inventory Buffer
2011-04-06,ENDO PHARMACEUTICALS INC,PRESCRIPTION SUPPLY INC,HOMETOWN PHARMACY #8469 (NC),NC,5873,21.793029021709295,True,False,False,False,True,0.6156948630379043,2,0.9717849323378362,65.7,72.0,108.5,40.5,70.5,40.5,Inventory Buffer,Inventory Buffer
2013-05-31,TEVA PHARMACEUTICALS USA INC,DAKOTA DRUG INC,PEOPLES PHARMACY #2660 (NC),NC,205,-0.1783136490570309,False,True,False,False,True,0.6089582539094616,2,0.9717814297744504,47.5,50.5,66.0,51.6,56.9,47.5,Alternative Supplier,Alternative Supplier
2012-04-28,CADISTA PHARMACEUTICALS INC,MIAMI-LUKEN INC,PEOPLES PHARMACY #3168 (MT),MT,9497,35.84104346046321,True,False,False,False,True,0.6521617939064781,2,0.9717312384077864,40.9,86.5,103.5,15.6,22.2,15.6,Inventory Buffer,Inventory Buffer
2010-03-09,MYLAN PHARMACEUTICALS INC,HENRY SCHEIN INC,MAIN STREET PHARMACY #1955 (GA),GA,2760,9.72584664095849,True,False,False,True,True,0.6519730076394933,3,0.9717040043450348,,96.9,113.3,73.3,87.2,73.3,Inventory Buffer,Inventory Buffer
2012-12-26,HIKMA PHARMACEUTICALS,MCKESSON CORPORATION,VILLAGE PHARMACY #9397 (NC),NC,20000,76.55470120059356,True,False,False,False,True,0.648584070254473,2,0.9716009242778408,40.9,86.5,103.5,15.6,22.2,15.6,Inventory Buffer,Inventory Buffer
2013-08-25,SANDOZ INC,PRESCRIPTION SUPPLY INC,WALGREENS #9697 (VA),VA,20000,76.55470120059356,True,False,True,False,True,0.6660916568655938,3,0.9713572675620088,92.0,104.3,133.7,55.9,101.8,55.9,Inventory Buffer,Inventory Buffer
2007-11-01,ABBOTT LABORATORIES,BURLINGTON DRUG COMPANY INC,CORNER DRUG STORE #2632 (NV),NV,62,-0.7326365146038879,False,False,False,False,True,0.637967127128346,1,0.971300738240093,25.9,28.8,35.1,27.1,30.6,25.9,Alternative Supplier,Alternative Supplier
2012-04-22,IMPAX LABORATORIES INC,NATIONAL WHOLESALE DRUG CO INC,VILLAGE PHARMACY #7158 (OH),OH,20000,76.55470120059356,True,False,True,False,True,0.7019594302133636,3,0.9712861066249956,92.0,104.3,133.7,55.9,101.8,55.9,Inventory Buffer,Inventory Buffer
2010-12-11,SUN PHARMA GLOBAL INC,VALUEDRUGCO,VILLAGE PHARMACY #2453 (AK),AK,28,-0.8644335595590846,False,False,False,False,True,0.6314471238737677,1,0.9711776430153564,25.2,28.6,36.1,27.5,30.6,25.2,Alternative Supplier,Alternative Supplier
2014-06-02,AMNEAL PHARMACEUTICALS LLC,KEYSOURCE MEDICAL INC,WINN-DIXIE PHARMACY #5416 (AL),AL,89,-0.6279741553747611,False,False,False,True,True,0.6318066798639783,2,0.9711294862629356,,79.2,86.0,69.8,77.0,69.8,Inventory Buffer,Inventory Buffer
2009-06-24,ENDO PHARMACEUTICALS INC,VALUEDRUGCO,GOOD NEIGHBOR PHARMACY #3769 (AL),AL,20000,76.55470120059356,True,False,True,False,True,0.6955741121549445,3,0.9711013957593984,92.0,104.3,133.7,55.9,101.8,55.9,Inventory Buffer,Inventory Buffer
2013-12-16,HIKMA PHARMACEUTICALS,HD SMITH WHOLESALE DRUG CO,PUBLIX PHARMACY #9124 (DE),DE,2127,7.272095774586739,True,False,False,False,True,0.6292780323685888,2,0.971043781252092,89.5,82.3,85.1,58.9,67.8,58.9,Inventory Buffer,Inventory Buffer
2010-12-01,ACTAVIS PHARMA INC,MIAMI-LUKEN INC,KROGER PHARMACY #8280 (OH),OH,20000,76.55470120059356,True,False,True,False,True,0.69040549896862,3,0.9708283982987542,64.7,119.4,128.3,36.7,54.9,36.7,Inventory Buffer,Inventory Buffer
2009-02-09,AMNEAL PHARMACEUTICALS LLC,MORRIS & DICKSON CO LLC,WALGREENS #7427 (WY),WY,1511,4.884243430692586,True,False,False,False,True,0.6278583497525491,2,0.9707355860357936,48.0,47.0,58.7,47.4,51.9,47.0,Combined Strategy,Combined Strategy
2010-12-01,JANSSEN PHARMACEUTICALS INC,NATIONAL WHOLESALE DRUG CO INC,WALMART PHARMACY #1339 (NC),NC,2383,8.264449995425867,True,True,False,False,True,0.6338427691262898,3,0.9706872677462792,85.5,79.0,73.1,56.3,66.6,56.3,Inventory Buffer,Inventory Buffer
2014-02-22,MYLAN PHARMACEUTICALS INC,GULF COAST MEDICAL SUPPLY,WALGREENS #9697 (VA),VA,20000,76.55470120059356,True,False,True,False,True,0.6726603785260497,3,0.9706697705310674,92.0,104.3,133.7,55.9,101.8,55.9,Inventory Buffer,Inventory Buffer
2011-02-24,AMNEAL PHARMACEUTICALS LLC,PENN PHARMACEUTICAL SERVICES INC,FAMILY CARE PHARMACY #3942 (NM),NM,1515,4.899748965393197,True,False,True,True,True,0.6685717027213108,4,0.9705264682579436,,133.0,147.7,131.0,139.3,131.0,Inventory Buffer,Inventory Buffer
2012-05-05,WATSON LABORATORIES INC,MIAMI-LUKEN INC,GOOD NEIGHBOR PHARMACY #8896 (PA),PA,20000,76.55470120059356,True,False,False,False,True,0.6608720666968683,2,0.9701977875907052,40.9,86.5,103.5,15.6,22.2,15.6,Inventory Buffer,Inventory Buffer
2011-04-14,HIKMA PHARMACEUTICALS,CARDINAL HEALTH INC,QUALITY CARE PHARMACY #3905 (TN),TN,20000,76.55470120059356,True,False,True,False,True,0.7032970840235865,3,0.970188883978482,64.7,119.4,128.3,36.7,54.9,36.7,Inventory Buffer,Inventory Buffer
2009-01-28,WATSON LABORATORIES INC,PRESCRIPTION SUPPLY INC,SUNRISE PHARMACY #6972 (NM),NM,100,-0.5853339349480797,False,False,False,False,True,0.6275034514961859,1,0.9701120221039434,24.1,27.2,35.7,26.8,30.7,24.1,Alternative Supplier,Alternative Supplier
2009-10-10,RHODES TECHNOLOGIES,DIRECT RX,HARRIS TEETER PHARMACY #1323 (ND),ND,6994,26.13845512155564,True,False,False,False,True,0.6332479905171007,2,0.9700945338419776,36.4,49.6,99.2,18.5,33.6,18.5,Inventory Buffer,Inventory Buffer
2010-11-14,QUALITEST PHARMACEUTICALS,BURLINGTON DRUG COMPANY INC,CORNER DRUG STORE #2632 (NV),NV,390,0.5388173308462456,False,False,False,False,True,0.631567064348349,1,0.970020665305624,23.5,26.8,33.8,25.6,29.9,23.5,Alternative Supplier,Alternative Supplier
2011-11-18,PAR PHARMACEUTICAL INC,NATIONAL WHOLESALE DRUG CO INC,FAMILY CARE PHARMACY #5938 (AK),AK,7192,26.905979089235903,True,False,True,False,True,0.672745919404879,3,0.970008836377232,92.0,104.3,133.7,55.9,101.8,55.9,Inventory Buffer,Inventory Buffer
2014-01-28,ACTAVIS PHARMA INC,ANDA INC,WALGREENS #2585 (SD),SD,10919,41.35326104653056,True,False,False,False,True,0.6318566730438842,2,0.9700006782027084,36.4,49.6,99.2,18.5,33.6,18.5,Inventory Buffer,Inventory Buffer
2012-05-14,SUN PHARMA GLOBAL INC,BELLCO DRUG CORP,COMMUNITY PHARMACY #2490 (KY),KY,20000,76.55470120059356,True,False,False,False,True,0.6442202460575384,2,0.9699973749783948,65.7,72.0,108.5,40.5,70.5,40.5,Inventory Buffer,Inventory Buffer
2014-08-21,AMNEAL PHARMACEUTICALS LLC,CARDINAL HEALTH INC,HOMETOWN PHARMACY #3804 (KY),KY,10018,37.86063935521785,True,False,False,False,True,0.6147596585334707,2,0.9695134574480828,40.9,86.5,103.5,15.6,22.2,15.6,Inventory Buffer,Inventory Buffer
2009-03-16,SANDOZ INC,KINRAY LLC,HEALTH MART PHARMACY #5158 (AL),AL,690,1.7017324333920991,False,False,False,True,True,0.6317766853929809,2,0.9694931872740122,,75.4,84.2,69.4,76.8,69.4,Inventory Buffer,Inventory Buffer
2012-06-07,MYLAN PHARMACEUTICALS INC,HENRY SCHEIN INC,HOMETOWN PHARMACY #4342 (MI),MI,91,-0.6202213880244554,False,False,True,False,True,0.6700221012999581,2,0.9694709837757304,53.1,56.7,71.1,56.2,60.0,53.1,Alternative Supplier,Alternative Supplier
2009-01-31,AMNEAL PHARMACEUTICALS LLC,DAKOTA DRUG INC,PEOPLES PHARMACY #6594 (KY),KY,20000,76.55470120059356,True,False,False,False,True,0.6340307028929006,2,0.9694619048546234,40.9,86.5,103.5,15.6,22.2,15.6,Inventory Buffer,Inventory Buffer
2012-04-30,PURDUE PHARMA LP,AMERISOURCEBERGEN DRUG CORP,HARRIS TEETER PHARMACY #6503 (MO),MO,284,0.1279206612800439,False,False,False,True,True,0.642129067735254,2,0.9694570492748776,,88.2,89.6,73.0,80.2,73.0,Inventory Buffer,Inventory Buffer
2010-02-18,SANDOZ INC,MIAMI-LUKEN INC,HOMETOWN PHARMACY #5569 (NC),NC,8794,33.11594573683076,True,False,False,False,True,0.6174115071633886,2,0.9691645784465576,40.9,86.5,103.5,15.6,22.2,15.6,Inventory Buffer,Inventory Buffer
2012-11-03,QUALITEST PHARMACEUTICALS,CARDINAL HEALTH INC,WALMART PHARMACY #9392 (NM),NM,6375,23.738973626636028,True,False,False,False,True,0.6444759691702097,2,0.9690861394721182,40.9,86.5,103.5,15.6,22.2,15.6,Inventory Buffer,Inventory Buffer
2011-09-02,SUN PHARMA GLOBAL INC,MORRIS & DICKSON CO LLC,CVS PHARMACY #9428 (AK),AK,102,-0.577581167597774,False,False,False,False,True,0.633020875977684,1,0.9690556135083292,23.8,27.0,33.9,26.0,29.7,23.8,Alternative Supplier,Alternative Supplier
2012-08-08,PURDUE PHARMA LP,PENN PHARMACEUTICAL SERVICES INC,MAIN STREET PHARMACY #9550 (WV),WV,4288,15.64896089659204,True,False,False,False,True,0.6214695936084622,2,0.969025393336324,36.4,49.6,99.2,18.5,33.6,18.5,Inventory Buffer,Inventory Buffer
2011-12-21,PURDUE PHARMA LP,ANDA INC,HEALTH MART PHARMACY #9423 (WY),WY,52,-0.7714003513554163,False,False,False,False,True,0.633187728401542,1,0.9689781894448006,25.3,27.8,34.0,24.6,28.0,24.6,Inventory Buffer,Inventory Buffer
2009-10-27,QUALITEST PHARMACEUTICALS,HENRY SCHEIN INC,CORNER DRUG STORE #2658 (AK),AK,119,-0.5116826451201757,False,False,False,True,True,0.6410074749707741,2,0.968863116202824,,75.6,82.8,68.3,75.5,68.3,Inventory Buffer,Inventory Buffer
2011-05-31,PURDUE PHARMA LP,NATIONAL WHOLESALE DRUG CO INC,MAIN STREET PHARMACY #2532 (MN),MN,8495,31.956907017960063,True,False,True,False,True,0.665538498492962,3,0.9688427366511038,92.0,104.3,133.7,55.9,101.8,55.9,Inventory Buffer,Inventory Buffer
2007-10-14,JANSSEN PHARMACEUTICALS INC,CARDINAL HEALTH INC,WALMART PHARMACY #2370 (MA),MA,283,0.124044277604891,False,False,False,False,True,0.6327062618858431,1,0.96878748131344,24.9,29.5,34.0,27.0,28.7,24.9,Alternative Supplier,Alternative Supplier
2010-05-08,RHODES TECHNOLOGIES,DAKOTA DRUG INC,SUNRISE PHARMACY #6637 (LA),LA,16832,64.27431771770934,True,False,False,False,True,0.6361810480855444,2,0.9687323195780018,40.9,86.5,103.5,15.6,22.2,15.6,Inventory Buffer,Inventory Buffer
2011-02-12,WATSON LABORATORIES INC,MORRIS & DICKSON CO LLC,MEDICO PHARMACY #4938 (TN),TN,20000,76.55470120059356,True,False,False,False,True,0.6399367257469373,2,0.9687198624930504,36.4,49.6,99.2,18.5,33.6,18.5,Inventory Buffer,Inventory Buffer
2010-09-01,PAR PHARMACEUTICAL INC,DAKOTA DRUG INC,WALMART PHARMACY #2320 (VA),VA,972,2.794872629785202,False,False,False,False,True,0.6250107804651684,1,0.9686805244258792,21.3,23.0,27.2,22.9,26.5,21.3,Alternative Supplier,Alternative Supplier
2010-02-11,RHODES TECHNOLOGIES,GULF COAST MEDICAL SUPPLY,RITE AID #3893 (AZ),AZ,8957,33.747796275880674,True,False,False,False,True,0.628102905738406,2,0.9685359754370224,65.7,72.0,108.5,40.5,70.5,40.5,Inventory Buffer,Inventory Buffer
2013-02-07,HIKMA PHARMACEUTICALS,DAKOTA DRUG INC,WALMART PHARMACY #2320 (VA),VA,223,-0.1085387429042796,False,False,False,False,True,0.6226840589110227,1,0.9685144975131644,25.2,29.3,33.2,26.5,28.2,25.2,Alternative Supplier,Alternative Supplier
2011-12-03,IMPAX LABORATORIES INC,PENN PHARMACEUTICAL SERVICES INC,CORNER DRUG STORE #5731 (IN),IN,6687,24.948405333283716,True,False,True,False,True,0.7013445564168627,3,0.9684452913007096,60.7,81.8,123.8,34.4,64.9,34.4,Inventory Buffer,Inventory Buffer
2009-11-09,HIKMA PHARMACEUTICALS,AMERISOURCEBERGEN DRUG CORP,QUALITY CARE PHARMACY #6507 (NC),NC,7835,29.398493792359183,True,False,False,False,True,0.6311886693824086,2,0.9683489143296558,36.4,49.6,99.2,18.5,33.6,18.5,Inventory Buffer,Inventory Buffer
2007-05-30,SUN PHARMA GLOBAL INC,MORRIS & DICKSON CO LLC,HARRIS TEETER PHARMACY #6283 (CA),CA,167,-0.3256162287128391,False,False,False,False,True,0.6334934276594525,1,0.9681702979630528,24.1,27.4,33.8,26.8,28.1,24.1,Alternative Supplier,Alternative Supplier
2010-05-07,IMPAX LABORATORIES INC,SMITH DRUG COMPANY,PUBLIX PHARMACY #4858 (OR),OR,7627,28.592205987927393,True,False,True,False,True,0.6837547019643755,3,0.968122048785328,92.0,104.3,133.7,55.9,101.8,55.9,Inventory Buffer,Inventory Buffer
2009-11-14,CADISTA PHARMACEUTICALS INC,NATIONAL WHOLESALE DRUG CO INC,WINN-DIXIE PHARMACY #5194 (FL),FL,8864,33.38729259409146,True,False,False,False,True,0.6325335979017439,2,0.968103003887656,65.7,72.0,108.5,40.5,70.5,40.5,Inventory Buffer,Inventory Buffer
2010-01-02,ABBOTT LABORATORIES,DIRECT RX,PUBLIX PHARMACY #8657 (GA),GA,4096,14.904695230962693,True,False,False,False,True,0.6239932127111738,2,0.9677778237580444,36.4,49.6,99.2,18.5,33.6,18.5,Inventory Buffer,Inventory Buffer
2007-12-18,HIKMA PHARMACEUTICALS,HENRY SCHEIN INC,KROGER PHARMACY #8420 (MT),MT,65,-0.7210073635784293,False,False,False,False,True,0.629419002844895,1,0.967551402166986,25.1,27.7,34.0,25.9,30.2,25.1,Alternative Supplier,Alternative Supplier
2013-12-13,AMNEAL PHARMACEUTICALS LLC,CARDINAL HEALTH INC,PUBLIX PHARMACY #1993 (CO),CO,81,-0.6589852247759838,False,False,False,True,True,0.6308322061134027,2,0.967525121066804,,78.5,85.3,69.0,76.6,69.0,Inventory Buffer,Inventory Buffer
2010-11-21,MALLINCKRODT LLC,BELLCO DRUG CORP,CVS PHARMACY #2408 (IN),IN,21395,81.96225642743177,True,False,True,False,True,0.6681811595151388,3,0.9674027038898232,92.0,104.3,133.7,55.9,101.8,55.9,Inventory Buffer,Inventory Buffer
2012-01-11,LANNETT COMPANY INC,MCKESSON CORPORATION,VILLAGE PHARMACY #3392 (NY),NY,389,0.5349409471710928,False,False,False,True,True,0.6278962137181269,2,0.9673989575807708,,74.5,82.1,67.6,74.8,67.6,Inventory Buffer,Inventory Buffer
2010-07-02,PURDUE PHARMA LP,BURLINGTON DRUG COMPANY INC,VILLAGE PHARMACY #3724 (MS),MS,6541,24.3824533167114,True,False,False,False,True,0.6276529637975211,2,0.9672727809362812,40.9,86.5,103.5,15.6,22.2,15.6,Inventory Buffer,Inventory Buffer
2007-11-02,AMNEAL PHARMACEUTICALS LLC,DIRECT RX,WINN-DIXIE PHARMACY #9398 (MS),MS,271,0.0775276735030569,False,False,False,False,True,0.6317303355438065,1,0.967229306002253,25.1,29.2,33.1,26.4,28.1,25.1,Alternative Supplier,Alternative Supplier
2010-07-06,TEVA PHARMACEUTICALS USA INC,SMITH DRUG COMPANY,COMMUNITY PHARMACY #9484 (NV),NV,2593,9.078490567207965,True,False,False,False,True,0.6223283566301924,2,0.9669149176485468,65.7,72.0,108.5,40.5,70.5,40.5,Inventory Buffer,Inventory Buffer
2010-09-21,QUALITEST PHARMACEUTICALS,ANDA INC,RITE AID #9223 (WV),WV,1508,4.872614279667127,True,False,False,False,True,0.6092870181998169,2,0.9668097933025234,48.0,47.0,58.7,47.4,51.9,47.0,Combined Strategy,Combined Strategy
2009-05-11,HIKMA PHARMACEUTICALS,BURLINGTON DRUG COMPANY INC,SUNRISE PHARMACY #5581 (TN),TN,16467,62.859437676278546,True,False,False,False,True,0.6508892671430748,2,0.966737744397132,40.9,86.5,103.5,15.6,22.2,15.6,Inventory Buffer,Inventory Buffer
2009-09-18,CADISTA PHARMACEUTICALS INC,PRESCRIPTION SUPPLY INC,WALMART PHARMACY #6240 (NC),NC,20000,76.55470120059356,True,False,False,False,True,0.654466486726535,2,0.9666355312227852,65.7,72.0,108.5,40.5,70.5,40.5,Inventory Buffer,Inventory Buffer
2009-08-04,VINTAGE PHARMACEUTICALS LLC,AMERISOURCEBERGEN DRUG CORP,QUALITY CARE PHARMACY #6847 (WV),WV,20000,76.55470120059356,True,False,False,False,True,0.65669319143515,2,0.9665769493639876,36.4,49.6,99.2,18.5,33.6,18.5,Inventory Buffer,Inventory Buffer
2010-04-03,JANSSEN PHARMACEUTICALS INC,HENRY SCHEIN INC,MEDICO PHARMACY #6767 (NC),NC,1796,5.989012778111147,True,True,False,False,True,0.6118557258416503,3,0.9664746600582677,74.4,77.2,83.9,72.1,80.5,72.1,Inventory Buffer,Inventory Buffer
2009-12-10,ENDO PHARMACEUTICALS INC,CARDINAL HEALTH INC,HEALTH MART PHARMACY #6716 (UT),UT,1517,4.907501732743503,True,False,False,False,True,0.6238129976572423,2,0.9663856670968056,44.1,52.7,63.8,52.3,55.7,44.1,Alternative Supplier,Alternative Supplier
2008-09-19,SUN PHARMA GLOBAL INC,HENRY SCHEIN INC,KROGER PHARMACY #8420 (MT),MT,819,2.2017859274868163,False,False,False,False,True,0.6223556764576128,1,0.9663062287345556,24.2,25.0,29.0,24.2,27.8,24.2,Inventory Buffer,Inventory Buffer
2011-02-12,VINTAGE PHARMACEUTICALS LLC,HENRY SCHEIN INC,QUALITY CARE PHARMACY #5421 (WA),WA,4943,18.187992203817153,True,False,False,False,True,0.645664053647083,2,0.9661411859441934,36.4,49.6,99.2,18.5,33.6,18.5,Inventory Buffer,Inventory Buffer
2012-12-25,JANSSEN PHARMACEUTICALS INC,MORRIS & DICKSON CO LLC,HOMETOWN PHARMACY #8469 (NC),NC,442,0.7403892819541936,False,True,False,False,True,0.6042552814562846,2,0.9661149590281132,58.8,56.6,71.1,57.8,63.7,56.6,Combined Strategy,Combined Strategy
2011-09-11,PAR PHARMACEUTICAL INC,VALUEDRUGCO,WALGREENS #8411 (IA),IA,23,-0.8838154779348488,False,False,False,False,True,0.6206856854337447,1,0.9660610623910426,24.7,28.0,35.6,27.0,30.1,24.7,Alternative Supplier,Alternative Supplier
2014-03-30,ENDO PHARMACEUTICALS INC,HENRY SCHEIN INC,KROGER PHARMACY #5224 (NH),NH,88,-0.6318505390499138,False,False,False,False,True,0.6214576405878932,1,0.9660380468167626,23.2,26.7,33.3,24.9,28.9,23.2,Alternative Supplier,Alternative Supplier
2013-01-12,QUALITEST PHARMACEUTICALS,VALUEDRUGCO,HOMETOWN PHARMACY #6892 (WY),WY,160,-0.352750914438909,False,False,False,False,True,0.6227587936276877,1,0.96585221927572,23.5,26.6,34.7,27.6,27.9,23.5,Alternative Supplier,Alternative Supplier
2011-11-10,TEVA PHARMACEUTICALS USA INC,NATIONAL WHOLESALE DRUG CO INC,MAIN STREET PHARMACY #2256 (IN),IN,20000,76.55470120059356,True,False,True,False,True,0.6612889159838259,3,0.965788535297617,92.0,104.3,133.7,55.9,101.8,55.9,Inventory Buffer,Inventory Buffer
2011-11-29,WATSON LABORATORIES INC,PENN PHARMACEUTICAL SERVICES INC,SUNRISE PHARMACY #7649 (PA),PA,2886,10.214270984027747,True,False,False,False,True,0.6109697753625849,2,0.965701126960528,36.4,49.6,99.2,18.5,33.6,18.5,Inventory Buffer,Inventory Buffer
2011-01-09,LANNETT COMPANY INC,HENRY SCHEIN INC,SUNRISE PHARMACY #6128 (IL),IL,100,-0.5853339349480797,False,False,False,False,True,0.6204199487690667,1,0.9656955396067892,24.1,27.3,34.2,26.3,30.0,24.1,Alternative Supplier,Alternative Supplier
2010-12-10,CADISTA PHARMACEUTICALS INC,SMITH DRUG COMPANY,MAIN STREET PHARMACY #1667 (MI),MI,20000,76.55470120059356,True,False,False,False,True,0.6316475615095419,2,0.9656655329389744,65.7,72.0,108.5,40.5,70.5,40.5,Inventory Buffer,Inventory Buffer
2010-07-02,TEVA PHARMACEUTICALS USA INC,DAKOTA DRUG INC,QUALITY CARE PHARMACY #7383 (VT),VT,189,-0.2403357878594764,False,False,False,False,True,0.6184598135908567,1,0.9656494212992832,24.6,27.9,34.3,26.9,28.6,24.6,Alternative Supplier,Alternative Supplier
2011-12-28,IMPAX LABORATORIES INC,CARDINAL HEALTH INC,FAMILY CARE PHARMACY #2595 (OH),OH,20000,76.55470120059356,True,False,True,False,True,0.6994662324781786,3,0.9653405940011026,64.7,119.4,128.3,36.7,54.9,36.7,Inventory Buffer,Inventory Buffer
2012-09-03,CADISTA PHARMACEUTICALS INC,CARDINAL HEALTH INC,WALMART PHARMACY #1339 (NC),NC,7508,28.130916330584203,True,False,False,False,True,0.6220248446198613,2,0.9653276033381832,40.9,86.5,103.5,15.6,22.2,15.6,Inventory Buffer,Inventory Buffer
2012-04-03,IMPAX LABORATORIES INC,HD SMITH WHOLESALE DRUG CO,WALGREENS #1373 (PA),PA,20000,76.55470120059356,True,False,True,False,True,0.6960282241136642,3,0.9652026614331648,92.0,104.3,133.7,55.9,101.8,55.9,Inventory Buffer,Inventory Buffer
2007-12-05,ENDO PHARMACEUTICALS INC,DAKOTA DRUG INC,WALMART PHARMACY #2320 (VA),VA,34,-0.8411752575081676,False,False,False,False,True,0.6273742669157696,1,0.9651328769244488,26.4,29.4,35.6,28.1,30.8,26.4,Alternative Supplier,Alternative Supplier
2008-06-16,MYLAN PHARMACEUTICALS INC,DIRECT RX,WINN-DIXIE PHARMACY #9398 (MS),MS,922,2.6010534460275596,False,False,False,False,True,0.6275827993897246,1,0.9650491007375672,22.1,23.7,28.0,21.9,28.0,21.9,Inventory Buffer,Inventory Buffer
2010-10-03,SANDOZ INC,DAKOTA DRUG INC,WALMART PHARMACY #7726 (SD),SD,601,1.356734286303496,False,False,True,True,True,0.6585571317181927,3,0.9649858200006431,,107.0,127.8,101.9,115.8,101.9,Inventory Buffer,Inventory Buffer
2011-07-24,SUN PHARMA GLOBAL INC,MIAMI-LUKEN INC,HARRIS TEETER PHARMACY #7348 (TN),TN,15560,59.34355768291492,True,False,True,False,True,0.6708264726932512,3,0.9649466236254588,64.7,119.4,128.3,36.7,54.9,36.7,Inventory Buffer,Inventory Buffer
2008-11-12,WATSON LABORATORIES INC,MIAMI-LUKEN INC,WALGREENS #2968 (NH),NH,1074,3.1902637646507923,False,False,False,False,True,0.6236182409474557,1,0.9648749715335202,25.8,27.6,33.3,27.0,30.3,25.8,Alternative Supplier,Alternative Supplier
2013-06-02,VINTAGE PHARMACEUTICALS LLC,ANDA INC,MEDICO PHARMACY #1407 (IL),IL,411,0.6202213880244554,False,False,False,False,True,0.6209388019984099,1,0.9648684193267388,27.0,30.2,36.7,27.2,30.0,27.0,Alternative Supplier,Alternative Supplier
2010-06-20,PAR PHARMACEUTICAL INC,CARDINAL HEALTH INC,WALMART PHARMACY #2370 (MA),MA,569,1.232690008698605,False,False,False,False,True,0.6202565544349746,1,0.9647612852195028,24.8,26.7,33.3,24.5,29.4,24.5,Inventory Buffer,Inventory Buffer
2011-11-16,SUN PHARMA GLOBAL INC,DAKOTA DRUG INC,WALGREENS #5730 (AR),AR,2853,10.086350322747704,True,False,False,False,True,0.6336426871096346,2,0.9647239721250084,40.9,86.5,103.5,15.6,22.2,15.6,Inventory Buffer,Inventory Buffer
2012-04-03,ACTAVIS PHARMA INC,BURLINGTON DRUG COMPANY INC,QUALITY CARE PHARMACY #6470 (OK),OK,10797,40.88034223816192,True,False,False,False,True,0.6572757202454489,2,0.9645021685447632,40.9,86.5,103.5,15.6,22.2,15.6,Inventory Buffer,Inventory Buffer
2012-06-16,IMPAX LABORATORIES INC,BELLCO DRUG CORP,VILLAGE PHARMACY #9734 (MT),MT,1190,3.6399242709685224,True,False,False,False,True,0.6234132584081864,2,0.9643180303600644,49.7,49.1,61.7,50.1,57.7,49.1,Combined Strategy,Combined Strategy
2011-05-11,CADISTA PHARMACEUTICALS INC,CARDINAL HEALTH INC,SUNRISE PHARMACY #7916 (MT),MT,245,-0.023258302050917,False,False,False,False,True,0.6218860795138629,1,0.9641187535447996,25.2,29.3,33.2,26.5,28.2,25.2,Alternative Supplier,Alternative Supplier
2007-09-11,MALLINCKRODT LLC,KEYSOURCE MEDICAL INC,WINN-DIXIE PHARMACY #4027 (MA),MA,4199,15.303962749503436,True,False,False,False,True,0.6232876194909,2,0.9641059925167104,40.9,86.5,103.5,15.6,22.2,15.6,Inventory Buffer,Inventory Buffer
2011-05-23,AMNEAL PHARMACEUTICALS LLC,HD SMITH WHOLESALE DRUG CO,CORNER DRUG STORE #8030 (TX),TX,3459,12.43543882989033,True,False,False,False,True,0.6522982730645471,2,0.9639139117180786,65.7,72.0,108.5,40.5,70.5,40.5,Inventory Buffer,Inventory Buffer
2012-07-07,QUALITEST PHARMACEUTICALS,KEYSOURCE MEDICAL INC,QUALITY CARE PHARMACY #8165 (IL),IL,9476,35.759639403285,True,False,False,False,True,0.6238710644601533,2,0.9638855769686984,40.9,86.5,103.5,15.6,22.2,15.6,Inventory Buffer,Inventory Buffer
2013-06-10,ACTAVIS PHARMA INC,NATIONAL WHOLESALE DRUG CO INC,SUNRISE PHARMACY #9537 (KY),KY,3956,14.362001516441294,True,False,False,False,True,0.6057256764837505,2,0.9638635166251444,65.7,72.0,108.5,40.5,70.5,40.5,Inventory Buffer,Inventory Buffer
2011-09-18,LANNETT COMPANY INC,HD SMITH WHOLESALE DRUG CO,PUBLIX PHARMACY #9124 (DE),DE,275,0.0930332082036683,False,False,False,False,True,0.6224700280995538,1,0.9637024960823832,24.7,28.5,33.8,26.1,27.9,24.7,Alternative Supplier,Alternative Supplier
2011-05-02,TEVA PHARMACEUTICALS USA INC,DAKOTA DRUG INC,PEOPLES PHARMACY #2660 (NC),NC,228,-0.0891568245285154,False,True,False,False,True,0.6197070157631114,2,0.9636380956945526,47.1,49.8,66.2,51.2,63.7,47.1,Alternative Supplier,Alternative Supplier
2012-11-08,AMNEAL PHARMACEUTICALS LLC,GULF COAST MEDICAL SUPPLY,MEDICO PHARMACY #3872 (CT),CT,537,1.108645731093714,False,False,False,False,True,0.6217994973467503,1,0.9636076461648476,23.3,22.1,29.8,22.2,24.8,22.1,Combined Strategy,Combined Strategy
2012-06-16,HIKMA PHARMACEUTICALS,ANDA INC,PUBLIX PHARMACY #9278 (VA),VA,20000,76.55470120059356,True,False,True,False,True,0.683488865418441,3,0.9635574587442616,60.7,81.8,123.8,34.4,64.9,34.4,Inventory Buffer,Inventory Buffer
2009-12-31,JANSSEN PHARMACEUTICALS INC,KINRAY LLC,MEDICO PHARMACY #6767 (NC),NC,1433,4.581885504030664,True,True,False,False,True,0.6313165678420095,3,0.9635219994815502,64.6,67.7,87.3,67.9,63.8,63.8,Production Reroute,Production Reroute
2010-07-20,RHODES TECHNOLOGIES,PRESCRIPTION SUPPLY INC,WALGREENS #3709 (RI),RI,6561,24.459980990214454,True,False,False,False,True,0.6296275222676843,2,0.9634778856490952,65.7,72.0,108.5,40.5,70.5,40.5,Inventory Buffer,Inventory Buffer
2011-10-19,CADISTA PHARMACEUTICALS INC,DIRECT RX,WALMART PHARMACY #5027 (SD),SD,68,-0.7093782125529708,False,False,False,False,True,0.618374481349195,1,0.9633979992779236,24.8,27.9,34.3,26.2,30.7,24.8,Alternative Supplier,Alternative Supplier
2014-02-13,PURDUE PHARMA LP,GULF COAST MEDICAL SUPPLY,CORNER DRUG STORE #3383 (OR),OR,1194,3.655429805669134,True,False,False,False,True,0.6267400750400617,2,0.963262712636311,51.5,50.9,63.6,51.2,55.7,50.9,Combined Strategy,Combined Strategy
2010-01-06,MYLAN PHARMACEUTICALS INC,BURLINGTON DRUG COMPANY INC,MAIN STREET PHARMACY #8201 (MO),MO,8751,32.94926123879919,True,False,False,False,True,0.6209198753009544,2,0.9632470094206314,40.9,86.5,103.5,15.6,22.2,15.6,Inventory Buffer,Inventory Buffer
2011-04-15,HIKMA PHARMACEUTICALS,BURLINGTON DRUG COMPANY INC,SUNRISE PHARMACY #9264 (RI),RI,20000,76.55470120059356,True,False,True,False,True,0.6921672745923365,3,0.9631486453855812,64.7,119.4,128.3,36.7,54.9,36.7,Inventory Buffer,Inventory Buffer
2008-12-16,TEVA PHARMACEUTICALS USA INC,CARDINAL HEALTH INC,HARRIS TEETER PHARMACY #6063 (NC),NC,713,1.7908892579206148,False,True,False,False,True,0.6046412753752909,2,0.9631476892814744,51.7,55.9,71.0,55.7,62.0,51.7,Alternative Supplier,Alternative Supplier
2013-02-12,ENDO PHARMACEUTICALS INC,NATIONAL WHOLESALE DRUG CO INC,SUNRISE PHARMACY #7702 (NC),NC,142,-0.4225258205916602,False,False,False,False,True,0.6027835696641148,1,0.9629931500614958,23.2,26.3,34.4,27.2,27.1,23.2,Alternative Supplier,Alternative Supplier
2013-02-03,TEVA PHARMACEUTICALS USA INC,VALUEDRUGCO,MAIN STREET PHARMACY #7935 (KY),KY,5985,22.227183993326417,True,False,True,False,True,0.6457431749026622,3,0.9629708417600664,92.0,104.3,133.7,55.9,101.8,55.9,Inventory Buffer,Inventory Buffer
2013-03-24,JANSSEN PHARMACEUTICALS INC,PENN PHARMACEUTICAL SERVICES INC,GOOD NEIGHBOR PHARMACY #6129 (NC),NC,507,0.9923542208391284,False,False,False,False,True,0.6286175714022164,1,0.962924750918994,25.3,28.1,34.3,25.6,28.6,25.3,Alternative Supplier,Alternative Supplier
2013-12-05,WATSON LABORATORIES INC,NATIONAL WHOLESALE DRUG CO INC,SUNRISE PHARMACY #8787 (TN),TN,20000,76.55470120059356,True,False,True,False,True,0.6677292301884608,3,0.9627946021310488,92.0,104.3,133.7,55.9,101.8,55.9,Inventory Buffer,Inventory Buffer
2013-04-05,TEVA PHARMACEUTICALS USA INC,HD SMITH WHOLESALE DRUG CO,HARRIS TEETER PHARMACY #4512 (NV),NV,7968,29.914052821154513,True,False,False,False,True,0.6204999114974713,2,0.9627394723957372,65.7,72.0,108.5,40.5,70.5,40.5,Inventory Buffer,Inventory Buffer
2011-08-09,ABBOTT LABORATORIES,SMITH DRUG COMPANY,HARRIS TEETER PHARMACY #6758 (NC),NC,826,2.2289206132128863,False,True,False,False,True,0.6205579796778472,2,0.9626251936629816,49.6,58.1,73.3,53.8,60.0,49.6,Alternative Supplier,Alternative Supplier
2012-06-25,VINTAGE PHARMACEUTICALS LLC,CARDINAL HEALTH INC,HEALTH MART PHARMACY #6716 (UT),UT,101,-0.5814575512729269,False,False,False,False,True,0.6165494205170602,1,0.9624444568656544,23.0,26.3,32.8,25.0,28.6,23.0,Alternative Supplier,Alternative Supplier
2010-06-18,SANDOZ INC,DAKOTA DRUG INC,WALMART PHARMACY #2320 (VA),VA,129,-0.4729188083686472,False,False,False,False,True,0.6222372532517679,1,0.9623680912970484,25.2,28.6,35.6,26.7,27.9,25.2,Alternative Supplier,Alternative Supplier
2010-02-08,CADISTA PHARMACEUTICALS INC,KEYSOURCE MEDICAL INC,MEDICO PHARMACY #6767 (NC),NC,4478,16.38547379487108,True,False,False,False,True,0.613026143470274,2,0.9623653115134037,40.9,86.5,103.5,15.6,22.2,15.6,Inventory Buffer,Inventory Buffer
2006-04-24,ABBOTT LABORATORIES,NATIONAL WHOLESALE DRUG CO INC,HARRIS TEETER PHARMACY #6758 (NC),NC,844,2.2986955193656375,False,True,False,False,True,0.6024833401207108,2,0.9622273166548728,49.9,53.8,69.5,53.9,59.3,49.9,Alternative Supplier,Alternative Supplier
2009-11-26,JANSSEN PHARMACEUTICALS INC,MORRIS & DICKSON CO LLC,PEOPLES PHARMACY #1635 (SD),SD,3501,12.59824694424675,True,False,False,False,True,0.6169484757224901,2,0.9620104315467616,36.4,49.6,99.2,18.5,33.6,18.5,Inventory Buffer,Inventory Buffer
2008-03-13,PAR PHARMACEUTICAL INC,ANDA INC,KROGER PHARMACY #4771 (NV),NV,81,-0.6589852247759838,False,False,False,False,True,0.6247317783493662,1,0.961993666737966,22.0,25.6,32.1,23.8,30.0,22.0,Alternative Supplier,Alternative Supplier
2012-07-31,CADISTA PHARMACEUTICALS INC,SMITH DRUG COMPANY,COMMUNITY PHARMACY #7816 (UT),UT,20000,76.55470120059356,True,False,True,False,True,0.7188654098814989,3,0.961911016398418,92.0,104.3,133.7,55.9,101.8,55.9,Inventory Buffer,Inventory Buffer
2013-11-20,ABBOTT LABORATORIES,HD SMITH WHOLESALE DRUG CO,HARRIS TEETER PHARMACY #6758 (NC),NC,1525,4.938512802144726,True,True,False,False,True,0.5977040532654703,3,0.9618605048934352,67.9,75.9,97.3,74.6,84.2,67.9,Alternative Supplier,Alternative Supplier
2010-03-09,MYLAN PHARMACEUTICALS INC,MORRIS & DICKSON CO LLC,MAIN STREET PHARMACY #2094 (KY),KY,37,-0.829546106482709,False,False,False,False,True,0.6257052772365977,1,0.9615564588620216,24.4,27.3,33.5,24.1,26.9,24.1,Inventory Buffer,Inventory Buffer
2011-05-30,IMPAX LABORATORIES INC,SMITH DRUG COMPANY,SUNRISE PHARMACY #9718 (HI),HI,54,-0.7636475840051107,False,False,False,False,True,0.6175234960434657,1,0.9614559530556056,24.8,27.1,34.9,24.5,27.8,24.5,Inventory Buffer,Inventory Buffer
2011-04-19,QUALITEST PHARMACEUTICALS,NATIONAL WHOLESALE DRUG CO INC,WALGREENS #1013 (NH),NH,116,-0.5233117961456342,False,False,False,False,True,0.6174387471374555,1,0.9613240715000396,23.2,26.3,35.0,25.8,29.6,23.2,Alternative Supplier,Alternative Supplier
2011-04-08,ABBOTT LABORATORIES,PRESCRIPTION SUPPLY INC,HOMETOWN PHARMACY #2224 (MN),MN,478,0.8799390942596961,False,False,False,False,True,0.6264520820668831,1,0.9612221270120418,25.2,28.6,36.1,27.5,30.6,25.2,Alternative Supplier,Alternative Supplier
2013-04-09,VINTAGE PHARMACEUTICALS LLC,NATIONAL WHOLESALE DRUG CO INC,GOOD NEIGHBOR PHARMACY #5060 (NH),NH,386,0.5233117961456342,False,False,False,False,True,0.6161955909128485,1,0.9610211908567464,23.2,26.3,35.0,25.8,29.6,23.2,Alternative Supplier,Alternative Supplier
2013-03-07,MALLINCKRODT LLC,BELLCO DRUG CORP,PUBLIX PHARMACY #2055 (NC),NC,865,2.3800995765438473,False,True,False,False,True,0.5908571141067603,2,0.960881669815322,48.5,50.5,67.2,51.5,56.6,48.5,Alternative Supplier,Alternative Supplier
2014-07-03,CADISTA PHARMACEUTICALS INC,HD SMITH WHOLESALE DRUG CO,VILLAGE PHARMACY #2199 (KS),KS,48,-0.7869058860560277,False,False,False,False,True,0.6224504857622033,1,0.9607734165863296,25.2,27.9,35.7,25.3,28.1,25.2,Alternative Supplier,Alternative Supplier
2012-07-08,IMPAX LABORATORIES INC,KINRAY LLC,MEDICO PHARMACY #6550 (VA),VA,20000,76.55470120059356,True,False,True,False,True,0.6753859782707722,3,0.9607422425902912,64.7,119.4,128.3,36.7,54.9,36.7,Inventory Buffer,Inventory Buffer
2011-11-12,TEVA PHARMACEUTICALS USA INC,HENRY SCHEIN INC,GOOD NEIGHBOR PHARMACY #6129 (NC),NC,1144,3.4616106219114915,False,True,True,False,True,0.6357963855456469,3,0.9605996663132896,74.6,81.3,97.4,74.9,86.7,74.6,Alternative Supplier,Alternative Supplier
2014-05-21,JANSSEN PHARMACEUTICALS INC,SMITH DRUG COMPANY,CVS PHARMACY #8436 (AZ),AZ,203,-0.1860664164073366,False,False,False,False,True,0.6180778387806883,1,0.960575222602167,23.6,26.7,34.8,26.7,28.5,23.6,Alternative Supplier,Alternative Supplier
2011-12-10,TEVA PHARMACEUTICALS USA INC,MORRIS & DICKSON CO LLC,CVS PHARMACY #9428 (AK),AK,450,0.7714003513554163,False,False,False,False,True,0.6289120899591758,1,0.9605444803705208,25.3,27.8,34.0,24.6,28.0,24.6,Inventory Buffer,Inventory Buffer
2011-11-16,MALLINCKRODT LLC,ANDA INC,KROGER PHARMACY #4771 (NV),NV,28,-0.8644335595590846,False,False,False,False,True,0.6133623548128169,1,0.96046391596668,25.6,29.1,35.2,27.6,30.7,25.6,Alternative Supplier,Alternative Supplier
2014-11-10,JANSSEN PHARMACEUTICALS INC,MCKESSON CORPORATION,MEDICO PHARMACY #6767 (NC),NC,657,1.5738117721120557,False,True,False,False,True,0.5987014699911436,2,0.9603866938651672,49.4,53.1,68.6,53.2,58.3,49.4,Alternative Supplier,Alternative Supplier
2011-08-11,LANNETT COMPANY INC,HENRY SCHEIN INC,HOMETOWN PHARMACY #4042 (MN),MN,1573,5.124579218552062,True,False,False,False,True,0.6326559394582951,2,0.959863680140422,39.0,43.9,57.6,48.2,49.2,39.0,Alternative Supplier,Alternative Supplier
2010-11-16,MALLINCKRODT LLC,KINRAY LLC,PUBLIX PHARMACY #1697 (MI),MI,2320,8.020237823891238,True,True,True,False,True,0.6398991497504546,4,0.9597907135350112,96.2,138.6,130.9,132.9,95.0,95.0,Production Reroute,Production Reroute
2010-07-19,QUALITEST PHARMACEUTICALS,MCKESSON CORPORATION,PEOPLES PHARMACY #2912 (WV),WV,493,0.9380848493869888,False,False,False,False,True,0.5973295610993663,1,0.9597873585324532,24.3,27.6,33.8,27.7,30.8,24.3,Alternative Supplier,Alternative Supplier
2013-04-19,IMPAX LABORATORIES INC,MORRIS & DICKSON CO LLC,HARRIS TEETER PHARMACY #6283 (CA),CA,398,0.5698284002474684,False,False,False,False,True,0.6161138589990023,1,0.9596752964951402,23.9,27.2,34.0,26.1,29.8,23.9,Alternative Supplier,Alternative Supplier
2012-02-05,SUN PHARMA GLOBAL INC,AMERISOURCEBERGEN DRUG CORP,CORNER DRUG STORE #1763 (DE),DE,536,1.1047693474185611,False,False,False,False,True,0.6144226426002999,1,0.9595488302923848,23.6,22.6,29.4,21.9,24.5,21.9,Inventory Buffer,Inventory Buffer
2012-08-21,MYLAN PHARMACEUTICALS INC,DIRECT RX,PUBLIX PHARMACY #2736 (ME),ME,471,0.852804408533626,False,False,False,False,True,0.619381012918027,1,0.9595007848510854,22.5,25.4,31.6,25.0,28.3,22.5,Alternative Supplier,Alternative Supplier
2013-01-12,VINTAGE PHARMACEUTICALS LLC,KEYSOURCE MEDICAL INC,MAIN STREET PHARMACY #8342 (MI),MI,16595,63.35561478669811,True,False,False,False,True,0.6431075637657843,2,0.9594805792186166,40.9,86.5,103.5,15.6,22.2,15.6,Inventory Buffer,Inventory Buffer
2010-12-15,HIKMA PHARMACEUTICALS,MORRIS & DICKSON CO LLC,MAIN STREET PHARMACY #7581 (LA),LA,18760,71.74798544340402,True,False,False,False,True,0.6502046289505615,2,0.959333685774994,36.4,49.6,99.2,18.5,33.6,18.5,Inventory Buffer,Inventory Buffer
2008-04-30,IMPAX LABORATORIES INC,HD SMITH WHOLESALE DRUG CO,HARRIS TEETER PHARMACY #4455 (CT),CT,13,-0.9225793146863772,False,False,False,False,True,0.6135636898926103,1,0.9593198410631784,26.0,29.4,37.1,27.5,30.6,26.0,Alternative Supplier,Alternative Supplier
2010-08-07,SANDOZ INC,HD SMITH WHOLESALE DRUG CO,PEOPLES PHARMACY #2132 (MO),MO,300,0.1899428000824894,False,False,False,False,True,0.6399187580779278,1,0.9590096785143748,23.6,26.7,34.8,26.7,28.5,23.6,Alternative Supplier,Alternative Supplier
2012-03-03,HIKMA PHARMACEUTICALS,CARDINAL HEALTH INC,QUALITY CARE PHARMACY #5311 (NM),NM,141,-0.426402204266813,False,False,False,False,True,0.639556651687737,1,0.9589940580193168,25.3,28.6,35.0,28.8,27.8,25.3,Alternative Supplier,Alternative Supplier
2011-08-04,CADISTA PHARMACEUTICALS INC,MIAMI-LUKEN INC,VILLAGE PHARMACY #9397 (NC),NC,1107,3.318184425930836,False,True,False,False,True,0.6070504709846839,2,0.958880118049006,49.1,56.6,66.2,54.1,57.7,49.1,Alternative Supplier,Alternative Supplier
2011-02-08,SUN PHARMA GLOBAL INC,DIRECT RX,PEOPLES PHARMACY #2912 (WV),WV,1722,5.702160386149837,True,True,False,False,True,0.6099351707387505,3,0.9588360688444586,72.1,74.7,85.0,73.9,87.8,72.1,Alternative Supplier,Alternative Supplier
2012-06-17,MYLAN PHARMACEUTICALS INC,ANDA INC,SUNRISE PHARMACY #8999 (NC),NC,1234,3.810485152675247,True,True,True,False,True,0.645175169115,4,0.9587404215099632,104.3,112.4,127.7,116.1,122.0,104.3,Alternative Supplier,Alternative Supplier
2013-08-19,PURDUE PHARMA LP,AMERISOURCEBERGEN DRUG CORP,HOMETOWN PHARMACY #3804 (KY),KY,2213,7.605464770649884,True,False,True,False,True,0.6591366895967399,3,0.958685074549612,103.9,95.6,86.2,60.7,71.6,60.7,Inventory Buffer,Inventory Buffer
2012-12-23,JANSSEN PHARMACEUTICALS INC,BELLCO DRUG CORP,WALMART PHARMACY #1339 (NC),NC,1981,6.706143758014424,True,True,False,False,True,0.5951371256164615,3,0.9586239152103564,73.3,68.7,83.5,51.4,76.5,51.4,Inventory Buffer,Inventory Buffer
2013-06-13,TEVA PHARMACEUTICALS USA INC,CARDINAL HEALTH INC,HARRIS TEETER PHARMACY #6458 (CO),CO,122,-0.5000534940947171,False,False,False,False,True,0.6209082878259795,1,0.9585248003905265,24.9,28.2,35.2,26.9,29.8,24.9,Alternative Supplier,Alternative Supplier
2011-06-04,AMNEAL PHARMACEUTICALS LLC,DAKOTA DRUG INC,SUNRISE PHARMACY #8999 (NC),NC,2806,9.904160290015522,True,True,False,False,True,0.6217975629256925,3,0.9583989105863728,64.7,119.4,128.3,36.7,54.9,36.7,Inventory Buffer,Inventory Buffer
2010-05-15,JANSSEN PHARMACEUTICALS INC,CARDINAL HEALTH INC,CVS PHARMACY #5592 (MT),MT,5062,18.649281861160343,True,False,False,False,True,0.6264116045879542,2,0.9582041677286228,40.9,86.5,103.5,15.6,22.2,15.6,Inventory Buffer,Inventory Buffer
2014-01-16,IMPAX LABORATORIES INC,SMITH DRUG COMPANY,HOMETOWN PHARMACY #8469 (NC),NC,6694,24.975540019009784,True,False,False,False,True,0.6011040701493411,2,0.9580483627227264,65.7,72.0,108.5,40.5,70.5,40.5,Inventory Buffer,Inventory Buffer
2010-07-12,SUN PHARMA GLOBAL INC,HENRY SCHEIN INC,WALMART PHARMACY #1339 (NC),NC,660,1.585440923137514,False,True,False,False,True,0.5965660951912722,2,0.9580157574982212,49.1,52.9,68.5,53.0,58.2,49.1,Alternative Supplier,Alternative Supplier
2013-07-22,JANSSEN PHARMACEUTICALS INC,AMERISOURCEBERGEN DRUG CORP,QUALITY CARE PHARMACY #8199 (WV),WV,1662,5.469577365640665,True,True,False,False,True,0.5886051132429319,3,0.9580010320000188,73.0,71.6,82.9,67.8,78.2,67.8,Inventory Buffer,Inventory Buffer
2007-12-09,ENDO PHARMACEUTICALS INC,AMERISOURCEBERGEN DRUG CORP,SUNRISE PHARMACY #6286 (AZ),AZ,2247,7.73726181560508,True,False,False,False,True,0.6189509953792531,2,0.9579419849167377,58.1,57.0,63.6,40.2,38.8,38.8,Production Reroute,Production Reroute
2012-06-15,SUN PHARMA GLOBAL INC,AMERISOURCEBERGEN DRUG CORP,CVS PHARMACY #3742 (SD),SD,4693,17.21889628502894,True,False,True,False,True,0.6578654482012188,3,0.957817543581062,60.7,81.8,123.8,34.4,64.9,34.4,Inventory Buffer,Inventory Buffer
2011-10-10,PURDUE PHARMA LP,MIAMI-LUKEN INC,PEOPLES PHARMACY #6526 (WA),WA,118,-0.5155590287953286,False,False,False,False,True,0.6127257969485745,1,0.9577082489154491,23.7,27.0,34.0,25.7,30.0,23.7,Alternative Supplier,Alternative Supplier
2012-04-05,ABBOTT LABORATORIES,GULF COAST MEDICAL SUPPLY,CORNER DRUG STORE #3383 (OR),OR,429,0.6899962941772065,False,False,False,False,True,0.6145684154746965,1,0.9575624562719292,20.8,24.2,32.5,23.4,29.8,20.8,Alternative Supplier,Alternative Supplier
2011-07-23,AMNEAL PHARMACEUTICALS LLC,DIRECT RX,QUALITY CARE PHARMACY #3071 (KY),KY,20000,76.55470120059356,True,False,True,False,True,0.7025330987687306,3,0.9574084883493406,60.7,81.8,123.8,34.4,64.9,34.4,Inventory Buffer,Inventory Buffer
2008-08-02,VINTAGE PHARMACEUTICALS LLC,DIRECT RX,PUBLIX PHARMACY #6736 (TN),TN,110,-0.5465700981965512,False,False,False,False,True,0.610943417277272,1,0.9573297352480354,21.0,26.2,33.6,23.5,28.0,21.0,Alternative Supplier,Alternative Supplier
2011-02-17,TEVA PHARMACEUTICALS USA INC,HENRY SCHEIN INC,GOOD NEIGHBOR PHARMACY #6129 (NC),NC,1190,3.6399242709685224,True,True,False,False,True,0.6002224081480291,3,0.9572915116786302,71.3,76.1,93.3,73.2,85.8,71.3,Alternative Supplier,Alternative Supplier
2012-04-14,MYLAN PHARMACEUTICALS INC,PRESCRIPTION SUPPLY INC,SUNRISE PHARMACY #8999 (NC),NC,205,-0.1783136490570309,False,True,False,False,True,0.6115867716539857,2,0.957264790728869,49.8,53.7,68.6,53.3,58.5,49.8,Alternative Supplier,Alternative Supplier
2007-12-30,JANSSEN PHARMACEUTICALS INC,DAKOTA DRUG INC,QUALITY CARE PHARMACY #8199 (WV),WV,933,2.643693666454241,False,True,False,False,True,0.5949712967042855,2,0.9571810617202368,49.5,51.3,66.0,52.8,61.4,49.5,Alternative Supplier,Alternative Supplier
2011-06-30,CADISTA PHARMACEUTICALS INC,DAKOTA DRUG INC,HEALTH MART PHARMACY #2396 (NY),NY,9086,34.247849769975396,True,False,False,False,True,0.6176236255807576,2,0.9571029288641082,40.9,86.5,103.5,15.6,22.2,15.6,Inventory Buffer,Inventory Buffer
2011-05-06,SUN PHARMA GLOBAL INC,HD SMITH WHOLESALE DRUG CO,PUBLIX PHARMACY #6189 (IA),IA,583,1.2869593801507448,False,False,False,False,True,0.6289352809651645,1,0.9569175323194162,22.4,24.5,32.8,24.8,27.9,22.4,Alternative Supplier,Alternative Supplier
2011-08-19,ACTAVIS PHARMA INC,ANDA INC,PUBLIX PHARMACY #1697 (MI),MI,1857,6.22547218229547,True,True,False,False,True,0.6022053230460932,3,0.9568352658035127,75.0,76.2,79.2,69.6,91.1,69.6,Inventory Buffer,Inventory Buffer
2013-09-24,SUN PHARMA GLOBAL INC,MIAMI-LUKEN INC,HEALTH MART PHARMACY #6840 (FL),FL,819,2.2017859274868163,False,False,False,False,True,0.6083354989281448,1,0.9565455414811296,22.9,24.1,28.4,23.6,28.2,22.9,Alternative Supplier,Alternative Supplier
2009-07-16,ACTAVIS PHARMA INC,PENN PHARMACEUTICAL SERVICES INC,HOMETOWN PHARMACY #7981 (TX),TX,6240,23.215661830490394,True,False,False,False,True,0.6117670247736691,2,0.9564389355871082,36.4,49.6,99.2,18.5,33.6,18.5,Inventory Buffer,Inventory Buffer
2009-09-11,AMNEAL PHARMACEUTICALS LLC,KEYSOURCE MEDICAL INC,HOMETOWN PHARMACY #6513 (WV),WV,14812,56.44402269390059,True,False,False,False,True,0.6353703377994835,2,0.9563237035764962,40.9,86.5,103.5,15.6,22.2,15.6,Inventory Buffer,Inventory Buffer
2012-10-25,ABBOTT LABORATORIES,MIAMI-LUKEN INC,VILLAGE PHARMACY #4422 (MS),MS,4146,15.098514414720334,True,False,False,False,True,0.609026358422515,2,0.9561452270504474,40.9,86.5,103.5,15.6,22.2,15.6,Inventory Buffer,Inventory Buffer
2011-03-03,ABBOTT LABORATORIES,ANDA INC,SUNRISE PHARMACY #1937 (TN),TN,14898,56.777391689963736,True,False,False,False,True,0.6108767647726794,2,0.9560544909389616,36.4,49.6,99.2,18.5,33.6,18.5,Inventory Buffer,Inventory Buffer
2013-03-04,WATSON LABORATORIES INC,PENN PHARMACEUTICAL SERVICES INC,GOOD NEIGHBOR PHARMACY #6129 (NC),NC,136,-0.4457841226425773,False,False,False,False,True,0.6000329601473817,1,0.9559903241706637,24.5,27.7,34.1,27.1,28.8,24.5,Alternative Supplier,Alternative Supplier
2007-12-19,QUALITEST PHARMACEUTICALS,DAKOTA DRUG INC,VILLAGE PHARMACY #7951 (SC),SC,3428,12.31527093596059,True,False,False,False,True,0.6126874747103226,2,0.9559566640823064,40.9,86.5,103.5,15.6,22.2,15.6,Inventory Buffer,Inventory Buffer
2013-03-07,PAR PHARMACEUTICAL INC,HENRY SCHEIN INC,GOOD NEIGHBOR PHARMACY #7042 (MT),MT,170,-0.3139870776873805,False,False,False,False,True,0.6142468573071518,1,0.955748339179168,24.1,27.4,33.8,26.4,27.7,24.1,Alternative Supplier,Alternative Supplier
2014-12-01,ENDO PHARMACEUTICALS INC,GULF COAST MEDICAL SUPPLY,WINN-DIXIE PHARMACY #2880 (MI),MI,259,0.0310110694012227,False,False,False,False,True,0.6087068786580814,1,0.9556429525340344,24.7,28.5,33.8,26.1,27.9,24.7,Alternative Supplier,Alternative Supplier
2013-04-03,LANNETT COMPANY INC,VALUEDRUGCO,WINN-DIXIE PHARMACY #6825 (IA),IA,3432,12.330776470661204,True,False,False,False,True,0.6430629611735545,2,0.9556310324328314,65.7,72.0,108.5,40.5,70.5,40.5,Inventory Buffer,Inventory Buffer
2012-11-26,ABBOTT LABORATORIES,PENN PHARMACEUTICAL SERVICES INC,VILLAGE PHARMACY #6515 (MT),MT,465,0.829546106482709,False,False,False,False,True,0.6187333030765843,1,0.9554214029388703,24.4,27.3,33.5,24.1,26.9,24.1,Inventory Buffer,Inventory Buffer
2011-04-21,PURDUE PHARMA LP,BURLINGTON DRUG COMPANY INC,MAIN STREET PHARMACY #4193 (KS),KS,548,1.1512859515203953,False,False,False,False,True,0.6087842769447388,1,0.9553749737562474,24.6,27.0,33.8,25.2,27.9,24.6,Alternative Supplier,Alternative Supplier
2013-12-09,LANNETT COMPANY INC,CARDINAL HEALTH INC,HARRIS TEETER PHARMACY #6458 (CO),CO,58,-0.7481420493044992,False,False,False,False,True,0.6072417701063567,1,0.9551009939537936,26.0,28.9,35.3,27.2,30.7,26.0,Alternative Supplier,Alternative Supplier
2007-12-13,MYLAN PHARMACEUTICALS INC,CARDINAL HEALTH INC,HOMETOWN PHARMACY #8919 (KY),KY,1792,5.973507243410536,True,False,False,False,True,0.5986511623798383,2,0.9550717381058286,54.7,59.9,65.3,49.1,43.2,43.2,Production Reroute,Production Reroute
2013-05-24,JANSSEN PHARMACEUTICALS INC,AMERISOURCEBERGEN DRUG CORP,GOOD NEIGHBOR PHARMACY #6915 (NH),NH,3475,12.497460968692776,True,False,False,False,True,0.608800266856242,2,0.9549911052226426,36.4,49.6,99.2,18.5,33.6,18.5,Inventory Buffer,Inventory Buffer
2011-12-20,JANSSEN PHARMACEUTICALS INC,KEYSOURCE MEDICAL INC,WALMART PHARMACY #6240 (NC),NC,29,-0.8605571758839318,False,True,False,False,True,0.6011082023793345,2,0.9549080404785332,53.1,55.7,71.4,55.7,61.0,53.1,Alternative Supplier,Alternative Supplier
2009-12-22,ENDO PHARMACEUTICALS INC,MCKESSON CORPORATION,PUBLIX PHARMACY #2769 (WV),WV,2285,7.884564395260888,True,False,False,False,True,0.5945354627942011,2,0.95487819655312,36.7,48.7,59.5,48.9,17.8,17.8,Production Reroute,Production Reroute
2011-12-04,JANSSEN PHARMACEUTICALS INC,AMERISOURCEBERGEN DRUG CORP,WALMART PHARMACY #6240 (NC),NC,222,-0.1124151265794325,False,True,False,False,True,0.601030462983172,2,0.9548730515247342,59.2,61.5,74.3,63.7,69.1,59.2,Alternative Supplier,Alternative Supplier
2011-06-21,ABBOTT LABORATORIES,DAKOTA DRUG INC,FAMILY CARE PHARMACY #7641 (AL),AL,88,-0.6318505390499138,False,False,False,False,True,0.6245581677503302,1,0.9548142082511344,23.7,27.3,33.8,25.5,29.4,23.7,Alternative Supplier,Alternative Supplier
2012-09-20,PURDUE PHARMA LP,KEYSOURCE MEDICAL INC,PEOPLES PHARMACY #2912 (WV),WV,16573,63.27033434584475,True,False,False,False,True,0.6183834638236347,2,0.9546703111376488,40.9,86.5,103.5,15.6,22.2,15.6,Inventory Buffer,Inventory Buffer
2012-07-12,JANSSEN PHARMACEUTICALS INC,GULF COAST MEDICAL SUPPLY,CORNER DRUG STORE #3383 (OR),OR,1044,3.0739722543962067,False,False,False,False,True,0.6276415983294169,1,0.9545357397494724,21.8,23.2,30.8,23.5,26.6,21.8,Alternative Supplier,Alternative Supplier
2011-05-30,AMNEAL PHARMACEUTICALS LLC,BURLINGTON DRUG COMPANY INC,WALMART PHARMACY #5415 (IA),IA,4590,16.819628766488197,True,False,False,False,True,0.6403573654793571,2,0.95447724694541,40.9,86.5,103.5,15.6,22.2,15.6,Inventory Buffer,Inventory Buffer
2012-12-16,IMPAX LABORATORIES INC,BELLCO DRUG CORP,FAMILY CARE PHARMACY #7468 (NE),NE,615,1.411003657755636,False,False,False,False,True,0.6394690595377337,1,0.954361052664707,23.8,25.9,33.8,24.6,28.0,23.8,Alternative Supplier,Alternative Supplier
2010-08-27,WATSON LABORATORIES INC,MIAMI-LUKEN INC,PEOPLES PHARMACY #6526 (WA),WA,1229,3.791103234299483,True,False,False,False,True,0.6066836577529701,2,0.9542914147215013,48.2,49.7,63.4,49.0,53.3,48.2,Alternative Supplier,Alternative Supplier
2010-07-21,MYLAN PHARMACEUTICALS INC,CARDINAL HEALTH INC,HEALTH MART PHARMACY #6354 (SC),SC,8573,32.25926494462198,True,False,False,False,True,0.6136554742221972,2,0.9542091979832495,40.9,86.5,103.5,15.6,22.2,15.6,Inventory Buffer,Inventory Buffer
2009-09-07,ACTAVIS PHARMA INC,HENRY SCHEIN INC,SUNRISE PHARMACY #9537 (KY),KY,6529,24.335936712609566,True,False,False,False,True,0.6133799679198181,2,0.9539695443897552,36.4,49.6,99.2,18.5,33.6,18.5,Inventory Buffer,Inventory Buffer
2013-06-26,ACTAVIS PHARMA INC,DIRECT RX,COMMUNITY PHARMACY #3782 (NC),NC,207,-0.1705608817067252,False,False,False,False,True,0.595245642561511,1,0.9538689996621248,24.3,27.6,33.9,27.0,28.7,24.3,Alternative Supplier,Alternative Supplier
2011-12-23,QUALITEST PHARMACEUTICALS,VALUEDRUGCO,HOMETOWN PHARMACY #6892 (WY),WY,207,-0.1705608817067252,False,False,False,False,True,0.622003255573668,1,0.9536317722541492,23.5,26.6,34.7,26.7,28.4,23.5,Alternative Supplier,Alternative Supplier
2013-04-15,HIKMA PHARMACEUTICALS,GULF COAST MEDICAL SUPPLY,MEDICO PHARMACY #6092 (NY),NY,141,-0.426402204266813,False,False,False,False,True,0.6105978262757836,1,0.9535160941321056,23.2,26.3,34.4,27.2,27.1,23.2,Alternative Supplier,Alternative Supplier
2013-11-01,HIKMA PHARMACEUTICALS,SMITH DRUG COMPANY,HARRIS TEETER PHARMACY #8332 (SD),SD,460,0.8101641881069448,False,False,False,False,True,0.6102893186267614,1,0.953500635724965,24.4,27.2,34.9,24.5,27.3,24.4,Alternative Supplier,Alternative Supplier
2011-07-24,AMNEAL PHARMACEUTICALS LLC,ANDA INC,SUNRISE PHARMACY #1845 (LA),LA,20000,76.55470120059356,True,False,True,False,True,0.7001604928106959,3,0.9534987808712444,60.7,81.8,123.8,34.4,64.9,34.4,Inventory Buffer,Inventory Buffer
2007-02-21,ABBOTT LABORATORIES,NATIONAL WHOLESALE DRUG CO INC,HARRIS TEETER PHARMACY #6758 (NC),NC,676,1.6474630619399595,False,True,False,False,True,0.5922169936424397,2,0.9534383427289168,48.2,52.1,67.1,51.4,59.9,48.2,Alternative Supplier,Alternative Supplier
2013-02-01,JANSSEN PHARMACEUTICALS INC,MCKESSON CORPORATION,HOMETOWN PHARMACY #6032 (SC),SC,3459,12.43543882989033,True,False,False,False,True,0.6077685317763483,2,0.9534133535165662,40.9,86.5,103.5,15.6,22.2,15.6,Inventory Buffer,Inventory Buffer
2010-08-16,AMNEAL PHARMACEUTICALS LLC,BELLCO DRUG CORP,GOOD NEIGHBOR PHARMACY #6942 (ME),ME,31,-0.852804408533626,False,False,False,False,True,0.6139974322290227,1,0.9532033532346562,22.1,24.8,32.6,24.9,28.2,22.1,Alternative Supplier,Alternative Supplier
2011-07-14,WATSON LABORATORIES INC,SMITH DRUG COMPANY,COMMUNITY PHARMACY #9484 (NV),NV,1354,4.275651193693589,True,False,False,False,True,0.6075871447547567,2,0.9531473137170654,51.5,52.7,64.1,48.7,49.7,48.7,Inventory Buffer,Inventory Buffer
2010-02-26,AMNEAL PHARMACEUTICALS LLC,GULF COAST MEDICAL SUPPLY,SUNRISE PHARMACY #8999 (NC),NC,2358,8.167540403547047,True,True,False,False,True,0.5904657678578291,3,0.9530299035772446,85.5,79.0,73.1,56.3,66.6,56.3,Inventory Buffer,Inventory Buffer
2011-07-24,MALLINCKRODT LLC,DIRECT RX,PUBLIX PHARMACY #2055 (NC),NC,1025,3.000320964568303,False,True,False,False,True,0.5836182753900996,2,0.9528133635271246,48.9,50.1,64.6,52.0,55.5,48.9,Alternative Supplier,Alternative Supplier
2006-12-31,ENDO PHARMACEUTICALS INC,DIRECT RX,COMMUNITY PHARMACY #3782 (NC),NC,58,-0.7481420493044992,False,False,False,False,True,0.6049291668267426,1,0.9527509782211404,26.3,28.8,35.2,27.1,30.7,26.3,Alternative Supplier,Alternative Supplier
2014-04-29,ENDO PHARMACEUTICALS INC,NATIONAL WHOLESALE DRUG CO INC,RITE AID #5277 (TX),TX,82,-0.655108841100831,False,False,False,False,True,0.6138287009623153,1,0.952530750458611,21.2,24.6,32.9,23.5,30.2,21.2,Alternative Supplier,Alternative Supplier
2011-11-11,JANSSEN PHARMACEUTICALS INC,ANDA INC,GOOD NEIGHBOR PHARMACY #8540 (OH),OH,6037,22.428755944434368,True,False,True,False,True,0.6336284482623202,3,0.9525293541464388,60.7,81.8,123.8,34.4,64.9,34.4,Inventory Buffer,Inventory Buffer
2013-02-12,SUN PHARMA GLOBAL INC,HENRY SCHEIN INC,RITE AID #6273 (NE),NE,2404,8.345854052604077,True,False,False,False,True,0.6344125149179706,2,0.9525048461641528,36.4,49.6,99.2,18.5,33.6,18.5,Inventory Buffer,Inventory Buffer
2010-12-03,QUALITEST PHARMACEUTICALS,HENRY SCHEIN INC,RITE AID #6273 (NE),NE,143,-0.4186494369165073,False,False,False,False,True,0.6238192776103172,1,0.9524989616140462,24.1,27.3,33.7,27.6,27.5,24.1,Alternative Supplier,Alternative Supplier
2012-07-07,MALLINCKRODT LLC,PRESCRIPTION SUPPLY INC,KROGER PHARMACY #3779 (SC),SC,606,1.3761162046792603,False,False,False,False,True,0.6394725333777699,1,0.9524976423717731,22.2,23.5,33.0,23.1,26.2,22.2,Alternative Supplier,Alternative Supplier
2011-11-06,HIKMA PHARMACEUTICALS,DAKOTA DRUG INC,MAIN STREET PHARMACY #1103 (AK),AK,923,2.6049298297027126,False,False,False,False,True,0.6111602602696613,1,0.9524527110715372,23.2,25.0,30.2,23.8,30.0,23.2,Alternative Supplier,Alternative Supplier
2010-07-03,PAR PHARMACEUTICAL INC,MIAMI-LUKEN INC,PEOPLES PHARMACY #6526 (WA),WA,133,-0.4574132736680358,False,False,False,False,True,0.6076648858441197,1,0.9521044845753286,28.3,31.7,38.0,30.7,32.3,28.3,Alternative Supplier,Alternative Supplier
2009-12-25,CADISTA PHARMACEUTICALS INC,CARDINAL HEALTH INC,HEALTH MART PHARMACY #5593 (KY),KY,3435,12.34240562168666,True,False,False,False,True,0.6004073516825699,2,0.9519238177808302,40.9,86.5,103.5,15.6,22.2,15.6,Inventory Buffer,Inventory Buffer
2012-06-17,SANDOZ INC,VALUEDRUGCO,WALGREENS #9353 (NM),NM,322,0.275223240935852,False,False,False,False,True,0.6223455030857264,1,0.9519133117683584,22.9,26.0,34.1,25.7,27.5,22.9,Alternative Supplier,Alternative Supplier
2012-03-18,MALLINCKRODT LLC,PRESCRIPTION SUPPLY INC,SUNRISE PHARMACY #8999 (NC),NC,8885,33.468696651269674,True,False,True,False,True,0.6441262891852809,3,0.9518888525163636,92.0,104.3,133.7,55.9,101.8,55.9,Inventory Buffer,Inventory Buffer
2012-08-17,IMPAX LABORATORIES INC,MORRIS & DICKSON CO LLC,MAIN STREET PHARMACY #4501 (WV),WV,7236,27.07653997094263,True,False,False,False,True,0.6208926471649754,2,0.9518772577557124,36.4,49.6,99.2,18.5,33.6,18.5,Inventory Buffer,Inventory Buffer
2013-01-23,RHODES TECHNOLOGIES,HD SMITH WHOLESALE DRUG CO,HARRIS TEETER PHARMACY #7261 (KY),KY,1493,4.814468524539834,True,False,False,False,True,0.6234812050883594,2,0.9518586823195804,51.0,50.7,63.0,52.9,55.5,50.7,Combined Strategy,Combined Strategy
2013-04-16,SUN PHARMA GLOBAL INC,KINRAY LLC,PEOPLES PHARMACY #2912 (WV),WV,194,-0.2209538694837122,False,True,False,False,True,0.5874845968076374,2,0.9518171540203616,52.2,52.4,66.1,53.1,60.0,52.2,Alternative Supplier,Alternative Supplier
2010-09-24,ENDO PHARMACEUTICALS INC,BELLCO DRUG CORP,GOOD NEIGHBOR PHARMACY #6942 (ME),ME,253,0.0077527673503056,False,False,False,False,True,0.6047243979044359,1,0.9516504837572576,24.7,28.5,33.8,26.1,27.9,24.7,Alternative Supplier,Alternative Supplier
2011-11-19,VINTAGE PHARMACEUTICALS LLC,ANDA INC,SUNRISE PHARMACY #5636 (TX),TX,443,0.7442656656293464,False,False,False,False,True,0.6133360953318991,1,0.9516129130191884,26.3,28.8,35.2,27.1,30.7,26.3,Alternative Supplier,Alternative Supplier
2014-02-16,HIKMA PHARMACEUTICALS,SMITH DRUG COMPANY,CORNER DRUG STORE #3499 (SD),SD,882,2.4459980990214456,False,False,True,False,True,0.6464877246705755,2,0.9515506995379112,49.4,51.7,68.4,52.6,57.7,49.4,Alternative Supplier,Alternative Supplier
2010-03-31,HIKMA PHARMACEUTICALS,KEYSOURCE MEDICAL INC,KROGER PHARMACY #7026 (MS),MS,480,0.8876918616100017,False,False,False,False,True,0.6430077184965282,1,0.9515479843813855,24.8,28.1,34.2,26.7,29.9,24.8,Alternative Supplier,Alternative Supplier
2013-01-03,ACTAVIS PHARMA INC,MCKESSON CORPORATION,GOOD NEIGHBOR PHARMACY #2219 (NM),NM,364,0.4380313552922716,False,False,False,True,True,0.627099013356599,2,0.951491490109012,,77.4,84.7,68.5,75.6,68.5,Inventory Buffer,Inventory Buffer
2010-11-18,JANSSEN PHARMACEUTICALS INC,AMERISOURCEBERGEN DRUG CORP,WALMART PHARMACY #6240 (NC),NC,88,-0.6318505390499138,False,True,False,False,True,0.582917404645571,2,0.9513490319485082,49.4,53.3,67.8,49.1,59.2,49.1,Inventory Buffer,Inventory Buffer
2014-04-08,JANSSEN PHARMACEUTICALS INC,HENRY SCHEIN INC,PUBLIX PHARMACY #2397 (LA),LA,50,-0.779153118705722,False,False,False,False,True,0.6086181341638188,1,0.9509984655070256,25.3,27.8,34.0,24.6,28.0,24.6,Inventory Buffer,Inventory Buffer
2013-06-05,ENDO PHARMACEUTICALS INC,MIAMI-LUKEN INC,HARRIS TEETER PHARMACY #3473 (WV),WV,556,1.182297020921618,False,True,False,False,True,0.5873436058942216,2,0.9508959527201444,49.4,53.2,70.1,54.6,59.6,49.4,Alternative Supplier,Alternative Supplier
2013-07-16,PURDUE PHARMA LP,GULF COAST MEDICAL SUPPLY,MAIN STREET PHARMACY #6958 (DE),DE,541,1.1241512657943251,False,False,False,False,True,0.6231660380733175,1,0.9508121754651184,23.8,22.6,30.2,22.7,25.3,22.6,Combined Strategy,Combined Strategy
2013-04-30,ABBOTT LABORATORIES,AMERISOURCEBERGEN DRUG CORP,HARRIS TEETER PHARMACY #6758 (NC),NC,979,2.822007315511272,False,True,False,False,True,0.5877931460095382,2,0.9506958909343172,47.9,49.4,64.1,51.7,56.2,47.9,Alternative Supplier,Alternative Supplier
2011-04-16,SANDOZ INC,MORRIS & DICKSON CO LLC,MAIN STREET PHARMACY #2094 (KY),KY,56,-0.755894816654805,False,False,False,False,True,0.5932799085398355,1,0.9506187735216362,27.3,29.9,36.1,28.1,31.7,27.3,Alternative Supplier,Alternative Supplier
2012-09-04,TEVA PHARMACEUTICALS USA INC,KINRAY LLC,PEOPLES PHARMACY #2660 (NC),NC,1877,6.302999855798528,True,True,False,False,True,0.6048607238796054,3,0.9502497227219152,65.4,72.1,70.9,91.9,78.6,65.4,Alternative Supplier,Alternative Supplier
2009-05-25,RHODES TECHNOLOGIES,AMERISOURCEBERGEN DRUG CORP,PEOPLES PHARMACY #2188 (IA),IA,63,-0.728760130928735,False,False,False,False,True,0.609870187826108,1,0.9500503256934334,25.1,27.7,34.0,25.9,30.2,25.1,Alternative Supplier,Alternative Supplier
2013-05-01,PURDUE PHARMA LP,PRESCRIPTION SUPPLY INC,KROGER PHARMACY #3779 (SC),SC,736,1.8800460824491303,False,False,False,False,True,0.6093066677925316,1,0.9500458578170766,22.2,24.5,32.9,22.8,26.0,22.2,Alternative Supplier,Alternative Supplier
2012-08-25,QUALITEST PHARMACEUTICALS,MORRIS & DICKSON CO LLC,MAIN STREET PHARMACY #2094 (KY),KY,174,-0.2984815429867691,False,False,False,False,True,0.5947908179921603,1,0.9500182978041432,24.5,27.8,34.2,26.8,28.5,24.5,Alternative Supplier,Alternative Supplier
2012-01-28,MALLINCKRODT LLC,PRESCRIPTION SUPPLY INC,HARRIS TEETER PHARMACY #2619 (RI),RI,7101,26.553228174796995,True,False,False,False,True,0.6116537515763718,2,0.949905271323849,65.7,72.0,108.5,40.5,70.5,40.5,Inventory Buffer,Inventory Buffer
2013-03-26,VINTAGE PHARMACEUTICALS LLC,VALUEDRUGCO,CORNER DRUG STORE #9454 (NM),NM,8217,30.87927235626757,True,False,False,False,True,0.6042032055683066,2,0.9498069597390996,65.7,72.0,108.5,40.5,70.5,40.5,Inventory Buffer,Inventory Buffer
2008-07-28,ACTAVIS PHARMA INC,MIAMI-LUKEN INC,WALMART PHARMACY #6240 (NC),NC,289,0.1473025796558081,False,False,False,False,True,0.5937125537437491,1,0.94969820176288,24.4,27.6,34.0,27.0,28.7,24.4,Alternative Supplier,Alternative Supplier
2010-07-30,TEVA PHARMACEUTICALS USA INC,MIAMI-LUKEN INC,PEOPLES PHARMACY #4186 (SD),SD,808,2.159145707060135,False,False,False,False,True,0.6035686954435115,1,0.9496519148762516,23.0,25.0,29.6,23.7,30.7,23.0,Alternative Supplier,Alternative Supplier
2013-08-04,ABBOTT LABORATORIES,DAKOTA DRUG INC,PUBLIX PHARMACY #4758 (VT),VT,1334,4.198123520190532,True,False,False,False,True,0.6211403388305956,2,0.9495022212278152,51.0,52.8,66.7,52.1,55.4,51.0,Alternative Supplier,Alternative Supplier
2009-03-23,SUN PHARMA GLOBAL INC,MCKESSON CORPORATION,HEALTH MART PHARMACY #5593 (KY),KY,2882,10.198765449327135,True,False,False,False,True,0.5870113305511757,2,0.9494677197934328,40.9,86.5,103.5,15.6,22.2,15.6,Inventory Buffer,Inventory Buffer
2011-02-15,ACTAVIS PHARMA INC,ANDA INC,PEOPLES PHARMACY #6007 (WV),WV,1211,3.721328328146732,True,True,False,False,True,0.6086915314248841,3,0.9492649502494264,71.4,74.7,92.6,70.8,79.8,70.8,Inventory Buffer,Inventory Buffer
2013-11-07,ABBOTT LABORATORIES,PRESCRIPTION SUPPLY INC,CORNER DRUG STORE #2881 (AL),AL,8490,31.9375250995843,True,False,False,False,True,0.6094831564980585,2,0.949257392241592,65.7,72.0,108.5,40.5,70.5,40.5,Inventory Buffer,Inventory Buffer
2014-03-06,VINTAGE PHARMACEUTICALS LLC,AMERISOURCEBERGEN DRUG CORP,MEDICO PHARMACY #2099 (NJ),NJ,6092,22.64195704656777,True,False,False,False,True,0.6027625594783482,2,0.9491867107516538,36.4,49.6,99.2,18.5,33.6,18.5,Inventory Buffer,Inventory Buffer
2014-11-13,AMNEAL PHARMACEUTICALS LLC,BURLINGTON DRUG COMPANY INC,KROGER PHARMACY #1887 (KY),KY,531,1.085387429042797,False,True,False,False,True,0.5937201249353111,2,0.9491372614805534,52.2,60.1,76.9,50.7,62.3,50.7,Inventory Buffer,Inventory Buffer
2011-02-22,RHODES TECHNOLOGIES,MORRIS & DICKSON CO LLC,KROGER PHARMACY #1627 (WY),WY,3989,14.489922177721338,True,False,False,False,True,0.64022143408709,2,0.9489441646697602,36.4,49.6,99.2,18.5,33.6,18.5,Inventory Buffer,Inventory Buffer
2012-06-30,VINTAGE PHARMACEUTICALS LLC,MCKESSON CORPORATION,CORNER DRUG STORE #1891 (MT),MT,48,-0.7869058860560277,False,False,False,False,True,0.604165401035731,1,0.9489232229440184,25.4,28.4,34.6,25.3,28.0,25.3,Inventory Buffer,Inventory Buffer
2009-02-16,SUN PHARMA GLOBAL INC,DAKOTA DRUG INC,MAIN STREET PHARMACY #1103 (AK),AK,1175,3.5817785158412296,False,False,False,False,True,0.6061784179639652,1,0.9489226505164876,23.2,24.8,29.7,25.0,26.9,23.2,Alternative Supplier,Alternative Supplier
2011-10-29,WATSON LABORATORIES INC,MCKESSON CORPORATION,MEDICO PHARMACY #6767 (NC),NC,4001,14.536438781823172,True,False,False,False,True,0.619429943848541,2,0.948894603451742,40.9,86.5,103.5,15.6,22.2,15.6,Inventory Buffer,Inventory Buffer
2012-05-26,MYLAN PHARMACEUTICALS INC,KINRAY LLC,PEOPLES PHARMACY #6007 (WV),WV,9321,35.15879993363631,True,False,True,False,True,0.6398264572452207,3,0.9486756086397128,64.7,119.4,128.3,36.7,54.9,36.7,Inventory Buffer,Inventory Buffer
2010-01-04,RHODES TECHNOLOGIES,NATIONAL WHOLESALE DRUG CO INC,HOMETOWN PHARMACY #8152 (WV),WV,1270,3.95003496498075,True,True,False,False,True,0.5917265521568028,3,0.9485102218320924,70.8,75.5,93.1,74.3,82.9,70.8,Alternative Supplier,Alternative Supplier
2013-12-01,JANSSEN PHARMACEUTICALS INC,HENRY SCHEIN INC,WALMART PHARMACY #6240 (NC),NC,1099,3.2871733565296135,False,True,False,False,True,0.5781247721464883,2,0.9484008530610026,51.0,54.1,68.1,48.6,51.2,48.6,Inventory Buffer,Inventory Buffer
2007-09-17,PURDUE PHARMA LP,MORRIS & DICKSON CO LLC,HOMETOWN PHARMACY #3804 (KY),KY,785,2.0699888825316197,False,False,False,False,True,0.5921246302705427,1,0.9482494181541842,24.7,28.1,34.9,25.3,31.0,24.7,Alternative Supplier,Alternative Supplier
2013-10-01,SUN PHARMA GLOBAL INC,BURLINGTON DRUG COMPANY INC,PEOPLES PHARMACY #2912 (WV),WV,1141,3.449981470886033,False,True,False,False,True,0.5780693205852944,2,0.9482111799349096,48.4,48.4,61.9,48.7,52.1,48.4,Combined Strategy,Combined Strategy
2014-06-02,SUN PHARMA GLOBAL INC,GULF COAST MEDICAL SUPPLY,HARRIS TEETER PHARMACY #6352 (IA),IA,3369,12.086564299126572,True,False,False,False,True,0.6110533067475106,2,0.948207418780074,65.7,72.0,108.5,40.5,70.5,40.5,Inventory Buffer,Inventory Buffer
2013-12-06,ACTAVIS PHARMA INC,MIAMI-LUKEN INC,WALMART PHARMACY #6240 (NC),NC,325,0.2868523919613105,False,False,False,False,True,0.596225076017858,1,0.9481785117632358,24.6,27.9,34.3,26.9,28.6,24.6,Alternative Supplier,Alternative Supplier
2013-07-01,VINTAGE PHARMACEUTICALS LLC,BELLCO DRUG CORP,PUBLIX PHARMACY #5099 (NY),NY,5269,19.45169328191698,True,False,False,False,True,0.6083872858223613,2,0.948089969826172,65.7,72.0,108.5,40.5,70.5,40.5,Inventory Buffer,Inventory Buffer
2012-10-20,PAR PHARMACEUTICAL INC,HENRY SCHEIN INC,PUBLIX PHARMACY #2397 (LA),LA,223,-0.1085387429042796,False,False,False,False,True,0.6040389387548514,1,0.947949968193894,25.1,29.2,33.1,26.4,28.1,25.1,Alternative Supplier,Alternative Supplier
2012-07-21,AMNEAL PHARMACEUTICALS LLC,CARDINAL HEALTH INC,QUALITY CARE PHARMACY #7081 (NJ),NJ,62,-0.7326365146038879,False,False,False,False,True,0.6080202473642572,1,0.9478745496853894,25.9,28.8,35.1,27.1,30.6,25.9,Alternative Supplier,Alternative Supplier
2013-10-14,ABBOTT LABORATORIES,GULF COAST MEDICAL SUPPLY,HARRIS TEETER PHARMACY #6758 (NC),NC,1196,3.6631825730194394,True,True,False,False,True,0.5793562590764245,3,0.9477752792952766,74.2,76.7,94.1,71.2,82.7,71.2,Inventory Buffer,Inventory Buffer
2011-08-25,TEVA PHARMACEUTICALS USA INC,PRESCRIPTION SUPPLY INC,COMMUNITY PHARMACY #4270 (AR),AR,3547,12.77656059330378,True,False,False,False,True,0.6107751397758374,2,0.9476427063271567,65.7,72.0,108.5,40.5,70.5,40.5,Inventory Buffer,Inventory Buffer
2011-12-21,PAR PHARMACEUTICAL INC,SMITH DRUG COMPANY,SUNRISE PHARMACY #9718 (HI),HI,683,1.6745977476660294,False,False,False,False,True,0.6299312402903828,1,0.9475143423514452,22.3,24.4,32.3,22.8,32.5,22.3,Alternative Supplier,Alternative Supplier
2012-11-06,MYLAN PHARMACEUTICALS INC,PENN PHARMACEUTICAL SERVICES INC,CORNER DRUG STORE #9561 (PA),PA,14029,53.40881427625591,True,False,False,False,True,0.6107058003745576,2,0.9472022816698272,36.4,49.6,99.2,18.5,33.6,18.5,Inventory Buffer,Inventory Buffer
2012-11-26,VINTAGE PHARMACEUTICALS LLC,SMITH DRUG COMPANY,CORNER DRUG STORE #3499 (SD),SD,1314,4.1205958466874755,True,False,False,False,True,0.6270109185440835,2,0.9470890065627054,53.8,55.4,69.2,55.1,58.7,53.8,Alternative Supplier,Alternative Supplier
2012-12-11,LANNETT COMPANY INC,PRESCRIPTION SUPPLY INC,QUALITY CARE PHARMACY #8594 (CO),CO,9322,35.162676317311465,True,False,True,False,True,0.6499963967650972,3,0.9470560137179715,92.0,104.3,133.7,55.9,101.8,55.9,Inventory Buffer,Inventory Buffer
2012-05-08,TEVA PHARMACEUTICALS USA INC,MCKESSON CORPORATION,WINN-DIXIE PHARMACY #3033 (TX),TX,4105,14.939582684039069,True,False,False,False,True,0.6061085217661444,2,0.946959817321438,40.9,86.5,103.5,15.6,22.2,15.6,Inventory Buffer,Inventory Buffer
2010-08-25,AMNEAL PHARMACEUTICALS LLC,PENN PHARMACEUTICAL SERVICES INC,PUBLIX PHARMACY #2770 (TX),TX,3136,11.18336690281596,True,False,False,False,True,0.6059647073711586,2,0.946719279745542,36.4,49.6,99.2,18.5,33.6,18.5,Inventory Buffer,Inventory Buffer
2011-11-21,JANSSEN PHARMACEUTICALS INC,HENRY SCHEIN INC,MEDICO PHARMACY #6767 (NC),NC,126,-0.4845479593941057,False,True,True,False,True,0.6189078366608961,3,0.9465183511778364,75.7,88.1,92.8,67.4,72.8,67.4,Inventory Buffer,Inventory Buffer
2012-05-20,MYLAN PHARMACEUTICALS INC,ANDA INC,CVS PHARMACY #6466 (KY),KY,6321,23.529648908177776,True,False,True,False,True,0.6351499970615029,3,0.9464458201285936,60.7,81.8,123.8,34.4,64.9,34.4,Inventory Buffer,Inventory Buffer
2011-04-29,LANNETT COMPANY INC,BELLCO DRUG CORP,FAMILY CARE PHARMACY #7468 (NE),NE,194,-0.2209538694837122,False,False,False,False,True,0.6165800421837151,1,0.946441119147474,23.2,26.3,34.4,27.0,28.8,23.2,Alternative Supplier,Alternative Supplier
2009-07-02,SANDOZ INC,AMERISOURCEBERGEN DRUG CORP,WINN-DIXIE PHARMACY #2264 (WI),WI,4760,17.478613991264183,True,False,False,False,True,0.6012048995434112,2,0.9463201385974476,36.4,49.6,99.2,18.5,33.6,18.5,Inventory Buffer,Inventory Buffer
2012-05-05,TEVA PHARMACEUTICALS USA INC,KEYSOURCE MEDICAL INC,GOOD NEIGHBOR PHARMACY #6129 (NC),NC,1248,3.8647545241273873,True,True,False,False,True,0.5851976804947648,3,0.9460358750904287,69.8,73.7,91.7,70.6,79.9,69.8,Alternative Supplier,Alternative Supplier
2012-10-23,ENDO PHARMACEUTICALS INC,DAKOTA DRUG INC,WALGREENS #7469 (WV),WV,4185,15.249693378051296,True,False,False,False,True,0.607257625700278,2,0.9459349814282249,40.9,86.5,103.5,15.6,22.2,15.6,Inventory Buffer,Inventory Buffer
2009-12-04,ENDO PHARMACEUTICALS INC,MCKESSON CORPORATION,HOMETOWN PHARMACY #2172 (WV),WV,2021,6.861199105020537,True,False,False,False,True,0.589839264496234,2,0.9458943175435076,44.5,46.8,65.8,58.7,93.0,44.5,Alternative Supplier,Alternative Supplier
2012-08-05,JANSSEN PHARMACEUTICALS INC,NATIONAL WHOLESALE DRUG CO INC,WALMART PHARMACY #6240 (NC),NC,968,2.7793670950845906,False,True,False,False,True,0.5957836554531198,2,0.9458416784704068,51.5,52.8,67.1,54.7,59.6,51.5,Alternative Supplier,Alternative Supplier
2011-10-11,JANSSEN PHARMACEUTICALS INC,VALUEDRUGCO,WALGREENS #1562 (NH),NH,4684,17.184008831952568,True,False,False,False,True,0.6044301836959824,2,0.9457621924249492,65.7,72.0,108.5,40.5,70.5,40.5,Inventory Buffer,Inventory Buffer
2008-05-05,ABBOTT LABORATORIES,NATIONAL WHOLESALE DRUG CO INC,CORNER DRUG STORE #6747 (ID),ID,6190,23.02184264673275,True,False,False,False,True,0.6022563988422409,2,0.9456692022447228,65.7,72.0,108.5,40.5,70.5,40.5,Inventory Buffer,Inventory Buffer
2014-05-02,MYLAN PHARMACEUTICALS INC,DIRECT RX,HOMETOWN PHARMACY #6387 (NC),NC,392,0.5465700981965512,False,True,False,False,True,0.585932479786346,2,0.9455995686112406,45.9,49.3,62.5,49.5,54.9,45.9,Alternative Supplier,Alternative Supplier
2010-02-02,AMNEAL PHARMACEUTICALS LLC,DAKOTA DRUG INC,GOOD NEIGHBOR PHARMACY #9827 (AZ),AZ,46,-0.7946586534063335,False,False,False,False,True,0.6021250040314503,1,0.9455597121420126,24.8,27.9,34.0,24.7,27.4,24.7,Inventory Buffer,Inventory Buffer
2012-05-24,PURDUE PHARMA LP,MCKESSON CORPORATION,COMMUNITY PHARMACY #3160 (TX),TX,238,-0.0503929877769869,False,False,False,False,True,0.6185802986283546,1,0.9452725480008736,25.2,29.3,33.2,26.5,28.2,25.2,Alternative Supplier,Alternative Supplier
2011-09-05,SANDOZ INC,HENRY SCHEIN INC,FAMILY CARE PHARMACY #3405 (WA),WA,524,1.058252743316727,False,False,False,False,True,0.6021965634433195,1,0.9451099553253354,24.9,28.5,35.4,26.0,29.0,24.9,Alternative Supplier,Alternative Supplier
2011-09-05,ENDO PHARMACEUTICALS INC,DAKOTA DRUG INC,WALMART PHARMACY #2320 (VA),VA,100,-0.5853339349480797,False,False,False,False,True,0.6172224863629312,1,0.944743452107452,23.0,26.3,32.8,25.0,28.6,23.0,Alternative Supplier,Alternative Supplier
2011-11-19,ENDO PHARMACEUTICALS INC,CARDINAL HEALTH INC,HARRIS TEETER PHARMACY #3473 (WV),WV,1121,3.372453797382976,False,True,False,False,True,0.5774676491477873,2,0.9446647685655192,49.9,54.0,67.5,55.3,59.3,49.9,Alternative Supplier,Alternative Supplier
2010-03-06,ENDO PHARMACEUTICALS INC,PENN PHARMACEUTICAL SERVICES INC,HEALTH MART PHARMACY #8816 (AR),AR,2676,9.400230412245651,True,False,False,False,True,0.6003701529142093,2,0.9446578261529798,36.4,49.6,99.2,18.5,33.6,18.5,Inventory Buffer,Inventory Buffer
2010-05-09,LANNETT COMPANY INC,KINRAY LLC,GOOD NEIGHBOR PHARMACY #6452 (TX),TX,268,0.0658985224775983,False,False,False,False,True,0.6239666372861369,1,0.9445180118675184,25.2,29.3,33.2,26.5,28.2,25.2,Alternative Supplier,Alternative Supplier
2008-10-23,RHODES TECHNOLOGIES,CARDINAL HEALTH INC,HOMETOWN PHARMACY #8152 (WV),WV,993,2.876276686963412,False,True,False,False,True,0.5821066716395977,2,0.9444605018842696,48.6,49.0,64.1,51.3,53.9,48.6,Alternative Supplier,Alternative Supplier
2013-03-23,QUALITEST PHARMACEUTICALS,GULF COAST MEDICAL SUPPLY,FAMILY CARE PHARMACY #8450 (CO),CO,4483,16.404855713246842,True,False,False,False,True,0.5974906829569002,2,0.9443919443322208,65.7,72.0,108.5,40.5,70.5,40.5,Inventory Buffer,Inventory Buffer
2013-04-29,TEVA PHARMACEUTICALS USA INC,AMERISOURCEBERGEN DRUG CORP,PEOPLES PHARMACY #2660 (NC),NC,795,2.108752719283148,False,True,False,False,True,0.5809938089906143,2,0.9440851715199122,47.5,51.4,65.5,49.7,55.3,47.5,Alternative Supplier,Alternative Supplier
2011-08-22,RHODES TECHNOLOGIES,VALUEDRUGCO,WALGREENS #4408 (TN),TN,584,1.2908357638258976,False,False,False,False,True,0.5978684914839216,1,0.9440647911828824,23.4,25.6,33.9,24.2,27.3,23.4,Alternative Supplier,Alternative Supplier
2012-11-01,SANDOZ INC,PRESCRIPTION SUPPLY INC,WINN-DIXIE PHARMACY #9226 (CT),CT,281,0.1162915102545853,False,False,False,False,True,0.598537292310753,1,0.9440255955582632,25.0,28.8,34.2,26.5,28.2,25.0,Alternative Supplier,Alternative Supplier
2009-09-21,VINTAGE PHARMACEUTICALS LLC,DIRECT RX,PUBLIX PHARMACY #6736 (TN),TN,93,-0.6124686206741496,False,False,False,False,True,0.5932887513806099,1,0.9439183413058192,27.0,30.2,36.7,27.2,30.0,27.0,Alternative Supplier,Alternative Supplier
2010-01-06,RHODES TECHNOLOGIES,DIRECT RX,COMMUNITY PHARMACY #9371 (TX),TX,1956,6.609234166135602,True,False,False,False,True,0.6097639055723127,2,0.9438831881222284,49.3,55.2,61.8,38.3,50.3,38.3,Inventory Buffer,Inventory Buffer
2011-08-23,PAR PHARMACEUTICAL INC,DAKOTA DRUG INC,FAMILY CARE PHARMACY #6977 (NC),NC,1621,5.310645634959399,True,False,False,False,True,0.5987063155597485,2,0.9438506054614229,48.5,53.3,70.7,62.5,67.2,48.5,Alternative Supplier,Alternative Supplier
2012-04-26,ENDO PHARMACEUTICALS INC,BURLINGTON DRUG COMPANY INC,HARRIS TEETER PHARMACY #3473 (WV),WV,586,1.298588531176203,False,True,True,False,True,0.6181602820124237,3,0.9437558473030032,87.5,97.9,116.6,91.0,101.9,87.5,Alternative Supplier,Alternative Supplier
2011-02-06,WATSON LABORATORIES INC,GULF COAST MEDICAL SUPPLY,COMMUNITY PHARMACY #3567 (CT),CT,140,-0.4302785879419659,False,False,False,False,True,0.6165000460938018,1,0.9437338808529429,23.1,26.2,34.3,26.2,29.2,23.1,Alternative Supplier,Alternative Supplier
2013-06-07,MALLINCKRODT LLC,ANDA INC,HARRIS TEETER PHARMACY #3473 (WV),WV,87,-0.6357269227250667,False,True,False,False,True,0.5849410807731301,2,0.9436450139006471,49.4,53.3,67.8,49.1,59.2,49.1,Inventory Buffer,Inventory Buffer
2009-11-04,ACTAVIS PHARMA INC,HENRY SCHEIN INC,COMMUNITY PHARMACY #8157 (GA),GA,4514,16.525023607176582,True,False,False,False,True,0.6334019433708188,2,0.943328074785808,36.4,49.6,99.2,18.5,33.6,18.5,Inventory Buffer,Inventory Buffer
2012-05-18,JANSSEN PHARMACEUTICALS INC,PENN PHARMACEUTICAL SERVICES INC,VILLAGE PHARMACY #9397 (NC),NC,591,1.3179704495519675,False,True,False,False,True,0.5871351406771302,2,0.9432960330876644,50.5,54.3,70.5,54.7,59.9,50.5,Alternative Supplier,Alternative Supplier
2008-10-11,SUN PHARMA GLOBAL INC,GULF COAST MEDICAL SUPPLY,PEOPLES PHARMACY #2912 (WV),WV,904,2.5312785398748083,False,True,False,False,True,0.5767541110654325,2,0.9432207928858124,48.4,50.7,66.8,51.6,56.9,48.4,Alternative Supplier,Alternative Supplier
2010-09-30,JANSSEN PHARMACEUTICALS INC,SMITH DRUG COMPANY,QUALITY CARE PHARMACY #8199 (WV),WV,899,2.5118966214990444,False,True,False,False,True,0.5856208705691551,2,0.942937379296626,48.4,50.7,66.8,51.6,56.9,48.4,Alternative Supplier,Alternative Supplier
2007-12-04,SANDOZ INC,MORRIS & DICKSON CO LLC,MAIN STREET PHARMACY #2094 (KY),KY,332,0.3139870776873805,False,False,False,False,True,0.592728043914628,1,0.9429004183225066,24.1,27.4,33.8,26.4,27.7,24.1,Alternative Supplier,Alternative Supplier
2011-06-17,MYLAN PHARMACEUTICALS INC,MCKESSON CORPORATION,HEALTH MART PHARMACY #9034 (AR),AR,4532,16.594798513329334,True,False,False,False,True,0.6029323958586995,2,0.9427222299765672,40.9,86.5,103.5,15.6,22.2,15.6,Inventory Buffer,Inventory Buffer
2013-09-01,AMNEAL PHARMACEUTICALS LLC,NATIONAL WHOLESALE DRUG CO INC,QUALITY CARE PHARMACY #3860 (VA),VA,1288,4.019809871133501,True,False,False,False,True,0.601598352900875,2,0.9426818279132008,48.1,50.9,64.7,49.3,61.5,48.1,Alternative Supplier,Alternative Supplier
2008-07-17,RHODES TECHNOLOGIES,HENRY SCHEIN INC,HOMETOWN PHARMACY #8152 (WV),WV,143,-0.4186494369165073,False,True,False,False,True,0.5836781002412089,2,0.9426392953116938,60.6,58.0,70.6,56.9,61.2,56.9,Inventory Buffer,Inventory Buffer
2011-03-27,SUN PHARMA GLOBAL INC,MIAMI-LUKEN INC,PEOPLES PHARMACY #2912 (WV),WV,818,2.197909543811664,False,True,False,False,True,0.574182660025641,2,0.9424259758901408,48.0,52.7,67.6,54.3,64.5,48.0,Alternative Supplier,Alternative Supplier
2011-03-30,ENDO PHARMACEUTICALS INC,DAKOTA DRUG INC,HEALTH MART PHARMACY #4740 (VA),VA,10700,40.50433302167209,True,False,False,False,True,0.6008922590147777,2,0.9424065181501392,40.9,86.5,103.5,15.6,22.2,15.6,Inventory Buffer,Inventory Buffer
2012-11-08,PAR PHARMACEUTICAL INC,MORRIS & DICKSON CO LLC,RITE AID #1732 (OR),OR,1409,4.488852295826995,True,False,False,False,True,0.6229471995422008,2,0.942314484414655,47.1,48.7,64.4,49.2,45.3,45.3,Production Reroute,Production Reroute
2009-07-19,PAR PHARMACEUTICAL INC,KINRAY LLC,CVS PHARMACY #2808 (IN),IN,250,-0.0038763836751528,False,False,False,False,True,0.5891274378085668,1,0.9421683529693023,25.2,29.3,33.2,26.5,28.2,25.2,Alternative Supplier,Alternative Supplier
2010-09-21,AMNEAL PHARMACEUTICALS LLC,DIRECT RX,PUBLIX PHARMACY #8639 (OH),OH,14567,55.49430869348814,True,False,True,False,True,0.6628645320075154,3,0.9420649649924128,60.7,81.8,123.8,34.4,64.9,34.4,Inventory Buffer,Inventory Buffer
2010-09-28,TEVA PHARMACEUTICALS USA INC,NATIONAL WHOLESALE DRUG CO INC,HARRIS TEETER PHARMACY #6063 (NC),NC,1145,3.4654870055866445,False,True,False,False,True,0.5765808929886956,2,0.9420172732485188,49.7,47.0,59.6,46.0,57.5,46.0,Inventory Buffer,Inventory Buffer
2011-01-19,MALLINCKRODT LLC,MORRIS & DICKSON CO LLC,PUBLIX PHARMACY #2055 (NC),NC,315,0.2480885552097821,False,True,False,False,True,0.5751179717744183,2,0.9418889595469088,54.3,56.6,69.9,55.0,60.3,54.3,Alternative Supplier,Alternative Supplier
2014-05-06,ENDO PHARMACEUTICALS INC,DAKOTA DRUG INC,PUBLIX PHARMACY #9681 (MD),MD,3160,11.276400111019628,True,False,False,False,True,0.5971933313830785,2,0.9418033648504812,40.9,86.5,103.5,15.6,22.2,15.6,Inventory Buffer,Inventory Buffer
2012-02-25,QUALITEST PHARMACEUTICALS,AMERISOURCEBERGEN DRUG CORP,PEOPLES PHARMACY #2660 (NC),NC,4554,16.680078954182697,True,False,False,False,True,0.5899579661758569,2,0.9416253454436584,36.4,49.6,99.2,18.5,33.6,18.5,Inventory Buffer,Inventory Buffer
2010-11-29,WATSON LABORATORIES INC,KINRAY LLC,WINN-DIXIE PHARMACY #7409 (MO),MO,4239,15.45901809650955,True,False,False,False,True,0.6009210142190443,2,0.9414594853554946,40.9,86.5,103.5,15.6,22.2,15.6,Inventory Buffer,Inventory Buffer
2011-11-06,ACTAVIS PHARMA INC,MIAMI-LUKEN INC,WALMART PHARMACY #6240 (NC),NC,154,-0.376009216489826,False,False,False,False,True,0.5921691815403839,1,0.9414314652098532,24.5,28.1,34.5,28.3,27.7,24.5,Alternative Supplier,Alternative Supplier
2009-08-26,TEVA PHARMACEUTICALS USA INC,BELLCO DRUG CORP,MAIN STREET PHARMACY #4010 (LA),LA,5109,18.831471893892527,True,False,False,False,True,0.5860138210235718,2,0.9413822319145289,65.7,72.0,108.5,40.5,70.5,40.5,Inventory Buffer,Inventory Buffer
2010-03-07,TEVA PHARMACEUTICALS USA INC,HD SMITH WHOLESALE DRUG CO,MAIN STREET PHARMACY #7935 (KY),KY,7909,29.685346184320498,True,False,False,False,True,0.5999478492810396,2,0.9413396326746648,65.7,72.0,108.5,40.5,70.5,40.5,Inventory Buffer,Inventory Buffer
2009-12-23,RHODES TECHNOLOGIES,MIAMI-LUKEN INC,PEOPLES PHARMACY #9674 (KS),KS,6193,23.03347179775821,True,False,False,False,True,0.6051060814078233,2,0.9413212456423012,40.9,86.5,103.5,15.6,22.2,15.6,Inventory Buffer,Inventory Buffer
2013-01-03,VINTAGE PHARMACEUTICALS LLC,CARDINAL HEALTH INC,HEALTH MART PHARMACY #6716 (UT),UT,158,-0.3605036817892146,False,False,False,False,True,0.6293376098533396,1,0.9411928400637828,24.5,27.9,34.2,28.2,27.5,24.5,Alternative Supplier,Alternative Supplier
2013-11-30,ABBOTT LABORATORIES,MORRIS & DICKSON CO LLC,PEOPLES PHARMACY #7683 (AK),AK,1760,5.849462965805644,True,False,False,False,True,0.6028687065193696,2,0.9411818174022998,41.3,45.4,56.1,33.4,28.5,28.5,Production Reroute,Production Reroute
2014-03-03,VINTAGE PHARMACEUTICALS LLC,GULF COAST MEDICAL SUPPLY,MEDICO PHARMACY #9907 (CT),CT,4780,17.55614166476724,True,False,False,False,True,0.59414985996644,2,0.941016888810268,65.7,72.0,108.5,40.5,70.5,40.5,Inventory Buffer,Inventory Buffer
2012-08-31,QUALITEST PHARMACEUTICALS,DIRECT RX,PUBLIX PHARMACY #1973 (TN),TN,1832,6.128562590416649,True,False,False,False,True,0.5806371556357482,2,0.9410141812488768,54.6,53.3,70.2,49.5,55.7,49.5,Inventory Buffer,Inventory Buffer
2013-04-22,TEVA PHARMACEUTICALS USA INC,CARDINAL HEALTH INC,PEOPLES PHARMACY #2660 (NC),NC,27,-0.8683099432342375,False,True,False,False,True,0.5788502013036856,2,0.9409893111539304,53.1,55.7,71.4,55.7,61.0,53.1,Alternative Supplier,Alternative Supplier
2008-02-17,CADISTA PHARMACEUTICALS INC,MCKESSON CORPORATION,VILLAGE PHARMACY #9397 (NC),NC,209,-0.1628081143564195,False,True,False,False,True,0.5830454908681447,2,0.9409558240497652,50.4,53.3,66.1,51.6,56.9,50.4,Alternative Supplier,Alternative Supplier
2013-02-09,IMPAX LABORATORIES INC,HENRY SCHEIN INC,PUBLIX PHARMACY #2397 (LA),LA,283,0.124044277604891,False,False,False,False,True,0.6176818204344295,1,0.9409258442058012,24.9,29.3,33.9,26.9,28.6,24.9,Alternative Supplier,Alternative Supplier
2011-11-22,TEVA PHARMACEUTICALS USA INC,BURLINGTON DRUG COMPANY INC,CVS PHARMACY #6466 (KY),KY,311,0.2325830205091707,False,True,True,False,True,0.6166557210846237,3,0.9402875260928928,70.1,83.1,99.3,69.8,81.5,69.8,Inventory Buffer,Inventory Buffer
2012-10-20,SUN PHARMA GLOBAL INC,DIRECT RX,WALMART PHARMACY #5027 (SD),SD,333,0.3178634613625333,False,False,False,False,True,0.6121993083687741,1,0.9402313201662912,24.1,27.4,33.8,26.4,27.7,24.1,Alternative Supplier,Alternative Supplier
2009-08-06,ACTAVIS PHARMA INC,AMERISOURCEBERGEN DRUG CORP,WALMART PHARMACY #7653 (PA),PA,73,-0.6899962941772065,False,False,False,False,True,0.587019866545107,1,0.9401054467175812,22.5,26.1,32.6,24.5,31.0,22.5,Alternative Supplier,Alternative Supplier
2014-01-13,HIKMA PHARMACEUTICALS,DIRECT RX,HEALTH MART PHARMACY #5260 (PA),PA,9786,36.96131834258239,True,False,False,False,True,0.5988755295083684,2,0.9400977930028136,36.4,49.6,99.2,18.5,33.6,18.5,Inventory Buffer,Inventory Buffer
2012-01-06,PAR PHARMACEUTICAL INC,PRESCRIPTION SUPPLY INC,CVS PHARMACY #6803 (KY),KY,2674,9.392477644895346,True,False,False,False,True,0.5863395249896628,2,0.9400108257804476,65.7,72.0,108.5,40.5,70.5,40.5,Inventory Buffer,Inventory Buffer
2011-11-25,CADISTA PHARMACEUTICALS INC,MCKESSON CORPORATION,SUNRISE PHARMACY #7243 (WV),WV,1710,5.655643782048002,True,False,True,False,True,0.6280318958392728,3,0.9399259476546812,70.6,73.4,83.5,69.3,77.0,69.3,Inventory Buffer,Inventory Buffer
2010-02-08,CADISTA PHARMACEUTICALS INC,MIAMI-LUKEN INC,KROGER PHARMACY #9652 (OH),OH,7505,28.119287179558743,True,False,False,False,True,0.5961407050253659,2,0.93991139561309,40.9,86.5,103.5,15.6,22.2,15.6,Inventory Buffer,Inventory Buffer
2011-11-28,JANSSEN PHARMACEUTICALS INC,DIRECT RX,MEDICO PHARMACY #6767 (NC),NC,596,1.337352367927732,False,True,True,False,True,0.6132877610837104,3,0.9398837909627378,81.5,91.1,110.1,83.8,92.9,81.5,Alternative Supplier,Alternative Supplier
2011-09-16,ACTAVIS PHARMA INC,SMITH DRUG COMPANY,MAIN STREET PHARMACY #9148 (LA),LA,4795,17.61428741989453,True,False,False,False,True,0.6280029091947645,2,0.9397514129628718,65.7,72.0,108.5,40.5,70.5,40.5,Inventory Buffer,Inventory Buffer
2014-01-14,VINTAGE PHARMACEUTICALS LLC,DAKOTA DRUG INC,FAMILY CARE PHARMACY #4281 (RI),RI,5579,20.65337222121436,True,False,False,False,True,0.596669540110775,2,0.9395020761022186,40.9,86.5,103.5,15.6,22.2,15.6,Inventory Buffer,Inventory Buffer
2012-05-25,MYLAN PHARMACEUTICALS INC,GULF COAST MEDICAL SUPPLY,SUNRISE PHARMACY #8999 (NC),NC,68,-0.7093782125529708,False,True,True,False,True,0.6199434406913427,3,0.9394750805446692,65.3,80.3,92.4,61.4,66.4,61.4,Inventory Buffer,Inventory Buffer
2010-04-18,CADISTA PHARMACEUTICALS INC,MORRIS & DICKSON CO LLC,COMMUNITY PHARMACY #9436 (WV),WV,3611,13.024649148513562,True,False,False,False,True,0.5788933183212533,2,0.9392998607661353,36.4,49.6,99.2,18.5,33.6,18.5,Inventory Buffer,Inventory Buffer
2010-08-04,PAR PHARMACEUTICAL INC,VALUEDRUGCO,GOOD NEIGHBOR PHARMACY #6272 (NC),NC,1168,3.5546438301151597,False,True,False,False,True,0.5759754593721254,2,0.9392833665902044,49.3,48.3,63.5,51.2,56.4,48.3,Combined Strategy,Combined Strategy
2014-03-24,ENDO PHARMACEUTICALS INC,MIAMI-LUKEN INC,MEDICO PHARMACY #1628 (FL),FL,7833,29.39074102500888,True,False,False,False,True,0.5926741055490504,2,0.9389923639326974,40.9,86.5,103.5,15.6,22.2,15.6,Inventory Buffer,Inventory Buffer
2009-07-28,JANSSEN PHARMACEUTICALS INC,KINRAY LLC,MAIN STREET PHARMACY #8342 (MI),MI,5268,19.44781689824183,True,False,False,False,True,0.5883021921473283,2,0.9389843841518232,40.9,86.5,103.5,15.6,22.2,15.6,Inventory Buffer,Inventory Buffer
2011-08-20,JANSSEN PHARMACEUTICALS INC,NATIONAL WHOLESALE DRUG CO INC,FAMILY CARE PHARMACY #6977 (NC),NC,2781,9.8072506981367,True,False,False,False,True,0.5777204133729502,2,0.9387111568935664,65.7,72.0,108.5,40.5,70.5,40.5,Inventory Buffer,Inventory Buffer
2014-05-06,HIKMA PHARMACEUTICALS,MCKESSON CORPORATION,HOMETOWN PHARMACY #5854 (NH),NH,3931,14.265091924562473,True,False,False,False,True,0.6157313998271365,2,0.9386834038491808,40.9,86.5,103.5,15.6,22.2,15.6,Inventory Buffer,Inventory Buffer
2013-07-23,PAR PHARMACEUTICAL INC,VALUEDRUGCO,PUBLIX PHARMACY #7101 (VA),VA,60,-0.7403892819541936,False,False,False,False,True,0.5905319548235114,1,0.9386157292966436,25.2,27.6,35.5,26.4,30.0,25.2,Alternative Supplier,Alternative Supplier
2013-03-09,ENDO PHARMACEUTICALS INC,PENN PHARMACEUTICAL SERVICES INC,MEDICO PHARMACY #3471 (AK),AK,6553,24.42896992081323,True,False,False,False,True,0.6198330159166111,2,0.9383756583349944,36.4,49.6,99.2,18.5,33.6,18.5,Inventory Buffer,Inventory Buffer
2008-07-11,LANNETT COMPANY INC,MCKESSON CORPORATION,WALGREENS #8038 (IN),IN,5867,21.769770719658386,True,False,False,False,True,0.5874370955221492,2,0.9383436047624676,40.9,86.5,103.5,15.6,22.2,15.6,Inventory Buffer,Inventory Buffer
2011-08-09,MYLAN PHARMACEUTICALS INC,GULF COAST MEDICAL SUPPLY,HEALTH MART PHARMACY #5407 (IA),IA,170,-0.3139870776873805,False,False,False,False,True,0.6160523469789647,1,0.9381767602336242,23.8,26.9,35.0,26.6,27.9,23.8,Alternative Supplier,Alternative Supplier
2012-06-14,MYLAN PHARMACEUTICALS INC,BELLCO DRUG CORP,HOMETOWN PHARMACY #6387 (NC),NC,112,-0.5388173308462456,False,True,True,False,True,0.625692817711424,3,0.938167688729902,89.3,100.0,108.5,77.9,83.7,77.9,Inventory Buffer,Inventory Buffer
2012-05-09,HIKMA PHARMACEUTICALS,HD SMITH WHOLESALE DRUG CO,VILLAGE PHARMACY #3378 (MN),MN,6020,22.362857421956768,True,False,False,False,True,0.6178920375321841,2,0.9377895158672548,65.7,72.0,108.5,40.5,70.5,40.5,Inventory Buffer,Inventory Buffer
2009-02-06,SUN PHARMA GLOBAL INC,GULF COAST MEDICAL SUPPLY,GOOD NEIGHBOR PHARMACY #8540 (OH),OH,16,-0.9109501636609189,False,False,False,False,True,0.5901959461550942,1,0.9377892707216652,24.0,27.4,35.1,27.2,30.3,24.0,Alternative Supplier,Alternative Supplier
2010-10-14,SANDOZ INC,PENN PHARMACEUTICAL SERVICES INC,VILLAGE PHARMACY #1037 (MI),MI,12968,49.29597119691874,True,False,True,False,True,0.6248687015318795,3,0.9377776761489892,60.7,81.8,123.8,34.4,64.9,34.4,Inventory Buffer,Inventory Buffer
2012-03-22,SANDOZ INC,AMERISOURCEBERGEN DRUG CORP,SUNRISE PHARMACY #6286 (AZ),AZ,2513,8.768379873195737,True,False,False,False,True,0.6120823102180641,2,0.9377624989700784,36.4,49.6,99.2,18.5,33.6,18.5,Inventory Buffer,Inventory Buffer
2012-09-18,SANDOZ INC,CARDINAL HEALTH INC,RITE AID #2593 (ID),ID,271,0.0775276735030569,False,False,False,False,True,0.5922263955806778,1,0.937358303901837,25.2,29.3,33.2,26.5,28.2,25.2,Alternative Supplier,Alternative Supplier
2013-07-28,TEVA PHARMACEUTICALS USA INC,KEYSOURCE MEDICAL INC,CVS PHARMACY #6466 (KY),KY,653,1.558306237411444,False,True,False,False,True,0.5772980022130676,2,0.9373077981639906,49.9,53.6,70.2,54.8,60.3,49.9,Alternative Supplier,Alternative Supplier
2010-12-14,SUN PHARMA GLOBAL INC,DIRECT RX,CVS PHARMACY #2048 (GA),GA,3097,11.032187939485,True,False,False,False,True,0.596677665472737,2,0.9373009577021356,36.4,49.6,99.2,18.5,33.6,18.5,Inventory Buffer,Inventory Buffer
2012-01-20,SUN PHARMA GLOBAL INC,ANDA INC,QUALITY CARE PHARMACY #1509 (MO),MO,4852,17.835241289378246,True,False,False,False,True,0.6128118719596776,2,0.9372654207446588,36.4,49.6,99.2,18.5,33.6,18.5,Inventory Buffer,Inventory Buffer
2012-05-06,QUALITEST PHARMACEUTICALS,SMITH DRUG COMPANY,CVS PHARMACY #5523 (NC),NC,3417,12.27263071553391,True,False,False,False,True,0.6026860049557299,2,0.9370777214798643,65.7,72.0,108.5,40.5,70.5,40.5,Inventory Buffer,Inventory Buffer
2013-06-29,MALLINCKRODT LLC,AMERISOURCEBERGEN DRUG CORP,VILLAGE PHARMACY #2822 (WV),WV,4771,17.521254211690863,True,False,False,False,True,0.5855379826353115,2,0.9369235627208358,36.4,49.6,99.2,18.5,33.6,18.5,Inventory Buffer,Inventory Buffer
2013-03-05,ABBOTT LABORATORIES,MIAMI-LUKEN INC,PEOPLES PHARMACY #6526 (WA),WA,113,-0.5349409471710928,False,False,True,False,True,0.6421812878876458,2,0.936918198652583,51.4,53.8,67.0,53.8,59.2,51.4,Alternative Supplier,Alternative Supplier
2012-06-24,MALLINCKRODT LLC,ANDA INC,PUBLIX PHARMACY #2055 (NC),NC,926,2.616558980728171,False,True,False,False,True,0.5885419726261127,2,0.9368866133584248,46.7,48.4,62.8,49.5,57.6,46.7,Alternative Supplier,Alternative Supplier
2011-12-28,SUN PHARMA GLOBAL INC,MIAMI-LUKEN INC,WALGREENS #6166 (CA),CA,3775,13.660376071238629,True,False,True,False,True,0.6312855203906095,3,0.9368113567005988,64.7,119.4,128.3,36.7,54.9,36.7,Inventory Buffer,Inventory Buffer
2011-04-29,HIKMA PHARMACEUTICALS,HENRY SCHEIN INC,PUBLIX PHARMACY #1949 (PA),PA,5278,19.486580734993357,True,False,True,False,True,0.6595731897674648,3,0.936804434183018,60.7,81.8,123.8,34.4,64.9,34.4,Inventory Buffer,Inventory Buffer
2009-03-26,ABBOTT LABORATORIES,MORRIS & DICKSON CO LLC,PUBLIX PHARMACY #2055 (NC),NC,3977,14.443405573619504,True,False,False,False,True,0.5783466091852572,2,0.9367276324170708,36.4,49.6,99.2,18.5,33.6,18.5,Inventory Buffer,Inventory Buffer
2014-07-25,JANSSEN PHARMACEUTICALS INC,GULF COAST MEDICAL SUPPLY,HARRIS TEETER PHARMACY #2529 (HI),HI,2289,7.9000699299615,True,False,False,False,True,0.6007077393943427,2,0.9367249006728544,60.9,53.6,61.4,47.7,43.2,43.2,Production Reroute,Production Reroute
2014-01-20,RHODES TECHNOLOGIES,MCKESSON CORPORATION,HOMETOWN PHARMACY #2172 (WV),WV,211,-0.1550553470061138,False,False,False,False,True,0.5788398556480571,1,0.9366595909467774,24.4,27.6,34.0,27.0,28.7,24.4,Alternative Supplier,Alternative Supplier
2009-01-18,ACTAVIS PHARMA INC,ANDA INC,PEOPLES PHARMACY #6007 (WV),WV,1072,3.1825109973004864,False,True,False,False,True,0.5845323059182417,2,0.9364572907466387,46.3,48.2,64.2,51.6,55.2,46.3,Alternative Supplier,Alternative Supplier
2010-12-21,RHODES TECHNOLOGIES,KEYSOURCE MEDICAL INC,WALGREENS #4047 (WI),WI,6425,23.93279281039367,True,False,False,False,True,0.5963099689458815,2,0.936361873953898,40.9,86.5,103.5,15.6,22.2,15.6,Inventory Buffer,Inventory Buffer
2009-02-22,MALLINCKRODT LLC,SMITH DRUG COMPANY,PUBLIX PHARMACY #2055 (NC),NC,698,1.7327435027933222,False,True,False,False,True,0.5793722878139236,2,0.9363066554449336,51.0,55.0,70.1,53.7,59.8,51.0,Alternative Supplier,Alternative Supplier
2008-05-08,ABBOTT LABORATORIES,DAKOTA DRUG INC,MAIN STREET PHARMACY #1103 (AK),AK,532,1.0892638127179497,False,False,False,False,True,0.5967839034439321,1,0.936241691074771,27.1,34.9,41.7,22.7,32.1,22.7,Inventory Buffer,Inventory Buffer
2013-08-30,ENDO PHARMACEUTICALS INC,NATIONAL WHOLESALE DRUG CO INC,RITE AID #3418 (WV),WV,2284,7.880688011585736,True,False,False,False,True,0.5817357674958789,2,0.936160002699612,49.2,43.2,56.2,53.3,34.8,34.8,Production Reroute,Production Reroute
2013-11-22,JANSSEN PHARMACEUTICALS INC,VALUEDRUGCO,HEALTH MART PHARMACY #6078 (KY),KY,4736,17.385580783060515,True,False,False,False,True,0.5803663051225358,2,0.9361042293020516,65.7,72.0,108.5,40.5,70.5,40.5,Inventory Buffer,Inventory Buffer
2013-12-28,TEVA PHARMACEUTICALS USA INC,NATIONAL WHOLESALE DRUG CO INC,CVS PHARMACY #6466 (KY),KY,396,0.5620756328971627,False,True,False,False,True,0.5812764513197156,2,0.9360869363057902,55.9,59.3,73.1,58.3,62.6,55.9,Alternative Supplier,Alternative Supplier
2009-11-13,MALLINCKRODT LLC,SMITH DRUG COMPANY,HARRIS TEETER PHARMACY #6758 (NC),NC,10382,39.271643012973485,True,False,False,False,True,0.588788688301617,2,0.936012630653998,65.7,72.0,108.5,40.5,70.5,40.5,Inventory Buffer,Inventory Buffer
2009-09-17,JANSSEN PHARMACEUTICALS INC,BELLCO DRUG CORP,HOMETOWN PHARMACY #3142 (FL),FL,114,-0.5310645634959399,False,False,False,False,True,0.6010235619036346,1,0.9359967535761704,23.2,26.3,35.0,25.8,29.6,23.2,Alternative Supplier,Alternative Supplier
2013-07-01,HIKMA PHARMACEUTICALS,ANDA INC,HARRIS TEETER PHARMACY #5699 (AZ),AZ,327,0.2946051593116163,False,False,False,False,True,0.6074683431472652,1,0.9358583063211102,24.5,27.8,34.2,26.8,28.5,24.5,Alternative Supplier,Alternative Supplier
2010-09-07,SUN PHARMA GLOBAL INC,SMITH DRUG COMPANY,PEOPLES PHARMACY #2912 (WV),WV,165,-0.3333689960631447,False,True,False,False,True,0.5793260697709866,2,0.935842384768012,47.9,51.4,64.3,50.8,54.6,47.9,Alternative Supplier,Alternative Supplier
2013-02-05,PAR PHARMACEUTICAL INC,SMITH DRUG COMPANY,KROGER PHARMACY #9348 (RI),RI,70,-0.7016254452026651,False,False,False,False,True,0.6065960578159981,1,0.9357683136186268,23.8,26.8,34.8,25.7,30.3,23.8,Alternative Supplier,Alternative Supplier
2014-03-26,ACTAVIS PHARMA INC,NATIONAL WHOLESALE DRUG CO INC,PEOPLES PHARMACY #6007 (WV),WV,31,-0.852804408533626,False,True,False,False,True,0.5793436980102339,2,0.9357216114649526,46.6,50.3,65.4,51.5,56.7,46.6,Alternative Supplier,Alternative Supplier
2010-05-03,MYLAN PHARMACEUTICALS INC,MIAMI-LUKEN INC,RITE AID #9980 (ME),ME,10558,39.95388653980038,True,False,False,False,True,0.6085200979237787,2,0.9356889336570572,40.9,86.5,103.5,15.6,22.2,15.6,Inventory Buffer,Inventory Buffer
2011-06-16,TEVA PHARMACEUTICALS USA INC,AMERISOURCEBERGEN DRUG CORP,PEOPLES PHARMACY #2660 (NC),NC,494,0.9419612330621416,False,True,False,False,True,0.6046633798683453,2,0.935588011619269,48.6,53.1,69.6,55.4,60.7,48.6,Alternative Supplier,Alternative Supplier
2011-08-02,ACTAVIS PHARMA INC,MIAMI-LUKEN INC,WALMART PHARMACY #6240 (NC),NC,640,1.5079132496344572,False,False,False,False,True,0.592668916863967,1,0.935534188285524,24.2,46.1,34.1,26.8,32.1,24.2,Alternative Supplier,Alternative Supplier
2011-12-10,JANSSEN PHARMACEUTICALS INC,HENRY SCHEIN INC,MEDICO PHARMACY #6767 (NC),NC,48,-0.7869058860560277,False,True,False,False,True,0.5875878336903144,2,0.9354967849847668,50.9,54.5,69.5,51.8,56.6,50.9,Alternative Supplier,Alternative Supplier
2011-04-20,SUN PHARMA GLOBAL INC,CARDINAL HEALTH INC,QUALITY CARE PHARMACY #7081 (NJ),NJ,598,1.3451051352780374,False,False,False,False,True,0.6033013463533727,1,0.9354790974840012,24.8,27.1,33.5,25.0,28.1,24.8,Alternative Supplier,Alternative Supplier
2011-08-05,RHODES TECHNOLOGIES,NATIONAL WHOLESALE DRUG CO INC,WINN-DIXIE PHARMACY #3112 (LA),LA,29,-0.8605571758839318,False,False,False,False,True,0.589249624285486,1,0.9354681151683112,25.2,28.6,36.1,27.5,30.6,25.2,Alternative Supplier,Alternative Supplier
2009-12-10,ACTAVIS PHARMA INC,ANDA INC,WALMART PHARMACY #1339 (NC),NC,7707,28.90231668193962,True,False,False,False,True,0.6010921104676741,2,0.9354011953317324,36.4,49.6,99.2,18.5,33.6,18.5,Inventory Buffer,Inventory Buffer
2012-06-22,MYLAN PHARMACEUTICALS INC,SMITH DRUG COMPANY,WALGREENS #6014 (MI),MI,4081,14.8465494758354,True,False,True,False,True,0.6357054808020406,3,0.9353813981767938,92.0,104.3,133.7,55.9,101.8,55.9,Inventory Buffer,Inventory Buffer
2012-08-08,PAR PHARMACEUTICAL INC,CARDINAL HEALTH INC,GOOD NEIGHBOR PHARMACY #6272 (NC),NC,475,0.8683099432342375,False,True,True,False,True,0.6190424700331411,3,0.9353019586936612,76.0,90.3,105.7,81.7,87.5,76.0,Alternative Supplier,Alternative Supplier
2012-10-21,SANDOZ INC,MORRIS & DICKSON CO LLC,MAIN STREET PHARMACY #2094 (KY),KY,531,1.085387429042797,False,False,False,False,True,0.5990402367967596,1,0.9352822183495072,27.1,34.8,41.6,22.5,29.7,22.5,Inventory Buffer,Inventory Buffer
2013-09-09,MALLINCKRODT LLC,PRESCRIPTION SUPPLY INC,HARRIS TEETER PHARMACY #3473 (WV),WV,1525,4.938512802144726,True,True,False,False,True,0.5786883465724949,3,0.9352013526536994,67.9,75.9,97.3,74.6,84.2,67.9,Alternative Supplier,Alternative Supplier
2014-04-30,SANDOZ INC,MORRIS & DICKSON CO LLC,HARRIS TEETER PHARMACY #7234 (WV),WV,6838,25.533739268231795,True,False,False,False,True,0.583539401204753,2,0.935073907468316,36.4,49.6,99.2,18.5,33.6,18.5,Inventory Buffer,Inventory Buffer
2011-05-03,IMPAX LABORATORIES INC,BELLCO DRUG CORP,WALGREENS #3305 (IA),IA,2218,7.624846689025648,True,False,False,False,True,0.5900589954659873,2,0.9350393597842503,62.5,63.3,72.8,45.7,53.8,45.7,Inventory Buffer,Inventory Buffer
2009-10-15,VINTAGE PHARMACEUTICALS LLC,ANDA INC,FAMILY CARE PHARMACY #6977 (NC),NC,1541,5.000534940947171,True,False,False,False,True,0.5741192728347736,2,0.9349904241403332,44.9,54.2,73.5,52.8,58.8,44.9,Alternative Supplier,Alternative Supplier
2010-07-13,MYLAN PHARMACEUTICALS INC,NATIONAL WHOLESALE DRUG CO INC,SUNRISE PHARMACY #8999 (NC),NC,798,2.1203818703086066,False,True,False,False,True,0.5785268632914184,2,0.9348870432281976,50.1,54.1,68.2,53.0,62.5,50.1,Alternative Supplier,Alternative Supplier
2011-11-18,AMNEAL PHARMACEUTICALS LLC,ANDA INC,MEDICO PHARMACY #1407 (IL),IL,141,-0.426402204266813,False,False,True,False,True,0.6407361292036843,2,0.9348115229574854,60.6,61.6,74.2,60.5,64.7,60.5,Inventory Buffer,Inventory Buffer
2013-07-11,ACTAVIS PHARMA INC,ANDA INC,GOOD NEIGHBOR PHARMACY #6549 (CO),CO,5760,21.354997666417027,True,False,False,False,True,0.5954802616495625,2,0.9347814841453608,36.4,49.6,99.2,18.5,33.6,18.5,Inventory Buffer,Inventory Buffer
2012-01-29,ACTAVIS PHARMA INC,KEYSOURCE MEDICAL INC,PUBLIX PHARMACY #1697 (MI),MI,703,1.7521254211690864,False,True,False,False,True,0.5718054696172814,2,0.9345887882351152,51.9,57.7,72.9,57.8,64.1,51.9,Alternative Supplier,Alternative Supplier
2012-02-23,MALLINCKRODT LLC,HENRY SCHEIN INC,GOOD NEIGHBOR PHARMACY #5019 (OR),OR,4724,17.33906417895868,True,False,False,False,True,0.5976299969423885,2,0.9345064493076148,36.4,49.6,99.2,18.5,33.6,18.5,Inventory Buffer,Inventory Buffer
2012-01-12,WATSON LABORATORIES INC,BURLINGTON DRUG COMPANY INC,WALGREENS #4290 (MD),MD,300,0.1899428000824894,False,False,False,False,True,0.5935344675807585,1,0.9343845905253326,24.5,27.8,34.2,27.1,28.8,24.5,Alternative Supplier,Alternative Supplier
2007-11-05,SUN PHARMA GLOBAL INC,BURLINGTON DRUG COMPANY INC,PEOPLES PHARMACY #2912 (WV),WV,351,0.3876383675152846,False,True,False,False,True,0.577324730589148,2,0.9342716375033476,50.4,53.4,67.1,56.2,59.3,50.4,Alternative Supplier,Alternative Supplier
2008-02-10,HIKMA PHARMACEUTICALS,MIAMI-LUKEN INC,WALMART PHARMACY #6240 (NC),NC,67,-0.7132545962281236,False,False,False,False,True,0.5879411776934156,1,0.9341578337073722,25.7,28.6,35.0,26.9,31.1,25.7,Alternative Supplier,Alternative Supplier
2012-12-23,ABBOTT LABORATORIES,NATIONAL WHOLESALE DRUG CO INC,HARRIS TEETER PHARMACY #6758 (NC),NC,124,-0.4923007267444114,False,True,True,False,True,0.6154872432035979,3,0.933739438985707,77.5,91.2,95.9,68.3,74.1,68.3,Inventory Buffer,Inventory Buffer
2010-06-15,AMNEAL PHARMACEUTICALS LLC,DIRECT RX,KROGER PHARMACY #1887 (KY),KY,972,2.794872629785202,False,True,False,False,True,0.5915785556737913,2,0.9336619966098176,50.0,51.4,65.6,53.2,56.7,50.0,Alternative Supplier,Alternative Supplier
2011-09-24,ACTAVIS PHARMA INC,HD SMITH WHOLESALE DRUG CO,CVS PHARMACY #6838 (TN),TN,5153,19.00203277559925,True,False,False,False,True,0.6157985717041448,2,0.9335902033687592,65.7,72.0,108.5,40.5,70.5,40.5,Inventory Buffer,Inventory Buffer
2011-06-09,MALLINCKRODT LLC,CARDINAL HEALTH INC,PUBLIX PHARMACY #2055 (NC),NC,573,1.2481955433992165,False,True,False,False,True,0.5837350718409453,2,0.9333159861799972,50.0,53.7,70.4,54.3,59.5,50.0,Alternative Supplier,Alternative Supplier
2011-11-18,PAR PHARMACEUTICAL INC,AMERISOURCEBERGEN DRUG CORP,QUALITY CARE PHARMACY #4445 (LA),LA,5761,21.35887405009218,True,False,True,False,True,0.6256423190322103,3,0.9329580104893052,60.7,81.8,123.8,34.4,64.9,34.4,Inventory Buffer,Inventory Buffer
2009-02-23,LANNETT COMPANY INC,BURLINGTON DRUG COMPANY INC,CORNER DRUG STORE #5404 (NE),NE,2701,9.497140004124471,True,False,False,False,True,0.6098069534736238,2,0.9327726665689444,40.9,86.5,103.5,15.6,22.2,15.6,Inventory Buffer,Inventory Buffer
2011-03-05,PAR PHARMACEUTICAL INC,AMERISOURCEBERGEN DRUG CORP,MAIN STREET PHARMACY #8869 (AL),AL,3997,14.52093324712256,True,False,False,False,True,0.5953463886100185,2,0.932590906848664,36.4,49.6,99.2,18.5,33.6,18.5,Inventory Buffer,Inventory Buffer
2014-06-01,ENDO PHARMACEUTICALS INC,AMERISOURCEBERGEN DRUG CORP,MEDICO PHARMACY #5392 (NC),NC,960,2.7483560256833677,False,False,False,False,True,0.5800331090088765,1,0.9325372980640092,21.1,23.9,27.3,22.6,25.5,21.1,Alternative Supplier,Alternative Supplier
2012-12-21,ACTAVIS PHARMA INC,HENRY SCHEIN INC,GOOD NEIGHBOR PHARMACY #6129 (NC),NC,360,0.4225258205916602,False,True,False,False,True,0.5808054261595627,2,0.9324129397617438,60.6,61.6,74.2,60.5,64.7,60.5,Inventory Buffer,Inventory Buffer
2012-09-01,MALLINCKRODT LLC,ANDA INC,HARRIS TEETER PHARMACY #3473 (WV),WV,338,0.3372453797382976,False,True,False,False,True,0.5876813145673765,2,0.9321389509799032,48.2,51.5,64.9,51.2,55.1,48.2,Alternative Supplier,Alternative Supplier
2011-06-27,PURDUE PHARMA LP,ANDA INC,RITE AID #9223 (WV),WV,231,-0.0775276735030569,False,False,False,False,True,0.5783943746631393,1,0.932100026142057,25.1,29.2,33.1,26.4,28.1,25.1,Alternative Supplier,Alternative Supplier
2008-02-05,RHODES TECHNOLOGIES,VALUEDRUGCO,KROGER PHARMACY #5322 (OH),OH,3178,11.34617501717238,True,False,False,False,True,0.59238702533813,2,0.9320258947658546,65.7,72.0,108.5,40.5,70.5,40.5,Inventory Buffer,Inventory Buffer
2011-09-04,AMNEAL PHARMACEUTICALS LLC,PRESCRIPTION SUPPLY INC,KROGER PHARMACY #1887 (KY),KY,11,-0.930332082036683,False,True,False,False,True,0.5871110708766774,2,0.9317645226991412,47.5,52.0,68.5,55.0,60.2,47.5,Alternative Supplier,Alternative Supplier
2010-10-15,IMPAX LABORATORIES INC,BURLINGTON DRUG COMPANY INC,QUALITY CARE PHARMACY #7711 (IA),IA,7264,27.18507871384691,True,False,False,False,True,0.6178909358134166,2,0.931722250219391,40.9,86.5,103.5,15.6,22.2,15.6,Inventory Buffer,Inventory Buffer
2009-12-20,IMPAX LABORATORIES INC,GULF COAST MEDICAL SUPPLY,CORNER DRUG STORE #6481 (MD),MD,2665,9.35759019181897,True,False,False,False,True,0.5904743820503465,2,0.931527637765118,65.7,72.0,108.5,40.5,70.5,40.5,Inventory Buffer,Inventory Buffer
2010-12-05,ENDO PHARMACEUTICALS INC,BURLINGTON DRUG COMPANY INC,RITE AID #9491 (IN),IN,8865,33.39116897776661,True,False,False,False,True,0.5885544087834172,2,0.9314282689786848,40.9,86.5,103.5,15.6,22.2,15.6,Inventory Buffer,Inventory Buffer
2013-12-13,CADISTA PHARMACEUTICALS INC,MORRIS & DICKSON CO LLC,HARRIS TEETER PHARMACY #7528 (IN),IN,2860,10.113485008473775,True,False,False,False,True,0.5800017799564243,2,0.931349625107266,36.4,49.6,99.2,18.5,33.6,18.5,Inventory Buffer,Inventory Buffer
2012-03-27,AMNEAL PHARMACEUTICALS LLC,BELLCO DRUG CORP,GOOD NEIGHBOR PHARMACY #8896 (PA),PA,571,1.2404427760489107,False,False,False,False,True,0.580261691803371,1,0.9310194087939754,25.3,27.4,35.0,26.2,29.2,25.3,Alternative Supplier,Alternative Supplier
2007-11-26,LANNETT COMPANY INC,DAKOTA DRUG INC,HOMETOWN PHARMACY #6387 (NC),NC,3026,10.756964698549147,True,False,False,False,True,0.5788387641277757,2,0.9304438826926024,40.9,86.5,103.5,15.6,22.2,15.6,Inventory Buffer,Inventory Buffer
2011-08-17,CADISTA PHARMACEUTICALS INC,ANDA INC,WALMART PHARMACY #8931 (VA),VA,34,-0.8411752575081676,False,False,False,False,True,0.5912460936370384,1,0.930267624615532,26.5,29.3,35.5,27.9,30.7,26.5,Alternative Supplier,Alternative Supplier
2012-02-21,JANSSEN PHARMACEUTICALS INC,SMITH DRUG COMPANY,QUALITY CARE PHARMACY #8199 (WV),WV,455,0.7907822697311806,False,True,False,False,True,0.578805947400675,2,0.9300913224606446,49.6,53.2,68.4,50.8,55.5,49.6,Alternative Supplier,Alternative Supplier
2011-09-20,SUN PHARMA GLOBAL INC,HD SMITH WHOLESALE DRUG CO,PEOPLES PHARMACY #2912 (WV),WV,190,-0.2364594041843236,False,True,False,False,True,0.5721332142260922,2,0.9300169331624332,53.0,54.2,67.2,53.3,60.1,53.0,Alternative Supplier,Alternative Supplier
2012-03-23,SUN PHARMA GLOBAL INC,HD SMITH WHOLESALE DRUG CO,HARRIS TEETER PHARMACY #7261 (KY),KY,949,2.7057158052566863,False,False,False,False,True,0.5805895351492066,1,0.930008488047548,24.3,25.6,32.4,25.6,29.5,24.3,Alternative Supplier,Alternative Supplier
2009-03-10,JANSSEN PHARMACEUTICALS INC,KINRAY LLC,VILLAGE PHARMACY #9397 (NC),NC,763,1.984708441678257,False,True,False,False,True,0.5725451057611431,2,0.9300043533485892,52.1,62.6,77.8,55.4,61.7,52.1,Alternative Supplier,Alternative Supplier
2008-07-22,ABBOTT LABORATORIES,HENRY SCHEIN INC,SUNRISE PHARMACY #5169 (MA),MA,4404,16.098621402909767,True,False,False,False,True,0.5882524470438691,2,0.9299596370123876,36.4,49.6,99.2,18.5,33.6,18.5,Inventory Buffer,Inventory Buffer
2011-04-10,ACTAVIS PHARMA INC,PRESCRIPTION SUPPLY INC,GOOD NEIGHBOR PHARMACY #6129 (NC),NC,1085,3.2329039850774737,False,True,False,False,True,0.5797841897120879,2,0.9299416291902524,51.2,52.9,67.5,54.7,58.4,51.2,Alternative Supplier,Alternative Supplier
2011-04-19,MALLINCKRODT LLC,DAKOTA DRUG INC,WALGREENS #3121 (SC),SC,2459,8.559055154737484,True,False,False,False,True,0.5919637427117797,2,0.9297186287574046,40.9,86.5,103.5,15.6,22.2,15.6,Inventory Buffer,Inventory Buffer
2010-05-12,ENDO PHARMACEUTICALS INC,GULF COAST MEDICAL SUPPLY,WINN-DIXIE PHARMACY #2880 (MI),MI,456,0.7946586534063335,False,False,False,False,True,0.6011477775247261,1,0.9296298255996324,24.6,27.4,35.1,24.7,27.5,24.6,Alternative Supplier,Alternative Supplier
2014-05-22,JANSSEN PHARMACEUTICALS INC,MIAMI-LUKEN INC,WALMART PHARMACY #1339 (NC),NC,597,1.341228751602885,False,True,False,False,True,0.5711336859896752,2,0.9295085903119288,50.4,54.0,70.8,55.1,60.2,50.4,Alternative Supplier,Alternative Supplier
2008-09-06,TEVA PHARMACEUTICALS USA INC,MIAMI-LUKEN INC,HARRIS TEETER PHARMACY #6063 (NC),NC,547,1.1474095678452425,False,True,False,False,True,0.5723877078477642,2,0.9294086804498152,49.3,53.1,70.0,54.0,58.9,49.3,Alternative Supplier,Alternative Supplier
2011-05-28,TEVA PHARMACEUTICALS USA INC,HENRY SCHEIN INC,HARRIS TEETER PHARMACY #6063 (NC),NC,1003,2.91504052371494,False,True,False,False,True,0.5894813690199722,2,0.9293646972742264,48.0,49.5,65.6,50.9,54.4,48.0,Alternative Supplier,Alternative Supplier
2012-11-13,AMNEAL PHARMACEUTICALS LLC,BELLCO DRUG CORP,GOOD NEIGHBOR PHARMACY #8896 (PA),PA,567,1.2249372413482993,False,False,False,False,True,0.5830937026311961,1,0.9293416979655834,26.4,27.5,35.0,26.5,31.4,26.4,Alternative Supplier,Alternative Supplier
2014-06-24,TEVA PHARMACEUTICALS USA INC,PENN PHARMACEUTICAL SERVICES INC,VILLAGE PHARMACY #4087 (DE),DE,102,-0.577581167597774,False,False,False,False,True,0.6125872531124958,1,0.9291675074588656,23.8,27.0,33.9,26.0,29.7,23.8,Alternative Supplier,Alternative Supplier
2008-04-19,IMPAX LABORATORIES INC,KINRAY LLC,VILLAGE PHARMACY #5077 (CT),CT,5205,19.2036047267072,True,False,False,False,True,0.5893970243265673,2,0.9289183188772728,40.9,86.5,103.5,15.6,22.2,15.6,Inventory Buffer,Inventory Buffer
2011-07-23,ABBOTT LABORATORIES,HENRY SCHEIN INC,PUBLIX PHARMACY #2397 (LA),LA,474,0.8644335595590846,False,False,False,False,True,0.6131808229482097,1,0.9288829542620964,25.6,29.1,35.2,27.6,30.7,25.6,Alternative Supplier,Alternative Supplier
2013-03-01,JANSSEN PHARMACEUTICALS INC,GULF COAST MEDICAL SUPPLY,MEDICO PHARMACY #6767 (NC),NC,92,-0.6163450043493025,False,True,False,False,True,0.5911353678705626,2,0.9288535331109828,51.6,55.2,69.6,54.8,59.0,51.6,Alternative Supplier,Alternative Supplier
2010-02-12,MYLAN PHARMACEUTICALS INC,VALUEDRUGCO,HOMETOWN PHARMACY #6387 (NC),NC,672,1.631957527239348,False,True,False,False,True,0.5646069522073779,2,0.9286786601768768,47.9,51.8,67.3,51.9,59.8,47.9,Alternative Supplier,Alternative Supplier
2012-02-23,TEVA PHARMACEUTICALS USA INC,HENRY SCHEIN INC,COMMUNITY PHARMACY #3782 (NC),NC,478,0.8799390942596961,False,True,False,False,True,0.5743960508973299,2,0.9285537466500476,53.5,57.1,72.5,55.8,61.1,53.5,Alternative Supplier,Alternative Supplier
2011-05-20,WATSON LABORATORIES INC,SMITH DRUG COMPANY,QUALITY CARE PHARMACY #3035 (NY),NY,566,1.2210608576731463,False,False,False,False,True,0.5896539515927425,1,0.9285090794231668,26.4,27.5,35.0,26.5,31.4,26.4,Alternative Supplier,Alternative Supplier
2008-08-17,HIKMA PHARMACEUTICALS,MCKESSON CORPORATION,PEOPLES PHARMACY #8932 (PA),PA,315,0.2480885552097821,False,False,False,False,True,0.5789510677758871,1,0.9284593587416052,24.6,27.9,34.3,26.9,28.6,24.6,Alternative Supplier,Alternative Supplier
2008-04-02,WATSON LABORATORIES INC,PRESCRIPTION SUPPLY INC,RITE AID #9491 (IN),IN,4263,15.552051304713215,True,False,False,False,True,0.5976353876596338,2,0.9284213520849548,65.7,72.0,108.5,40.5,70.5,40.5,Inventory Buffer,Inventory Buffer
2011-06-28,RHODES TECHNOLOGIES,CARDINAL HEALTH INC,HOMETOWN PHARMACY #8152 (WV),WV,10,-0.934208465711836,False,True,False,False,True,0.56871532317161,2,0.9283903334920622,47.8,51.3,68.1,55.3,60.6,47.8,Alternative Supplier,Alternative Supplier
2012-08-19,LANNETT COMPANY INC,KEYSOURCE MEDICAL INC,SUNRISE PHARMACY #4061 (MN),MN,1117,3.3569482626823643,False,False,False,False,True,0.6039535130356846,1,0.9283392198737906,27.2,29.8,29.7,28.6,31.9,27.2,Alternative Supplier,Alternative Supplier
2012-10-14,ACTAVIS PHARMA INC,KEYSOURCE MEDICAL INC,PUBLIX PHARMACY #1697 (MI),MI,594,1.3295996005774262,False,True,False,False,True,0.5805615275820135,2,0.9282385573869496,51.1,54.7,71.5,55.8,60.9,51.1,Alternative Supplier,Alternative Supplier
2011-02-24,PURDUE PHARMA LP,HD SMITH WHOLESALE DRUG CO,MAIN STREET PHARMACY #3156 (NE),NE,7176,26.84395695043346,True,False,False,False,True,0.6108605987377695,2,0.9281450714996036,65.7,72.0,108.5,40.5,70.5,40.5,Inventory Buffer,Inventory Buffer
2006-12-28,TEVA PHARMACEUTICALS USA INC,KINRAY LLC,COMMUNITY PHARMACY #3782 (NC),NC,44,-0.8024114207566391,False,True,False,False,True,0.5783978190007575,2,0.9278694130798492,49.5,52.1,67.6,50.9,55.7,49.5,Alternative Supplier,Alternative Supplier
2007-07-12,HIKMA PHARMACEUTICALS,PRESCRIPTION SUPPLY INC,KROGER PHARMACY #8280 (OH),OH,6705,25.018180239436468,True,False,False,False,True,0.5828316308034234,2,0.9277334476818292,65.7,72.0,108.5,40.5,70.5,40.5,Inventory Buffer,Inventory Buffer
2012-03-24,VINTAGE PHARMACEUTICALS LLC,KEYSOURCE MEDICAL INC,WALGREENS #3078 (MA),MA,672,1.631957527239348,False,False,False,False,True,0.5896138960280537,1,0.9275278721820884,24.4,26.6,33.0,25.0,30.7,24.4,Alternative Supplier,Alternative Supplier
2012-01-11,VINTAGE PHARMACEUTICALS LLC,DAKOTA DRUG INC,HOMETOWN PHARMACY #6305 (MN),MN,5282,19.50208626969397,True,False,False,False,True,0.5899689832267802,2,0.9274230365765372,40.9,86.5,103.5,15.6,22.2,15.6,Inventory Buffer,Inventory Buffer
2012-11-16,SANDOZ INC,CARDINAL HEALTH INC,SUNRISE PHARMACY #7243 (WV),WV,518,1.03499444126581,False,True,False,False,True,0.5661903697699223,2,0.9272870579427784,49.0,52.5,68.6,54.1,59.3,49.0,Alternative Supplier,Alternative Supplier
2013-07-02,VINTAGE PHARMACEUTICALS LLC,DAKOTA DRUG INC,QUALITY CARE PHARMACY #5369 (AK),AK,2715,9.551409375576611,True,False,False,False,True,0.5936110848627215,2,0.9270563736790643,40.9,86.5,103.5,15.6,22.2,15.6,Inventory Buffer,Inventory Buffer
2010-08-01,CADISTA PHARMACEUTICALS INC,HD SMITH WHOLESALE DRUG CO,COMMUNITY PHARMACY #4144 (GA),GA,2622,9.190905693787398,True,False,False,False,True,0.6177935524021636,2,0.9270335672954008,65.7,72.0,108.5,40.5,70.5,40.5,Inventory Buffer,Inventory Buffer
2009-03-06,MYLAN PHARMACEUTICALS INC,DAKOTA DRUG INC,CVS PHARMACY #5523 (NC),NC,4105,14.939582684039069,True,False,False,False,True,0.5745730236726206,2,0.9270303433413,40.9,86.5,103.5,15.6,22.2,15.6,Inventory Buffer,Inventory Buffer
2012-12-24,SUN PHARMA GLOBAL INC,PRESCRIPTION SUPPLY INC,FAMILY CARE PHARMACY #7793 (MO),MO,5836,21.64960282572865,True,False,False,False,True,0.612883242232177,2,0.9269631552815916,65.7,72.0,108.5,40.5,70.5,40.5,Inventory Buffer,Inventory Buffer
2011-02-08,TEVA PHARMACEUTICALS USA INC,HD SMITH WHOLESALE DRUG CO,HARRIS TEETER PHARMACY #6063 (NC),NC,580,1.2753302291252864,False,True,False,False,True,0.5757674262517615,2,0.9268943284815596,49.1,53.0,69.1,54.7,59.8,49.1,Alternative Supplier,Alternative Supplier
2006-07-22,HIKMA PHARMACEUTICALS,HD SMITH WHOLESALE DRUG CO,SUNRISE PHARMACY #9849 (CO),CO,4062,14.772898186007495,True,False,False,False,True,0.5917845083340465,2,0.9266299272984558,65.7,72.0,108.5,40.5,70.5,40.5,Inventory Buffer,Inventory Buffer
2014-10-03,MALLINCKRODT LLC,PRESCRIPTION SUPPLY INC,HARRIS TEETER PHARMACY #6063 (NC),NC,1669,5.496712051366735,True,False,False,False,True,0.5787563480964729,2,0.9263077479203228,37.6,43.7,67.9,51.6,60.1,37.6,Alternative Supplier,Alternative Supplier
2011-04-17,CADISTA PHARMACEUTICALS INC,NATIONAL WHOLESALE DRUG CO INC,CVS PHARMACY #4698 (OH),OH,8482,31.906514030183075,True,False,False,False,True,0.5884114090496723,2,0.9262892233451522,65.7,72.0,108.5,40.5,70.5,40.5,Inventory Buffer,Inventory Buffer
2012-05-31,SUN PHARMA GLOBAL INC,ANDA INC,GOOD NEIGHBOR PHARMACY #8685 (FL),FL,8397,31.577021417795084,True,False,False,False,True,0.6083538273554796,2,0.9261508119338464,36.4,49.6,99.2,18.5,33.6,18.5,Inventory Buffer,Inventory Buffer
2013-07-16,ENDO PHARMACEUTICALS INC,VALUEDRUGCO,QUALITY CARE PHARMACY #5940 (HI),HI,2886,10.214270984027747,True,False,False,False,True,0.5831291394011962,2,0.926117761953421,65.7,72.0,108.5,40.5,70.5,40.5,Inventory Buffer,Inventory Buffer
2011-12-17,ACTAVIS PHARMA INC,MCKESSON CORPORATION,HOMETOWN PHARMACY #2658 (AL),AL,5411,20.002139763788684,True,False,False,False,True,0.5887649631198382,2,0.9255749932180354,40.9,86.5,103.5,15.6,22.2,15.6,Inventory Buffer,Inventory Buffer
2014-08-25,ACTAVIS PHARMA INC,HENRY SCHEIN INC,GOOD NEIGHBOR PHARMACY #6129 (NC),NC,72,-0.6938726778523594,False,True,False,False,True,0.5753637866986621,2,0.9254651485856196,46.6,50.5,65.0,46.3,67.5,46.3,Inventory Buffer,Inventory Buffer
2009-03-04,TEVA PHARMACEUTICALS USA INC,HD SMITH WHOLESALE DRUG CO,HOMETOWN PHARMACY #3673 (VA),VA,4371,15.970700741629726,True,False,False,False,True,0.5748149341214129,2,0.925302574066144,65.7,72.0,108.5,40.5,70.5,40.5,Inventory Buffer,Inventory Buffer
2011-05-26,ENDO PHARMACEUTICALS INC,GULF COAST MEDICAL SUPPLY,WINN-DIXIE PHARMACY #2880 (MI),MI,180,-0.275223240935852,False,False,True,False,True,0.6205840703462875,2,0.9252942797332406,53.3,55.6,68.6,53.8,59.0,53.3,Alternative Supplier,Alternative Supplier
2013-04-14,RHODES TECHNOLOGIES,CARDINAL HEALTH INC,HOMETOWN PHARMACY #8152 (WV),WV,267,0.0620221388024455,False,True,False,False,True,0.5825283441474064,2,0.925097910986488,47.1,49.8,66.2,51.2,63.7,47.1,Alternative Supplier,Alternative Supplier
2009-12-02,SANDOZ INC,SMITH DRUG COMPANY,WALMART PHARMACY #2988 (IA),IA,4302,15.703230268044178,True,False,False,False,True,0.6021007796386613,2,0.9250730779867252,65.7,72.0,108.5,40.5,70.5,40.5,Inventory Buffer,Inventory Buffer
2009-05-01,LANNETT COMPANY INC,NATIONAL WHOLESALE DRUG CO INC,QUALITY CARE PHARMACY #3338 (WV),WV,203,-0.1860664164073366,False,False,False,False,True,0.5723448627028119,1,0.9250405113308862,23.6,26.7,34.8,26.7,28.5,23.6,Alternative Supplier,Alternative Supplier
2013-04-29,LANNETT COMPANY INC,VALUEDRUGCO,QUALITY CARE PHARMACY #8443 (AZ),AZ,807,2.1552693233849824,False,False,False,False,True,0.6190004485795628,1,0.9249716446657243,22.8,24.6,31.3,24.2,30.2,22.8,Alternative Supplier,Alternative Supplier
2009-01-14,PAR PHARMACEUTICAL INC,CARDINAL HEALTH INC,WALMART PHARMACY #9392 (NM),NM,256,0.0193819183757642,False,False,False,False,True,0.5942823228622902,1,0.9249321482454947,25.2,29.3,33.2,26.5,28.2,25.2,Alternative Supplier,Alternative Supplier
2012-11-14,ENDO PHARMACEUTICALS INC,AMERISOURCEBERGEN DRUG CORP,MEDICO PHARMACY #5392 (NC),NC,729,1.8529113967230604,False,False,False,False,True,0.5729933654254281,1,0.9248070038419576,26.6,29.0,36.4,27.3,30.7,26.6,Alternative Supplier,Alternative Supplier
2011-06-29,MYLAN PHARMACEUTICALS INC,ANDA INC,HOMETOWN PHARMACY #6387 (NC),NC,484,0.9031973963106132,False,True,False,False,True,0.5691168657916362,2,0.9247792058902584,50.5,54.1,69.6,55.0,60.3,50.5,Alternative Supplier,Alternative Supplier
2008-09-29,SUN PHARMA GLOBAL INC,HENRY SCHEIN INC,PEOPLES PHARMACY #3960 (WY),WY,3832,13.881329940722342,True,False,False,False,True,0.5852653683120947,2,0.9247722244405154,36.4,49.6,99.2,18.5,33.6,18.5,Inventory Buffer,Inventory Buffer
2011-07-12,TEVA PHARMACEUTICALS USA INC,HD SMITH WHOLESALE DRUG CO,HARRIS TEETER PHARMACY #6063 (NC),NC,607,1.379992588354413,False,True,False,False,True,0.5669021196989151,2,0.9247466426075828,47.3,50.4,68.1,52.1,57.1,47.3,Alternative Supplier,Alternative Supplier
2014-01-10,RHODES TECHNOLOGIES,BURLINGTON DRUG COMPANY INC,HOMETOWN PHARMACY #5569 (NC),NC,309,0.224830253158865,False,False,False,False,True,0.5692311376815979,1,0.9247407016789526,24.1,27.4,33.8,27.4,29.1,24.1,Alternative Supplier,Alternative Supplier
2013-09-18,JANSSEN PHARMACEUTICALS INC,NATIONAL WHOLESALE DRUG CO INC,QUALITY CARE PHARMACY #8199 (WV),WV,400,0.577581167597774,False,True,False,False,True,0.5705791075380126,2,0.9247384732689468,46.0,52.2,66.7,52.0,57.9,46.0,Alternative Supplier,Alternative Supplier
2012-02-04,MYLAN PHARMACEUTICALS INC,GULF COAST MEDICAL SUPPLY,SUNRISE PHARMACY #8999 (NC),NC,60,-0.7403892819541936,False,True,False,False,True,0.5835950232463384,2,0.9246317554645996,59.3,57.2,71.6,58.5,64.3,57.2,Combined Strategy,Combined Strategy
2009-03-24,WATSON LABORATORIES INC,DAKOTA DRUG INC,RITE AID #8888 (NY),NY,88,-0.6318505390499138,False,False,False,False,True,0.5894196167970955,1,0.9245648242700356,23.7,27.3,33.8,25.5,29.4,23.7,Alternative Supplier,Alternative Supplier
2011-11-12,AMNEAL PHARMACEUTICALS LLC,HENRY SCHEIN INC,MAIN STREET PHARMACY #1922 (VT),VT,2645,9.280062518315914,True,False,True,False,True,0.6333747543531301,3,0.9245032583882812,60.7,81.8,123.8,34.4,64.9,34.4,Inventory Buffer,Inventory Buffer
2013-10-25,TEVA PHARMACEUTICALS USA INC,CARDINAL HEALTH INC,PUBLIX PHARMACY #2769 (WV),WV,14748,56.19593413869081,True,False,False,False,True,0.5932881111660009,2,0.9243794401865304,40.9,86.5,103.5,15.6,22.2,15.6,Inventory Buffer,Inventory Buffer
2010-11-03,AMNEAL PHARMACEUTICALS LLC,BELLCO DRUG CORP,KROGER PHARMACY #1887 (KY),KY,58,-0.7481420493044992,False,True,False,False,True,0.5850608034118692,2,0.924324190076426,59.3,57.2,71.6,58.5,64.3,57.2,Combined Strategy,Combined Strategy
2012-05-28,WATSON LABORATORIES INC,DAKOTA DRUG INC,SUNRISE PHARMACY #1845 (LA),LA,10255,38.779342286229074,True,False,False,False,True,0.6145550327091157,2,0.924274858797306,40.9,86.5,103.5,15.6,22.2,15.6,Inventory Buffer,Inventory Buffer
2010-12-14,TEVA PHARMACEUTICALS USA INC,MORRIS & DICKSON CO LLC,PEOPLES PHARMACY #4637 (MA),MA,3417,12.27263071553391,True,False,False,False,True,0.58731934245661,2,0.9240229438390692,36.4,49.6,99.2,18.5,33.6,18.5,Inventory Buffer,Inventory Buffer
2013-06-27,MALLINCKRODT LLC,AMERISOURCEBERGEN DRUG CORP,QUALITY CARE PHARMACY #5232 (TN),TN,2928,10.377079098384169,True,False,False,False,True,0.5772972220663203,2,0.923952685635312,36.4,49.6,99.2,18.5,33.6,18.5,Inventory Buffer,Inventory Buffer
2010-11-20,CADISTA PHARMACEUTICALS INC,DIRECT RX,MAIN STREET PHARMACY #6506 (GA),GA,1953,6.597605015110144,True,False,False,False,True,0.5915879556879716,2,0.92386659474825,36.7,70.6,56.3,53.4,68.4,36.7,Alternative Supplier,Alternative Supplier
2014-04-07,AMNEAL PHARMACEUTICALS LLC,VALUEDRUGCO,KROGER PHARMACY #6824 (NE),NE,1521,4.923007267444114,True,False,False,False,True,0.5849864755915872,2,0.923839473503226,37.2,44.7,61.2,51.4,55.0,37.2,Alternative Supplier,Alternative Supplier
2012-04-10,TEVA PHARMACEUTICALS USA INC,DAKOTA DRUG INC,COMMUNITY PHARMACY #3782 (NC),NC,855,2.341335739792319,False,True,False,False,True,0.5659061846134997,2,0.9237464461855752,49.0,50.5,67.3,51.5,57.1,49.0,Alternative Supplier,Alternative Supplier
2012-10-06,MALLINCKRODT LLC,PRESCRIPTION SUPPLY INC,PUBLIX PHARMACY #2055 (NC),NC,185,-0.2558413225600878,False,True,False,False,True,0.5744010360585303,2,0.9236771035345912,53.3,55.6,68.6,53.8,59.0,53.3,Alternative Supplier,Alternative Supplier
2013-03-18,ABBOTT LABORATORIES,PENN PHARMACEUTICAL SERVICES INC,SUNRISE PHARMACY #7702 (NC),NC,1436,4.593514655056122,True,False,True,False,True,0.6183175497633828,3,0.9235910531325244,71.1,79.1,103.0,84.3,91.7,71.1,Alternative Supplier,Alternative Supplier
2013-06-21,PAR PHARMACEUTICAL INC,PENN PHARMACEUTICAL SERVICES INC,PEOPLES PHARMACY #4297 (TN),TN,262,0.0426402204266813,False,False,False,False,True,0.5790075035418467,1,0.9235845244409504,25.1,29.2,33.1,26.4,28.1,25.1,Alternative Supplier,Alternative Supplier
2013-04-23,RHODES TECHNOLOGIES,MIAMI-LUKEN INC,WALMART PHARMACY #3253 (WY),WY,5174,19.083436832777465,True,False,False,False,True,0.600222198938475,2,0.9234550513742148,40.9,86.5,103.5,15.6,22.2,15.6,Inventory Buffer,Inventory Buffer
2012-02-06,RHODES TECHNOLOGIES,NATIONAL WHOLESALE DRUG CO INC,WINN-DIXIE PHARMACY #3112 (LA),LA,187,-0.2480885552097821,False,False,False,False,True,0.5984444212852763,1,0.9232824503280218,22.9,26.0,34.1,25.7,27.5,22.9,Alternative Supplier,Alternative Supplier
2011-03-19,JANSSEN PHARMACEUTICALS INC,DAKOTA DRUG INC,WALMART PHARMACY #6240 (NC),NC,308,0.2209538694837122,False,True,False,False,True,0.5889740010844818,2,0.9231533176257416,52.2,52.4,66.1,53.1,60.0,52.2,Alternative Supplier,Alternative Supplier
2010-07-07,MALLINCKRODT LLC,MIAMI-LUKEN INC,PUBLIX PHARMACY #2055 (NC),NC,176,-0.2907287756364634,False,True,False,False,True,0.5592832045693726,2,0.9231045524684516,52.1,54.6,68.3,54.2,59.6,52.1,Alternative Supplier,Alternative Supplier
2011-11-17,JANSSEN PHARMACEUTICALS INC,DAKOTA DRUG INC,HOMETOWN PHARMACY #8469 (NC),NC,287,0.1395498123055024,False,True,True,False,True,0.6032114084651831,3,0.9229338454372852,62.1,76.2,91.4,64.1,74.3,62.1,Alternative Supplier,Alternative Supplier
2012-10-05,SANDOZ INC,DAKOTA DRUG INC,GOOD NEIGHBOR PHARMACY #2150 (CA),CA,442,0.7403892819541936,False,False,False,False,True,0.600920300259786,1,0.9228707323992918,26.0,28.9,35.3,27.2,30.7,26.0,Alternative Supplier,Alternative Supplier
2012-01-29,TEVA PHARMACEUTICALS USA INC,CARDINAL HEALTH INC,COMMUNITY PHARMACY #3782 (NC),NC,685,1.6823505150163351,False,True,False,False,True,0.5658750535862777,2,0.9225626785569307,49.7,54.2,69.0,52.2,58.6,49.7,Alternative Supplier,Alternative Supplier
2011-03-18,ABBOTT LABORATORIES,BURLINGTON DRUG COMPANY INC,CORNER DRUG STORE #5404 (NE),NE,258,0.0271346857260699,False,False,False,False,True,0.5848966844468049,1,0.9225495675948132,25.2,29.3,33.2,26.5,28.2,25.2,Alternative Supplier,Alternative Supplier
2009-12-09,RHODES TECHNOLOGIES,PRESCRIPTION SUPPLY INC,VILLAGE PHARMACY #2361 (VT),VT,6604,24.62666548824603,True,False,False,False,True,0.5932957666522629,2,0.9224365252515642,65.7,72.0,108.5,40.5,70.5,40.5,Inventory Buffer,Inventory Buffer
2013-10-23,ENDO PHARMACEUTICALS INC,KEYSOURCE MEDICAL INC,HOMETOWN PHARMACY #8469 (NC),NC,3522,12.67965100142496,True,False,False,False,True,0.5720455666625135,2,0.9223675482625432,40.9,86.5,103.5,15.6,22.2,15.6,Inventory Buffer,Inventory Buffer
2014-07-12,ABBOTT LABORATORIES,MIAMI-LUKEN INC,WALGREENS #2651 (GA),GA,9121,34.383523198605744,True,False,False,False,True,0.5814134785155867,2,0.92234523966133,40.9,86.5,103.5,15.6,22.2,15.6,Inventory Buffer,Inventory Buffer
2008-08-17,WATSON LABORATORIES INC,KEYSOURCE MEDICAL INC,WALGREENS #8194 (VT),VT,2147,7.349623448089796,True,False,False,False,True,0.59883442846404,2,0.922314781038345,49.5,68.5,85.9,67.3,62.4,49.5,Alternative Supplier,Alternative Supplier
2010-02-12,PURDUE PHARMA LP,PRESCRIPTION SUPPLY INC,WALGREENS #7353 (OK),OK,433,0.705501828877818,False,False,False,False,True,0.5881646932922857,1,0.9222843123260388,23.8,26.8,34.8,25.7,30.3,23.8,Alternative Supplier,Alternative Supplier
2011-11-10,PAR PHARMACEUTICAL INC,BURLINGTON DRUG COMPANY INC,GOOD NEIGHBOR PHARMACY #6272 (NC),NC,57,-0.7520184329796521,False,True,True,False,True,0.6073702801559744,3,0.9221985628311604,93.5,103.9,115.9,91.3,97.1,91.3,Inventory Buffer,Inventory Buffer
2010-11-10,JANSSEN PHARMACEUTICALS INC,MIAMI-LUKEN INC,CVS PHARMACY #6846 (NH),NH,2175,7.458162190994075,True,False,False,False,True,0.5866724725523069,2,0.9221748282224004,34.1,51.3,63.7,52.8,42.9,34.1,Alternative Supplier,Alternative Supplier
2008-04-28,ABBOTT LABORATORIES,PENN PHARMACEUTICAL SERVICES INC,HARRIS TEETER PHARMACY #6758 (NC),NC,188,-0.2442121715346293,False,True,False,False,True,0.5687960839401577,2,0.9221656709932726,54.3,56.6,69.9,55.0,60.3,54.3,Alternative Supplier,Alternative Supplier
2010-02-15,MALLINCKRODT LLC,CARDINAL HEALTH INC,PUBLIX PHARMACY #2055 (NC),NC,350,0.3837619838401317,False,True,False,False,True,0.5715008463220344,2,0.9220748556802226,50.4,53.4,67.1,56.2,59.3,50.4,Alternative Supplier,Alternative Supplier
2009-04-30,MYLAN PHARMACEUTICALS INC,PENN PHARMACEUTICAL SERVICES INC,HOMETOWN PHARMACY #6387 (NC),NC,517,1.0311180575906571,False,True,False,False,True,0.580173984524909,2,0.922039380523756,49.3,53.8,70.0,54.1,59.3,49.3,Alternative Supplier,Alternative Supplier
2012-02-21,ENDO PHARMACEUTICALS INC,DIRECT RX,PUBLIX PHARMACY #6736 (TN),TN,157,-0.3643800654643675,False,False,False,False,True,0.5853179637620338,1,0.9219731848947392,24.5,27.7,34.1,28.0,28.3,24.5,Alternative Supplier,Alternative Supplier
2010-11-16,RHODES TECHNOLOGIES,KINRAY LLC,HOMETOWN PHARMACY #8152 (WV),WV,626,1.453643878182317,False,True,False,False,True,0.5637138832012566,2,0.9218539389749992,51.0,54.5,70.6,55.7,61.0,51.0,Alternative Supplier,Alternative Supplier
2011-11-30,SANDOZ INC,BURLINGTON DRUG COMPANY INC,SUNRISE PHARMACY #7243 (WV),WV,626,1.453643878182317,False,True,False,False,True,0.563650379276112,2,0.9218096774354954,51.0,54.5,70.6,55.7,61.0,51.0,Alternative Supplier,Alternative Supplier
2013-02-09,HIKMA PHARMACEUTICALS,PRESCRIPTION SUPPLY INC,WALMART PHARMACY #6240 (NC),NC,3505,12.61375247894736,True,False,False,False,True,0.572010121095793,2,0.9215839889989048,65.7,72.0,108.5,40.5,70.5,40.5,Inventory Buffer,Inventory Buffer
2013-12-20,WATSON LABORATORIES INC,DIRECT RX,PUBLIX PHARMACY #2769 (WV),WV,1606,5.252499879832106,True,False,True,False,True,0.6170582903660875,3,0.9215694477693774,75.1,78.3,95.5,78.7,84.3,75.1,Alternative Supplier,Alternative Supplier
2013-06-30,JANSSEN PHARMACEUTICALS INC,GULF COAST MEDICAL SUPPLY,MEDICO PHARMACY #6767 (NC),NC,60,-0.7403892819541936,False,True,False,False,True,0.5693409262626932,2,0.921446100607637,59.3,57.2,71.6,58.5,64.3,57.2,Combined Strategy,Combined Strategy
2008-09-05,AMNEAL PHARMACEUTICALS LLC,BELLCO DRUG CORP,KROGER PHARMACY #9499 (WI),WI,27,-0.8683099432342375,False,False,False,False,True,0.5872150019293542,1,0.92142980866426,25.2,28.6,36.1,27.5,30.6,25.2,Alternative Supplier,Alternative Supplier
2007-08-13,ACTAVIS PHARMA INC,PENN PHARMACEUTICAL SERVICES INC,HEALTH MART PHARMACY #8816 (AR),AR,43,-0.8062878044317919,False,False,False,False,True,0.5945613998492381,1,0.9213885139895392,24.9,27.8,34.0,24.6,27.4,24.6,Inventory Buffer,Inventory Buffer
2011-09-17,JANSSEN PHARMACEUTICALS INC,AMERISOURCEBERGEN DRUG CORP,HOMETOWN PHARMACY #8469 (NC),NC,436,0.7171309799032765,False,True,False,False,True,0.5734646119065785,2,0.9213466370300768,53.3,56.6,71.1,56.0,62.3,53.3,Alternative Supplier,Alternative Supplier
2010-10-16,JANSSEN PHARMACEUTICALS INC,BELLCO DRUG CORP,QUALITY CARE PHARMACY #8199 (WV),WV,354,0.3992675185407431,False,True,False,False,True,0.5690690592026714,2,0.9213252639312292,54.0,55.9,68.9,57.2,61.0,54.0,Alternative Supplier,Alternative Supplier
2013-01-11,SUN PHARMA GLOBAL INC,MORRIS & DICKSON CO LLC,CVS PHARMACY #8013 (MD),MD,2215,7.613217538000189,True,False,False,False,True,0.5831615799964873,2,0.9212040457679156,58.1,57.0,63.6,40.2,38.8,38.8,Production Reroute,Production Reroute
2010-10-27,SUN PHARMA GLOBAL INC,VALUEDRUGCO,PEOPLES PHARMACY #2912 (WV),WV,354,0.3992675185407431,False,True,False,False,True,0.5804660685320161,2,0.921144239538249,54.0,55.9,68.9,57.2,61.0,54.0,Alternative Supplier,Alternative Supplier
2013-02-13,ACTAVIS PHARMA INC,SMITH DRUG COMPANY,PEOPLES PHARMACY #6007 (WV),WV,194,-0.2209538694837122,False,True,False,False,True,0.56267463359652,2,0.9210994855581554,52.5,53.7,66.6,52.8,59.5,52.5,Alternative Supplier,Alternative Supplier
2013-10-11,ENDO PHARMACEUTICALS INC,HENRY SCHEIN INC,WALMART PHARMACY #1339 (NC),NC,1278,3.981046034381973,True,False,False,False,True,0.5722300617899295,2,0.9210489305409412,51.5,53.7,67.6,54.4,68.1,51.5,Alternative Supplier,Alternative Supplier
2008-05-15,ACTAVIS PHARMA INC,PENN PHARMACEUTICAL SERVICES INC,WALGREENS #6346 (OH),OH,4837,17.77709553425095,True,False,False,False,True,0.5851433481481934,2,0.9208634519793738,36.4,49.6,99.2,18.5,33.6,18.5,Inventory Buffer,Inventory Buffer
2013-03-20,ENDO PHARMACEUTICALS INC,AMERISOURCEBERGEN DRUG CORP,KROGER PHARMACY #4300 (VA),VA,12697,48.24547122095232,True,False,False,False,True,0.6062270951857608,2,0.9208163147684848,36.4,49.6,99.2,18.5,33.6,18.5,Inventory Buffer,Inventory Buffer
2012-03-01,ACTAVIS PHARMA INC,AMERISOURCEBERGEN DRUG CORP,WALMART PHARMACY #7653 (PA),PA,25,-0.8760627105845432,False,False,False,False,True,0.5879693658323764,1,0.9207917821814288,25.6,29.1,35.2,27.6,30.7,25.6,Alternative Supplier,Alternative Supplier
2011-04-07,WATSON LABORATORIES INC,KEYSOURCE MEDICAL INC,RITE AID #9322 (LA),LA,1703,5.628509096321932,True,False,False,False,True,0.5733607460705672,2,0.920717286706944,39.3,40.9,55.2,41.3,45.9,39.3,Alternative Supplier,Alternative Supplier
2010-07-06,JANSSEN PHARMACEUTICALS INC,HD SMITH WHOLESALE DRUG CO,WALMART PHARMACY #6240 (NC),NC,418,0.6473560737505253,False,True,False,False,True,0.5570914436984422,2,0.9206107748704578,47.8,51.8,66.3,47.7,60.5,47.7,Inventory Buffer,Inventory Buffer
2009-06-11,PURDUE PHARMA LP,KINRAY LLC,CVS PHARMACY #2485 (OH),OH,4977,18.31978924877235,True,False,False,False,True,0.5853268760985402,2,0.920586878300434,40.9,86.5,103.5,15.6,22.2,15.6,Inventory Buffer,Inventory Buffer
2011-05-19,HIKMA PHARMACEUTICALS,HENRY SCHEIN INC,FAMILY CARE PHARMACY #5152 (MI),MI,3056,10.873256208803731,True,False,False,False,True,0.5707207626570674,2,0.9203764462123114,36.4,49.6,99.2,18.5,33.6,18.5,Inventory Buffer,Inventory Buffer
2009-12-09,JANSSEN PHARMACEUTICALS INC,HENRY SCHEIN INC,WALGREENS #8132 (IL),IL,5077,18.707427616287635,True,False,False,False,True,0.6178770849930885,2,0.9202318867082852,36.4,49.6,99.2,18.5,33.6,18.5,Inventory Buffer,Inventory Buffer
2009-04-22,JANSSEN PHARMACEUTICALS INC,VALUEDRUGCO,WALMART PHARMACY #6240 (NC),NC,62,-0.7326365146038879,False,True,False,False,True,0.557502004645093,2,0.9201777544415772,63.8,56.3,70.8,57.7,63.4,56.3,Combined Strategy,Combined Strategy
2013-05-01,IMPAX LABORATORIES INC,DAKOTA DRUG INC,CVS PHARMACY #5523 (NC),NC,9816,37.07760985283697,True,False,False,False,True,0.5994781340077721,2,0.920157137643416,40.9,86.5,103.5,15.6,22.2,15.6,Inventory Buffer,Inventory Buffer
2013-10-11,ABBOTT LABORATORIES,DAKOTA DRUG INC,HARRIS TEETER PHARMACY #6758 (NC),NC,47,-0.7907822697311806,False,True,False,False,True,0.5597909919528952,2,0.9200851722557192,49.5,52.1,67.6,50.9,55.7,49.5,Alternative Supplier,Alternative Supplier
2013-10-08,JANSSEN PHARMACEUTICALS INC,AMERISOURCEBERGEN DRUG CORP,VILLAGE PHARMACY #9397 (NC),NC,811,2.170774858085594,False,True,False,False,True,0.5614704742531503,2,0.9198682098507666,49.1,53.9,68.8,54.5,62.8,49.1,Alternative Supplier,Alternative Supplier
2014-03-14,ENDO PHARMACEUTICALS INC,KINRAY LLC,HARRIS TEETER PHARMACY #3473 (WV),WV,74,-0.6861199105020537,False,True,False,False,True,0.5598491890094144,2,0.9195095341996884,46.4,49.4,64.2,46.5,67.6,46.4,Alternative Supplier,Alternative Supplier
2011-12-24,SUN PHARMA GLOBAL INC,BURLINGTON DRUG COMPANY INC,WALGREENS #4290 (MD),MD,72,-0.6938726778523594,False,False,True,False,True,0.6216254941488786,2,0.9194646450053588,46.4,49.4,64.2,46.5,67.6,46.4,Alternative Supplier,Alternative Supplier
2012-10-06,VINTAGE PHARMACEUTICALS LLC,HD SMITH WHOLESALE DRUG CO,QUALITY CARE PHARMACY #6507 (NC),NC,429,0.6899962941772065,False,False,False,False,True,0.5677237674635017,1,0.9194050278181458,20.8,24.2,32.5,23.4,29.8,20.8,Alternative Supplier,Alternative Supplier
2007-08-26,WATSON LABORATORIES INC,MCKESSON CORPORATION,HOMETOWN PHARMACY #5099 (MD),MD,443,0.7442656656293464,False,False,False,False,True,0.5911327938503026,1,0.9192743692500132,26.0,28.9,35.3,27.2,30.7,26.0,Alternative Supplier,Alternative Supplier
2009-11-18,QUALITEST PHARMACEUTICALS,CARDINAL HEALTH INC,QUALITY CARE PHARMACY #3071 (KY),KY,2547,8.900176918150935,True,False,False,False,True,0.5685397459827745,2,0.9192656925775432,40.9,86.5,103.5,15.6,22.2,15.6,Inventory Buffer,Inventory Buffer
2014-03-20,HIKMA PHARMACEUTICALS,KEYSOURCE MEDICAL INC,WALGREENS #1607 (WY),WY,4165,15.172165704548238,True,False,False,False,True,0.5823647655830902,2,0.919248970578188,40.9,86.5,103.5,15.6,22.2,15.6,Inventory Buffer,Inventory Buffer
2012-07-15,CADISTA PHARMACEUTICALS INC,MCKESSON CORPORATION,FAMILY CARE PHARMACY #6977 (NC),NC,2547,8.900176918150935,True,False,True,False,True,0.6661851061949504,3,0.9191040987437852,64.7,119.4,128.3,36.7,54.9,36.7,Inventory Buffer,Inventory Buffer
2011-06-04,VINTAGE PHARMACEUTICALS LLC,SMITH DRUG COMPANY,RITE AID #5178 (ND),ND,1408,4.484975912151842,True,False,False,False,True,0.5857295965943229,2,0.9189146745812986,48.8,49.9,65.7,50.3,54.0,48.8,Alternative Supplier,Alternative Supplier
2010-04-10,SUN PHARMA GLOBAL INC,AMERISOURCEBERGEN DRUG CORP,PEOPLES PHARMACY #2912 (WV),WV,46,-0.7946586534063335,False,True,False,False,True,0.5633806303586796,2,0.9188892125899348,50.2,53.8,68.9,51.3,56.1,50.2,Alternative Supplier,Alternative Supplier
2012-09-07,MALLINCKRODT LLC,ANDA INC,VILLAGE PHARMACY #3411 (VT),VT,3328,11.927632568445308,True,False,False,False,True,0.5986625237746802,2,0.9186961879125264,36.4,49.6,99.2,18.5,33.6,18.5,Inventory Buffer,Inventory Buffer
2014-09-21,SANDOZ INC,BURLINGTON DRUG COMPANY INC,WALGREENS #3635 (NC),NC,10,-0.934208465711836,False,False,False,False,True,0.5716157438256844,1,0.9186505318168454,24.3,27.6,33.8,27.7,30.8,24.3,Alternative Supplier,Alternative Supplier
2009-01-12,JANSSEN PHARMACEUTICALS INC,MCKESSON CORPORATION,PEOPLES PHARMACY #2912 (WV),WV,203,-0.1860664164073366,False,False,False,False,True,0.5754745689630086,1,0.9186093861019357,24.5,27.8,34.2,27.1,28.8,24.5,Alternative Supplier,Alternative Supplier
2011-05-31,TEVA PHARMACEUTICALS USA INC,KEYSOURCE MEDICAL INC,COMMUNITY PHARMACY #3782 (NC),NC,306,0.2132011021334065,False,True,False,False,True,0.5832099779596522,2,0.91843433037909,53.0,53.2,66.9,52.9,59.7,52.9,Inventory Buffer,Inventory Buffer
2012-06-15,TEVA PHARMACEUTICALS USA INC,NATIONAL WHOLESALE DRUG CO INC,CVS PHARMACY #6466 (KY),KY,159,-0.3566272981140618,False,True,False,False,True,0.5910843884887523,2,0.9181655539873976,51.9,55.4,68.3,54.8,58.6,51.9,Alternative Supplier,Alternative Supplier
2013-05-25,SUN PHARMA GLOBAL INC,DAKOTA DRUG INC,MAIN STREET PHARMACY #1903 (WA),WA,191730,742.2460697345917,True,False,True,False,True,0.7896790957477572,3,0.9180500488138312,64.7,119.4,128.3,36.7,54.9,36.7,Inventory Buffer,Inventory Buffer
2011-02-04,LANNETT COMPANY INC,NATIONAL WHOLESALE DRUG CO INC,WINN-DIXIE PHARMACY #2251 (AK),AK,3800,13.75728566311745,True,False,True,False,True,0.6214652948063853,3,0.9179858181952256,92.0,104.3,133.7,55.9,101.8,55.9,Inventory Buffer,Inventory Buffer
2014-01-11,MYLAN PHARMACEUTICALS INC,CARDINAL HEALTH INC,SUNRISE PHARMACY #8999 (NC),NC,455,0.7907822697311806,False,True,False,False,True,0.5658775214668291,2,0.9178908955629668,49.5,52.1,67.6,50.9,55.7,49.5,Alternative Supplier,Alternative Supplier
2014-11-26,ACTAVIS PHARMA INC,NATIONAL WHOLESALE DRUG CO INC,GOOD NEIGHBOR PHARMACY #6129 (NC),NC,371,0.4651660410183415,False,True,False,False,True,0.5701538404189913,2,0.9175931569467998,49.5,52.9,66.3,52.3,57.5,49.5,Alternative Supplier,Alternative Supplier
2012-04-26,IMPAX LABORATORIES INC,KINRAY LLC,PEOPLES PHARMACY #6007 (WV),WV,1286,4.012057103783196,True,False,True,False,True,0.6444791490557488,3,0.9175462727269592,79.1,83.9,101.4,80.3,88.8,79.1,Alternative Supplier,Alternative Supplier
2010-09-29,ABBOTT LABORATORIES,PRESCRIPTION SUPPLY INC,HARRIS TEETER PHARMACY #6758 (NC),NC,18,-0.9031973963106132,False,True,False,False,True,0.5609164713678012,2,0.9174837531497978,49.9,53.6,69.1,54.6,59.7,49.9,Alternative Supplier,Alternative Supplier
2009-12-14,SUN PHARMA GLOBAL INC,HENRY SCHEIN INC,WINN-DIXIE PHARMACY #5889 (PA),PA,123,-0.4961771104195642,False,False,False,False,True,0.5799380583841134,1,0.917483177011948,25.2,28.4,35.4,26.2,29.2,25.2,Alternative Supplier,Alternative Supplier
2009-05-27,TEVA PHARMACEUTICALS USA INC,SMITH DRUG COMPANY,CVS PHARMACY #6466 (KY),KY,90,-0.6240977716996082,False,True,False,False,True,0.5705067822352877,2,0.9173820645789796,51.0,54.6,69.1,54.2,58.4,51.0,Alternative Supplier,Alternative Supplier
2014-06-23,JANSSEN PHARMACEUTICALS INC,KINRAY LLC,QUALITY CARE PHARMACY #8199 (WV),WV,160,-0.352750914438909,False,True,False,False,True,0.5674412803796667,2,0.9173789165070644,51.7,54.1,67.8,55.1,58.1,51.7,Alternative Supplier,Alternative Supplier
2013-03-09,JANSSEN PHARMACEUTICALS INC,DIRECT RX,WALMART PHARMACY #1339 (NC),NC,461,0.8140405717820977,False,True,False,False,True,0.5854398425611965,2,0.91732104214943,50.2,53.8,68.9,51.3,56.1,50.2,Alternative Supplier,Alternative Supplier
2010-12-30,PAR PHARMACEUTICAL INC,VALUEDRUGCO,WALGREENS #5297 (MT),MT,6441,23.994814949196115,True,False,False,False,True,0.6027178359146445,2,0.9170230157384108,65.7,72.0,108.5,40.5,70.5,40.5,Inventory Buffer,Inventory Buffer
2010-01-06,JANSSEN PHARMACEUTICALS INC,VALUEDRUGCO,WALMART PHARMACY #6240 (NC),NC,45,-0.7985350370814862,False,True,False,False,True,0.5745186311429136,2,0.9169073448307992,49.6,53.2,68.4,50.8,55.5,49.6,Alternative Supplier,Alternative Supplier
2011-07-29,ABBOTT LABORATORIES,MIAMI-LUKEN INC,RITE AID #2280 (MD),MD,124,-0.4923007267444114,False,False,False,False,True,0.605949331998101,1,0.9169068600621214,25.2,28.6,35.6,26.4,29.3,25.2,Alternative Supplier,Alternative Supplier
2007-10-29,HIKMA PHARMACEUTICALS,GULF COAST MEDICAL SUPPLY,PEOPLES PHARMACY #6853 (ND),ND,468,0.8411752575081676,False,False,False,False,True,0.5907417320005648,1,0.916885177704692,26.0,28.8,36.5,27.9,30.7,26.0,Alternative Supplier,Alternative Supplier
2014-10-08,ACTAVIS PHARMA INC,KINRAY LLC,RITE AID #4372 (LA),LA,8218,30.88314873994272,True,False,False,False,True,0.5770378725814735,2,0.9168364527586816,40.9,86.5,103.5,15.6,22.2,15.6,Inventory Buffer,Inventory Buffer
2011-07-09,LANNETT COMPANY INC,GULF COAST MEDICAL SUPPLY,QUALITY CARE PHARMACY #3338 (WV),WV,2509,8.752874338495126,True,False,False,False,True,0.5679567840854253,2,0.9167393715367363,65.7,72.0,108.5,40.5,70.5,40.5,Inventory Buffer,Inventory Buffer
2011-12-31,ENDO PHARMACEUTICALS INC,CARDINAL HEALTH INC,HARRIS TEETER PHARMACY #3473 (WV),WV,26,-0.8721863269093904,False,True,False,False,True,0.5691405897889987,2,0.9164198760362972,53.1,55.7,71.4,55.7,61.0,53.1,Alternative Supplier,Alternative Supplier
2013-08-08,AMNEAL PHARMACEUTICALS LLC,PRESCRIPTION SUPPLY INC,SUNRISE PHARMACY #8999 (NC),NC,38,-0.8256697228075561,False,True,False,False,True,0.5658833371087246,2,0.9164087017460222,49.1,52.8,67.9,50.4,55.0,49.1,Alternative Supplier,Alternative Supplier
2011-07-17,PURDUE PHARMA LP,DAKOTA DRUG INC,QUALITY CARE PHARMACY #6507 (NC),NC,3278,11.733813384687664,True,False,False,False,True,0.5680046955117016,2,0.91633626389755,40.9,86.5,103.5,15.6,22.2,15.6,Inventory Buffer,Inventory Buffer
2013-11-04,PAR PHARMACEUTICAL INC,KEYSOURCE MEDICAL INC,CVS PHARMACY #2808 (IN),IN,3081,10.970165800682556,True,False,False,False,True,0.5778191872509365,2,0.9162285545728942,40.9,86.5,103.5,15.6,22.2,15.6,Inventory Buffer,Inventory Buffer
2007-11-29,PAR PHARMACEUTICAL INC,HENRY SCHEIN INC,WALMART PHARMACY #6240 (NC),NC,3497,12.582741409546138,True,False,False,False,True,0.570934131863231,2,0.9161597658869726,36.4,49.6,99.2,18.5,33.6,18.5,Inventory Buffer,Inventory Buffer
2011-09-01,ACTAVIS PHARMA INC,HENRY SCHEIN INC,PUBLIX PHARMACY #1697 (MI),MI,117,-0.5194354124704813,False,True,False,False,True,0.5967954740826596,2,0.916143816927374,51.1,54.5,67.3,53.9,59.2,51.1,Alternative Supplier,Alternative Supplier
2012-04-09,PAR PHARMACEUTICAL INC,KEYSOURCE MEDICAL INC,RITE AID #1901 (TN),TN,1668,5.492835667691582,True,False,False,False,True,0.5645352190238555,2,0.9159849353828576,49.4,50.7,65.3,49.2,56.1,49.2,Inventory Buffer,Inventory Buffer
2009-08-24,MYLAN PHARMACEUTICALS INC,BURLINGTON DRUG COMPANY INC,HOMETOWN PHARMACY #6387 (NC),NC,22,-0.8876918616100017,False,True,False,False,True,0.5607411501069858,2,0.9159318431815392,52.5,55.2,70.8,55.2,60.5,52.5,Alternative Supplier,Alternative Supplier
2011-04-27,RHODES TECHNOLOGIES,MIAMI-LUKEN INC,HOMETOWN PHARMACY #8152 (WV),WV,173,-0.3023579266619219,False,True,False,False,True,0.5591992575725259,2,0.9158717008074247,50.7,53.2,66.9,52.9,57.8,50.7,Alternative Supplier,Alternative Supplier
2013-09-27,SANDOZ INC,PRESCRIPTION SUPPLY INC,SUNRISE PHARMACY #7243 (WV),WV,466,0.8334224901578619,False,True,False,False,True,0.5602214489751947,2,0.9157938167361472,51.4,55.1,70.2,55.0,59.7,51.4,Alternative Supplier,Alternative Supplier
2013-04-30,HIKMA PHARMACEUTICALS,ANDA INC,WALGREENS #1336 (ID),ID,2464,8.578437073113248,True,False,False,False,True,0.5825192372524297,2,0.9154852432611784,36.4,49.6,99.2,18.5,33.6,18.5,Inventory Buffer,Inventory Buffer
2009-02-08,TEVA PHARMACEUTICALS USA INC,GULF COAST MEDICAL SUPPLY,GOOD NEIGHBOR PHARMACY #6129 (NC),NC,149,-0.3953911348655903,False,True,False,False,True,0.5639831404407916,2,0.9154664860649292,54.0,55.9,68.9,57.2,61.0,54.0,Alternative Supplier,Alternative Supplier
2008-08-21,MYLAN PHARMACEUTICALS INC,BELLCO DRUG CORP,HOMETOWN PHARMACY #6387 (NC),NC,139,-0.4341549716171187,False,True,False,False,True,0.5650917074695844,2,0.9154337317279686,47.6,51.1,63.7,49.2,54.3,47.6,Alternative Supplier,Alternative Supplier
2012-01-15,AMNEAL PHARMACEUTICALS LLC,PRESCRIPTION SUPPLY INC,WALGREENS #7353 (OK),OK,264,0.0503929877769869,False,False,False,False,True,0.5830798486946827,1,0.9153810743002276,24.7,28.5,33.8,26.1,27.9,24.7,Alternative Supplier,Alternative Supplier
2009-01-14,RHODES TECHNOLOGIES,HENRY SCHEIN INC,HOMETOWN PHARMACY #4342 (MI),MI,461,0.8140405717820977,False,False,False,False,True,0.5781605484278336,1,0.9153512610976734,24.9,27.8,34.0,24.6,27.4,24.6,Inventory Buffer,Inventory Buffer
2011-03-17,ACTAVIS PHARMA INC,GULF COAST MEDICAL SUPPLY,PUBLIX PHARMACY #1697 (MI),MI,220,-0.1201678939297382,False,True,False,False,True,0.5604244487489878,2,0.9152625131468056,61.2,65.1,70.0,54.8,60.0,54.8,Inventory Buffer,Inventory Buffer
2009-02-20,MYLAN PHARMACEUTICALS INC,VALUEDRUGCO,HOMETOWN PHARMACY #6387 (NC),NC,334,0.3217398450376862,False,True,False,False,True,0.5690339212528477,2,0.915090808633459,46.7,50.1,63.1,48.7,53.4,46.7,Alternative Supplier,Alternative Supplier
2010-01-25,MYLAN PHARMACEUTICALS INC,CARDINAL HEALTH INC,HOMETOWN PHARMACY #8919 (KY),KY,939,2.666951968505158,False,False,False,False,True,0.5650993522530274,1,0.9150480882135772,22.9,24.5,28.7,23.1,27.4,22.9,Alternative Supplier,Alternative Supplier
2010-07-22,MALLINCKRODT LLC,CARDINAL HEALTH INC,COMMUNITY PHARMACY #9436 (WV),WV,807,2.1552693233849824,False,False,False,False,True,0.5648181851230407,1,0.9149839622812396,23.0,25.0,29.6,23.7,30.7,23.0,Alternative Supplier,Alternative Supplier
2011-02-24,AMNEAL PHARMACEUTICALS LLC,MIAMI-LUKEN INC,HARRIS TEETER PHARMACY #6758 (NC),NC,81,-0.6589852247759838,False,False,True,False,True,0.6022195730275057,2,0.914930861140524,47.3,50.3,65.1,47.4,59.8,47.3,Alternative Supplier,Alternative Supplier
2011-11-08,MYLAN PHARMACEUTICALS INC,GULF COAST MEDICAL SUPPLY,MAIN STREET PHARMACY #4501 (WV),WV,1518,4.911378116418656,True,False,True,False,True,0.6093441853709249,3,0.914910567099078,70.3,76.5,92.1,70.4,78.6,70.3,Alternative Supplier,Alternative Supplier
2010-04-09,SUN PHARMA GLOBAL INC,BELLCO DRUG CORP,PEOPLES PHARMACY #2912 (WV),WV,238,-0.0503929877769869,False,True,False,False,True,0.5612899141702837,2,0.9148725768896846,48.8,52.3,68.0,53.3,52.7,48.8,Alternative Supplier,Alternative Supplier
2014-05-13,PAR PHARMACEUTICAL INC,BURLINGTON DRUG COMPANY INC,VILLAGE PHARMACY #4543 (IL),IL,4555,16.68395533785785,True,False,False,False,True,0.5812559502691477,2,0.9148557959647272,40.9,86.5,103.5,15.6,22.2,15.6,Inventory Buffer,Inventory Buffer
2009-01-21,IMPAX LABORATORIES INC,MCKESSON CORPORATION,HARRIS TEETER PHARMACY #6063 (NC),NC,1139,3.442228703535727,False,True,False,False,True,0.5644560433074621,2,0.9146374028479598,48.4,48.4,61.9,48.7,52.1,48.4,Combined Strategy,Combined Strategy
2009-07-21,RHODES TECHNOLOGIES,HD SMITH WHOLESALE DRUG CO,HARRIS TEETER PHARMACY #7261 (KY),KY,242,-0.0348874530763756,False,False,False,False,True,0.5670323556995901,1,0.9145602494571924,24.7,28.5,33.8,26.1,27.9,24.7,Alternative Supplier,Alternative Supplier
2014-05-25,MALLINCKRODT LLC,PRESCRIPTION SUPPLY INC,COMMUNITY PHARMACY #9436 (WV),WV,3015,10.714324478122466,True,False,False,False,True,0.5657803579859619,2,0.9144781334159452,65.7,72.0,108.5,40.5,70.5,40.5,Inventory Buffer,Inventory Buffer
2007-12-17,QUALITEST PHARMACEUTICALS,VALUEDRUGCO,PEOPLES PHARMACY #4809 (WV),WV,5750,21.3162338296655,True,False,False,False,True,0.5722307958720011,2,0.914230042590933,65.7,72.0,108.5,40.5,70.5,40.5,Inventory Buffer,Inventory Buffer
2011-03-10,ACTAVIS PHARMA INC,GULF COAST MEDICAL SUPPLY,HOMETOWN PHARMACY #8469 (NC),NC,962,2.7561087930336736,False,False,False,False,True,0.5654503414998266,1,0.9141993021797286,21.9,23.0,29.7,24.4,30.0,21.9,Alternative Supplier,Alternative Supplier
2009-07-11,MYLAN PHARMACEUTICALS INC,PENN PHARMACEUTICAL SERVICES INC,HOMETOWN PHARMACY #6387 (NC),NC,10,-0.934208465711836,False,True,False,False,True,0.5701501456417999,2,0.9139994631353656,48.6,53.1,69.6,55.4,60.7,48.6,Alternative Supplier,Alternative Supplier
2012-09-10,IMPAX LABORATORIES INC,KEYSOURCE MEDICAL INC,FAMILY CARE PHARMACY #5370 (RI),RI,5709,21.157302098984232,True,False,False,False,True,0.5867655005553041,2,0.9138619677857877,40.9,86.5,103.5,15.6,22.2,15.6,Inventory Buffer,Inventory Buffer
2013-06-26,QUALITEST PHARMACEUTICALS,HENRY SCHEIN INC,VILLAGE PHARMACY #9720 (VA),VA,110,-0.5465700981965512,False,False,False,False,True,0.5765488089454816,1,0.913624987667082,21.0,26.2,33.6,23.5,28.0,21.0,Alternative Supplier,Alternative Supplier
2008-06-17,ENDO PHARMACEUTICALS INC,MCKESSON CORPORATION,VILLAGE PHARMACY #6277 (OH),OH,5427,20.06416190259113,True,False,False,False,True,0.5842940107287865,2,0.9135153351125056,40.9,86.5,103.5,15.6,22.2,15.6,Inventory Buffer,Inventory Buffer
2011-02-07,IMPAX LABORATORIES INC,GULF COAST MEDICAL SUPPLY,GOOD NEIGHBOR PHARMACY #8540 (OH),OH,732,1.8645405477485189,False,False,False,False,True,0.5787482749831919,1,0.913474076512702,23.0,25.3,35.0,24.8,28.1,23.0,Alternative Supplier,Alternative Supplier
2008-03-10,WATSON LABORATORIES INC,HD SMITH WHOLESALE DRUG CO,WALGREENS #8617 (GA),GA,5789,21.46741279299646,True,False,False,False,True,0.5786729125063492,2,0.9133729145282098,65.7,72.0,108.5,40.5,70.5,40.5,Inventory Buffer,Inventory Buffer
2009-12-02,SUN PHARMA GLOBAL INC,MIAMI-LUKEN INC,PEOPLES PHARMACY #2912 (WV),WV,69,-0.705501828877818,False,True,False,False,True,0.5651442522758627,2,0.9133702614496934,52.1,54.9,69.7,55.5,62.1,52.1,Alternative Supplier,Alternative Supplier
2011-10-02,ABBOTT LABORATORIES,BURLINGTON DRUG COMPANY INC,MEDICO PHARMACY #5873 (MI),MI,1768,5.880474035206867,True,False,False,False,True,0.5809174686222068,2,0.9132571793874096,43.5,48.4,57.2,38.9,40.7,38.9,Inventory Buffer,Inventory Buffer
2010-12-14,TEVA PHARMACEUTICALS USA INC,VALUEDRUGCO,GOOD NEIGHBOR PHARMACY #6661 (MS),MS,2227,7.659734142102024,True,False,False,False,True,0.5812569828479782,2,0.9132038492317164,62.5,63.3,72.8,45.7,53.8,45.7,Inventory Buffer,Inventory Buffer
2013-07-12,JANSSEN PHARMACEUTICALS INC,KINRAY LLC,PUBLIX PHARMACY #2055 (NC),NC,207,-0.1705608817067252,False,False,False,False,True,0.5610694039630788,1,0.9131760523467088,24.4,27.7,34.1,27.1,28.7,24.4,Alternative Supplier,Alternative Supplier
2011-01-28,PURDUE PHARMA LP,MIAMI-LUKEN INC,COMMUNITY PHARMACY #9436 (WV),WV,1327,4.170988834464462,True,True,False,False,True,0.5643980234021773,3,0.9129376266903948,72.3,76.8,94.1,73.9,83.8,72.3,Alternative Supplier,Alternative Supplier
2010-03-13,MALLINCKRODT LLC,MORRIS & DICKSON CO LLC,GOOD NEIGHBOR PHARMACY #6272 (NC),NC,443,0.7442656656293464,False,False,False,False,True,0.5644718226335612,1,0.912691393599778,26.3,28.8,35.2,27.1,30.7,26.3,Alternative Supplier,Alternative Supplier
2008-07-02,MYLAN PHARMACEUTICALS INC,SMITH DRUG COMPANY,RITE AID #5178 (ND),ND,2224,7.648104991076565,True,False,False,False,True,0.5812937491692253,2,0.9126741306706692,62.5,63.3,72.8,45.7,53.8,45.7,Inventory Buffer,Inventory Buffer
2009-08-18,AMNEAL PHARMACEUTICALS LLC,BELLCO DRUG CORP,HOMETOWN PHARMACY #8919 (KY),KY,3094,11.02055878845954,True,False,False,False,True,0.571809858029396,2,0.9126733077387597,65.7,72.0,108.5,40.5,70.5,40.5,Inventory Buffer,Inventory Buffer
2012-01-31,WATSON LABORATORIES INC,PENN PHARMACEUTICAL SERVICES INC,QUALITY CARE PHARMACY #4645 (VA),VA,474,0.8644335595590846,False,False,False,False,True,0.5650423475630664,1,0.9126056549787762,25.6,29.1,35.2,27.6,30.7,25.6,Alternative Supplier,Alternative Supplier
2013-09-11,RHODES TECHNOLOGIES,DAKOTA DRUG INC,MEDICO PHARMACY #1698 (IN),IN,6327,23.552907210228692,True,False,False,False,True,0.5740555189218265,2,0.912534442830074,40.9,86.5,103.5,15.6,22.2,15.6,Inventory Buffer,Inventory Buffer
2013-12-22,JANSSEN PHARMACEUTICALS INC,BURLINGTON DRUG COMPANY INC,WALMART PHARMACY #6240 (NC),NC,127,-0.4806715757189529,False,True,False,False,False,0.5541029476918254,1,0.9125096131882844,25.2,28.6,35.6,26.4,27.9,25.2,Alternative Supplier,Alternative Supplier
2013-12-09,PURDUE PHARMA LP,BURLINGTON DRUG COMPANY INC,WALGREENS #4290 (MD),MD,396,0.5620756328971627,False,False,False,False,True,0.5980202493584926,1,0.9124786088599084,23.5,26.9,33.4,25.5,29.1,23.5,Alternative Supplier,Alternative Supplier
2008-10-16,LANNETT COMPANY INC,HENRY SCHEIN INC,FAMILY CARE PHARMACY #9324 (MD),MD,1148,3.477116156612103,False,False,False,False,True,0.583370703070095,1,0.9124337497297847,24.0,26.7,27.1,25.8,29.8,24.0,Alternative Supplier,Alternative Supplier
2013-08-03,MYLAN PHARMACEUTICALS INC,BELLCO DRUG CORP,WALGREENS #1285 (WI),WI,4296,15.679971965993262,True,False,False,False,True,0.5772049486394735,2,0.912370983650644,65.7,72.0,108.5,40.5,70.5,40.5,Inventory Buffer,Inventory Buffer
2012-06-28,WATSON LABORATORIES INC,BELLCO DRUG CORP,QUALITY CARE PHARMACY #4645 (VA),VA,1579,5.147837520602979,True,False,False,False,True,0.5807925579529043,2,0.912325656172196,41.2,43.2,55.4,44.1,48.9,41.2,Alternative Supplier,Alternative Supplier
2012-03-23,JANSSEN PHARMACEUTICALS INC,DAKOTA DRUG INC,WALMART PHARMACY #6240 (NC),NC,121,-0.50392987776987,False,True,False,False,True,0.5750061721401373,2,0.9121949969142696,50.2,52.7,65.8,53.4,58.7,50.2,Alternative Supplier,Alternative Supplier
2011-11-29,ACTAVIS PHARMA INC,GULF COAST MEDICAL SUPPLY,VILLAGE PHARMACY #1707 (KY),KY,4697,17.234401819729552,True,False,False,False,True,0.5734229078635642,2,0.9121507163368954,65.7,72.0,108.5,40.5,70.5,40.5,Inventory Buffer,Inventory Buffer
2009-01-14,RHODES TECHNOLOGIES,PRESCRIPTION SUPPLY INC,RITE AID #9223 (WV),WV,6464,24.08397177372463,True,False,False,False,True,0.5778276467433362,2,0.9121305543089372,65.7,72.0,108.5,40.5,70.5,40.5,Inventory Buffer,Inventory Buffer
2008-11-08,CADISTA PHARMACEUTICALS INC,HD SMITH WHOLESALE DRUG CO,VILLAGE PHARMACY #9397 (NC),NC,1274,3.9655404996813615,True,True,False,False,True,0.5623423701396202,3,0.91206806536257,71.8,76.5,95.9,76.3,84.8,71.8,Alternative Supplier,Alternative Supplier
2010-08-27,AMNEAL PHARMACEUTICALS LLC,PENN PHARMACEUTICAL SERVICES INC,CVS PHARMACY #5479 (WA),WA,1997,6.7681658968168685,True,False,False,False,True,0.5842852170845941,2,0.9120580280640324,52.1,55.1,66.9,40.1,50.7,40.1,Inventory Buffer,Inventory Buffer
2013-06-06,IMPAX LABORATORIES INC,DAKOTA DRUG INC,WALGREENS #7469 (WV),WV,442,0.7403892819541936,False,True,False,False,True,0.5832832204362369,2,0.9118658826211916,58.3,55.2,70.0,57.7,63.6,55.2,Combined Strategy,Combined Strategy
2012-03-04,JANSSEN PHARMACEUTICALS INC,BURLINGTON DRUG COMPANY INC,WALGREENS #4290 (MD),MD,543,1.131904033144631,False,False,False,False,True,0.6003689974997033,1,0.9118509641319098,24.2,26.5,33.4,24.7,27.4,24.2,Alternative Supplier,Alternative Supplier
2012-05-07,JANSSEN PHARMACEUTICALS INC,CARDINAL HEALTH INC,MEDICO PHARMACY #6767 (NC),NC,48,-0.7869058860560277,False,True,False,False,True,0.5657132649476478,2,0.9118157494228856,50.2,52.8,68.2,51.5,56.3,50.2,Alternative Supplier,Alternative Supplier
2010-07-23,ENDO PHARMACEUTICALS INC,AMERISOURCEBERGEN DRUG CORP,HARRIS TEETER PHARMACY #3473 (WV),WV,140,-0.4302785879419659,False,True,False,False,True,0.5570168758071798,2,0.9118124383332522,48.3,51.6,64.2,49.6,54.9,48.3,Alternative Supplier,Alternative Supplier
2012-01-14,JANSSEN PHARMACEUTICALS INC,MORRIS & DICKSON CO LLC,VILLAGE PHARMACY #9397 (NC),NC,68,-0.7093782125529708,False,True,False,False,True,0.589393509522231,2,0.911777169979254,52.3,56.0,70.5,55.4,61.9,52.3,Alternative Supplier,Alternative Supplier
2013-10-14,PURDUE PHARMA LP,VALUEDRUGCO,HARRIS TEETER PHARMACY #6758 (NC),NC,4060,14.76514541865719,True,False,False,False,True,0.5641417879483451,2,0.9115786010161464,65.7,72.0,108.5,40.5,70.5,40.5,Inventory Buffer,Inventory Buffer
2013-08-02,HIKMA PHARMACEUTICALS,PRESCRIPTION SUPPLY INC,QUALITY CARE PHARMACY #3657 (CO),CO,2887,10.2181473677029,True,False,False,False,True,0.5763661805943261,2,0.9115264076217892,65.7,72.0,108.5,40.5,70.5,40.5,Inventory Buffer,Inventory Buffer
2006-04-24,TEVA PHARMACEUTICALS USA INC,DIRECT RX,GOOD NEIGHBOR PHARMACY #6129 (NC),NC,88,-0.6318505390499138,False,True,False,False,True,0.5695142541755814,2,0.9114367900086068,49.4,53.3,67.8,49.1,59.2,49.1,Inventory Buffer,Inventory Buffer
2014-01-24,PAR PHARMACEUTICAL INC,SMITH DRUG COMPANY,KROGER PHARMACY #2900 (MI),MI,2362,8.183045938247657,True,False,False,False,True,0.5683065380980783,2,0.9113767402418688,60.9,53.6,61.4,47.7,43.2,43.2,Production Reroute,Production Reroute
2009-07-31,JANSSEN PHARMACEUTICALS INC,KINRAY LLC,WALMART PHARMACY #6240 (NC),NC,235,-0.0620221388024455,False,True,False,False,False,0.5549522635311698,1,0.9112627188438472,25.2,29.3,33.2,26.5,28.2,25.2,Alternative Supplier,Alternative Supplier
2011-02-05,HIKMA PHARMACEUTICALS,NATIONAL WHOLESALE DRUG CO INC,COMMUNITY PHARMACY #9405 (MN),MN,5318,19.64163608199947,True,False,True,False,True,0.6320006870797412,3,0.9110938718189924,92.0,104.3,133.7,55.9,101.8,55.9,Inventory Buffer,Inventory Buffer
2013-02-10,PAR PHARMACEUTICAL INC,HENRY SCHEIN INC,GOOD NEIGHBOR PHARMACY #6272 (NC),NC,60,-0.7403892819541936,False,True,False,False,True,0.573083586368841,2,0.9110406864119313,58.8,56.6,71.1,57.8,63.7,56.6,Combined Strategy,Combined Strategy
2010-03-22,CADISTA PHARMACEUTICALS INC,PENN PHARMACEUTICAL SERVICES INC,COMMUNITY PHARMACY #8090 (LA),LA,5678,21.037134205054496,True,False,False,False,True,0.5688371085061351,2,0.9109734528844504,36.4,49.6,99.2,18.5,33.6,18.5,Inventory Buffer,Inventory Buffer
2012-03-04,TEVA PHARMACEUTICALS USA INC,KEYSOURCE MEDICAL INC,HARRIS TEETER PHARMACY #1096 (WV),WV,4650,17.05221178699737,True,False,False,False,True,0.5904403087255228,2,0.9109187222149052,40.9,86.5,103.5,15.6,22.2,15.6,Inventory Buffer,Inventory Buffer
2008-12-28,ENDO PHARMACEUTICALS INC,BURLINGTON DRUG COMPANY INC,CVS PHARMACY #1614 (NM),NM,4274,15.5946915251399,True,False,False,False,True,0.591554722148887,2,0.9109100064775488,40.9,86.5,103.5,15.6,22.2,15.6,Inventory Buffer,Inventory Buffer
2009-08-03,MALLINCKRODT LLC,CARDINAL HEALTH INC,WALMART PHARMACY #9392 (NM),NM,96,-0.6008394696486912,False,False,True,False,True,0.6180592723540188,2,0.9109045334153784,57.9,60.5,75.3,61.3,65.2,57.9,Alternative Supplier,Alternative Supplier
2012-03-06,MYLAN PHARMACEUTICALS INC,GULF COAST MEDICAL SUPPLY,SUNRISE PHARMACY #8999 (NC),NC,250,-0.0038763836751528,False,True,False,False,True,0.5589936534872698,2,0.9108464121026494,48.8,52.3,68.0,53.3,52.7,48.8,Alternative Supplier,Alternative Supplier
2011-12-03,AMNEAL PHARMACEUTICALS LLC,DAKOTA DRUG INC,KROGER PHARMACY #1887 (KY),KY,101,-0.5814575512729269,False,True,False,False,True,0.5642372555096342,2,0.9107411026460414,46.0,56.5,71.3,57.4,63.0,46.0,Alternative Supplier,Alternative Supplier
2011-01-08,JANSSEN PHARMACEUTICALS INC,DAKOTA DRUG INC,WALMART PHARMACY #6240 (NC),NC,145,-0.4108966695662017,False,True,False,False,True,0.5745366384474516,2,0.910669355878082,60.1,56.6,69.6,56.8,60.2,56.6,Combined Strategy,Combined Strategy
2010-12-06,PAR PHARMACEUTICAL INC,VALUEDRUGCO,GOOD NEIGHBOR PHARMACY #6272 (NC),NC,671,1.6280811435641953,False,True,False,False,True,0.5776125093046417,2,0.9106313555875668,47.9,51.8,67.3,51.9,59.8,47.9,Alternative Supplier,Alternative Supplier
2012-08-12,VINTAGE PHARMACEUTICALS LLC,ANDA INC,FAMILY CARE PHARMACY #6977 (NC),NC,1146,3.469363389261797,False,False,False,False,True,0.5753718016102106,1,0.9104704488998008,24.0,26.7,27.1,25.8,29.8,24.0,Alternative Supplier,Alternative Supplier
2010-01-02,TEVA PHARMACEUTICALS USA INC,BELLCO DRUG CORP,GOOD NEIGHBOR PHARMACY #6129 (NC),NC,512,1.0117361392148927,False,True,False,False,True,0.5886026194646173,2,0.9104319816752866,54.1,55.0,69.8,52.2,57.3,52.2,Inventory Buffer,Inventory Buffer
2009-11-08,SUN PHARMA GLOBAL INC,ANDA INC,VILLAGE PHARMACY #3562 (IA),IA,2144,7.337994297064338,True,False,False,False,True,0.5801935149841858,2,0.910419154435822,86.5,89.0,93.9,64.0,60.9,60.9,Production Reroute,Production Reroute
2012-12-29,CADISTA PHARMACEUTICALS INC,GULF COAST MEDICAL SUPPLY,CVS PHARMACY #1417 (IA),IA,3902,14.15267679798304,True,False,False,False,True,0.5800876892982944,2,0.909815170495914,65.7,72.0,108.5,40.5,70.5,40.5,Inventory Buffer,Inventory Buffer
2012-01-29,MALLINCKRODT LLC,MCKESSON CORPORATION,PUBLIX PHARMACY #2055 (NC),NC,51,-0.7752767350305692,False,True,False,False,True,0.5606105626068382,2,0.9097587082710344,52.1,52.6,67.9,51.2,56.6,51.2,Inventory Buffer,Inventory Buffer
2008-03-02,MALLINCKRODT LLC,PENN PHARMACEUTICAL SERVICES INC,MAIN STREET PHARMACY #9550 (WV),WV,4482,16.40097932957169,True,False,False,False,True,0.5709574904422141,2,0.9097256573828442,36.4,49.6,99.2,18.5,33.6,18.5,Inventory Buffer,Inventory Buffer
2011-05-10,PAR PHARMACEUTICAL INC,CARDINAL HEALTH INC,GOOD NEIGHBOR PHARMACY #6272 (NC),NC,350,0.3837619838401317,False,True,False,False,True,0.5724466735236408,2,0.9096707895852189,50.4,53.4,67.1,56.2,59.3,50.4,Alternative Supplier,Alternative Supplier
2013-05-15,TEVA PHARMACEUTICALS USA INC,NATIONAL WHOLESALE DRUG CO INC,WALMART PHARMACY #1998 (VT),VT,1847,6.186708345543942,True,False,False,False,True,0.5774290853723907,2,0.9095618978957198,56.6,56.8,65.3,47.9,60.1,47.9,Inventory Buffer,Inventory Buffer
2008-01-13,AMNEAL PHARMACEUTICALS LLC,GULF COAST MEDICAL SUPPLY,KROGER PHARMACY #1887 (KY),KY,72,-0.6938726778523594,False,True,False,False,True,0.5649188228198067,2,0.9094756152871514,46.0,50.0,64.5,45.9,66.9,45.9,Inventory Buffer,Inventory Buffer
2013-06-05,SUN PHARMA GLOBAL INC,GULF COAST MEDICAL SUPPLY,HOMETOWN PHARMACY #8469 (NC),NC,133,-0.4574132736680358,False,False,False,False,True,0.5746687169407422,1,0.90946414457216,22.2,25.3,33.3,25.0,26.7,22.2,Alternative Supplier,Alternative Supplier
2012-04-20,JANSSEN PHARMACEUTICALS INC,HD SMITH WHOLESALE DRUG CO,MEDICO PHARMACY #6767 (NC),NC,224,-0.1046623592291268,False,True,False,False,True,0.5710778868694236,2,0.9093183980987204,48.8,52.3,68.0,53.3,52.7,48.8,Alternative Supplier,Alternative Supplier
2009-10-05,CADISTA PHARMACEUTICALS INC,DAKOTA DRUG INC,WINN-DIXIE PHARMACY #6720 (AR),AR,4061,14.769021802332343,True,False,False,False,True,0.5746638758531254,2,0.9093047818783548,40.9,86.5,103.5,15.6,22.2,15.6,Inventory Buffer,Inventory Buffer
2011-06-17,TEVA PHARMACEUTICALS USA INC,MCKESSON CORPORATION,HARRIS TEETER PHARMACY #6063 (NC),NC,368,0.453536889992883,False,True,False,False,True,0.5885540827684452,2,0.9091722130203732,55.4,57.9,71.0,57.0,62.3,55.4,Alternative Supplier,Alternative Supplier
2012-07-23,SUN PHARMA GLOBAL INC,GULF COAST MEDICAL SUPPLY,HOMETOWN PHARMACY #8469 (NC),NC,112,-0.5388173308462456,False,False,False,False,True,0.5847112288781806,1,0.9091312279216576,23.2,26.3,35.0,25.8,29.6,23.2,Alternative Supplier,Alternative Supplier
2012-01-23,MYLAN PHARMACEUTICALS INC,HD SMITH WHOLESALE DRUG CO,SUNRISE PHARMACY #8999 (NC),NC,437,0.7210073635784293,False,True,False,False,False,0.5549185766491016,1,0.9091041038002224,24.3,26.7,34.6,25.5,29.8,24.3,Alternative Supplier,Alternative Supplier
2013-04-14,WATSON LABORATORIES INC,PENN PHARMACEUTICAL SERVICES INC,QUALITY CARE PHARMACY #4645 (VA),VA,221,-0.1162915102545853,False,False,False,False,True,0.564465169886674,1,0.9089979251314808,25.0,29.3,33.2,25.2,26.9,25.0,Alternative Supplier,Alternative Supplier
2011-06-29,AMNEAL PHARMACEUTICALS LLC,CARDINAL HEALTH INC,WALMART PHARMACY #4463 (AK),AK,6482,24.153746679877383,True,False,False,False,True,0.6059698272368477,2,0.9089050248268292,40.9,86.5,103.5,15.6,22.2,15.6,Inventory Buffer,Inventory Buffer
2010-10-19,JANSSEN PHARMACEUTICALS INC,VALUEDRUGCO,QUALITY CARE PHARMACY #8199 (WV),WV,259,0.0310110694012227,False,True,False,False,True,0.5622595606054339,2,0.9088006583946848,48.8,52.3,68.0,53.3,52.7,48.8,Alternative Supplier,Alternative Supplier
2012-09-11,JANSSEN PHARMACEUTICALS INC,HENRY SCHEIN INC,VILLAGE PHARMACY #9397 (NC),NC,374,0.4767951920438,False,True,False,False,True,0.5723246610774483,2,0.9086835374854,53.2,56.6,69.4,54.3,59.6,53.2,Alternative Supplier,Alternative Supplier
2007-09-02,PAR PHARMACEUTICAL INC,KEYSOURCE MEDICAL INC,HOMETOWN PHARMACY #3982 (MO),MO,1503,4.853232361291363,True,False,False,False,True,0.5821627686968861,2,0.9086287782779152,59.0,57.6,69.3,59.2,62.2,57.6,Combined Strategy,Combined Strategy
2011-10-16,WATSON LABORATORIES INC,BURLINGTON DRUG COMPANY INC,COMMUNITY PHARMACY #2590 (PA),PA,12043,45.71031629740236,True,False,False,False,True,0.6054300671826043,2,0.9085219493203404,40.9,86.5,103.5,15.6,22.2,15.6,Inventory Buffer,Inventory Buffer
2012-06-24,ACTAVIS PHARMA INC,VALUEDRUGCO,PEOPLES PHARMACY #6007 (WV),WV,526,1.0660055106670323,False,True,False,False,False,0.5549185167662964,1,0.908471623828592,24.6,28.0,35.7,26.4,29.4,24.6,Alternative Supplier,Alternative Supplier
2011-01-03,ABBOTT LABORATORIES,NATIONAL WHOLESALE DRUG CO INC,HARRIS TEETER PHARMACY #6758 (NC),NC,40,-0.8179169554572505,False,True,False,False,True,0.5568908809136662,2,0.9083184012244871,49.6,53.2,68.4,50.8,55.5,49.6,Alternative Supplier,Alternative Supplier
2011-06-02,AMNEAL PHARMACEUTICALS LLC,BELLCO DRUG CORP,GOOD NEIGHBOR PHARMACY #8896 (PA),PA,66,-0.7171309799032765,False,False,False,False,True,0.5972127367054767,1,0.9083122660970434,25.1,27.5,35.4,26.3,30.6,25.1,Alternative Supplier,Alternative Supplier
2014-02-14,QUALITEST PHARMACEUTICALS,MIAMI-LUKEN INC,CVS PHARMACY #1577 (AR),AR,2648,9.291691669341372,True,False,False,False,True,0.5854882075828399,2,0.9081418265877734,40.9,86.5,103.5,15.6,22.2,15.6,Inventory Buffer,Inventory Buffer
2010-06-27,CADISTA PHARMACEUTICALS INC,CARDINAL HEALTH INC,QUALITY CARE PHARMACY #4985 (TN),TN,36,-0.8334224901578619,False,False,False,False,True,0.5631648399191566,1,0.9080893203433592,26.4,29.4,35.6,28.1,30.8,26.4,Alternative Supplier,Alternative Supplier
2010-09-11,ACTAVIS PHARMA INC,CARDINAL HEALTH INC,PEOPLES PHARMACY #6007 (WV),WV,275,0.0930332082036683,False,True,False,False,False,0.5544893977395409,1,0.9080886960478756,25.2,29.3,33.2,26.5,28.2,25.2,Alternative Supplier,Alternative Supplier
2010-06-04,CADISTA PHARMACEUTICALS INC,BELLCO DRUG CORP,VILLAGE PHARMACY #1707 (KY),KY,8349,31.390955001387745,True,False,False,False,True,0.5707492195423872,2,0.9080173489954548,65.7,72.0,108.5,40.5,70.5,40.5,Inventory Buffer,Inventory Buffer
2011-12-15,AMNEAL PHARMACEUTICALS LLC,KINRAY LLC,CORNER DRUG STORE #7018 (MO),MO,4509,16.505641688800818,True,False,False,False,True,0.5838534216205549,2,0.9078881649083655,40.9,86.5,103.5,15.6,22.2,15.6,Inventory Buffer,Inventory Buffer
2010-10-10,MALLINCKRODT LLC,DAKOTA DRUG INC,PUBLIX PHARMACY #2055 (NC),NC,39,-0.8217933391324034,False,True,False,False,True,0.5570655290926826,2,0.9077837421074412,49.0,51.7,67.1,50.4,55.2,49.0,Alternative Supplier,Alternative Supplier
2012-02-24,HIKMA PHARMACEUTICALS,MORRIS & DICKSON CO LLC,QUALITY CARE PHARMACY #6507 (NC),NC,2714,9.54753299190146,True,False,True,False,True,0.6160523402692288,3,0.9077044220263396,60.7,81.8,123.8,34.4,64.9,34.4,Inventory Buffer,Inventory Buffer
2012-08-18,RHODES TECHNOLOGIES,DAKOTA DRUG INC,HOMETOWN PHARMACY #8152 (WV),WV,568,1.2288136250234525,False,True,False,False,True,0.5826376095971194,2,0.9076562946914332,50.8,53.5,70.0,54.3,61.3,50.8,Alternative Supplier,Alternative Supplier
2007-04-14,TEVA PHARMACEUTICALS USA INC,KEYSOURCE MEDICAL INC,HARRIS TEETER PHARMACY #6063 (NC),NC,195,-0.2170774858085593,False,True,False,False,True,0.5663615128597905,2,0.907413275338046,53.0,53.2,66.9,52.9,59.7,52.9,Inventory Buffer,Inventory Buffer
2010-02-10,ENDO PHARMACEUTICALS INC,MORRIS & DICKSON CO LLC,HARRIS TEETER PHARMACY #3473 (WV),WV,205,-0.1783136490570309,False,True,False,False,True,0.5653196859247062,2,0.9073761495260528,50.1,53.9,69.1,53.7,59.0,50.1,Alternative Supplier,Alternative Supplier
2007-02-26,ABBOTT LABORATORIES,HENRY SCHEIN INC,RITE AID #7348 (UT),UT,1971,6.667379921262895,True,False,False,False,True,0.5833451941059542,2,0.9072344658895166,49.3,55.2,61.8,38.3,50.3,38.3,Inventory Buffer,Inventory Buffer
2014-12-03,TEVA PHARMACEUTICALS USA INC,MORRIS & DICKSON CO LLC,COMMUNITY PHARMACY #3782 (NC),NC,162,-0.3449981470886032,False,True,False,False,True,0.5665436981067187,2,0.9071652488415356,50.0,53.3,66.7,53.0,56.9,50.0,Alternative Supplier,Alternative Supplier
2010-07-17,SUN PHARMA GLOBAL INC,BELLCO DRUG CORP,PEOPLES PHARMACY #2912 (WV),WV,194,-0.2209538694837122,False,True,False,False,True,0.5554712494907804,2,0.907023854665888,52.5,53.7,66.6,52.8,59.5,52.5,Alternative Supplier,Alternative Supplier
2014-03-01,ABBOTT LABORATORIES,MIAMI-LUKEN INC,PUBLIX PHARMACY #8639 (OH),OH,6096,22.657462581268383,True,False,False,False,True,0.5658766053437451,2,0.9070152968190842,40.9,86.5,103.5,15.6,22.2,15.6,Inventory Buffer,Inventory Buffer
2012-04-25,IMPAX LABORATORIES INC,PENN PHARMACEUTICAL SERVICES INC,WINN-DIXIE PHARMACY #2866 (PA),PA,3501,12.59824694424675,True,False,True,False,True,0.6424080454886488,3,0.9068326302204116,60.7,81.8,123.8,34.4,64.9,34.4,Inventory Buffer,Inventory Buffer
2012-05-21,JANSSEN PHARMACEUTICALS INC,MORRIS & DICKSON CO LLC,VILLAGE PHARMACY #9397 (NC),NC,171,-0.3101106940122277,False,True,False,False,True,0.5640532912521157,2,0.9067364866801856,52.7,56.0,69.4,54.4,59.3,52.7,Alternative Supplier,Alternative Supplier
2012-06-26,JANSSEN PHARMACEUTICALS INC,NATIONAL WHOLESALE DRUG CO INC,WALMART PHARMACY #1339 (NC),NC,285,0.1317970449551967,False,True,False,False,True,0.5565200805556892,2,0.9066694057482808,43.1,47.0,59.0,43.7,48.9,43.1,Alternative Supplier,Alternative Supplier
2007-02-24,HIKMA PHARMACEUTICALS,DIRECT RX,KROGER PHARMACY #1010 (TX),TX,857,2.3490885071426244,False,False,False,False,True,0.5826209460523994,1,0.906521505525873,23.9,25.5,30.0,24.0,27.3,23.9,Alternative Supplier,Alternative Supplier
2007-06-22,RHODES TECHNOLOGIES,DIRECT RX,WINN-DIXIE PHARMACY #6849 (MD),MD,6440,23.990938565520963,True,False,False,False,True,0.5911836619809423,2,0.9063540017611096,36.4,49.6,99.2,18.5,33.6,18.5,Inventory Buffer,Inventory Buffer
2012-02-06,ABBOTT LABORATORIES,MIAMI-LUKEN INC,PEOPLES PHARMACY #6990 (OH),OH,9236,34.82930732124832,True,False,False,False,True,0.5752010872262939,2,0.9063441901174952,40.9,86.5,103.5,15.6,22.2,15.6,Inventory Buffer,Inventory Buffer
2012-02-26,IMPAX LABORATORIES INC,PENN PHARMACEUTICAL SERVICES INC,GOOD NEIGHBOR PHARMACY #6129 (NC),NC,155,-0.3721328328146732,False,False,False,False,True,0.5970531561245636,1,0.90629619883053,24.4,28.0,34.3,28.2,28.5,24.4,Alternative Supplier,Alternative Supplier
2011-03-11,MALLINCKRODT LLC,KEYSOURCE MEDICAL INC,PUBLIX PHARMACY #2055 (NC),NC,55,-0.7597712003299578,False,True,False,False,False,0.5509884058983541,1,0.9062757786813344,27.1,30.0,36.2,28.3,31.7,27.1,Alternative Supplier,Alternative Supplier
2011-05-11,ABBOTT LABORATORIES,HD SMITH WHOLESALE DRUG CO,HOMETOWN PHARMACY #6387 (NC),NC,1022,2.9886918135428444,False,False,False,False,True,0.5595414448034356,1,0.9062370465074848,25.4,25.9,35.2,29.1,31.2,25.4,Alternative Supplier,Alternative Supplier
2010-02-09,MYLAN PHARMACEUTICALS INC,PENN PHARMACEUTICAL SERVICES INC,HEALTH MART PHARMACY #6466 (NM),NM,3550,12.78818974432924,True,False,False,False,True,0.5743832111791499,2,0.9061546728678148,36.4,49.6,99.2,18.5,33.6,18.5,Inventory Buffer,Inventory Buffer
2007-01-28,TEVA PHARMACEUTICALS USA INC,PENN PHARMACEUTICAL SERVICES INC,QUALITY CARE PHARMACY #3338 (WV),WV,3838,13.904588242773258,True,False,False,False,True,0.5653780301001456,2,0.9060575881621492,36.4,49.6,99.2,18.5,33.6,18.5,Inventory Buffer,Inventory Buffer
2011-01-08,MALLINCKRODT LLC,DIRECT RX,PUBLIX PHARMACY #2055 (NC),NC,179,-0.2790996246110049,False,True,False,False,False,0.55272032129823,1,0.9059831564612948,24.5,27.8,34.2,26.8,28.5,24.5,Alternative Supplier,Alternative Supplier
2009-09-15,MYLAN PHARMACEUTICALS INC,KINRAY LLC,HOMETOWN PHARMACY #6387 (NC),NC,334,0.3217398450376862,False,True,False,False,True,0.5680037314127683,2,0.9059789092119548,46.4,48.9,62.6,49.0,53.9,46.4,Alternative Supplier,Alternative Supplier
2013-01-08,SUN PHARMA GLOBAL INC,KEYSOURCE MEDICAL INC,WALMART PHARMACY #1339 (NC),NC,952,2.717344956282145,False,True,False,False,True,0.5556123988618824,2,0.9059004000384931,49.9,51.5,66.0,52.7,56.2,49.9,Alternative Supplier,Alternative Supplier
2010-03-10,MALLINCKRODT LLC,MIAMI-LUKEN INC,PEOPLES PHARMACY #6398 (AR),AR,425,0.6744907594765952,False,False,False,False,True,0.5784369310296686,1,0.905833011665009,22.1,25.7,32.3,24.0,30.5,22.1,Alternative Supplier,Alternative Supplier
2010-09-25,PAR PHARMACEUTICAL INC,MCKESSON CORPORATION,HOMETOWN PHARMACY #5099 (MD),MD,236,-0.0581457551272926,False,False,False,False,True,0.5775876235872694,1,0.9058248989192887,25.2,29.3,33.2,26.5,28.2,25.2,Alternative Supplier,Alternative Supplier
2007-07-28,ACTAVIS PHARMA INC,AMERISOURCEBERGEN DRUG CORP,CVS PHARMACY #3742 (SD),SD,269,0.0697749061527512,False,False,False,False,True,0.5855538170868457,1,0.9057302263118808,25.1,29.2,33.1,26.4,28.1,25.1,Alternative Supplier,Alternative Supplier
2010-04-07,ENDO PHARMACEUTICALS INC,VALUEDRUGCO,KROGER PHARMACY #5322 (OH),OH,880,2.43824533167114,False,False,False,False,True,0.5792508555346361,1,0.9055921906078156,23.7,25.4,32.1,25.0,28.6,23.7,Alternative Supplier,Alternative Supplier
2012-11-15,JANSSEN PHARMACEUTICALS INC,KEYSOURCE MEDICAL INC,WINN-DIXIE PHARMACY #4694 (OH),OH,264,0.0503929877769869,False,False,False,False,True,0.5828583047926874,1,0.9054744312076672,25.2,29.3,33.2,26.5,28.2,25.2,Alternative Supplier,Alternative Supplier
2013-07-22,RHODES TECHNOLOGIES,PRESCRIPTION SUPPLY INC,HOMETOWN PHARMACY #8152 (WV),WV,252,0.0038763836751528,False,True,False,False,True,0.5777887144191739,2,0.9053461148366458,48.8,52.3,68.0,53.3,52.7,48.8,Alternative Supplier,Alternative Supplier
2013-01-22,AMNEAL PHARMACEUTICALS LLC,PENN PHARMACEUTICAL SERVICES INC,KROGER PHARMACY #1887 (KY),KY,107,-0.5581992492220098,False,True,False,False,True,0.5762658859712789,2,0.905098622040697,56.4,59.7,73.5,58.6,62.5,56.4,Alternative Supplier,Alternative Supplier
2009-08-06,MALLINCKRODT LLC,BURLINGTON DRUG COMPANY INC,PUBLIX PHARMACY #1528 (VA),VA,566,1.2210608576731463,False,False,True,False,True,0.6078311133430662,2,0.9050445907101596,50.8,53.5,70.0,54.3,61.3,50.8,Alternative Supplier,Alternative Supplier
2010-07-31,JANSSEN PHARMACEUTICALS INC,NATIONAL WHOLESALE DRUG CO INC,WALMART PHARMACY #6240 (NC),NC,170,-0.3139870776873805,False,True,False,False,False,0.548884208105717,1,0.9050440470166812,23.8,26.9,35.0,26.6,27.9,23.8,Alternative Supplier,Alternative Supplier
2011-12-02,TEVA PHARMACEUTICALS USA INC,MORRIS & DICKSON CO LLC,CVS PHARMACY #8062 (AR),AR,5719,21.19606593573576,True,False,False,False,True,0.5851196489241342,2,0.9050143166972195,36.4,49.6,99.2,18.5,33.6,18.5,Inventory Buffer,Inventory Buffer
2010-01-11,ENDO PHARMACEUTICALS INC,AMERISOURCEBERGEN DRUG CORP,MEDICO PHARMACY #5392 (NC),NC,386,0.5233117961456342,False,False,False,False,True,0.5623643545957195,1,0.904974536367082,23.4,26.7,33.7,25.4,29.8,23.4,Alternative Supplier,Alternative Supplier
2011-02-12,MYLAN PHARMACEUTICALS INC,MORRIS & DICKSON CO LLC,HARRIS TEETER PHARMACY #7528 (IN),IN,11993,45.51649711364472,True,False,False,False,True,0.5803858392167156,2,0.9047985219801284,36.4,49.6,99.2,18.5,33.6,18.5,Inventory Buffer,Inventory Buffer
2013-07-30,TEVA PHARMACEUTICALS USA INC,ANDA INC,CORNER DRUG STORE #4406 (KY),KY,1671,5.504464818717041,True,False,False,False,True,0.5609036721435178,2,0.9047052820998452,49.1,49.2,64.0,48.4,55.1,48.4,Inventory Buffer,Inventory Buffer
2010-01-15,ACTAVIS PHARMA INC,HD SMITH WHOLESALE DRUG CO,QUALITY CARE PHARMACY #3338 (WV),WV,3289,11.776453605114346,True,False,False,False,True,0.5753380166736671,2,0.904602634424498,65.7,72.0,108.5,40.5,70.5,40.5,Inventory Buffer,Inventory Buffer
2013-06-25,PURDUE PHARMA LP,DIRECT RX,PUBLIX PHARMACY #6736 (TN),TN,1332,4.190370752840226,True,False,False,False,True,0.5707888629597317,2,0.9044607251949448,50.5,52.2,66.2,51.4,54.7,50.5,Alternative Supplier,Alternative Supplier
2012-12-14,TEVA PHARMACEUTICALS USA INC,MCKESSON CORPORATION,FAMILY CARE PHARMACY #3398 (KY),KY,583,1.2869593801507448,False,False,False,False,True,0.5894020767005478,1,0.9042311396595042,23.7,26.1,32.4,24.0,27.7,23.7,Alternative Supplier,Alternative Supplier
2010-01-17,PAR PHARMACEUTICAL INC,BURLINGTON DRUG COMPANY INC,WALGREENS #3635 (NC),NC,147,-0.4031439022158959,False,False,False,False,True,0.5611283605027472,1,0.9039986377595972,25.1,28.4,34.8,28.7,27.3,25.1,Alternative Supplier,Alternative Supplier
2013-12-19,ABBOTT LABORATORIES,PENN PHARMACEUTICAL SERVICES INC,HARRIS TEETER PHARMACY #6758 (NC),NC,45,-0.7985350370814862,False,True,False,False,True,0.5553161353876338,2,0.9037700123158948,50.2,53.8,68.9,51.3,56.1,50.2,Alternative Supplier,Alternative Supplier
2011-01-11,ACTAVIS PHARMA INC,HENRY SCHEIN INC,PUBLIX PHARMACY #1697 (MI),MI,34,-0.8411752575081676,False,True,False,False,True,0.5580971184358188,2,0.9036159920346976,52.0,55.6,70.7,55.4,60.2,52.0,Alternative Supplier,Alternative Supplier
2011-06-20,MALLINCKRODT LLC,GULF COAST MEDICAL SUPPLY,GOOD NEIGHBOR PHARMACY #6272 (NC),NC,2438,8.477651097559274,True,False,False,False,True,0.5740102720059123,2,0.9035378120565276,65.7,72.0,108.5,40.5,70.5,40.5,Inventory Buffer,Inventory Buffer
2010-02-09,MALLINCKRODT LLC,ANDA INC,PUBLIX PHARMACY #2055 (NC),NC,97,-0.5969630859735383,False,True,False,False,True,0.5616259931317402,2,0.90329930129687,41.9,48.1,62.6,47.7,59.3,41.9,Alternative Supplier,Alternative Supplier
2012-01-08,MYLAN PHARMACEUTICALS INC,GULF COAST MEDICAL SUPPLY,HOMETOWN PHARMACY #6387 (NC),NC,66,-0.7171309799032765,False,True,False,False,False,0.5504892068209465,1,0.903241955035504,25.1,27.5,35.4,26.3,30.6,25.1,Alternative Supplier,Alternative Supplier
2011-09-14,MYLAN PHARMACEUTICALS INC,PRESCRIPTION SUPPLY INC,HARRIS TEETER PHARMACY #9121 (AK),AK,3889,14.102283810206051,True,False,False,False,True,0.5749943586218913,2,0.9031791555692236,65.7,72.0,108.5,40.5,70.5,40.5,Inventory Buffer,Inventory Buffer
2011-01-20,JANSSEN PHARMACEUTICALS INC,BURLINGTON DRUG COMPANY INC,MEDICO PHARMACY #6767 (NC),NC,138,-0.4380313552922716,False,True,False,False,True,0.5731819335370921,2,0.9029492558558068,46.7,49.2,62.2,48.5,53.7,46.7,Alternative Supplier,Alternative Supplier
2014-03-24,SUN PHARMA GLOBAL INC,MIAMI-LUKEN INC,PEOPLES PHARMACY #2912 (WV),WV,67,-0.7132545962281236,False,True,False,False,True,0.5625075047471942,2,0.9025648582712168,52.8,55.2,70.0,55.9,62.2,52.8,Alternative Supplier,Alternative Supplier
2011-05-16,MALLINCKRODT LLC,DAKOTA DRUG INC,HARRIS TEETER PHARMACY #3473 (WV),WV,850,2.3219538214165545,False,True,False,False,True,0.5896712969560165,2,0.9024303100199168,50.6,49.9,66.1,50.4,56.0,49.9,Combined Strategy,Combined Strategy
2012-02-14,ENDO PHARMACEUTICALS INC,BURLINGTON DRUG COMPANY INC,HARRIS TEETER PHARMACY #3473 (WV),WV,146,-0.4070202858910488,False,True,False,False,True,0.560769603045395,2,0.9024150893529272,59.2,55.7,69.4,56.7,59.7,55.7,Combined Strategy,Combined Strategy
2014-03-19,TEVA PHARMACEUTICALS USA INC,HENRY SCHEIN INC,PEOPLES PHARMACY #2660 (NC),NC,10,-0.934208465711836,False,True,False,False,True,0.5599820847323141,2,0.9022576000631296,48.6,53.1,69.6,55.4,60.7,48.6,Alternative Supplier,Alternative Supplier
2014-05-10,JANSSEN PHARMACEUTICALS INC,GULF COAST MEDICAL SUPPLY,QUALITY CARE PHARMACY #8199 (WV),WV,138,-0.4380313552922716,False,True,False,False,True,0.5551113194402516,2,0.902130396232524,47.6,51.1,63.7,49.2,54.3,47.6,Alternative Supplier,Alternative Supplier
2011-11-19,RHODES TECHNOLOGIES,AMERISOURCEBERGEN DRUG CORP,PEOPLES PHARMACY #1608 (RI),RI,3703,13.381276446627623,True,False,False,False,True,0.5717686851364222,2,0.9019773442457544,36.4,49.6,99.2,18.5,33.6,18.5,Inventory Buffer,Inventory Buffer
2011-02-08,RHODES TECHNOLOGIES,PENN PHARMACEUTICAL SERVICES INC,GOOD NEIGHBOR PHARMACY #5417 (HI),HI,5065,18.6609110121858,True,False,False,False,True,0.6112453105688922,2,0.9018322546381704,36.4,49.6,99.2,18.5,33.6,18.5,Inventory Buffer,Inventory Buffer
2011-12-11,CADISTA PHARMACEUTICALS INC,MIAMI-LUKEN INC,HOMETOWN PHARMACY #7488 (TN),TN,44,-0.8024114207566391,False,False,False,False,True,0.5652276000415596,1,0.9017671731018684,24.6,27.6,33.8,24.5,27.2,24.5,Inventory Buffer,Inventory Buffer
2012-06-29,HIKMA PHARMACEUTICALS,HD SMITH WHOLESALE DRUG CO,CVS PHARMACY #9580 (KS),KS,6083,22.607069593491396,True,False,True,False,True,0.6369095003548624,3,0.9016967520564548,92.0,104.3,133.7,55.9,101.8,55.9,Inventory Buffer,Inventory Buffer
2008-10-23,MYLAN PHARMACEUTICALS INC,MORRIS & DICKSON CO LLC,CORNER DRUG STORE #3580 (SD),SD,3824,13.850318871321118,True,False,False,False,True,0.5762097330263946,2,0.901444353143219,36.4,49.6,99.2,18.5,33.6,18.5,Inventory Buffer,Inventory Buffer
2008-07-04,TEVA PHARMACEUTICALS USA INC,MORRIS & DICKSON CO LLC,PEOPLES PHARMACY #2660 (NC),NC,259,0.0310110694012227,False,True,False,False,True,0.558917854574752,2,0.90115143865791,49.5,53.1,69.2,53.2,65.2,49.5,Alternative Supplier,Alternative Supplier
2010-09-30,VINTAGE PHARMACEUTICALS LLC,DAKOTA DRUG INC,VILLAGE PHARMACY #7951 (SC),SC,1286,4.012057103783196,True,False,False,False,True,0.5739639526010014,2,0.9010531207449204,51.7,53.7,67.5,52.1,55.4,51.7,Alternative Supplier,Alternative Supplier
2014-07-01,MALLINCKRODT LLC,DIRECT RX,VILLAGE PHARMACY #4138 (MN),MN,1716,5.678902084098919,True,False,False,False,True,0.5797443196526387,2,0.9010423086866576,38.6,39.0,53.3,36.2,40.3,36.2,Inventory Buffer,Inventory Buffer
2008-11-19,PURDUE PHARMA LP,GULF COAST MEDICAL SUPPLY,HARRIS TEETER PHARMACY #6352 (IA),IA,98,-0.5930867022983854,False,False,False,False,True,0.580734970200697,1,0.9009247669123004,24.2,27.3,35.9,26.4,29.7,24.2,Alternative Supplier,Alternative Supplier
2009-06-20,SUN PHARMA GLOBAL INC,NATIONAL WHOLESALE DRUG CO INC,CVS PHARMACY #9932 (PA),PA,8355,31.414213303438665,True,False,False,False,True,0.5735830910098841,2,0.9009126413962524,65.7,72.0,108.5,40.5,70.5,40.5,Inventory Buffer,Inventory Buffer
2011-06-17,TEVA PHARMACEUTICALS USA INC,SMITH DRUG COMPANY,HARRIS TEETER PHARMACY #6063 (NC),NC,278,0.1046623592291268,False,True,False,False,True,0.5845345016605099,2,0.9009086079479952,48.8,52.3,68.0,53.3,52.7,48.8,Alternative Supplier,Alternative Supplier
2010-12-01,TEVA PHARMACEUTICALS USA INC,PRESCRIPTION SUPPLY INC,COMMUNITY PHARMACY #3782 (NC),NC,321,0.2713468572606992,False,True,False,False,False,0.553616931265482,1,0.9005328901607825,22.9,26.0,34.1,25.7,27.5,22.9,Alternative Supplier,Alternative Supplier
2011-06-21,WATSON LABORATORIES INC,AMERISOURCEBERGEN DRUG CORP,VILLAGE PHARMACY #1377 (VA),VA,336,0.3294926123879919,False,False,False,False,True,0.5851811720973316,1,0.9004537447419545,24.1,27.4,33.8,26.8,28.1,24.1,Alternative Supplier,Alternative Supplier
2013-10-03,ENDO PHARMACEUTICALS INC,KEYSOURCE MEDICAL INC,HARRIS TEETER PHARMACY #3473 (WV),WV,40,-0.8179169554572505,False,True,False,False,False,0.5545898654430734,1,0.9004501544697222,24.6,27.6,33.8,24.5,27.2,24.5,Inventory Buffer,Inventory Buffer
2014-06-21,AMNEAL PHARMACEUTICALS LLC,PENN PHARMACEUTICAL SERVICES INC,RITE AID #9075 (AR),AR,4302,15.703230268044178,True,False,False,False,True,0.573466523933714,2,0.9004157654367907,36.4,49.6,99.2,18.5,33.6,18.5,Inventory Buffer,Inventory Buffer
2008-04-27,QUALITEST PHARMACEUTICALS,DIRECT RX,PEOPLES PHARMACY #2912 (WV),WV,1518,4.911378116418656,True,False,False,False,True,0.5591064298074201,2,0.9002845238606366,43.3,48.1,57.0,46.1,48.8,43.3,Alternative Supplier,Alternative Supplier
2012-04-01,IMPAX LABORATORIES INC,KEYSOURCE MEDICAL INC,WALGREENS #8041 (NY),NY,3283,11.753195303063428,True,False,True,False,True,0.6459149632872592,3,0.9001859297803189,64.7,119.4,128.3,36.7,54.9,36.7,Inventory Buffer,Inventory Buffer
2008-12-23,LANNETT COMPANY INC,DAKOTA DRUG INC,SUNRISE PHARMACY #5914 (NJ),NJ,244,-0.0271346857260699,False,False,False,False,True,0.5730710895969847,1,0.900136240950567,25.2,29.3,33.2,26.5,28.2,25.2,Alternative Supplier,Alternative Supplier
2013-05-03,SANDOZ INC,PRESCRIPTION SUPPLY INC,WALGREENS #3635 (NC),NC,145,-0.4108966695662017,False,False,False,False,True,0.5551117321174796,1,0.9000851194997015,23.2,26.3,34.4,27.2,27.1,23.2,Alternative Supplier,Alternative Supplier
2011-05-24,PAR PHARMACEUTICAL INC,HD SMITH WHOLESALE DRUG CO,FAMILY CARE PHARMACY #6977 (NC),NC,2402,8.33810128525377,True,False,False,False,True,0.5706629192165729,2,0.900032679450662,65.7,72.0,108.5,40.5,70.5,40.5,Inventory Buffer,Inventory Buffer
2007-01-04,SANDOZ INC,KEYSOURCE MEDICAL INC,SUNRISE PHARMACY #7243 (WV),WV,95,-0.6047158533238439,False,True,False,False,True,0.5602195710314594,2,0.900026926267554,57.9,60.5,75.3,61.3,65.2,57.9,Alternative Supplier,Alternative Supplier
