manufacturer,disrupted_node,retailer,retailer_state,severity,no_listed_backup,action,entity,route,entity_risk,entity_capacity,entity_state_share,plan_score,activation_days,est_recovery_days,baseline_days_no_graph,days_saved_vs_no_graph
RHODES TECHNOLOGIES,MIAMI-LUKEN INC,TUG VALLEY PHARMACY #1 (WV),WV,3,True,T3_NEW_LASTMILE,CARDINAL HEALTH INC,RHODES TECHNOLOGIES -> CARDINAL HEALTH INC -> TUG VALLEY PHARMACY #1 (WV),0.8652,0.1959,0.0846,0.13,5.0,110.3,102.0,0.0
ABBOTT LABORATORIES,CARDINAL HEALTH INC,HARRIS TEETER PHARMACY #6758 (NC),NC,3,False,T1_REROUTE_EXISTING,MIAMI-LUKEN INC,ABBOTT LABORATORIES -> MIAMI-LUKEN INC -> HARRIS TEETER PHARMACY #6758 (NC),0.9815,1.0,0.0471,0.2753,1.5,74.3,102.0,0.0
RHODES TECHNOLOGIES,MIAMI-LUKEN INC,TUG VALLEY PHARMACY #1 (WV),WV,3,True,T3_NEW_LASTMILE,CARDINAL HEALTH INC,RHODES TECHNOLOGIES -> CARDINAL HEALTH INC -> TUG VALLEY PHARMACY #1 (WV),0.8652,0.1959,0.0846,0.13,5.0,110.3,102.0,0.0
RHODES TECHNOLOGIES,MIAMI-LUKEN INC,TUG VALLEY PHARMACY #1 (WV),WV,3,True,T3_NEW_LASTMILE,CARDINAL HEALTH INC,RHODES TECHNOLOGIES -> CARDINAL HEALTH INC -> TUG VALLEY PHARMACY #1 (WV),0.8652,0.1959,0.0846,0.13,5.0,110.3,102.0,0.0
HIKMA PHARMACEUTICALS,MIAMI-LUKEN INC,TUG VALLEY PHARMACY #1 (WV),WV,3,True,T3_NEW_LASTMILE,CARDINAL HEALTH INC,HIKMA PHARMACEUTICALS -> CARDINAL HEALTH INC -> TUG VALLEY PHARMACY #1 (WV),0.8652,0.1959,0.0846,0.13,5.0,110.3,102.0,0.0
HIKMA PHARMACEUTICALS,MIAMI-LUKEN INC,TUG VALLEY PHARMACY #1 (WV),WV,3,True,T3_NEW_LASTMILE,CARDINAL HEALTH INC,HIKMA PHARMACEUTICALS -> CARDINAL HEALTH INC -> TUG VALLEY PHARMACY #1 (WV),0.8652,0.1959,0.0846,0.13,5.0,110.3,102.0,0.0
RHODES TECHNOLOGIES,MIAMI-LUKEN INC,TUG VALLEY PHARMACY #1 (WV),WV,3,True,T3_NEW_LASTMILE,CARDINAL HEALTH INC,RHODES TECHNOLOGIES -> CARDINAL HEALTH INC -> TUG VALLEY PHARMACY #1 (WV),0.8652,0.1959,0.0846,0.13,5.0,110.3,102.0,0.0
TEVA PHARMACEUTICALS USA INC,MIAMI-LUKEN INC,PEOPLES PHARMACY #2660 (NC),NC,3,False,T1_REROUTE_EXISTING,DIRECT RX,TEVA PHARMACEUTICALS USA INC -> DIRECT RX -> PEOPLES PHARMACY #2660 (NC),0.8585,0.1504,0.1003,0.1273,1.5,74.3,102.0,0.0
HIKMA PHARMACEUTICALS,MIAMI-LUKEN INC,TUG VALLEY PHARMACY #1 (WV),WV,3,True,T3_NEW_LASTMILE,CARDINAL HEALTH INC,HIKMA PHARMACEUTICALS -> CARDINAL HEALTH INC -> TUG VALLEY PHARMACY #1 (WV),0.8652,0.1959,0.0846,0.13,5.0,110.3,102.0,0.0
TEVA PHARMACEUTICALS USA INC,MIAMI-LUKEN INC,TUG VALLEY PHARMACY #1 (WV),WV,3,True,T3_NEW_LASTMILE,CARDINAL HEALTH INC,TEVA PHARMACEUTICALS USA INC -> CARDINAL HEALTH INC -> TUG VALLEY PHARMACY #1 (WV),0.8652,0.1959,0.0846,0.13,5.0,110.3,102.0,0.0
RHODES TECHNOLOGIES,MIAMI-LUKEN INC,TUG VALLEY PHARMACY #1 (WV),WV,4,True,T3_NEW_LASTMILE,CARDINAL HEALTH INC,RHODES TECHNOLOGIES -> CARDINAL HEALTH INC -> TUG VALLEY PHARMACY #1 (WV),0.8652,0.1959,0.0846,0.13,5.0,149.2,132.0,0.0
SANDOZ INC,MORRIS & DICKSON CO LLC,SUNRISE PHARMACY #7243 (WV),WV,3,False,T1_REROUTE_EXISTING,MIAMI-LUKEN INC,SANDOZ INC -> MIAMI-LUKEN INC -> SUNRISE PHARMACY #7243 (WV),0.9815,1.0,0.5743,0.4862,1.5,74.3,102.0,0.0
HIKMA PHARMACEUTICALS,MIAMI-LUKEN INC,TUG VALLEY PHARMACY #1 (WV),WV,4,True,T3_NEW_LASTMILE,CARDINAL HEALTH INC,HIKMA PHARMACEUTICALS -> CARDINAL HEALTH INC -> TUG VALLEY PHARMACY #1 (WV),0.8652,0.1959,0.0846,0.13,5.0,149.2,132.0,0.0
RHODES TECHNOLOGIES,MIAMI-LUKEN INC,TUG VALLEY PHARMACY #1 (WV),WV,4,True,T3_NEW_LASTMILE,CARDINAL HEALTH INC,RHODES TECHNOLOGIES -> CARDINAL HEALTH INC -> TUG VALLEY PHARMACY #1 (WV),0.8652,0.1959,0.0846,0.13,5.0,149.2,132.0,0.0
ENDO PHARMACEUTICALS INC,MIAMI-LUKEN INC,TUG VALLEY PHARMACY #1 (WV),WV,3,True,T3_NEW_LASTMILE,CARDINAL HEALTH INC,ENDO PHARMACEUTICALS INC -> CARDINAL HEALTH INC -> TUG VALLEY PHARMACY #1 (WV),0.8652,0.1959,0.0846,0.13,5.0,110.3,102.0,0.0
TEVA PHARMACEUTICALS USA INC,MIAMI-LUKEN INC,TUG VALLEY PHARMACY #1 (WV),WV,3,True,T3_NEW_LASTMILE,CARDINAL HEALTH INC,TEVA PHARMACEUTICALS USA INC -> CARDINAL HEALTH INC -> TUG VALLEY PHARMACY #1 (WV),0.8652,0.1959,0.0846,0.13,5.0,110.3,102.0,0.0
TEVA PHARMACEUTICALS USA INC,MIAMI-LUKEN INC,TUG VALLEY PHARMACY #1 (WV),WV,3,True,T3_NEW_LASTMILE,CARDINAL HEALTH INC,TEVA PHARMACEUTICALS USA INC -> CARDINAL HEALTH INC -> TUG VALLEY PHARMACY #1 (WV),0.8652,0.1959,0.0846,0.13,5.0,110.3,102.0,0.0
RHODES TECHNOLOGIES,MIAMI-LUKEN INC,TUG VALLEY PHARMACY #1 (WV),WV,3,True,T3_NEW_LASTMILE,CARDINAL HEALTH INC,RHODES TECHNOLOGIES -> CARDINAL HEALTH INC -> TUG VALLEY PHARMACY #1 (WV),0.8652,0.1959,0.0846,0.13,5.0,110.3,102.0,0.0
PAR PHARMACEUTICAL INC,MIAMI-LUKEN INC,TUG VALLEY PHARMACY #1 (WV),WV,4,True,T3_NEW_LASTMILE,CARDINAL HEALTH INC,PAR PHARMACEUTICAL INC -> CARDINAL HEALTH INC -> TUG VALLEY PHARMACY #1 (WV),0.8652,0.1959,0.0846,0.13,5.0,149.2,132.0,0.0
SUN PHARMA GLOBAL INC,MIAMI-LUKEN INC,TUG VALLEY PHARMACY #1 (WV),WV,3,True,T3_NEW_LASTMILE,CARDINAL HEALTH INC,SUN PHARMA GLOBAL INC -> CARDINAL HEALTH INC -> TUG VALLEY PHARMACY #1 (WV),0.8652,0.1959,0.0846,0.13,5.0,110.3,102.0,0.0
TEVA PHARMACEUTICALS USA INC,MIAMI-LUKEN INC,TUG VALLEY PHARMACY #1 (WV),WV,3,True,T3_NEW_LASTMILE,CARDINAL HEALTH INC,TEVA PHARMACEUTICALS USA INC -> CARDINAL HEALTH INC -> TUG VALLEY PHARMACY #1 (WV),0.8652,0.1959,0.0846,0.13,5.0,110.3,102.0,0.0
TEVA PHARMACEUTICALS USA INC,MIAMI-LUKEN INC,TUG VALLEY PHARMACY #1 (WV),WV,4,True,T3_NEW_LASTMILE,CARDINAL HEALTH INC,TEVA PHARMACEUTICALS USA INC -> CARDINAL HEALTH INC -> TUG VALLEY PHARMACY #1 (WV),0.8652,0.1959,0.0846,0.13,5.0,149.2,132.0,0.0
RHODES TECHNOLOGIES,MIAMI-LUKEN INC,TUG VALLEY PHARMACY #1 (WV),WV,4,True,T3_NEW_LASTMILE,CARDINAL HEALTH INC,RHODES TECHNOLOGIES -> CARDINAL HEALTH INC -> TUG VALLEY PHARMACY #1 (WV),0.8652,0.1959,0.0846,0.13,5.0,149.2,132.0,0.0
HIKMA PHARMACEUTICALS,MIAMI-LUKEN INC,TUG VALLEY PHARMACY #1 (WV),WV,4,True,T3_NEW_LASTMILE,CARDINAL HEALTH INC,HIKMA PHARMACEUTICALS -> CARDINAL HEALTH INC -> TUG VALLEY PHARMACY #1 (WV),0.8652,0.1959,0.0846,0.13,5.0,149.2,132.0,0.0
PAR PHARMACEUTICAL INC,MIAMI-LUKEN INC,TUG VALLEY PHARMACY #1 (WV),WV,4,True,T3_NEW_LASTMILE,CARDINAL HEALTH INC,PAR PHARMACEUTICAL INC -> CARDINAL HEALTH INC -> TUG VALLEY PHARMACY #1 (WV),0.8652,0.1959,0.0846,0.13,5.0,149.2,132.0,0.0
QUALITEST PHARMACEUTICALS,MIAMI-LUKEN INC,TUG VALLEY PHARMACY #1 (WV),WV,3,True,T3_NEW_LASTMILE,CARDINAL HEALTH INC,QUALITEST PHARMACEUTICALS -> CARDINAL HEALTH INC -> TUG VALLEY PHARMACY #1 (WV),0.8652,0.1959,0.0846,0.13,5.0,110.3,102.0,0.0
PAR PHARMACEUTICAL INC,MIAMI-LUKEN INC,TUG VALLEY PHARMACY #1 (WV),WV,3,True,T3_NEW_LASTMILE,CARDINAL HEALTH INC,PAR PHARMACEUTICAL INC -> CARDINAL HEALTH INC -> TUG VALLEY PHARMACY #1 (WV),0.8652,0.1959,0.0846,0.13,5.0,110.3,102.0,0.0
IMPAX LABORATORIES INC,MIAMI-LUKEN INC,TUG VALLEY PHARMACY #1 (WV),WV,3,True,T3_NEW_LASTMILE,CARDINAL HEALTH INC,IMPAX LABORATORIES INC -> CARDINAL HEALTH INC -> TUG VALLEY PHARMACY #1 (WV),0.8652,0.1959,0.0846,0.13,5.0,110.3,102.0,0.0
WATSON LABORATORIES INC,MIAMI-LUKEN INC,TUG VALLEY PHARMACY #1 (WV),WV,3,True,T3_NEW_LASTMILE,CARDINAL HEALTH INC,WATSON LABORATORIES INC -> CARDINAL HEALTH INC -> TUG VALLEY PHARMACY #1 (WV),0.8652,0.1959,0.0846,0.13,5.0,110.3,102.0,0.0
JANSSEN PHARMACEUTICALS INC,MIAMI-LUKEN INC,TUG VALLEY PHARMACY #1 (WV),WV,3,True,T3_NEW_LASTMILE,CARDINAL HEALTH INC,JANSSEN PHARMACEUTICALS INC -> CARDINAL HEALTH INC -> TUG VALLEY PHARMACY #1 (WV),0.8652,0.1959,0.0846,0.13,5.0,110.3,102.0,0.0
HIKMA PHARMACEUTICALS,MIAMI-LUKEN INC,TUG VALLEY PHARMACY #1 (WV),WV,3,True,T3_NEW_LASTMILE,CARDINAL HEALTH INC,HIKMA PHARMACEUTICALS -> CARDINAL HEALTH INC -> TUG VALLEY PHARMACY #1 (WV),0.8652,0.1959,0.0846,0.13,5.0,110.3,102.0,0.0
RHODES TECHNOLOGIES,BURLINGTON DRUG COMPANY INC,QUALITY CARE PHARMACY #9423 (NM),NM,3,True,T1_REROUTE_EXISTING,CARDINAL HEALTH INC,RHODES TECHNOLOGIES -> CARDINAL HEALTH INC -> QUALITY CARE PHARMACY #9423 (NM),0.8652,0.1959,0.0344,0.1099,1.5,74.3,102.0,27.6
ABBOTT LABORATORIES,MIAMI-LUKEN INC,TUG VALLEY PHARMACY #1 (WV),WV,3,True,T3_NEW_LASTMILE,CARDINAL HEALTH INC,ABBOTT LABORATORIES -> CARDINAL HEALTH INC -> TUG VALLEY PHARMACY #1 (WV),0.8652,0.1959,0.0846,0.13,5.0,110.3,102.0,0.0
PURDUE PHARMA LP,MIAMI-LUKEN INC,TUG VALLEY PHARMACY #1 (WV),WV,3,True,T3_NEW_LASTMILE,CARDINAL HEALTH INC,PURDUE PHARMA LP -> CARDINAL HEALTH INC -> TUG VALLEY PHARMACY #1 (WV),0.8652,0.1959,0.0846,0.13,5.0,110.3,102.0,0.0
ENDO PHARMACEUTICALS INC,MIAMI-LUKEN INC,TUG VALLEY PHARMACY #1 (WV),WV,3,True,T3_NEW_LASTMILE,CARDINAL HEALTH INC,ENDO PHARMACEUTICALS INC -> CARDINAL HEALTH INC -> TUG VALLEY PHARMACY #1 (WV),0.8652,0.1959,0.0846,0.13,5.0,110.3,102.0,0.0
SANDOZ INC,MIAMI-LUKEN INC,TUG VALLEY PHARMACY #1 (WV),WV,3,True,T3_NEW_LASTMILE,CARDINAL HEALTH INC,SANDOZ INC -> CARDINAL HEALTH INC -> TUG VALLEY PHARMACY #1 (WV),0.8652,0.1959,0.0846,0.13,5.0,110.3,102.0,0.0
WATSON LABORATORIES INC,MIAMI-LUKEN INC,TUG VALLEY PHARMACY #1 (WV),WV,3,True,T3_NEW_LASTMILE,CARDINAL HEALTH INC,WATSON LABORATORIES INC -> CARDINAL HEALTH INC -> TUG VALLEY PHARMACY #1 (WV),0.8652,0.1959,0.0846,0.13,5.0,110.3,102.0,0.0
WATSON LABORATORIES INC,MIAMI-LUKEN INC,TUG VALLEY PHARMACY #1 (WV),WV,4,True,T3_NEW_LASTMILE,CARDINAL HEALTH INC,WATSON LABORATORIES INC -> CARDINAL HEALTH INC -> TUG VALLEY PHARMACY #1 (WV),0.8652,0.1959,0.0846,0.13,5.0,149.2,132.0,0.0
RHODES TECHNOLOGIES,MIAMI-LUKEN INC,TUG VALLEY PHARMACY #1 (WV),WV,4,True,T3_NEW_LASTMILE,CARDINAL HEALTH INC,RHODES TECHNOLOGIES -> CARDINAL HEALTH INC -> TUG VALLEY PHARMACY #1 (WV),0.8652,0.1959,0.0846,0.13,5.0,149.2,132.0,0.0
VINTAGE PHARMACEUTICALS LLC,MIAMI-LUKEN INC,TUG VALLEY PHARMACY #1 (WV),WV,3,True,T3_NEW_LASTMILE,CARDINAL HEALTH INC,VINTAGE PHARMACEUTICALS LLC -> CARDINAL HEALTH INC -> TUG VALLEY PHARMACY #1 (WV),0.8652,0.1959,0.0846,0.13,5.0,110.3,102.0,0.0
TEVA PHARMACEUTICALS USA INC,ANDA INC,CVS PHARMACY #9401 (NY),NY,3,True,T1_REROUTE_EXISTING,CARDINAL HEALTH INC,TEVA PHARMACEUTICALS USA INC -> CARDINAL HEALTH INC -> CVS PHARMACY #9401 (NY),0.8652,0.1959,0.0032,0.0974,1.5,74.3,102.0,27.6
MYLAN PHARMACEUTICALS INC,MORRIS & DICKSON CO LLC,SUNRISE PHARMACY #7243 (WV),WV,2,False,T1_REROUTE_EXISTING,MIAMI-LUKEN INC,MYLAN PHARMACEUTICALS INC -> MIAMI-LUKEN INC -> SUNRISE PHARMACY #7243 (WV),0.9815,1.0,0.5743,0.4862,1.5,49.5,67.9,0.0
MYLAN PHARMACEUTICALS INC,MIAMI-LUKEN INC,TUG VALLEY PHARMACY #1 (WV),WV,3,True,T3_NEW_LASTMILE,CARDINAL HEALTH INC,MYLAN PHARMACEUTICALS INC -> CARDINAL HEALTH INC -> TUG VALLEY PHARMACY #1 (WV),0.8652,0.1959,0.0846,0.13,5.0,110.3,102.0,0.0
SANDOZ INC,MIAMI-LUKEN INC,TUG VALLEY PHARMACY #1 (WV),WV,3,True,T3_NEW_LASTMILE,CARDINAL HEALTH INC,SANDOZ INC -> CARDINAL HEALTH INC -> TUG VALLEY PHARMACY #1 (WV),0.8652,0.1959,0.0846,0.13,5.0,110.3,102.0,0.0
VINTAGE PHARMACEUTICALS LLC,MIAMI-LUKEN INC,TUG VALLEY PHARMACY #1 (WV),WV,3,True,T3_NEW_LASTMILE,CARDINAL HEALTH INC,VINTAGE PHARMACEUTICALS LLC -> CARDINAL HEALTH INC -> TUG VALLEY PHARMACY #1 (WV),0.8652,0.1959,0.0846,0.13,5.0,110.3,102.0,0.0
SUN PHARMA GLOBAL INC,GULF COAST MEDICAL SUPPLY,HOMETOWN PHARMACY #8469 (NC),NC,3,False,T1_REROUTE_EXISTING,MIAMI-LUKEN INC,SUN PHARMA GLOBAL INC -> MIAMI-LUKEN INC -> HOMETOWN PHARMACY #8469 (NC),0.9815,1.0,0.0471,0.2753,1.5,74.3,102.0,0.0
QUALITEST PHARMACEUTICALS,MIAMI-LUKEN INC,TUG VALLEY PHARMACY #1 (WV),WV,3,True,T3_NEW_LASTMILE,CARDINAL HEALTH INC,QUALITEST PHARMACEUTICALS -> CARDINAL HEALTH INC -> TUG VALLEY PHARMACY #1 (WV),0.8652,0.1959,0.0846,0.13,5.0,110.3,102.0,0.0
HIKMA PHARMACEUTICALS,MIAMI-LUKEN INC,TUG VALLEY PHARMACY #1 (WV),WV,4,True,T3_NEW_LASTMILE,CARDINAL HEALTH INC,HIKMA PHARMACEUTICALS -> CARDINAL HEALTH INC -> TUG VALLEY PHARMACY #1 (WV),0.8652,0.1959,0.0846,0.13,5.0,149.2,132.0,0.0
PAR PHARMACEUTICAL INC,MIAMI-LUKEN INC,TUG VALLEY PHARMACY #1 (WV),WV,3,True,T3_NEW_LASTMILE,CARDINAL HEALTH INC,PAR PHARMACEUTICAL INC -> CARDINAL HEALTH INC -> TUG VALLEY PHARMACY #1 (WV),0.8652,0.1959,0.0846,0.13,5.0,110.3,102.0,0.0
ENDO PHARMACEUTICALS INC,MIAMI-LUKEN INC,TUG VALLEY PHARMACY #1 (WV),WV,4,True,T3_NEW_LASTMILE,CARDINAL HEALTH INC,ENDO PHARMACEUTICALS INC -> CARDINAL HEALTH INC -> TUG VALLEY PHARMACY #1 (WV),0.8652,0.1959,0.0846,0.13,5.0,149.2,132.0,0.0
IMPAX LABORATORIES INC,AMERISOURCEBERGEN DRUG CORP,PEOPLES PHARMACY #4809 (WV),WV,3,False,T1_REROUTE_EXISTING,MIAMI-LUKEN INC,IMPAX LABORATORIES INC -> MIAMI-LUKEN INC -> PEOPLES PHARMACY #4809 (WV),0.9815,1.0,0.5743,0.4862,1.5,74.3,102.0,0.0
TEVA PHARMACEUTICALS USA INC,MIAMI-LUKEN INC,TUG VALLEY PHARMACY #1 (WV),WV,4,True,T3_NEW_LASTMILE,CARDINAL HEALTH INC,TEVA PHARMACEUTICALS USA INC -> CARDINAL HEALTH INC -> TUG VALLEY PHARMACY #1 (WV),0.8652,0.1959,0.0846,0.13,5.0,149.2,132.0,0.0
PURDUE PHARMA LP,CARDINAL HEALTH INC,COMMUNITY PHARMACY #9436 (WV),WV,3,False,T1_REROUTE_EXISTING,MIAMI-LUKEN INC,PURDUE PHARMA LP -> MIAMI-LUKEN INC -> COMMUNITY PHARMACY #9436 (WV),0.9815,1.0,0.5743,0.4862,1.5,74.3,102.0,0.0
TEVA PHARMACEUTICALS USA INC,MIAMI-LUKEN INC,CVS PHARMACY #6466 (KY),KY,4,False,T1_REROUTE_EXISTING,KINRAY LLC,TEVA PHARMACEUTICALS USA INC -> KINRAY LLC -> CVS PHARMACY #6466 (KY),0.8683,0.1632,0.0979,0.1261,1.5,99.4,132.0,0.0
ABBOTT LABORATORIES,HD SMITH WHOLESALE DRUG CO,CVS PHARMACY #3187 (KY),KY,3,False,T1_REROUTE_EXISTING,MIAMI-LUKEN INC,ABBOTT LABORATORIES -> MIAMI-LUKEN INC -> CVS PHARMACY #3187 (KY),0.9815,1.0,0.0243,0.2662,1.5,74.3,102.0,0.0
ABBOTT LABORATORIES,KINRAY LLC,HOMETOWN PHARMACY #5447 (MD),MD,3,True,T1_REROUTE_EXISTING,CARDINAL HEALTH INC,ABBOTT LABORATORIES -> CARDINAL HEALTH INC -> HOMETOWN PHARMACY #5447 (MD),0.8652,0.1959,0.0087,0.0996,1.5,74.3,102.0,27.6
ACTAVIS PHARMA INC,MIAMI-LUKEN INC,TUG VALLEY PHARMACY #1 (WV),WV,3,True,T3_NEW_LASTMILE,CARDINAL HEALTH INC,ACTAVIS PHARMA INC -> CARDINAL HEALTH INC -> TUG VALLEY PHARMACY #1 (WV),0.8652,0.1959,0.0846,0.13,5.0,110.3,102.0,0.0
HIKMA PHARMACEUTICALS,MIAMI-LUKEN INC,TUG VALLEY PHARMACY #1 (WV),WV,4,True,T3_NEW_LASTMILE,CARDINAL HEALTH INC,HIKMA PHARMACEUTICALS -> CARDINAL HEALTH INC -> TUG VALLEY PHARMACY #1 (WV),0.8652,0.1959,0.0846,0.13,5.0,149.2,132.0,0.0
LANNETT COMPANY INC,MIAMI-LUKEN INC,TUG VALLEY PHARMACY #1 (WV),WV,3,True,T3_NEW_LASTMILE,CARDINAL HEALTH INC,LANNETT COMPANY INC -> CARDINAL HEALTH INC -> TUG VALLEY PHARMACY #1 (WV),0.8652,0.1959,0.0846,0.13,5.0,110.3,102.0,0.0
QUALITEST PHARMACEUTICALS,GULF COAST MEDICAL SUPPLY,SUNRISE PHARMACY #3108 (NM),NM,3,True,T1_REROUTE_EXISTING,KINRAY LLC,QUALITEST PHARMACEUTICALS -> KINRAY LLC -> SUNRISE PHARMACY #3108 (NM),0.8683,0.1632,0.0045,0.0887,1.5,74.3,102.0,27.6
MYLAN PHARMACEUTICALS INC,CARDINAL HEALTH INC,HOMETOWN PHARMACY #8919 (KY),KY,3,False,T1_REROUTE_EXISTING,MIAMI-LUKEN INC,MYLAN PHARMACEUTICALS INC -> MIAMI-LUKEN INC -> HOMETOWN PHARMACY #8919 (KY),0.9815,1.0,0.0243,0.2662,1.5,74.3,102.0,0.0
MALLINCKRODT LLC,MIAMI-LUKEN INC,TUG VALLEY PHARMACY #1 (WV),WV,4,True,T3_NEW_LASTMILE,CARDINAL HEALTH INC,MALLINCKRODT LLC -> CARDINAL HEALTH INC -> TUG VALLEY PHARMACY #1 (WV),0.8652,0.1959,0.0846,0.13,5.0,149.2,132.0,0.0
PAR PHARMACEUTICAL INC,MIAMI-LUKEN INC,TUG VALLEY PHARMACY #1 (WV),WV,4,True,T3_NEW_LASTMILE,CARDINAL HEALTH INC,PAR PHARMACEUTICAL INC -> CARDINAL HEALTH INC -> TUG VALLEY PHARMACY #1 (WV),0.8652,0.1959,0.0846,0.13,5.0,149.2,132.0,0.0
PURDUE PHARMA LP,MIAMI-LUKEN INC,TUG VALLEY PHARMACY #1 (WV),WV,3,True,T3_NEW_LASTMILE,CARDINAL HEALTH INC,PURDUE PHARMA LP -> CARDINAL HEALTH INC -> TUG VALLEY PHARMACY #1 (WV),0.8652,0.1959,0.0846,0.13,5.0,110.3,102.0,0.0
HIKMA PHARMACEUTICALS,MIAMI-LUKEN INC,TUG VALLEY PHARMACY #1 (WV),WV,4,True,T3_NEW_LASTMILE,CARDINAL HEALTH INC,HIKMA PHARMACEUTICALS -> CARDINAL HEALTH INC -> TUG VALLEY PHARMACY #1 (WV),0.8652,0.1959,0.0846,0.13,5.0,149.2,132.0,0.0
PAR PHARMACEUTICAL INC,MIAMI-LUKEN INC,TUG VALLEY PHARMACY #1 (WV),WV,3,True,T3_NEW_LASTMILE,CARDINAL HEALTH INC,PAR PHARMACEUTICAL INC -> CARDINAL HEALTH INC -> TUG VALLEY PHARMACY #1 (WV),0.8652,0.1959,0.0846,0.13,5.0,110.3,102.0,0.0
QUALITEST PHARMACEUTICALS,MIAMI-LUKEN INC,TUG VALLEY PHARMACY #1 (WV),WV,4,True,T3_NEW_LASTMILE,CARDINAL HEALTH INC,QUALITEST PHARMACEUTICALS -> CARDINAL HEALTH INC -> TUG VALLEY PHARMACY #1 (WV),0.8652,0.1959,0.0846,0.13,5.0,149.2,132.0,0.0
PAR PHARMACEUTICAL INC,VALUEDRUGCO,PUBLIX PHARMACY #7101 (VA),VA,2,False,T1_REROUTE_EXISTING,MIAMI-LUKEN INC,PAR PHARMACEUTICAL INC -> MIAMI-LUKEN INC -> PUBLIX PHARMACY #7101 (VA),0.9815,1.0,0.0162,0.2629,1.5,49.5,67.9,0.0
ACTAVIS PHARMA INC,CARDINAL HEALTH INC,KROGER PHARMACY #6614 (PA),PA,2,False,T1_REROUTE_EXISTING,MIAMI-LUKEN INC,ACTAVIS PHARMA INC -> MIAMI-LUKEN INC -> KROGER PHARMACY #6614 (PA),0.9815,1.0,0.0219,0.2652,1.5,49.5,67.9,0.0
ABBOTT LABORATORIES,MIAMI-LUKEN INC,TUG VALLEY PHARMACY #1 (WV),WV,3,True,T3_NEW_LASTMILE,CARDINAL HEALTH INC,ABBOTT LABORATORIES -> CARDINAL HEALTH INC -> TUG VALLEY PHARMACY #1 (WV),0.8652,0.1959,0.0846,0.13,5.0,110.3,102.0,0.0
TEVA PHARMACEUTICALS USA INC,PENN PHARMACEUTICAL SERVICES INC,MEDICO PHARMACY #5137 (MN),MN,3,True,T1_REROUTE_EXISTING,CARDINAL HEALTH INC,TEVA PHARMACEUTICALS USA INC -> CARDINAL HEALTH INC -> MEDICO PHARMACY #5137 (MN),0.8652,0.1959,0.0057,0.0984,1.5,74.3,102.0,27.6
SUN PHARMA GLOBAL INC,MIAMI-LUKEN INC,TUG VALLEY PHARMACY #1 (WV),WV,4,True,T3_NEW_LASTMILE,CARDINAL HEALTH INC,SUN PHARMA GLOBAL INC -> CARDINAL HEALTH INC -> TUG VALLEY PHARMACY #1 (WV),0.8652,0.1959,0.0846,0.13,5.0,149.2,132.0,0.0
VINTAGE PHARMACEUTICALS LLC,MIAMI-LUKEN INC,TUG VALLEY PHARMACY #1 (WV),WV,4,True,T3_NEW_LASTMILE,CARDINAL HEALTH INC,VINTAGE PHARMACEUTICALS LLC -> CARDINAL HEALTH INC -> TUG VALLEY PHARMACY #1 (WV),0.8652,0.1959,0.0846,0.13,5.0,149.2,132.0,0.0
MALLINCKRODT LLC,MORRIS & DICKSON CO LLC,HARRIS TEETER PHARMACY #6283 (CA),CA,2,False,T1_REROUTE_EXISTING,MIAMI-LUKEN INC,MALLINCKRODT LLC -> MIAMI-LUKEN INC -> HARRIS TEETER PHARMACY #6283 (CA),0.9815,1.0,0.0031,0.2577,1.5,49.5,67.9,0.0
MALLINCKRODT LLC,CARDINAL HEALTH INC,HOMETOWN PHARMACY #6387 (NC),NC,2,False,T1_REROUTE_EXISTING,MIAMI-LUKEN INC,MALLINCKRODT LLC -> MIAMI-LUKEN INC -> HOMETOWN PHARMACY #6387 (NC),0.9815,1.0,0.0471,0.2753,1.5,49.5,67.9,0.0
RHODES TECHNOLOGIES,HD SMITH WHOLESALE DRUG CO,QUALITY CARE PHARMACY #6294 (VA),VA,2,False,T1_REROUTE_EXISTING,MIAMI-LUKEN INC,RHODES TECHNOLOGIES -> MIAMI-LUKEN INC -> QUALITY CARE PHARMACY #6294 (VA),0.9815,1.0,0.0162,0.2629,1.5,49.5,67.9,0.0
MALLINCKRODT LLC,MIAMI-LUKEN INC,TUG VALLEY PHARMACY #1 (WV),WV,4,True,T3_NEW_LASTMILE,CARDINAL HEALTH INC,MALLINCKRODT LLC -> CARDINAL HEALTH INC -> TUG VALLEY PHARMACY #1 (WV),0.8652,0.1959,0.0846,0.13,5.0,149.2,132.0,0.0
LANNETT COMPANY INC,MIAMI-LUKEN INC,TUG VALLEY PHARMACY #1 (WV),WV,4,True,T3_NEW_LASTMILE,CARDINAL HEALTH INC,LANNETT COMPANY INC -> CARDINAL HEALTH INC -> TUG VALLEY PHARMACY #1 (WV),0.8652,0.1959,0.0846,0.13,5.0,149.2,132.0,0.0
IMPAX LABORATORIES INC,MIAMI-LUKEN INC,TUG VALLEY PHARMACY #1 (WV),WV,3,True,T3_NEW_LASTMILE,CARDINAL HEALTH INC,IMPAX LABORATORIES INC -> CARDINAL HEALTH INC -> TUG VALLEY PHARMACY #1 (WV),0.8652,0.1959,0.0846,0.13,5.0,110.3,102.0,0.0
PURDUE PHARMA LP,KEYSOURCE MEDICAL INC,HOMETOWN PHARMACY #8707 (WV),WV,2,False,T1_REROUTE_EXISTING,MIAMI-LUKEN INC,PURDUE PHARMA LP -> MIAMI-LUKEN INC -> HOMETOWN PHARMACY #8707 (WV),0.9815,1.0,0.5743,0.4862,1.5,49.5,67.9,0.0
PURDUE PHARMA LP,HENRY SCHEIN INC,HARRIS TEETER PHARMACY #1358 (CA),CA,3,True,T1_REROUTE_EXISTING,MCKESSON CORPORATION,PURDUE PHARMA LP -> MCKESSON CORPORATION -> HARRIS TEETER PHARMACY #1358 (CA),0.8788,0.1815,0.0118,0.0925,1.5,74.3,102.0,27.6
ABBOTT LABORATORIES,BURLINGTON DRUG COMPANY INC,HEALTH MART PHARMACY #8164 (MO),MO,3,True,T1_REROUTE_EXISTING,DAKOTA DRUG INC,ABBOTT LABORATORIES -> DAKOTA DRUG INC -> HEALTH MART PHARMACY #8164 (MO),0.8719,0.1818,0.0051,0.0923,1.5,74.3,102.0,27.6
MYLAN PHARMACEUTICALS INC,MIAMI-LUKEN INC,TUG VALLEY PHARMACY #1 (WV),WV,4,True,T3_NEW_LASTMILE,CARDINAL HEALTH INC,MYLAN PHARMACEUTICALS INC -> CARDINAL HEALTH INC -> TUG VALLEY PHARMACY #1 (WV),0.8652,0.1959,0.0846,0.13,5.0,149.2,132.0,0.0
MALLINCKRODT LLC,MIAMI-LUKEN INC,TUG VALLEY PHARMACY #1 (WV),WV,4,True,T3_NEW_LASTMILE,CARDINAL HEALTH INC,MALLINCKRODT LLC -> CARDINAL HEALTH INC -> TUG VALLEY PHARMACY #1 (WV),0.8652,0.1959,0.0846,0.13,5.0,149.2,132.0,0.0
WATSON LABORATORIES INC,MIAMI-LUKEN INC,TUG VALLEY PHARMACY #1 (WV),WV,3,True,T3_NEW_LASTMILE,CARDINAL HEALTH INC,WATSON LABORATORIES INC -> CARDINAL HEALTH INC -> TUG VALLEY PHARMACY #1 (WV),0.8652,0.1959,0.0846,0.13,5.0,110.3,102.0,0.0
PURDUE PHARMA LP,ANDA INC,VILLAGE PHARMACY #9397 (NC),NC,2,False,T1_REROUTE_EXISTING,MIAMI-LUKEN INC,PURDUE PHARMA LP -> MIAMI-LUKEN INC -> VILLAGE PHARMACY #9397 (NC),0.9815,1.0,0.0471,0.2753,1.5,49.5,67.9,0.0
ENDO PHARMACEUTICALS INC,MIAMI-LUKEN INC,TUG VALLEY PHARMACY #1 (WV),WV,4,True,T3_NEW_LASTMILE,CARDINAL HEALTH INC,ENDO PHARMACEUTICALS INC -> CARDINAL HEALTH INC -> TUG VALLEY PHARMACY #1 (WV),0.8652,0.1959,0.0846,0.13,5.0,149.2,132.0,0.0
ACTAVIS PHARMA INC,BURLINGTON DRUG COMPANY INC,WALGREENS #9211 (LA),LA,2,False,T1_REROUTE_EXISTING,MIAMI-LUKEN INC,ACTAVIS PHARMA INC -> MIAMI-LUKEN INC -> WALGREENS #9211 (LA),0.9815,1.0,0.0497,0.2764,1.5,49.5,67.9,0.0
CADISTA PHARMACEUTICALS INC,MIAMI-LUKEN INC,HARRIS TEETER PHARMACY #6758 (NC),NC,2,False,T1_REROUTE_EXISTING,DIRECT RX,CADISTA PHARMACEUTICALS INC -> DIRECT RX -> HARRIS TEETER PHARMACY #6758 (NC),0.8585,0.1504,0.1003,0.1273,1.5,49.5,67.9,0.0
ABBOTT LABORATORIES,MIAMI-LUKEN INC,RITE AID #2280 (MD),MD,2,False,T1_REROUTE_EXISTING,KINRAY LLC,ABBOTT LABORATORIES -> KINRAY LLC -> RITE AID #2280 (MD),0.8683,0.1632,0.0144,0.0926,1.5,49.5,67.9,0.0
QUALITEST PHARMACEUTICALS,DIRECT RX,SUNRISE PHARMACY #6929 (SC),SC,2,False,T1_REROUTE_EXISTING,DAKOTA DRUG INC,QUALITEST PHARMACEUTICALS -> DAKOTA DRUG INC -> SUNRISE PHARMACY #6929 (SC),0.8719,0.1818,0.0136,0.0957,1.5,49.5,67.9,0.0
JANSSEN PHARMACEUTICALS INC,MIAMI-LUKEN INC,TUG VALLEY PHARMACY #1 (WV),WV,3,True,T3_NEW_LASTMILE,CARDINAL HEALTH INC,JANSSEN PHARMACEUTICALS INC -> CARDINAL HEALTH INC -> TUG VALLEY PHARMACY #1 (WV),0.8652,0.1959,0.0846,0.13,5.0,110.3,102.0,0.0
PAR PHARMACEUTICAL INC,PENN PHARMACEUTICAL SERVICES INC,MAIN STREET PHARMACY #2598 (NV),NV,2,False,T1_REROUTE_EXISTING,MIAMI-LUKEN INC,PAR PHARMACEUTICAL INC -> MIAMI-LUKEN INC -> MAIN STREET PHARMACY #2598 (NV),0.9815,1.0,0.0024,0.2574,1.5,49.5,67.9,0.0
ABBOTT LABORATORIES,PRESCRIPTION SUPPLY INC,HOMETOWN PHARMACY #2774 (SC),SC,2,False,T1_REROUTE_EXISTING,BURLINGTON DRUG COMPANY INC,ABBOTT LABORATORIES -> BURLINGTON DRUG COMPANY INC -> HOMETOWN PHARMACY #2774 (SC),0.8768,0.1637,0.0104,0.0882,1.5,49.5,67.9,0.0
ACTAVIS PHARMA INC,PENN PHARMACEUTICAL SERVICES INC,PUBLIX PHARMACY #2769 (WV),WV,2,False,T1_REROUTE_EXISTING,MIAMI-LUKEN INC,ACTAVIS PHARMA INC -> MIAMI-LUKEN INC -> PUBLIX PHARMACY #2769 (WV),0.9815,1.0,0.5743,0.4862,1.5,49.5,67.9,0.0
RHODES TECHNOLOGIES,DAKOTA DRUG INC,PUBLIX PHARMACY #1697 (MI),MI,2,False,T1_REROUTE_EXISTING,MIAMI-LUKEN INC,RHODES TECHNOLOGIES -> MIAMI-LUKEN INC -> PUBLIX PHARMACY #1697 (MI),0.9815,1.0,0.0252,0.2666,1.5,49.5,67.9,0.0
ENDO PHARMACEUTICALS INC,MCKESSON CORPORATION,MEDICO PHARMACY #4957 (HI),HI,3,True,T1_REROUTE_EXISTING,DAKOTA DRUG INC,ENDO PHARMACEUTICALS INC -> DAKOTA DRUG INC -> MEDICO PHARMACY #4957 (HI),0.8719,0.1818,0.0048,0.0922,1.5,74.3,102.0,27.6
JANSSEN PHARMACEUTICALS INC,AMERISOURCEBERGEN DRUG CORP,CVS PHARMACY #1671 (HI),HI,2,False,T1_REROUTE_EXISTING,DAKOTA DRUG INC,JANSSEN PHARMACEUTICALS INC -> DAKOTA DRUG INC -> CVS PHARMACY #1671 (HI),0.8719,0.1818,0.0048,0.0922,1.5,49.5,67.9,0.0
JANSSEN PHARMACEUTICALS INC,KEYSOURCE MEDICAL INC,HEALTH MART PHARMACY #8084 (WA),WA,4,True,T1_REROUTE_EXISTING,BURLINGTON DRUG COMPANY INC,JANSSEN PHARMACEUTICALS INC -> BURLINGTON DRUG COMPANY INC -> HEALTH MART PHARMACY #8084 (WA),0.8768,0.1637,0.0292,0.0957,1.5,99.4,132.0,32.6
CADISTA PHARMACEUTICALS INC,KEYSOURCE MEDICAL INC,QUALITY CARE PHARMACY #5456 (WA),WA,3,True,T1_REROUTE_EXISTING,MIAMI-LUKEN INC,CADISTA PHARMACEUTICALS INC -> MIAMI-LUKEN INC -> QUALITY CARE PHARMACY #5456 (WA),0.9815,1.0,0.0067,0.2591,1.5,74.3,102.0,27.6
ENDO PHARMACEUTICALS INC,MORRIS & DICKSON CO LLC,GOOD NEIGHBOR PHARMACY #6272 (NC),NC,2,False,T1_REROUTE_EXISTING,MIAMI-LUKEN INC,ENDO PHARMACEUTICALS INC -> MIAMI-LUKEN INC -> GOOD NEIGHBOR PHARMACY #6272 (NC),0.9815,1.0,0.0471,0.2753,1.5,49.5,67.9,0.0
TEVA PHARMACEUTICALS USA INC,VALUEDRUGCO,HARRIS TEETER PHARMACY #6061 (MI),MI,2,False,T1_REROUTE_EXISTING,MIAMI-LUKEN INC,TEVA PHARMACEUTICALS USA INC -> MIAMI-LUKEN INC -> HARRIS TEETER PHARMACY #6061 (MI),0.9815,1.0,0.0252,0.2666,1.5,49.5,67.9,0.0
PURDUE PHARMA LP,HENRY SCHEIN INC,MAIN STREET PHARMACY #6568 (HI),HI,2,False,T1_REROUTE_EXISTING,DAKOTA DRUG INC,PURDUE PHARMA LP -> DAKOTA DRUG INC -> MAIN STREET PHARMACY #6568 (HI),0.8719,0.1818,0.0048,0.0922,1.5,49.5,67.9,0.0
RHODES TECHNOLOGIES,DAKOTA DRUG INC,PEOPLES PHARMACY #9356 (IA),IA,2,False,T1_REROUTE_EXISTING,CARDINAL HEALTH INC,RHODES TECHNOLOGIES -> CARDINAL HEALTH INC -> PEOPLES PHARMACY #9356 (IA),0.8652,0.1959,0.0139,0.1017,1.5,49.5,67.9,0.0
MALLINCKRODT LLC,KEYSOURCE MEDICAL INC,MEDICO PHARMACY #6767 (NC),NC,2,False,T1_REROUTE_EXISTING,MIAMI-LUKEN INC,MALLINCKRODT LLC -> MIAMI-LUKEN INC -> MEDICO PHARMACY #6767 (NC),0.9815,1.0,0.0471,0.2753,1.5,49.5,67.9,0.0
MALLINCKRODT LLC,MIAMI-LUKEN INC,GOOD NEIGHBOR PHARMACY #5811 (MT),MT,2,False,T1_REROUTE_EXISTING,CARDINAL HEALTH INC,MALLINCKRODT LLC -> CARDINAL HEALTH INC -> GOOD NEIGHBOR PHARMACY #5811 (MT),0.8652,0.1959,0.0233,0.1055,1.5,49.5,67.9,0.0
PAR PHARMACEUTICAL INC,HD SMITH WHOLESALE DRUG CO,PUBLIX PHARMACY #7101 (VA),VA,2,False,T1_REROUTE_EXISTING,MIAMI-LUKEN INC,PAR PHARMACEUTICAL INC -> MIAMI-LUKEN INC -> PUBLIX PHARMACY #7101 (VA),0.9815,1.0,0.0162,0.2629,1.5,49.5,67.9,0.0
PURDUE PHARMA LP,MIAMI-LUKEN INC,TUG VALLEY PHARMACY #1 (WV),WV,3,True,T3_NEW_LASTMILE,CARDINAL HEALTH INC,PURDUE PHARMA LP -> CARDINAL HEALTH INC -> TUG VALLEY PHARMACY #1 (WV),0.8652,0.1959,0.0846,0.13,5.0,110.3,102.0,0.0
AMNEAL PHARMACEUTICALS LLC,MCKESSON CORPORATION,COMMUNITY PHARMACY #3160 (TX),TX,2,False,T1_REROUTE_EXISTING,KINRAY LLC,AMNEAL PHARMACEUTICALS LLC -> KINRAY LLC -> COMMUNITY PHARMACY #3160 (TX),0.8683,0.1632,0.0351,0.1009,1.5,49.5,67.9,0.0
AMNEAL PHARMACEUTICALS LLC,SMITH DRUG COMPANY,KROGER PHARMACY #9348 (RI),RI,2,False,T1_REROUTE_EXISTING,CARDINAL HEALTH INC,AMNEAL PHARMACEUTICALS LLC -> CARDINAL HEALTH INC -> KROGER PHARMACY #9348 (RI),0.8652,0.1959,0.0043,0.0979,1.5,49.5,67.9,0.0
CADISTA PHARMACEUTICALS INC,MCKESSON CORPORATION,QUALITY CARE PHARMACY #4985 (TN),TN,2,False,T1_REROUTE_EXISTING,MIAMI-LUKEN INC,CADISTA PHARMACEUTICALS INC -> MIAMI-LUKEN INC -> QUALITY CARE PHARMACY #4985 (TN),0.9815,1.0,0.0288,0.268,1.5,49.5,67.9,0.0
JANSSEN PHARMACEUTICALS INC,MIAMI-LUKEN INC,TUG VALLEY PHARMACY #1 (WV),WV,3,True,T3_NEW_LASTMILE,CARDINAL HEALTH INC,JANSSEN PHARMACEUTICALS INC -> CARDINAL HEALTH INC -> TUG VALLEY PHARMACY #1 (WV),0.8652,0.1959,0.0846,0.13,5.0,110.3,102.0,0.0
ABBOTT LABORATORIES,MIAMI-LUKEN INC,TUG VALLEY PHARMACY #1 (WV),WV,4,True,T3_NEW_LASTMILE,CARDINAL HEALTH INC,ABBOTT LABORATORIES -> CARDINAL HEALTH INC -> TUG VALLEY PHARMACY #1 (WV),0.8652,0.1959,0.0846,0.13,5.0,149.2,132.0,0.0
ENDO PHARMACEUTICALS INC,HD SMITH WHOLESALE DRUG CO,VILLAGE PHARMACY #2199 (KS),KS,2,False,T1_REROUTE_EXISTING,CARDINAL HEALTH INC,ENDO PHARMACEUTICALS INC -> CARDINAL HEALTH INC -> VILLAGE PHARMACY #2199 (KS),0.8652,0.1959,0.0047,0.098,1.5,49.5,67.9,0.0
SANDOZ INC,MIAMI-LUKEN INC,TUG VALLEY PHARMACY #1 (WV),WV,3,True,T3_NEW_LASTMILE,CARDINAL HEALTH INC,SANDOZ INC -> CARDINAL HEALTH INC -> TUG VALLEY PHARMACY #1 (WV),0.8652,0.1959,0.0846,0.13,5.0,110.3,102.0,0.0
ENDO PHARMACEUTICALS INC,MIAMI-LUKEN INC,TUG VALLEY PHARMACY #1 (WV),WV,4,True,T3_NEW_LASTMILE,CARDINAL HEALTH INC,ENDO PHARMACEUTICALS INC -> CARDINAL HEALTH INC -> TUG VALLEY PHARMACY #1 (WV),0.8652,0.1959,0.0846,0.13,5.0,149.2,132.0,0.0
SUN PHARMA GLOBAL INC,AMERISOURCEBERGEN DRUG CORP,VILLAGE PHARMACY #1377 (VA),VA,2,False,T1_REROUTE_EXISTING,MIAMI-LUKEN INC,SUN PHARMA GLOBAL INC -> MIAMI-LUKEN INC -> VILLAGE PHARMACY #1377 (VA),0.9815,1.0,0.0162,0.2629,1.5,49.5,67.9,0.0
AMNEAL PHARMACEUTICALS LLC,MIAMI-LUKEN INC,TUG VALLEY PHARMACY #1 (WV),WV,4,True,T3_NEW_LASTMILE,CARDINAL HEALTH INC,AMNEAL PHARMACEUTICALS LLC -> CARDINAL HEALTH INC -> TUG VALLEY PHARMACY #1 (WV),0.8652,0.1959,0.0846,0.13,5.0,149.2,132.0,0.0
LANNETT COMPANY INC,MIAMI-LUKEN INC,TUG VALLEY PHARMACY #1 (WV),WV,4,True,T3_NEW_LASTMILE,CARDINAL HEALTH INC,LANNETT COMPANY INC -> CARDINAL HEALTH INC -> TUG VALLEY PHARMACY #1 (WV),0.8652,0.1959,0.0846,0.13,5.0,149.2,132.0,0.0
WATSON LABORATORIES INC,KEYSOURCE MEDICAL INC,VILLAGE PHARMACY #1037 (MI),MI,2,False,T1_REROUTE_EXISTING,MIAMI-LUKEN INC,WATSON LABORATORIES INC -> MIAMI-LUKEN INC -> VILLAGE PHARMACY #1037 (MI),0.9815,1.0,0.0252,0.2666,1.5,49.5,67.9,0.0
CADISTA PHARMACEUTICALS INC,MORRIS & DICKSON CO LLC,VILLAGE PHARMACY #3294 (MD),MD,3,True,T1_REROUTE_EXISTING,DAKOTA DRUG INC,CADISTA PHARMACEUTICALS INC -> DAKOTA DRUG INC -> VILLAGE PHARMACY #3294 (MD),0.8719,0.1818,0.0076,0.0933,1.5,74.3,102.0,27.6
PAR PHARMACEUTICAL INC,BURLINGTON DRUG COMPANY INC,CORNER DRUG STORE #2632 (NV),NV,2,False,T1_REROUTE_EXISTING,MIAMI-LUKEN INC,PAR PHARMACEUTICAL INC -> MIAMI-LUKEN INC -> CORNER DRUG STORE #2632 (NV),0.9815,1.0,0.0024,0.2574,1.5,49.5,67.9,0.0
CADISTA PHARMACEUTICALS INC,KEYSOURCE MEDICAL INC,KROGER PHARMACY #7026 (MS),MS,2,False,T1_REROUTE_EXISTING,MIAMI-LUKEN INC,CADISTA PHARMACEUTICALS INC -> MIAMI-LUKEN INC -> KROGER PHARMACY #7026 (MS),0.9815,1.0,0.003,0.2577,1.5,49.5,67.9,0.0
MALLINCKRODT LLC,AMERISOURCEBERGEN DRUG CORP,SUNRISE PHARMACY #4396 (HI),HI,3,True,T1_REROUTE_EXISTING,CARDINAL HEALTH INC,MALLINCKRODT LLC -> CARDINAL HEALTH INC -> SUNRISE PHARMACY #4396 (HI),0.8652,0.1959,0.0117,0.1008,1.5,74.3,102.0,27.6
ACTAVIS PHARMA INC,MIAMI-LUKEN INC,TUG VALLEY PHARMACY #1 (WV),WV,4,True,T3_NEW_LASTMILE,CARDINAL HEALTH INC,ACTAVIS PHARMA INC -> CARDINAL HEALTH INC -> TUG VALLEY PHARMACY #1 (WV),0.8652,0.1959,0.0846,0.13,5.0,149.2,132.0,0.0
IMPAX LABORATORIES INC,MIAMI-LUKEN INC,TUG VALLEY PHARMACY #1 (WV),WV,4,True,T3_NEW_LASTMILE,CARDINAL HEALTH INC,IMPAX LABORATORIES INC -> CARDINAL HEALTH INC -> TUG VALLEY PHARMACY #1 (WV),0.8652,0.1959,0.0846,0.13,5.0,149.2,132.0,0.0
VINTAGE PHARMACEUTICALS LLC,NATIONAL WHOLESALE DRUG CO INC,WALMART PHARMACY #6837 (MN),MN,2,False,T1_REROUTE_EXISTING,MIAMI-LUKEN INC,VINTAGE PHARMACEUTICALS LLC -> MIAMI-LUKEN INC -> WALMART PHARMACY #6837 (MN),0.9815,1.0,0.0013,0.257,1.5,49.5,67.9,0.0
ENDO PHARMACEUTICALS INC,MIAMI-LUKEN INC,TUG VALLEY PHARMACY #1 (WV),WV,4,True,T3_NEW_LASTMILE,CARDINAL HEALTH INC,ENDO PHARMACEUTICALS INC -> CARDINAL HEALTH INC -> TUG VALLEY PHARMACY #1 (WV),0.8652,0.1959,0.0846,0.13,5.0,149.2,132.0,0.0
JANSSEN PHARMACEUTICALS INC,MCKESSON CORPORATION,MAIN STREET PHARMACY #7935 (KY),KY,2,False,T1_REROUTE_EXISTING,MIAMI-LUKEN INC,JANSSEN PHARMACEUTICALS INC -> MIAMI-LUKEN INC -> MAIN STREET PHARMACY #7935 (KY),0.9815,1.0,0.0243,0.2662,1.5,49.5,67.9,0.0
ABBOTT LABORATORIES,DIRECT RX,HARRIS TEETER PHARMACY #1609 (WY),WY,2,False,T1_REROUTE_EXISTING,MIAMI-LUKEN INC,ABBOTT LABORATORIES -> MIAMI-LUKEN INC -> HARRIS TEETER PHARMACY #1609 (WY),0.9815,1.0,0.0038,0.258,1.5,49.5,67.9,0.0
CADISTA PHARMACEUTICALS INC,KEYSOURCE MEDICAL INC,MAIN STREET PHARMACY #6902 (ID),ID,2,False,T1_REROUTE_EXISTING,MIAMI-LUKEN INC,CADISTA PHARMACEUTICALS INC -> MIAMI-LUKEN INC -> MAIN STREET PHARMACY #6902 (ID),0.9815,1.0,0.0065,0.2591,1.5,49.5,67.9,0.0
MYLAN PHARMACEUTICALS INC,MIAMI-LUKEN INC,TUG VALLEY PHARMACY #1 (WV),WV,4,True,T3_NEW_LASTMILE,CARDINAL HEALTH INC,MYLAN PHARMACEUTICALS INC -> CARDINAL HEALTH INC -> TUG VALLEY PHARMACY #1 (WV),0.8652,0.1959,0.0846,0.13,5.0,149.2,132.0,0.0
PAR PHARMACEUTICAL INC,CARDINAL HEALTH INC,WALMART PHARMACY #2370 (MA),MA,2,False,T1_REROUTE_EXISTING,MCKESSON CORPORATION,PAR PHARMACEUTICAL INC -> MCKESSON CORPORATION -> WALMART PHARMACY #2370 (MA),0.8788,0.1815,0.0156,0.094,1.5,49.5,67.9,0.0
VINTAGE PHARMACEUTICALS LLC,CARDINAL HEALTH INC,WALGREENS #9103 (IA),IA,2,False,T1_REROUTE_EXISTING,MORRIS & DICKSON CO LLC,VINTAGE PHARMACEUTICALS LLC -> MORRIS & DICKSON CO LLC -> WALGREENS #9103 (IA),0.872,0.1241,0.0055,0.078,1.5,49.5,67.9,0.0
ABBOTT LABORATORIES,KINRAY LLC,HOMETOWN PHARMACY #4303 (KS),KS,2,False,T1_REROUTE_EXISTING,MIAMI-LUKEN INC,ABBOTT LABORATORIES -> MIAMI-LUKEN INC -> HOMETOWN PHARMACY #4303 (KS),0.9815,1.0,0.0031,0.2577,1.5,49.5,67.9,0.0
JANSSEN PHARMACEUTICALS INC,SMITH DRUG COMPANY,MAIN STREET PHARMACY #9148 (LA),LA,2,False,T1_REROUTE_EXISTING,MIAMI-LUKEN INC,JANSSEN PHARMACEUTICALS INC -> MIAMI-LUKEN INC -> MAIN STREET PHARMACY #9148 (LA),0.9815,1.0,0.0497,0.2764,1.5,49.5,67.9,0.0
AMNEAL PHARMACEUTICALS LLC,MIAMI-LUKEN INC,TUG VALLEY PHARMACY #1 (WV),WV,4,True,T3_NEW_LASTMILE,CARDINAL HEALTH INC,AMNEAL PHARMACEUTICALS LLC -> CARDINAL HEALTH INC -> TUG VALLEY PHARMACY #1 (WV),0.8652,0.1959,0.0846,0.13,5.0,149.2,132.0,0.0
RHODES TECHNOLOGIES,DAKOTA DRUG INC,WALGREENS #3635 (NC),NC,2,False,T1_REROUTE_EXISTING,MIAMI-LUKEN INC,RHODES TECHNOLOGIES -> MIAMI-LUKEN INC -> WALGREENS #3635 (NC),0.9815,1.0,0.0471,0.2753,1.5,49.5,67.9,0.0
WATSON LABORATORIES INC,MCKESSON CORPORATION,GOOD NEIGHBOR PHARMACY #2219 (NM),NM,4,True,T1_REROUTE_EXISTING,DIRECT RX,WATSON LABORATORIES INC -> DIRECT RX -> GOOD NEIGHBOR PHARMACY #2219 (NM),0.8585,0.1504,0.0044,0.0889,1.5,99.4,132.0,32.6
WATSON LABORATORIES INC,HENRY SCHEIN INC,HARRIS TEETER PHARMACY #6758 (NC),NC,2,False,T1_REROUTE_EXISTING,MIAMI-LUKEN INC,WATSON LABORATORIES INC -> MIAMI-LUKEN INC -> HARRIS TEETER PHARMACY #6758 (NC),0.9815,1.0,0.0471,0.2753,1.5,49.5,67.9,0.0
RHODES TECHNOLOGIES,SMITH DRUG COMPANY,WALMART PHARMACY #9312 (PA),PA,2,False,T1_REROUTE_EXISTING,MIAMI-LUKEN INC,RHODES TECHNOLOGIES -> MIAMI-LUKEN INC -> WALMART PHARMACY #9312 (PA),0.9815,1.0,0.0219,0.2652,1.5,49.5,67.9,0.0
SANDOZ INC,HD SMITH WHOLESALE DRUG CO,HARRIS TEETER PHARMACY #4455 (CT),CT,2,False,T1_REROUTE_EXISTING,MIAMI-LUKEN INC,SANDOZ INC -> MIAMI-LUKEN INC -> HARRIS TEETER PHARMACY #4455 (CT),0.9815,1.0,0.0017,0.2572,1.5,49.5,67.9,0.0
SANDOZ INC,PENN PHARMACEUTICAL SERVICES INC,QUALITY CARE PHARMACY #8298 (CO),CO,2,False,T1_REROUTE_EXISTING,DAKOTA DRUG INC,SANDOZ INC -> DAKOTA DRUG INC -> QUALITY CARE PHARMACY #8298 (CO),0.8719,0.1818,0.0071,0.0931,1.5,49.5,67.9,0.0
ABBOTT LABORATORIES,VALUEDRUGCO,VILLAGE PHARMACY #2453 (AK),AK,2,False,T1_REROUTE_EXISTING,MIAMI-LUKEN INC,ABBOTT LABORATORIES -> MIAMI-LUKEN INC -> VILLAGE PHARMACY #2453 (AK),0.9815,1.0,0.0026,0.2575,1.5,49.5,67.9,0.0
PURDUE PHARMA LP,MIAMI-LUKEN INC,VILLAGE PHARMACY #9397 (NC),NC,2,False,T1_REROUTE_EXISTING,DIRECT RX,PURDUE PHARMA LP -> DIRECT RX -> VILLAGE PHARMACY #9397 (NC),0.8585,0.1504,0.1003,0.1273,1.5,49.5,67.9,0.0
SUN PHARMA GLOBAL INC,MIAMI-LUKEN INC,TUG VALLEY PHARMACY #1 (WV),WV,3,True,T3_NEW_LASTMILE,CARDINAL HEALTH INC,SUN PHARMA GLOBAL INC -> CARDINAL HEALTH INC -> TUG VALLEY PHARMACY #1 (WV),0.8652,0.1959,0.0846,0.13,5.0,110.3,102.0,0.0
MYLAN PHARMACEUTICALS INC,BURLINGTON DRUG COMPANY INC,VILLAGE PHARMACY #1824 (WA),WA,3,True,T1_REROUTE_EXISTING,DAKOTA DRUG INC,MYLAN PHARMACEUTICALS INC -> DAKOTA DRUG INC -> VILLAGE PHARMACY #1824 (WA),0.8719,0.1818,0.085,0.1243,1.5,74.3,102.0,27.6
MALLINCKRODT LLC,MORRIS & DICKSON CO LLC,COMMUNITY PHARMACY #4828 (AR),AR,2,False,T1_REROUTE_EXISTING,CARDINAL HEALTH INC,MALLINCKRODT LLC -> CARDINAL HEALTH INC -> COMMUNITY PHARMACY #4828 (AR),0.8652,0.1959,0.0034,0.0975,1.5,49.5,67.9,0.0
IMPAX LABORATORIES INC,MIAMI-LUKEN INC,TUG VALLEY PHARMACY #1 (WV),WV,4,True,T3_NEW_LASTMILE,CARDINAL HEALTH INC,IMPAX LABORATORIES INC -> CARDINAL HEALTH INC -> TUG VALLEY PHARMACY #1 (WV),0.8652,0.1959,0.0846,0.13,5.0,149.2,132.0,0.0
ABBOTT LABORATORIES,HD SMITH WHOLESALE DRUG CO,HOMETOWN PHARMACY #6387 (NC),NC,2,False,T1_REROUTE_EXISTING,MIAMI-LUKEN INC,ABBOTT LABORATORIES -> MIAMI-LUKEN INC -> HOMETOWN PHARMACY #6387 (NC),0.9815,1.0,0.0471,0.2753,1.5,49.5,67.9,0.0
JANSSEN PHARMACEUTICALS INC,BURLINGTON DRUG COMPANY INC,RITE AID #8098 (HI),HI,2,False,T1_REROUTE_EXISTING,MCKESSON CORPORATION,JANSSEN PHARMACEUTICALS INC -> MCKESSON CORPORATION -> RITE AID #8098 (HI),0.8788,0.1815,0.0143,0.0935,1.5,49.5,67.9,0.0
JANSSEN PHARMACEUTICALS INC,MORRIS & DICKSON CO LLC,RITE AID #1732 (OR),OR,2,False,T1_REROUTE_EXISTING,CARDINAL HEALTH INC,JANSSEN PHARMACEUTICALS INC -> CARDINAL HEALTH INC -> RITE AID #1732 (OR),0.8652,0.1959,0.0121,0.101,1.5,49.5,67.9,0.0
VINTAGE PHARMACEUTICALS LLC,HD SMITH WHOLESALE DRUG CO,RITE AID #3418 (WV),WV,2,False,T1_REROUTE_EXISTING,MIAMI-LUKEN INC,VINTAGE PHARMACEUTICALS LLC -> MIAMI-LUKEN INC -> RITE AID #3418 (WV),0.9815,1.0,0.5743,0.4862,1.5,49.5,67.9,0.0
JANSSEN PHARMACEUTICALS INC,BURLINGTON DRUG COMPANY INC,FAMILY CARE PHARMACY #6977 (NC),NC,3,False,T1_REROUTE_EXISTING,MIAMI-LUKEN INC,JANSSEN PHARMACEUTICALS INC -> MIAMI-LUKEN INC -> FAMILY CARE PHARMACY #6977 (NC),0.9815,1.0,0.0471,0.2753,1.5,74.3,102.0,0.0
WATSON LABORATORIES INC,DAKOTA DRUG INC,FAMILY CARE PHARMACY #6977 (NC),NC,2,False,T1_REROUTE_EXISTING,MIAMI-LUKEN INC,WATSON LABORATORIES INC -> MIAMI-LUKEN INC -> FAMILY CARE PHARMACY #6977 (NC),0.9815,1.0,0.0471,0.2753,1.5,49.5,67.9,0.0
HIKMA PHARMACEUTICALS,DAKOTA DRUG INC,FAMILY CARE PHARMACY #7641 (AL),AL,2,False,T1_REROUTE_EXISTING,MIAMI-LUKEN INC,HIKMA PHARMACEUTICALS -> MIAMI-LUKEN INC -> FAMILY CARE PHARMACY #7641 (AL),0.9815,1.0,0.0012,0.2569,1.5,49.5,67.9,0.0
AMNEAL PHARMACEUTICALS LLC,MIAMI-LUKEN INC,KROGER PHARMACY #7324 (ID),ID,2,False,T1_REROUTE_EXISTING,CARDINAL HEALTH INC,AMNEAL PHARMACEUTICALS LLC -> CARDINAL HEALTH INC -> KROGER PHARMACY #7324 (ID),0.8652,0.1959,0.0159,0.1025,1.5,49.5,67.9,0.0
MYLAN PHARMACEUTICALS INC,VALUEDRUGCO,HOMETOWN PHARMACY #6892 (WY),WY,2,False,T1_REROUTE_EXISTING,DAKOTA DRUG INC,MYLAN PHARMACEUTICALS INC -> DAKOTA DRUG INC -> HOMETOWN PHARMACY #6892 (WY),0.8719,0.1818,0.0033,0.0916,1.5,49.5,67.9,0.0
VINTAGE PHARMACEUTICALS LLC,HD SMITH WHOLESALE DRUG CO,PUBLIX PHARMACY #9124 (DE),DE,2,False,T1_REROUTE_EXISTING,KINRAY LLC,VINTAGE PHARMACEUTICALS LLC -> KINRAY LLC -> PUBLIX PHARMACY #9124 (DE),0.8683,0.1632,0.0039,0.0884,1.5,49.5,67.9,0.0
PAR PHARMACEUTICAL INC,GULF COAST MEDICAL SUPPLY,CORNER DRUG STORE #4270 (SC),SC,2,False,T1_REROUTE_EXISTING,DAKOTA DRUG INC,PAR PHARMACEUTICAL INC -> DAKOTA DRUG INC -> CORNER DRUG STORE #4270 (SC),0.8719,0.1818,0.0136,0.0957,1.5,49.5,67.9,0.0
JANSSEN PHARMACEUTICALS INC,SMITH DRUG COMPANY,CVS PHARMACY #8436 (AZ),AZ,2,False,T1_REROUTE_EXISTING,MIAMI-LUKEN INC,JANSSEN PHARMACEUTICALS INC -> MIAMI-LUKEN INC -> CVS PHARMACY #8436 (AZ),0.9815,1.0,0.0078,0.2596,1.5,49.5,67.9,0.0
PAR PHARMACEUTICAL INC,MIAMI-LUKEN INC,QUALITY CARE PHARMACY #6874 (MI),MI,2,False,T1_REROUTE_EXISTING,DIRECT RX,PAR PHARMACEUTICAL INC -> DIRECT RX -> QUALITY CARE PHARMACY #6874 (MI),0.8585,0.1504,0.087,0.122,1.5,49.5,67.9,0.0
PAR PHARMACEUTICAL INC,AMERISOURCEBERGEN DRUG CORP,PEOPLES PHARMACY #8476 (PA),PA,2,False,T1_REROUTE_EXISTING,MIAMI-LUKEN INC,PAR PHARMACEUTICAL INC -> MIAMI-LUKEN INC -> PEOPLES PHARMACY #8476 (PA),0.9815,1.0,0.0219,0.2652,1.5,49.5,67.9,0.0
LANNETT COMPANY INC,KINRAY LLC,FAMILY CARE PHARMACY #9927 (AK),AK,3,True,T1_REROUTE_EXISTING,MIAMI-LUKEN INC,LANNETT COMPANY INC -> MIAMI-LUKEN INC -> FAMILY CARE PHARMACY #9927 (AK),0.9815,1.0,0.0026,0.2575,1.5,74.3,102.0,27.6
JANSSEN PHARMACEUTICALS INC,ANDA INC,WINN-DIXIE PHARMACY #4020 (CT),CT,2,False,T1_REROUTE_EXISTING,KINRAY LLC,JANSSEN PHARMACEUTICALS INC -> KINRAY LLC -> WINN-DIXIE PHARMACY #4020 (CT),0.8683,0.1632,0.0216,0.0955,1.5,49.5,67.9,0.0
RHODES TECHNOLOGIES,BURLINGTON DRUG COMPANY INC,WINN-DIXIE PHARMACY #2750 (NM),NM,2,False,T1_REROUTE_EXISTING,DAKOTA DRUG INC,RHODES TECHNOLOGIES -> DAKOTA DRUG INC -> WINN-DIXIE PHARMACY #2750 (NM),0.8719,0.1818,0.004,0.0919,1.5,49.5,67.9,0.0
ACTAVIS PHARMA INC,CARDINAL HEALTH INC,QUALITY CARE PHARMACY #3338 (WV),WV,2,False,T1_REROUTE_EXISTING,MIAMI-LUKEN INC,ACTAVIS PHARMA INC -> MIAMI-LUKEN INC -> QUALITY CARE PHARMACY #3338 (WV),0.9815,1.0,0.5743,0.4862,1.5,49.5,67.9,0.0
AMNEAL PHARMACEUTICALS LLC,MIAMI-LUKEN INC,TUG VALLEY PHARMACY #1 (WV),WV,4,True,T3_NEW_LASTMILE,CARDINAL HEALTH INC,AMNEAL PHARMACEUTICALS LLC -> CARDINAL HEALTH INC -> TUG VALLEY PHARMACY #1 (WV),0.8652,0.1959,0.0846,0.13,5.0,149.2,132.0,0.0
CADISTA PHARMACEUTICALS INC,CARDINAL HEALTH INC,RITE AID #5521 (NE),NE,2,False,T1_REROUTE_EXISTING,MIAMI-LUKEN INC,CADISTA PHARMACEUTICALS INC -> MIAMI-LUKEN INC -> RITE AID #5521 (NE),0.9815,1.0,0.004,0.2581,1.5,49.5,67.9,0.0
WATSON LABORATORIES INC,AMERISOURCEBERGEN DRUG CORP,VILLAGE PHARMACY #1377 (VA),VA,2,False,T1_REROUTE_EXISTING,MIAMI-LUKEN INC,WATSON LABORATORIES INC -> MIAMI-LUKEN INC -> VILLAGE PHARMACY #1377 (VA),0.9815,1.0,0.0162,0.2629,1.5,49.5,67.9,0.0
VINTAGE PHARMACEUTICALS LLC,AMERISOURCEBERGEN DRUG CORP,CORNER DRUG STORE #1763 (DE),DE,2,False,T1_REROUTE_EXISTING,DAKOTA DRUG INC,VINTAGE PHARMACEUTICALS LLC -> DAKOTA DRUG INC -> CORNER DRUG STORE #1763 (DE),0.8719,0.1818,0.0035,0.0917,1.5,49.5,67.9,0.0
TEVA PHARMACEUTICALS USA INC,MIAMI-LUKEN INC,HARRIS TEETER PHARMACY #8566 (DE),DE,2,False,T1_REROUTE_EXISTING,DIRECT RX,TEVA PHARMACEUTICALS USA INC -> DIRECT RX -> HARRIS TEETER PHARMACY #8566 (DE),0.8585,0.1504,0.0024,0.0881,1.5,49.5,67.9,0.0
TEVA PHARMACEUTICALS USA INC,DIRECT RX,HARRIS TEETER PHARMACY #6063 (NC),NC,3,False,T1_REROUTE_EXISTING,MIAMI-LUKEN INC,TEVA PHARMACEUTICALS USA INC -> MIAMI-LUKEN INC -> HARRIS TEETER PHARMACY #6063 (NC),0.9815,1.0,0.0471,0.2753,1.5,74.3,102.0,0.0
SUN PHARMA GLOBAL INC,HENRY SCHEIN INC,MAIN STREET PHARMACY #1955 (GA),GA,3,True,T1_REROUTE_EXISTING,DIRECT RX,SUN PHARMA GLOBAL INC -> DIRECT RX -> MAIN STREET PHARMACY #1955 (GA),0.8585,0.1504,0.0097,0.091,1.5,74.3,102.0,27.6
RHODES TECHNOLOGIES,KINRAY LLC,CORNER DRUG STORE #8986 (WY),WY,2,False,T1_REROUTE_EXISTING,MIAMI-LUKEN INC,RHODES TECHNOLOGIES -> MIAMI-LUKEN INC -> CORNER DRUG STORE #8986 (WY),0.9815,1.0,0.0038,0.258,1.5,49.5,67.9,0.0
RHODES TECHNOLOGIES,DAKOTA DRUG INC,WALMART PHARMACY #7726 (SD),SD,3,True,T1_REROUTE_EXISTING,KINRAY LLC,RHODES TECHNOLOGIES -> KINRAY LLC -> WALMART PHARMACY #7726 (SD),0.8683,0.1632,0.0046,0.0887,1.5,74.3,102.0,27.6
ENDO PHARMACEUTICALS INC,MCKESSON CORPORATION,HOMETOWN PHARMACY #6803 (CA),CA,3,True,T1_REROUTE_EXISTING,MIAMI-LUKEN INC,ENDO PHARMACEUTICALS INC -> MIAMI-LUKEN INC -> HOMETOWN PHARMACY #6803 (CA),0.9815,1.0,0.0031,0.2577,1.5,74.3,102.0,27.6
VINTAGE PHARMACEUTICALS LLC,GULF COAST MEDICAL SUPPLY,GOOD NEIGHBOR PHARMACY #1814 (OR),OR,2,False,T1_REROUTE_EXISTING,MIAMI-LUKEN INC,VINTAGE PHARMACEUTICALS LLC -> MIAMI-LUKEN INC -> GOOD NEIGHBOR PHARMACY #1814 (OR),0.9815,1.0,0.0034,0.2578,1.5,49.5,67.9,0.0
ACTAVIS PHARMA INC,ANDA INC,HEALTH MART PHARMACY #9423 (WY),WY,2,False,T1_REROUTE_EXISTING,CARDINAL HEALTH INC,ACTAVIS PHARMA INC -> CARDINAL HEALTH INC -> HEALTH MART PHARMACY #9423 (WY),0.8652,0.1959,0.0048,0.0981,1.5,49.5,67.9,0.0
MYLAN PHARMACEUTICALS INC,NATIONAL WHOLESALE DRUG CO INC,WALGREENS #1013 (NH),NH,2,False,T1_REROUTE_EXISTING,CARDINAL HEALTH INC,MYLAN PHARMACEUTICALS INC -> CARDINAL HEALTH INC -> WALGREENS #1013 (NH),0.8652,0.1959,0.0034,0.0975,1.5,49.5,67.9,0.0
RHODES TECHNOLOGIES,BURLINGTON DRUG COMPANY INC,GOOD NEIGHBOR PHARMACY #6303 (MD),MD,2,False,T1_REROUTE_EXISTING,MIAMI-LUKEN INC,RHODES TECHNOLOGIES -> MIAMI-LUKEN INC -> GOOD NEIGHBOR PHARMACY #6303 (MD),0.9815,1.0,0.0063,0.259,1.5,49.5,67.9,0.0
QUALITEST PHARMACEUTICALS,HENRY SCHEIN INC,GOOD NEIGHBOR PHARMACY #7042 (MT),MT,2,False,T1_REROUTE_EXISTING,MCKESSON CORPORATION,QUALITEST PHARMACEUTICALS -> MCKESSON CORPORATION -> GOOD NEIGHBOR PHARMACY #7042 (MT),0.8788,0.1815,0.013,0.093,1.5,49.5,67.9,0.0
TEVA PHARMACEUTICALS USA INC,BELLCO DRUG CORP,GOOD NEIGHBOR PHARMACY #6942 (ME),ME,2,False,T1_REROUTE_EXISTING,CARDINAL HEALTH INC,TEVA PHARMACEUTICALS USA INC -> CARDINAL HEALTH INC -> GOOD NEIGHBOR PHARMACY #6942 (ME),0.8652,0.1959,0.0066,0.0988,1.5,49.5,67.9,0.0
MALLINCKRODT LLC,GULF COAST MEDICAL SUPPLY,MAIN STREET PHARMACY #6958 (DE),DE,2,False,T1_REROUTE_EXISTING,MIAMI-LUKEN INC,MALLINCKRODT LLC -> MIAMI-LUKEN INC -> MAIN STREET PHARMACY #6958 (DE),0.9815,1.0,0.0066,0.2591,1.5,49.5,67.9,0.0
ABBOTT LABORATORIES,MORRIS & DICKSON CO LLC,WALGREENS #7427 (WY),WY,2,False,T1_REROUTE_EXISTING,MIAMI-LUKEN INC,ABBOTT LABORATORIES -> MIAMI-LUKEN INC -> WALGREENS #7427 (WY),0.9815,1.0,0.0038,0.258,1.5,49.5,67.9,0.0
TEVA PHARMACEUTICALS USA INC,BURLINGTON DRUG COMPANY INC,WINN-DIXIE PHARMACY #4662 (VT),VT,3,True,T1_REROUTE_EXISTING,KINRAY LLC,TEVA PHARMACEUTICALS USA INC -> KINRAY LLC -> WINN-DIXIE PHARMACY #4662 (VT),0.8683,0.1632,0.028,0.0981,1.5,74.3,102.0,27.6
JANSSEN PHARMACEUTICALS INC,CARDINAL HEALTH INC,PUBLIX PHARMACY #1993 (CO),CO,3,True,T1_REROUTE_EXISTING,KINRAY LLC,JANSSEN PHARMACEUTICALS INC -> KINRAY LLC -> PUBLIX PHARMACY #1993 (CO),0.8683,0.1632,0.0146,0.0927,1.5,74.3,102.0,27.6
VINTAGE PHARMACEUTICALS LLC,MORRIS & DICKSON CO LLC,PEOPLES PHARMACY #4323 (WY),WY,2,False,T1_REROUTE_EXISTING,MIAMI-LUKEN INC,VINTAGE PHARMACEUTICALS LLC -> MIAMI-LUKEN INC -> PEOPLES PHARMACY #4323 (WY),0.9815,1.0,0.0038,0.258,1.5,49.5,67.9,0.0
MALLINCKRODT LLC,PRESCRIPTION SUPPLY INC,FAMILY CARE PHARMACY #6977 (NC),NC,4,False,T1_REROUTE_EXISTING,MIAMI-LUKEN INC,MALLINCKRODT LLC -> MIAMI-LUKEN INC -> FAMILY CARE PHARMACY #6977 (NC),0.9815,1.0,0.0471,0.2753,1.5,99.4,132.0,0.0
WATSON LABORATORIES INC,DAKOTA DRUG INC,VILLAGE PHARMACY #1009 (NE),NE,2,False,T1_REROUTE_EXISTING,MIAMI-LUKEN INC,WATSON LABORATORIES INC -> MIAMI-LUKEN INC -> VILLAGE PHARMACY #1009 (NE),0.9815,1.0,0.004,0.2581,1.5,49.5,67.9,0.0
CADISTA PHARMACEUTICALS INC,BURLINGTON DRUG COMPANY INC,MAIN STREET PHARMACY #2094 (KY),KY,2,False,T1_REROUTE_EXISTING,MIAMI-LUKEN INC,CADISTA PHARMACEUTICALS INC -> MIAMI-LUKEN INC -> MAIN STREET PHARMACY #2094 (KY),0.9815,1.0,0.0243,0.2662,1.5,49.5,67.9,0.0
LANNETT COMPANY INC,KEYSOURCE MEDICAL INC,QUALITY CARE PHARMACY #9274 (CT),CT,2,False,T1_REROUTE_EXISTING,MIAMI-LUKEN INC,LANNETT COMPANY INC -> MIAMI-LUKEN INC -> QUALITY CARE PHARMACY #9274 (CT),0.9815,1.0,0.0017,0.2572,1.5,49.5,67.9,0.0
SUN PHARMA GLOBAL INC,NATIONAL WHOLESALE DRUG CO INC,GOOD NEIGHBOR PHARMACY #5060 (NH),NH,2,False,T1_REROUTE_EXISTING,MIAMI-LUKEN INC,SUN PHARMA GLOBAL INC -> MIAMI-LUKEN INC -> GOOD NEIGHBOR PHARMACY #5060 (NH),0.9815,1.0,0.0032,0.2577,1.5,49.5,67.9,0.0
PAR PHARMACEUTICAL INC,BURLINGTON DRUG COMPANY INC,HOMETOWN PHARMACY #8469 (NC),NC,2,False,T1_REROUTE_EXISTING,MIAMI-LUKEN INC,PAR PHARMACEUTICAL INC -> MIAMI-LUKEN INC -> HOMETOWN PHARMACY #8469 (NC),0.9815,1.0,0.0471,0.2753,1.5,49.5,67.9,0.0
QUALITEST PHARMACEUTICALS,VALUEDRUGCO,HEALTH MART PHARMACY #7354 (RI),RI,2,False,T1_REROUTE_EXISTING,MIAMI-LUKEN INC,QUALITEST PHARMACEUTICALS -> MIAMI-LUKEN INC -> HEALTH MART PHARMACY #7354 (RI),0.9815,1.0,0.0019,0.2572,1.5,49.5,67.9,0.0
IMPAX LABORATORIES INC,NATIONAL WHOLESALE DRUG CO INC,CORNER DRUG STORE #1656 (DE),DE,4,True,T1_REROUTE_EXISTING,DAKOTA DRUG INC,IMPAX LABORATORIES INC -> DAKOTA DRUG INC -> CORNER DRUG STORE #1656 (DE),0.8719,0.1818,0.0035,0.0917,1.5,99.4,132.0,32.6
SUN PHARMA GLOBAL INC,DIRECT RX,COMMUNITY PHARMACY #5731 (WV),WV,2,False,T1_REROUTE_EXISTING,MIAMI-LUKEN INC,SUN PHARMA GLOBAL INC -> MIAMI-LUKEN INC -> COMMUNITY PHARMACY #5731 (WV),0.9815,1.0,0.5743,0.4862,1.5,49.5,67.9,0.0
ENDO PHARMACEUTICALS INC,HD SMITH WHOLESALE DRUG CO,PEOPLES PHARMACY #5759 (KS),KS,2,False,T1_REROUTE_EXISTING,MIAMI-LUKEN INC,ENDO PHARMACEUTICALS INC -> MIAMI-LUKEN INC -> PEOPLES PHARMACY #5759 (KS),0.9815,1.0,0.0031,0.2577,1.5,49.5,67.9,0.0
MALLINCKRODT LLC,KINRAY LLC,HARRIS TEETER PHARMACY #1338 (NH),NH,2,False,T1_REROUTE_EXISTING,MCKESSON CORPORATION,MALLINCKRODT LLC -> MCKESSON CORPORATION -> HARRIS TEETER PHARMACY #1338 (NH),0.8788,0.1815,0.0082,0.0911,1.5,49.5,67.9,0.0
CADISTA PHARMACEUTICALS INC,KINRAY LLC,PEOPLES PHARMACY #9504 (KY),KY,3,False,T1_REROUTE_EXISTING,MIAMI-LUKEN INC,CADISTA PHARMACEUTICALS INC -> MIAMI-LUKEN INC -> PEOPLES PHARMACY #9504 (KY),0.9815,1.0,0.0243,0.2662,1.5,74.3,102.0,0.0
TEVA PHARMACEUTICALS USA INC,MCKESSON CORPORATION,HARRIS TEETER PHARMACY #2468 (MN),MN,2,False,T1_REROUTE_EXISTING,MIAMI-LUKEN INC,TEVA PHARMACEUTICALS USA INC -> MIAMI-LUKEN INC -> HARRIS TEETER PHARMACY #2468 (MN),0.9815,1.0,0.0013,0.257,1.5,49.5,67.9,0.0
IMPAX LABORATORIES INC,PENN PHARMACEUTICAL SERVICES INC,FAMILY CARE PHARMACY #3942 (NM),NM,4,True,T1_REROUTE_EXISTING,MIAMI-LUKEN INC,IMPAX LABORATORIES INC -> MIAMI-LUKEN INC -> FAMILY CARE PHARMACY #3942 (NM),0.9815,1.0,0.0023,0.2574,1.5,99.4,132.0,32.6
JANSSEN PHARMACEUTICALS INC,NATIONAL WHOLESALE DRUG CO INC,SUNRISE PHARMACY #4284 (TX),TX,4,True,T1_REROUTE_EXISTING,KINRAY LLC,JANSSEN PHARMACEUTICALS INC -> KINRAY LLC -> SUNRISE PHARMACY #4284 (TX),0.8683,0.1632,0.0351,0.1009,1.5,99.4,132.0,32.6
MYLAN PHARMACEUTICALS INC,KEYSOURCE MEDICAL INC,CORNER DRUG STORE #9828 (AR),AR,2,False,T1_REROUTE_EXISTING,DAKOTA DRUG INC,MYLAN PHARMACEUTICALS INC -> DAKOTA DRUG INC -> CORNER DRUG STORE #9828 (AR),0.8719,0.1818,0.014,0.0959,1.5,49.5,67.9,0.0
SANDOZ INC,DAKOTA DRUG INC,QUALITY CARE PHARMACY #7383 (VT),VT,2,False,T1_REROUTE_EXISTING,CARDINAL HEALTH INC,SANDOZ INC -> CARDINAL HEALTH INC -> QUALITY CARE PHARMACY #7383 (VT),0.8652,0.1959,0.0041,0.0978,1.5,49.5,67.9,0.0
QUALITEST PHARMACEUTICALS,ANDA INC,CORNER DRUG STORE #7916 (MO),MO,2,False,T1_REROUTE_EXISTING,DAKOTA DRUG INC,QUALITEST PHARMACEUTICALS -> DAKOTA DRUG INC -> CORNER DRUG STORE #7916 (MO),0.8719,0.1818,0.0051,0.0923,1.5,49.5,67.9,0.0
VINTAGE PHARMACEUTICALS LLC,PRESCRIPTION SUPPLY INC,CVS PHARMACY #5523 (NC),NC,2,False,T1_REROUTE_EXISTING,MIAMI-LUKEN INC,VINTAGE PHARMACEUTICALS LLC -> MIAMI-LUKEN INC -> CVS PHARMACY #5523 (NC),0.9815,1.0,0.0471,0.2753,1.5,49.5,67.9,0.0
ENDO PHARMACEUTICALS INC,MCKESSON CORPORATION,FAMILY CARE PHARMACY #3398 (KY),KY,2,False,T1_REROUTE_EXISTING,MIAMI-LUKEN INC,ENDO PHARMACEUTICALS INC -> MIAMI-LUKEN INC -> FAMILY CARE PHARMACY #3398 (KY),0.9815,1.0,0.0243,0.2662,1.5,49.5,67.9,0.0
WATSON LABORATORIES INC,HENRY SCHEIN INC,MEDICO PHARMACY #4659 (ID),ID,2,False,T1_REROUTE_EXISTING,MIAMI-LUKEN INC,WATSON LABORATORIES INC -> MIAMI-LUKEN INC -> MEDICO PHARMACY #4659 (ID),0.9815,1.0,0.0065,0.2591,1.5,49.5,67.9,0.0
AMNEAL PHARMACEUTICALS LLC,VALUEDRUGCO,GOOD NEIGHBOR PHARMACY #3282 (LA),LA,2,False,T1_REROUTE_EXISTING,MIAMI-LUKEN INC,AMNEAL PHARMACEUTICALS LLC -> MIAMI-LUKEN INC -> GOOD NEIGHBOR PHARMACY #3282 (LA),0.9815,1.0,0.0497,0.2764,1.5,49.5,67.9,0.0
AMNEAL PHARMACEUTICALS LLC,VALUEDRUGCO,MEDICO PHARMACY #7114 (NJ),NJ,2,False,T1_REROUTE_EXISTING,MIAMI-LUKEN INC,AMNEAL PHARMACEUTICALS LLC -> MIAMI-LUKEN INC -> MEDICO PHARMACY #7114 (NJ),0.9815,1.0,0.0028,0.2576,1.5,49.5,67.9,0.0
RHODES TECHNOLOGIES,CARDINAL HEALTH INC,QUALITY CARE PHARMACY #9990 (HI),HI,2,False,T1_REROUTE_EXISTING,MCKESSON CORPORATION,RHODES TECHNOLOGIES -> MCKESSON CORPORATION -> QUALITY CARE PHARMACY #9990 (HI),0.8788,0.1815,0.0143,0.0935,1.5,49.5,67.9,0.0
ACTAVIS PHARMA INC,KEYSOURCE MEDICAL INC,WINN-DIXIE PHARMACY #5416 (AL),AL,4,True,T1_REROUTE_EXISTING,MIAMI-LUKEN INC,ACTAVIS PHARMA INC -> MIAMI-LUKEN INC -> WINN-DIXIE PHARMACY #5416 (AL),0.9815,1.0,0.0012,0.2569,1.5,99.4,132.0,32.6
ENDO PHARMACEUTICALS INC,MIAMI-LUKEN INC,CORNER DRUG STORE #1213 (TN),TN,2,False,T1_REROUTE_EXISTING,CARDINAL HEALTH INC,ENDO PHARMACEUTICALS INC -> CARDINAL HEALTH INC -> CORNER DRUG STORE #1213 (TN),0.8652,0.1959,0.1,0.1362,1.5,49.5,67.9,0.0
CADISTA PHARMACEUTICALS INC,GULF COAST MEDICAL SUPPLY,COMMUNITY PHARMACY #3567 (CT),CT,2,False,T1_REROUTE_EXISTING,DAKOTA DRUG INC,CADISTA PHARMACEUTICALS INC -> DAKOTA DRUG INC -> COMMUNITY PHARMACY #3567 (CT),0.8719,0.1818,0.0105,0.0945,1.5,49.5,67.9,0.0
ENDO PHARMACEUTICALS INC,NATIONAL WHOLESALE DRUG CO INC,HARRIS TEETER PHARMACY #8577 (SD),SD,2,False,T1_REROUTE_EXISTING,DAKOTA DRUG INC,ENDO PHARMACEUTICALS INC -> DAKOTA DRUG INC -> HARRIS TEETER PHARMACY #8577 (SD),0.8719,0.1818,0.022,0.0991,1.5,49.5,67.9,0.0
PURDUE PHARMA LP,BURLINGTON DRUG COMPANY INC,HOMETOWN PHARMACY #6366 (WA),WA,2,False,T1_REROUTE_EXISTING,DIRECT RX,PURDUE PHARMA LP -> DIRECT RX -> HOMETOWN PHARMACY #6366 (WA),0.8585,0.1504,0.0048,0.089,1.5,49.5,67.9,0.0
MALLINCKRODT LLC,ANDA INC,QUALITY CARE PHARMACY #2760 (MN),MN,3,False,T1_REROUTE_EXISTING,MCKESSON CORPORATION,MALLINCKRODT LLC -> MCKESSON CORPORATION -> QUALITY CARE PHARMACY #2760 (MN),0.8788,0.1815,0.0275,0.0988,1.5,74.3,102.0,0.0
AMNEAL PHARMACEUTICALS LLC,DAKOTA DRUG INC,SUNRISE PHARMACY #5914 (NJ),NJ,2,False,T1_REROUTE_EXISTING,MIAMI-LUKEN INC,AMNEAL PHARMACEUTICALS LLC -> MIAMI-LUKEN INC -> SUNRISE PHARMACY #5914 (NJ),0.9815,1.0,0.0028,0.2576,1.5,49.5,67.9,0.0
WATSON LABORATORIES INC,KINRAY LLC,FAMILY CARE PHARMACY #5079 (SC),SC,2,False,T1_REROUTE_EXISTING,MIAMI-LUKEN INC,WATSON LABORATORIES INC -> MIAMI-LUKEN INC -> FAMILY CARE PHARMACY #5079 (SC),0.9815,1.0,0.0031,0.2577,1.5,49.5,67.9,0.0
IMPAX LABORATORIES INC,CARDINAL HEALTH INC,RITE AID #9223 (WV),WV,4,False,T1_REROUTE_EXISTING,MIAMI-LUKEN INC,IMPAX LABORATORIES INC -> MIAMI-LUKEN INC -> RITE AID #9223 (WV),0.9815,1.0,0.5743,0.4862,1.5,99.4,132.0,0.0
AMNEAL PHARMACEUTICALS LLC,VALUEDRUGCO,WINN-DIXIE PHARMACY #6261 (VT),VT,2,False,T1_REROUTE_EXISTING,KINRAY LLC,AMNEAL PHARMACEUTICALS LLC -> KINRAY LLC -> WINN-DIXIE PHARMACY #6261 (VT),0.8683,0.1632,0.028,0.0981,1.5,49.5,67.9,0.0
MALLINCKRODT LLC,ANDA INC,SUNRISE PHARMACY #5636 (TX),TX,2,False,T1_REROUTE_EXISTING,DAKOTA DRUG INC,MALLINCKRODT LLC -> DAKOTA DRUG INC -> SUNRISE PHARMACY #5636 (TX),0.8719,0.1818,0.0064,0.0929,1.5,49.5,67.9,0.0
PAR PHARMACEUTICAL INC,CARDINAL HEALTH INC,QUALITY CARE PHARMACY #5311 (NM),NM,2,False,T1_REROUTE_EXISTING,BURLINGTON DRUG COMPANY INC,PAR PHARMACEUTICAL INC -> BURLINGTON DRUG COMPANY INC -> QUALITY CARE PHARMACY #5311 (NM),0.8768,0.1637,0.0284,0.0954,1.5,49.5,67.9,0.0
WATSON LABORATORIES INC,NATIONAL WHOLESALE DRUG CO INC,QUALITY CARE PHARMACY #3338 (WV),WV,2,False,T1_REROUTE_EXISTING,MIAMI-LUKEN INC,WATSON LABORATORIES INC -> MIAMI-LUKEN INC -> QUALITY CARE PHARMACY #3338 (WV),0.9815,1.0,0.5743,0.4862,1.5,49.5,67.9,0.0
SUN PHARMA GLOBAL INC,GULF COAST MEDICAL SUPPLY,QUALITY CARE PHARMACY #8930 (ID),ID,2,False,T1_REROUTE_EXISTING,MIAMI-LUKEN INC,SUN PHARMA GLOBAL INC -> MIAMI-LUKEN INC -> QUALITY CARE PHARMACY #8930 (ID),0.9815,1.0,0.0065,0.2591,1.5,49.5,67.9,0.0
TEVA PHARMACEUTICALS USA INC,GULF COAST MEDICAL SUPPLY,CVS PHARMACY #9580 (KS),KS,2,False,T1_REROUTE_EXISTING,MIAMI-LUKEN INC,TEVA PHARMACEUTICALS USA INC -> MIAMI-LUKEN INC -> CVS PHARMACY #9580 (KS),0.9815,1.0,0.0031,0.2577,1.5,49.5,67.9,0.0
ENDO PHARMACEUTICALS INC,DAKOTA DRUG INC,QUALITY CARE PHARMACY #1048 (SD),SD,2,False,T1_REROUTE_EXISTING,MIAMI-LUKEN INC,ENDO PHARMACEUTICALS INC -> MIAMI-LUKEN INC -> QUALITY CARE PHARMACY #1048 (SD),0.9815,1.0,0.005,0.2585,1.5,49.5,67.9,0.0
SANDOZ INC,KINRAY LLC,GOOD NEIGHBOR PHARMACY #6889 (TX),TX,2,False,T1_REROUTE_EXISTING,MCKESSON CORPORATION,SANDOZ INC -> MCKESSON CORPORATION -> GOOD NEIGHBOR PHARMACY #6889 (TX),0.8788,0.1815,0.0498,0.1077,1.5,49.5,67.9,0.0
WATSON LABORATORIES INC,SMITH DRUG COMPANY,HARRIS TEETER PHARMACY #8332 (SD),SD,2,False,T1_REROUTE_EXISTING,DAKOTA DRUG INC,WATSON LABORATORIES INC -> DAKOTA DRUG INC -> HARRIS TEETER PHARMACY #8332 (SD),0.8719,0.1818,0.022,0.0991,1.5,49.5,67.9,0.0
PAR PHARMACEUTICAL INC,SMITH DRUG COMPANY,CORNER DRUG STORE #8437 (OK),OK,2,False,T1_REROUTE_EXISTING,DIRECT RX,PAR PHARMACEUTICAL INC -> DIRECT RX -> CORNER DRUG STORE #8437 (OK),0.8585,0.1504,0.016,0.0935,1.5,49.5,67.9,0.0
HIKMA PHARMACEUTICALS,PRESCRIPTION SUPPLY INC,SUNRISE PHARMACY #6972 (NM),NM,3,False,T1_REROUTE_EXISTING,MIAMI-LUKEN INC,HIKMA PHARMACEUTICALS -> MIAMI-LUKEN INC -> SUNRISE PHARMACY #6972 (NM),0.9815,1.0,0.0023,0.2574,1.5,74.3,102.0,0.0
QUALITEST PHARMACEUTICALS,MORRIS & DICKSON CO LLC,HEALTH MART PHARMACY #8336 (NE),NE,2,False,T1_REROUTE_EXISTING,CARDINAL HEALTH INC,QUALITEST PHARMACEUTICALS -> CARDINAL HEALTH INC -> HEALTH MART PHARMACY #8336 (NE),0.8652,0.1959,0.024,0.1057,1.5,49.5,67.9,0.0
PURDUE PHARMA LP,BELLCO DRUG CORP,FAMILY CARE PHARMACY #7468 (NE),NE,2,False,T1_REROUTE_EXISTING,CARDINAL HEALTH INC,PURDUE PHARMA LP -> CARDINAL HEALTH INC -> FAMILY CARE PHARMACY #7468 (NE),0.8652,0.1959,0.024,0.1057,1.5,49.5,67.9,0.0
ENDO PHARMACEUTICALS INC,KEYSOURCE MEDICAL INC,GOOD NEIGHBOR PHARMACY #6194 (NH),NH,2,False,T1_REROUTE_EXISTING,MIAMI-LUKEN INC,ENDO PHARMACEUTICALS INC -> MIAMI-LUKEN INC -> GOOD NEIGHBOR PHARMACY #6194 (NH),0.9815,1.0,0.0032,0.2577,1.5,49.5,67.9,0.0
VINTAGE PHARMACEUTICALS LLC,CARDINAL HEALTH INC,COMMUNITY PHARMACY #7146 (NJ),NJ,2,False,T1_REROUTE_EXISTING,MIAMI-LUKEN INC,VINTAGE PHARMACEUTICALS LLC -> MIAMI-LUKEN INC -> COMMUNITY PHARMACY #7146 (NJ),0.9815,1.0,0.0028,0.2576,1.5,49.5,67.9,0.0
MALLINCKRODT LLC,GULF COAST MEDICAL SUPPLY,WALGREENS #2438 (VT),VT,2,False,T1_REROUTE_EXISTING,MIAMI-LUKEN INC,MALLINCKRODT LLC -> MIAMI-LUKEN INC -> WALGREENS #2438 (VT),0.9815,1.0,0.0021,0.2573,1.5,49.5,67.9,0.0
MYLAN PHARMACEUTICALS INC,HD SMITH WHOLESALE DRUG CO,HARRIS TEETER PHARMACY #6773 (OK),OK,2,False,T1_REROUTE_EXISTING,DIRECT RX,MYLAN PHARMACEUTICALS INC -> DIRECT RX -> HARRIS TEETER PHARMACY #6773 (OK),0.8585,0.1504,0.016,0.0935,1.5,49.5,67.9,0.0
SANDOZ INC,MIAMI-LUKEN INC,MAIN STREET PHARMACY #7377 (IA),IA,2,False,T1_REROUTE_EXISTING,DAKOTA DRUG INC,SANDOZ INC -> DAKOTA DRUG INC -> MAIN STREET PHARMACY #7377 (IA),0.8719,0.1818,0.0117,0.0949,1.5,49.5,67.9,0.0
IMPAX LABORATORIES INC,VALUEDRUGCO,FAMILY CARE PHARMACY #6977 (NC),NC,2,False,T1_REROUTE_EXISTING,MIAMI-LUKEN INC,IMPAX LABORATORIES INC -> MIAMI-LUKEN INC -> FAMILY CARE PHARMACY #6977 (NC),0.9815,1.0,0.0471,0.2753,1.5,49.5,67.9,0.0
ACTAVIS PHARMA INC,ANDA INC,FAMILY CARE PHARMACY #6977 (NC),NC,3,False,T1_REROUTE_EXISTING,MIAMI-LUKEN INC,ACTAVIS PHARMA INC -> MIAMI-LUKEN INC -> FAMILY CARE PHARMACY #6977 (NC),0.9815,1.0,0.0471,0.2753,1.5,74.3,102.0,0.0
LANNETT COMPANY INC,VALUEDRUGCO,PEOPLES PHARMACY #4568 (WA),WA,2,False,T1_REROUTE_EXISTING,BURLINGTON DRUG COMPANY INC,LANNETT COMPANY INC -> BURLINGTON DRUG COMPANY INC -> PEOPLES PHARMACY #4568 (WA),0.8768,0.1637,0.0292,0.0957,1.5,49.5,67.9,0.0
SUN PHARMA GLOBAL INC,MCKESSON CORPORATION,KROGER PHARMACY #6212 (UT),UT,2,False,T1_REROUTE_EXISTING,MIAMI-LUKEN INC,SUN PHARMA GLOBAL INC -> MIAMI-LUKEN INC -> KROGER PHARMACY #6212 (UT),0.9815,1.0,0.0026,0.2575,1.5,49.5,67.9,0.0
SUN PHARMA GLOBAL INC,AMERISOURCEBERGEN DRUG CORP,PEOPLES PHARMACY #2188 (IA),IA,2,False,T1_REROUTE_EXISTING,DAKOTA DRUG INC,SUN PHARMA GLOBAL INC -> DAKOTA DRUG INC -> PEOPLES PHARMACY #2188 (IA),0.8719,0.1818,0.0117,0.0949,1.5,49.5,67.9,0.0
MALLINCKRODT LLC,MIAMI-LUKEN INC,PEOPLES PHARMACY #6526 (WA),WA,2,False,T1_REROUTE_EXISTING,DIRECT RX,MALLINCKRODT LLC -> DIRECT RX -> PEOPLES PHARMACY #6526 (WA),0.8585,0.1504,0.0048,0.089,1.5,49.5,67.9,0.0
WATSON LABORATORIES INC,HD SMITH WHOLESALE DRUG CO,PUBLIX PHARMACY #6189 (IA),IA,3,False,T1_REROUTE_EXISTING,MIAMI-LUKEN INC,WATSON LABORATORIES INC -> MIAMI-LUKEN INC -> PUBLIX PHARMACY #6189 (IA),0.9815,1.0,0.0077,0.2596,1.5,74.3,102.0,0.0
AMNEAL PHARMACEUTICALS LLC,KINRAY LLC,FAMILY CARE PHARMACY #6878 (OR),OR,3,False,T1_REROUTE_EXISTING,MIAMI-LUKEN INC,AMNEAL PHARMACEUTICALS LLC -> MIAMI-LUKEN INC -> FAMILY CARE PHARMACY #6878 (OR),0.9815,1.0,0.0034,0.2578,1.5,74.3,102.0,0.0
SANDOZ INC,SMITH DRUG COMPANY,SUNRISE PHARMACY #9718 (HI),HI,3,False,T1_REROUTE_EXISTING,CARDINAL HEALTH INC,SANDOZ INC -> CARDINAL HEALTH INC -> SUNRISE PHARMACY #9718 (HI),0.8652,0.1959,0.0117,0.1008,1.5,74.3,102.0,0.0
RHODES TECHNOLOGIES,DAKOTA DRUG INC,RITE AID #8888 (NY),NY,2,False,T1_REROUTE_EXISTING,CARDINAL HEALTH INC,RHODES TECHNOLOGIES -> CARDINAL HEALTH INC -> RITE AID #8888 (NY),0.8652,0.1959,0.0032,0.0974,1.5,49.5,67.9,0.0
QUALITEST PHARMACEUTICALS,MORRIS & DICKSON CO LLC,GOOD NEIGHBOR PHARMACY #2494 (WV),WV,2,False,T1_REROUTE_EXISTING,MIAMI-LUKEN INC,QUALITEST PHARMACEUTICALS -> MIAMI-LUKEN INC -> GOOD NEIGHBOR PHARMACY #2494 (WV),0.9815,1.0,0.5743,0.4862,1.5,49.5,67.9,0.0
QUALITEST PHARMACEUTICALS,SMITH DRUG COMPANY,CVS PHARMACY #5523 (NC),NC,2,False,T1_REROUTE_EXISTING,MIAMI-LUKEN INC,QUALITEST PHARMACEUTICALS -> MIAMI-LUKEN INC -> CVS PHARMACY #5523 (NC),0.9815,1.0,0.0471,0.2753,1.5,49.5,67.9,0.0
PAR PHARMACEUTICAL INC,AMERISOURCEBERGEN DRUG CORP,MEDICO PHARMACY #2821 (FL),FL,2,False,T1_REROUTE_EXISTING,KINRAY LLC,PAR PHARMACEUTICAL INC -> KINRAY LLC -> MEDICO PHARMACY #2821 (FL),0.8683,0.1632,0.0128,0.092,1.5,49.5,67.9,0.0
LANNETT COMPANY INC,HENRY SCHEIN INC,RITE AID #9223 (WV),WV,2,False,T1_REROUTE_EXISTING,MIAMI-LUKEN INC,LANNETT COMPANY INC -> MIAMI-LUKEN INC -> RITE AID #9223 (WV),0.9815,1.0,0.5743,0.4862,1.5,49.5,67.9,0.0
VINTAGE PHARMACEUTICALS LLC,SMITH DRUG COMPANY,FAMILY CARE PHARMACY #9427 (IN),IN,2,False,T1_REROUTE_EXISTING,MIAMI-LUKEN INC,VINTAGE PHARMACEUTICALS LLC -> MIAMI-LUKEN INC -> FAMILY CARE PHARMACY #9427 (IN),0.9815,1.0,0.0312,0.269,1.5,49.5,67.9,0.0
IMPAX LABORATORIES INC,CARDINAL HEALTH INC,HEALTH MART PHARMACY #6716 (UT),UT,2,False,T1_REROUTE_EXISTING,MIAMI-LUKEN INC,IMPAX LABORATORIES INC -> MIAMI-LUKEN INC -> HEALTH MART PHARMACY #6716 (UT),0.9815,1.0,0.0026,0.2575,1.5,49.5,67.9,0.0
PURDUE PHARMA LP,NATIONAL WHOLESALE DRUG CO INC,SUNRISE PHARMACY #7702 (NC),NC,3,False,T1_REROUTE_EXISTING,MIAMI-LUKEN INC,PURDUE PHARMA LP -> MIAMI-LUKEN INC -> SUNRISE PHARMACY #7702 (NC),0.9815,1.0,0.0471,0.2753,1.5,74.3,102.0,0.0
VINTAGE PHARMACEUTICALS LLC,DIRECT RX,PUBLIX PHARMACY #3391 (SD),SD,2,False,T1_REROUTE_EXISTING,MIAMI-LUKEN INC,VINTAGE PHARMACEUTICALS LLC -> MIAMI-LUKEN INC -> PUBLIX PHARMACY #3391 (SD),0.9815,1.0,0.005,0.2585,1.5,49.5,67.9,0.0
ACTAVIS PHARMA INC,SMITH DRUG COMPANY,RITE AID #5178 (ND),ND,2,False,T1_REROUTE_EXISTING,MIAMI-LUKEN INC,ACTAVIS PHARMA INC -> MIAMI-LUKEN INC -> RITE AID #5178 (ND),0.9815,1.0,0.0037,0.2579,1.5,49.5,67.9,0.0
PURDUE PHARMA LP,PENN PHARMACEUTICAL SERVICES INC,VILLAGE PHARMACY #6515 (MT),MT,2,False,T1_REROUTE_EXISTING,MIAMI-LUKEN INC,PURDUE PHARMA LP -> MIAMI-LUKEN INC -> VILLAGE PHARMACY #6515 (MT),0.9815,1.0,0.0076,0.2595,1.5,49.5,67.9,0.0
ENDO PHARMACEUTICALS INC,ANDA INC,CORNER DRUG STORE #6823 (NY),NY,2,False,T1_REROUTE_EXISTING,DAKOTA DRUG INC,ENDO PHARMACEUTICALS INC -> DAKOTA DRUG INC -> CORNER DRUG STORE #6823 (NY),0.8719,0.1818,0.0152,0.0963,1.5,49.5,67.9,0.0
PAR PHARMACEUTICAL INC,CARDINAL HEALTH INC,SUNRISE PHARMACY #7916 (MT),MT,2,False,T1_REROUTE_EXISTING,KINRAY LLC,PAR PHARMACEUTICAL INC -> KINRAY LLC -> SUNRISE PHARMACY #7916 (MT),0.8683,0.1632,0.0042,0.0886,1.5,49.5,67.9,0.0
QUALITEST PHARMACEUTICALS,CARDINAL HEALTH INC,HARRIS TEETER PHARMACY #6458 (CO),CO,2,False,T1_REROUTE_EXISTING,DIRECT RX,QUALITEST PHARMACEUTICALS -> DIRECT RX -> HARRIS TEETER PHARMACY #6458 (CO),0.8585,0.1504,0.0021,0.088,1.5,49.5,67.9,0.0
QUALITEST PHARMACEUTICALS,CARDINAL HEALTH INC,GOOD NEIGHBOR PHARMACY #2848 (MT),MT,2,False,T1_REROUTE_EXISTING,MCKESSON CORPORATION,QUALITEST PHARMACEUTICALS -> MCKESSON CORPORATION -> GOOD NEIGHBOR PHARMACY #2848 (MT),0.8788,0.1815,0.013,0.093,1.5,49.5,67.9,0.0
CADISTA PHARMACEUTICALS INC,BURLINGTON DRUG COMPANY INC,GOOD NEIGHBOR PHARMACY #5339 (PA),PA,2,False,T1_REROUTE_EXISTING,MIAMI-LUKEN INC,CADISTA PHARMACEUTICALS INC -> MIAMI-LUKEN INC -> GOOD NEIGHBOR PHARMACY #5339 (PA),0.9815,1.0,0.0219,0.2652,1.5,49.5,67.9,0.0
PURDUE PHARMA LP,KEYSOURCE MEDICAL INC,RITE AID #9329 (MN),MN,3,False,T1_REROUTE_EXISTING,DIRECT RX,PURDUE PHARMA LP -> DIRECT RX -> RITE AID #9329 (MN),0.8585,0.1504,0.0094,0.0909,1.5,74.3,102.0,0.0
PAR PHARMACEUTICAL INC,MCKESSON CORPORATION,FAMILY CARE PHARMACY #5952 (MI),MI,3,False,T1_REROUTE_EXISTING,MIAMI-LUKEN INC,PAR PHARMACEUTICAL INC -> MIAMI-LUKEN INC -> FAMILY CARE PHARMACY #5952 (MI),0.9815,1.0,0.0252,0.2666,1.5,74.3,102.0,0.0
MYLAN PHARMACEUTICALS INC,AMERISOURCEBERGEN DRUG CORP,HARRIS TEETER PHARMACY #6503 (MO),MO,4,True,T1_REROUTE_EXISTING,MCKESSON CORPORATION,MYLAN PHARMACEUTICALS INC -> MCKESSON CORPORATION -> HARRIS TEETER PHARMACY #6503 (MO),0.8788,0.1815,0.0043,0.0895,1.5,99.4,132.0,32.6
CADISTA PHARMACEUTICALS INC,GULF COAST MEDICAL SUPPLY,HOMETOWN PHARMACY #8919 (KY),KY,2,False,T1_REROUTE_EXISTING,MIAMI-LUKEN INC,CADISTA PHARMACEUTICALS INC -> MIAMI-LUKEN INC -> HOMETOWN PHARMACY #8919 (KY),0.9815,1.0,0.0243,0.2662,1.5,49.5,67.9,0.0
SUN PHARMA GLOBAL INC,HENRY SCHEIN INC,KROGER PHARMACY #8420 (MT),MT,2,False,T1_REROUTE_EXISTING,MIAMI-LUKEN INC,SUN PHARMA GLOBAL INC -> MIAMI-LUKEN INC -> KROGER PHARMACY #8420 (MT),0.9815,1.0,0.0076,0.2595,1.5,49.5,67.9,0.0
PAR PHARMACEUTICAL INC,NATIONAL WHOLESALE DRUG CO INC,CORNER DRUG STORE #9113 (HI),HI,3,False,T1_REROUTE_EXISTING,CARDINAL HEALTH INC,PAR PHARMACEUTICAL INC -> CARDINAL HEALTH INC -> CORNER DRUG STORE #9113 (HI),0.8652,0.1959,0.0117,0.1008,1.5,74.3,102.0,0.0
MYLAN PHARMACEUTICALS INC,KINRAY LLC,MAIN STREET PHARMACY #4930 (VA),VA,2,False,T1_REROUTE_EXISTING,MIAMI-LUKEN INC,MYLAN PHARMACEUTICALS INC -> MIAMI-LUKEN INC -> MAIN STREET PHARMACY #4930 (VA),0.9815,1.0,0.0162,0.2629,1.5,49.5,67.9,0.0
IMPAX LABORATORIES INC,KINRAY LLC,PEOPLES PHARMACY #5739 (CO),CO,2,False,T1_REROUTE_EXISTING,MCKESSON CORPORATION,IMPAX LABORATORIES INC -> MCKESSON CORPORATION -> PEOPLES PHARMACY #5739 (CO),0.8788,0.1815,0.0053,0.0899,1.5,49.5,67.9,0.0
QUALITEST PHARMACEUTICALS,CARDINAL HEALTH INC,RITE AID #2593 (ID),ID,2,False,T1_REROUTE_EXISTING,MIAMI-LUKEN INC,QUALITEST PHARMACEUTICALS -> MIAMI-LUKEN INC -> RITE AID #2593 (ID),0.9815,1.0,0.0065,0.2591,1.5,49.5,67.9,0.0
ABBOTT LABORATORIES,VALUEDRUGCO,HEALTH MART PHARMACY #8461 (GA),GA,2,False,T1_REROUTE_EXISTING,CARDINAL HEALTH INC,ABBOTT LABORATORIES -> CARDINAL HEALTH INC -> HEALTH MART PHARMACY #8461 (GA),0.8652,0.1959,0.0031,0.0974,1.5,49.5,67.9,0.0
VINTAGE PHARMACEUTICALS LLC,PRESCRIPTION SUPPLY INC,RITE AID #3349 (TN),TN,2,False,T1_REROUTE_EXISTING,MIAMI-LUKEN INC,VINTAGE PHARMACEUTICALS LLC -> MIAMI-LUKEN INC -> RITE AID #3349 (TN),0.9815,1.0,0.0288,0.268,1.5,49.5,67.9,0.0
ENDO PHARMACEUTICALS INC,KEYSOURCE MEDICAL INC,HARRIS TEETER PHARMACY #5423 (HI),HI,2,False,T1_REROUTE_EXISTING,MIAMI-LUKEN INC,ENDO PHARMACEUTICALS INC -> MIAMI-LUKEN INC -> HARRIS TEETER PHARMACY #5423 (HI),0.9815,1.0,0.0022,0.2573,1.5,49.5,67.9,0.0
PAR PHARMACEUTICAL INC,MCKESSON CORPORATION,VILLAGE PHARMACY #3392 (NY),NY,3,True,T1_REROUTE_EXISTING,MIAMI-LUKEN INC,PAR PHARMACEUTICAL INC -> MIAMI-LUKEN INC -> VILLAGE PHARMACY #3392 (NY),0.9815,1.0,0.0014,0.257,1.5,74.3,102.0,27.6
ENDO PHARMACEUTICALS INC,PRESCRIPTION SUPPLY INC,WINN-DIXIE PHARMACY #2880 (MI),MI,2,False,T1_REROUTE_EXISTING,MIAMI-LUKEN INC,ENDO PHARMACEUTICALS INC -> MIAMI-LUKEN INC -> WINN-DIXIE PHARMACY #2880 (MI),0.9815,1.0,0.0252,0.2666,1.5,49.5,67.9,0.0
RHODES TECHNOLOGIES,KEYSOURCE MEDICAL INC,WALGREENS #3078 (MA),MA,2,False,T1_REROUTE_EXISTING,CARDINAL HEALTH INC,RHODES TECHNOLOGIES -> CARDINAL HEALTH INC -> WALGREENS #3078 (MA),0.8652,0.1959,0.0121,0.101,1.5,49.5,67.9,0.0
MYLAN PHARMACEUTICALS INC,VALUEDRUGCO,VILLAGE PHARMACY #8600 (HI),HI,2,False,T1_REROUTE_EXISTING,CARDINAL HEALTH INC,MYLAN PHARMACEUTICALS INC -> CARDINAL HEALTH INC -> VILLAGE PHARMACY #8600 (HI),0.8652,0.1959,0.0117,0.1008,1.5,49.5,67.9,0.0
QUALITEST PHARMACEUTICALS,ANDA INC,KROGER PHARMACY #4771 (NV),NV,2,False,T1_REROUTE_EXISTING,MIAMI-LUKEN INC,QUALITEST PHARMACEUTICALS -> MIAMI-LUKEN INC -> KROGER PHARMACY #4771 (NV),0.9815,1.0,0.0024,0.2574,1.5,49.5,67.9,0.0
MYLAN PHARMACEUTICALS INC,BELLCO DRUG CORP,WALMART PHARMACY #2083 (MI),MI,2,False,T1_REROUTE_EXISTING,MIAMI-LUKEN INC,MYLAN PHARMACEUTICALS INC -> MIAMI-LUKEN INC -> WALMART PHARMACY #2083 (MI),0.9815,1.0,0.0252,0.2666,1.5,49.5,67.9,0.0
RHODES TECHNOLOGIES,KINRAY LLC,CORNER DRUG STORE #1973 (TX),TX,3,False,T1_REROUTE_EXISTING,MORRIS & DICKSON CO LLC,RHODES TECHNOLOGIES -> MORRIS & DICKSON CO LLC -> CORNER DRUG STORE #1973 (TX),0.872,0.1241,0.0072,0.0787,1.5,74.3,102.0,0.0
MYLAN PHARMACEUTICALS INC,BURLINGTON DRUG COMPANY INC,PEOPLES PHARMACY #6564 (IN),IN,3,False,T1_REROUTE_EXISTING,MIAMI-LUKEN INC,MYLAN PHARMACEUTICALS INC -> MIAMI-LUKEN INC -> PEOPLES PHARMACY #6564 (IN),0.9815,1.0,0.0312,0.269,1.5,74.3,102.0,0.0
ABBOTT LABORATORIES,CARDINAL HEALTH INC,COMMUNITY PHARMACY #2700 (OK),OK,2,False,T1_REROUTE_EXISTING,DAKOTA DRUG INC,ABBOTT LABORATORIES -> DAKOTA DRUG INC -> COMMUNITY PHARMACY #2700 (OK),0.8719,0.1818,0.0124,0.0953,1.5,49.5,67.9,0.0
SUN PHARMA GLOBAL INC,DAKOTA DRUG INC,WALGREENS #5730 (AR),AR,2,False,T1_REROUTE_EXISTING,MIAMI-LUKEN INC,SUN PHARMA GLOBAL INC -> MIAMI-LUKEN INC -> WALGREENS #5730 (AR),0.9815,1.0,0.0064,0.259,1.5,49.5,67.9,0.0
TEVA PHARMACEUTICALS USA INC,BURLINGTON DRUG COMPANY INC,FAMILY CARE PHARMACY #2731 (OH),OH,2,False,T1_REROUTE_EXISTING,MIAMI-LUKEN INC,TEVA PHARMACEUTICALS USA INC -> MIAMI-LUKEN INC -> FAMILY CARE PHARMACY #2731 (OH),0.9815,1.0,0.0308,0.2688,1.5,49.5,67.9,0.0
MALLINCKRODT LLC,BURLINGTON DRUG COMPANY INC,HARRIS TEETER PHARMACY #5346 (KS),KS,2,False,T1_REROUTE_EXISTING,MIAMI-LUKEN INC,MALLINCKRODT LLC -> MIAMI-LUKEN INC -> HARRIS TEETER PHARMACY #5346 (KS),0.9815,1.0,0.0031,0.2577,1.5,49.5,67.9,0.0
ABBOTT LABORATORIES,PENN PHARMACEUTICAL SERVICES INC,GOOD NEIGHBOR PHARMACY #4482 (NJ),NJ,2,False,T1_REROUTE_EXISTING,DAKOTA DRUG INC,ABBOTT LABORATORIES -> DAKOTA DRUG INC -> GOOD NEIGHBOR PHARMACY #4482 (NJ),0.8719,0.1818,0.0161,0.0967,1.5,49.5,67.9,0.0
MYLAN PHARMACEUTICALS INC,KINRAY LLC,GOOD NEIGHBOR PHARMACY #7379 (WA),WA,2,False,T1_REROUTE_EXISTING,DAKOTA DRUG INC,MYLAN PHARMACEUTICALS INC -> DAKOTA DRUG INC -> GOOD NEIGHBOR PHARMACY #7379 (WA),0.8719,0.1818,0.085,0.1243,1.5,49.5,67.9,0.0
PAR PHARMACEUTICAL INC,DIRECT RX,HARRIS TEETER PHARMACY #3473 (WV),WV,2,False,T1_REROUTE_EXISTING,MIAMI-LUKEN INC,PAR PHARMACEUTICAL INC -> MIAMI-LUKEN INC -> HARRIS TEETER PHARMACY #3473 (WV),0.9815,1.0,0.5743,0.4862,1.5,49.5,67.9,0.0
LANNETT COMPANY INC,KEYSOURCE MEDICAL INC,VILLAGE PHARMACY #3051 (SD),SD,2,False,T1_REROUTE_EXISTING,MIAMI-LUKEN INC,LANNETT COMPANY INC -> MIAMI-LUKEN INC -> VILLAGE PHARMACY #3051 (SD),0.9815,1.0,0.005,0.2585,1.5,49.5,67.9,0.0
SANDOZ INC,MORRIS & DICKSON CO LLC,MEDICO PHARMACY #4635 (MT),MT,2,False,T1_REROUTE_EXISTING,MCKESSON CORPORATION,SANDOZ INC -> MCKESSON CORPORATION -> MEDICO PHARMACY #4635 (MT),0.8788,0.1815,0.013,0.093,1.5,49.5,67.9,0.0
CADISTA PHARMACEUTICALS INC,DAKOTA DRUG INC,GOOD NEIGHBOR PHARMACY #2150 (CA),CA,2,False,T1_REROUTE_EXISTING,CARDINAL HEALTH INC,CADISTA PHARMACEUTICALS INC -> CARDINAL HEALTH INC -> GOOD NEIGHBOR PHARMACY #2150 (CA),0.8652,0.1959,0.0065,0.0988,1.5,49.5,67.9,0.0
MYLAN PHARMACEUTICALS INC,PRESCRIPTION SUPPLY INC,WALGREENS #7353 (OK),OK,2,False,T1_REROUTE_EXISTING,MIAMI-LUKEN INC,MYLAN PHARMACEUTICALS INC -> MIAMI-LUKEN INC -> WALGREENS #7353 (OK),0.9815,1.0,0.0072,0.2594,1.5,49.5,67.9,0.0
PURDUE PHARMA LP,SMITH DRUG COMPANY,COMMUNITY PHARMACY #9484 (NV),NV,2,False,T1_REROUTE_EXISTING,CARDINAL HEALTH INC,PURDUE PHARMA LP -> CARDINAL HEALTH INC -> COMMUNITY PHARMACY #9484 (NV),0.8652,0.1959,0.0075,0.0991,1.5,49.5,67.9,0.0
ACTAVIS PHARMA INC,NATIONAL WHOLESALE DRUG CO INC,HARRIS TEETER PHARMACY #3473 (WV),WV,2,False,T1_REROUTE_EXISTING,MIAMI-LUKEN INC,ACTAVIS PHARMA INC -> MIAMI-LUKEN INC -> HARRIS TEETER PHARMACY #3473 (WV),0.9815,1.0,0.5743,0.4862,1.5,49.5,67.9,0.0
VINTAGE PHARMACEUTICALS LLC,SMITH DRUG COMPANY,WINN-DIXIE PHARMACY #1281 (AZ),AZ,2,False,T1_REROUTE_EXISTING,CARDINAL HEALTH INC,VINTAGE PHARMACEUTICALS LLC -> CARDINAL HEALTH INC -> WINN-DIXIE PHARMACY #1281 (AZ),0.8652,0.1959,0.0068,0.0988,1.5,49.5,67.9,0.0
AMNEAL PHARMACEUTICALS LLC,BURLINGTON DRUG COMPANY INC,WALMART PHARMACY #4965 (SC),SC,2,False,T1_REROUTE_EXISTING,DIRECT RX,AMNEAL PHARMACEUTICALS LLC -> DIRECT RX -> WALMART PHARMACY #4965 (SC),0.8585,0.1504,0.0142,0.0928,1.5,49.5,67.9,0.0
HIKMA PHARMACEUTICALS,NATIONAL WHOLESALE DRUG CO INC,SUNRISE PHARMACY #7702 (NC),NC,2,False,T1_REROUTE_EXISTING,MIAMI-LUKEN INC,HIKMA PHARMACEUTICALS -> MIAMI-LUKEN INC -> SUNRISE PHARMACY #7702 (NC),0.9815,1.0,0.0471,0.2753,1.5,49.5,67.9,0.0
WATSON LABORATORIES INC,DAKOTA DRUG INC,PEOPLES PHARMACY #2660 (NC),NC,2,False,T1_REROUTE_EXISTING,MIAMI-LUKEN INC,WATSON LABORATORIES INC -> MIAMI-LUKEN INC -> PEOPLES PHARMACY #2660 (NC),0.9815,1.0,0.0471,0.2753,1.5,49.5,67.9,0.0
SANDOZ INC,KINRAY LLC,WALMART PHARMACY #5220 (ME),ME,2,False,T1_REROUTE_EXISTING,CARDINAL HEALTH INC,SANDOZ INC -> CARDINAL HEALTH INC -> WALMART PHARMACY #5220 (ME),0.8652,0.1959,0.0066,0.0988,1.5,49.5,67.9,0.0
RHODES TECHNOLOGIES,CARDINAL HEALTH INC,PEOPLES PHARMACY #2660 (NC),NC,3,False,T1_REROUTE_EXISTING,MIAMI-LUKEN INC,RHODES TECHNOLOGIES -> MIAMI-LUKEN INC -> PEOPLES PHARMACY #2660 (NC),0.9815,1.0,0.0471,0.2753,1.5,74.3,102.0,0.0
SUN PHARMA GLOBAL INC,CARDINAL HEALTH INC,GOOD NEIGHBOR PHARMACY #2494 (WV),WV,2,False,T1_REROUTE_EXISTING,MIAMI-LUKEN INC,SUN PHARMA GLOBAL INC -> MIAMI-LUKEN INC -> GOOD NEIGHBOR PHARMACY #2494 (WV),0.9815,1.0,0.5743,0.4862,1.5,49.5,67.9,0.0
CADISTA PHARMACEUTICALS INC,BELLCO DRUG CORP,WALGREENS #4628 (WA),WA,2,False,T1_REROUTE_EXISTING,MCKESSON CORPORATION,CADISTA PHARMACEUTICALS INC -> MCKESSON CORPORATION -> WALGREENS #4628 (WA),0.8788,0.1815,0.0064,0.0903,1.5,49.5,67.9,0.0
ENDO PHARMACEUTICALS INC,VALUEDRUGCO,HOMETOWN PHARMACY #1142 (NE),NE,4,True,T1_REROUTE_EXISTING,DAKOTA DRUG INC,ENDO PHARMACEUTICALS INC -> DAKOTA DRUG INC -> HOMETOWN PHARMACY #1142 (NE),0.8719,0.1818,0.0101,0.0943,1.5,99.4,132.0,32.6
LANNETT COMPANY INC,SMITH DRUG COMPANY,RITE AID #9223 (WV),WV,2,False,T1_REROUTE_EXISTING,MIAMI-LUKEN INC,LANNETT COMPANY INC -> MIAMI-LUKEN INC -> RITE AID #9223 (WV),0.9815,1.0,0.5743,0.4862,1.5,49.5,67.9,0.0
QUALITEST PHARMACEUTICALS,DIRECT RX,COMMUNITY PHARMACY #8090 (LA),LA,2,False,T1_REROUTE_EXISTING,MIAMI-LUKEN INC,QUALITEST PHARMACEUTICALS -> MIAMI-LUKEN INC -> COMMUNITY PHARMACY #8090 (LA),0.9815,1.0,0.0497,0.2764,1.5,49.5,67.9,0.0
ENDO PHARMACEUTICALS INC,CARDINAL HEALTH INC,FAMILY CARE PHARMACY #4495 (MO),MO,2,False,T1_REROUTE_EXISTING,DAKOTA DRUG INC,ENDO PHARMACEUTICALS INC -> DAKOTA DRUG INC -> FAMILY CARE PHARMACY #4495 (MO),0.8719,0.1818,0.0051,0.0923,1.5,49.5,67.9,0.0
TEVA PHARMACEUTICALS USA INC,HENRY SCHEIN INC,FAMILY CARE PHARMACY #2595 (OH),OH,2,False,T1_REROUTE_EXISTING,MIAMI-LUKEN INC,TEVA PHARMACEUTICALS USA INC -> MIAMI-LUKEN INC -> FAMILY CARE PHARMACY #2595 (OH),0.9815,1.0,0.0308,0.2688,1.5,49.5,67.9,0.0
CADISTA PHARMACEUTICALS INC,CARDINAL HEALTH INC,QUALITY CARE PHARMACY #7081 (NJ),NJ,2,False,T1_REROUTE_EXISTING,DAKOTA DRUG INC,CADISTA PHARMACEUTICALS INC -> DAKOTA DRUG INC -> QUALITY CARE PHARMACY #7081 (NJ),0.8719,0.1818,0.0161,0.0967,1.5,49.5,67.9,0.0
SANDOZ INC,PRESCRIPTION SUPPLY INC,WINN-DIXIE PHARMACY #9226 (CT),CT,2,False,T1_REROUTE_EXISTING,CARDINAL HEALTH INC,SANDOZ INC -> CARDINAL HEALTH INC -> WINN-DIXIE PHARMACY #9226 (CT),0.8652,0.1959,0.0133,0.1015,1.5,49.5,67.9,0.0
SANDOZ INC,BURLINGTON DRUG COMPANY INC,GOOD NEIGHBOR PHARMACY #9442 (VA),VA,2,False,T1_REROUTE_EXISTING,MIAMI-LUKEN INC,SANDOZ INC -> MIAMI-LUKEN INC -> GOOD NEIGHBOR PHARMACY #9442 (VA),0.9815,1.0,0.0162,0.2629,1.5,49.5,67.9,0.0
JANSSEN PHARMACEUTICALS INC,GULF COAST MEDICAL SUPPLY,PEOPLES PHARMACY #6853 (ND),ND,2,False,T1_REROUTE_EXISTING,CARDINAL HEALTH INC,JANSSEN PHARMACEUTICALS INC -> CARDINAL HEALTH INC -> PEOPLES PHARMACY #6853 (ND),0.8652,0.1959,0.0034,0.0975,1.5,49.5,67.9,0.0
PURDUE PHARMA LP,NATIONAL WHOLESALE DRUG CO INC,GOOD NEIGHBOR PHARMACY #4363 (OK),OK,2,False,T1_REROUTE_EXISTING,DAKOTA DRUG INC,PURDUE PHARMA LP -> DAKOTA DRUG INC -> GOOD NEIGHBOR PHARMACY #4363 (OK),0.8719,0.1818,0.0124,0.0953,1.5,49.5,67.9,0.0
CADISTA PHARMACEUTICALS INC,PRESCRIPTION SUPPLY INC,HEALTH MART PHARMACY #9547 (VA),VA,2,False,T1_REROUTE_EXISTING,MIAMI-LUKEN INC,CADISTA PHARMACEUTICALS INC -> MIAMI-LUKEN INC -> HEALTH MART PHARMACY #9547 (VA),0.9815,1.0,0.0162,0.2629,1.5,49.5,67.9,0.0
JANSSEN PHARMACEUTICALS INC,MIAMI-LUKEN INC,MAIN STREET PHARMACY #6741 (AZ),AZ,2,False,T1_REROUTE_EXISTING,DAKOTA DRUG INC,JANSSEN PHARMACEUTICALS INC -> DAKOTA DRUG INC -> MAIN STREET PHARMACY #6741 (AZ),0.8719,0.1818,0.0143,0.096,1.5,49.5,67.9,0.0
LANNETT COMPANY INC,BURLINGTON DRUG COMPANY INC,CORNER DRUG STORE #5404 (NE),NE,2,False,T1_REROUTE_EXISTING,MIAMI-LUKEN INC,LANNETT COMPANY INC -> MIAMI-LUKEN INC -> CORNER DRUG STORE #5404 (NE),0.9815,1.0,0.004,0.2581,1.5,49.5,67.9,0.0
MYLAN PHARMACEUTICALS INC,GULF COAST MEDICAL SUPPLY,FAMILY CARE PHARMACY #3097 (SC),SC,2,False,T1_REROUTE_EXISTING,MIAMI-LUKEN INC,MYLAN PHARMACEUTICALS INC -> MIAMI-LUKEN INC -> FAMILY CARE PHARMACY #3097 (SC),0.9815,1.0,0.0031,0.2577,1.5,49.5,67.9,0.0
QUALITEST PHARMACEUTICALS,VALUEDRUGCO,SUNRISE PHARMACY #9917 (KS),KS,2,False,T1_REROUTE_EXISTING,MIAMI-LUKEN INC,QUALITEST PHARMACEUTICALS -> MIAMI-LUKEN INC -> SUNRISE PHARMACY #9917 (KS),0.9815,1.0,0.0031,0.2577,1.5,49.5,67.9,0.0
QUALITEST PHARMACEUTICALS,HENRY SCHEIN INC,PUBLIX PHARMACY #2397 (LA),LA,3,False,T1_REROUTE_EXISTING,MIAMI-LUKEN INC,QUALITEST PHARMACEUTICALS -> MIAMI-LUKEN INC -> PUBLIX PHARMACY #2397 (LA),0.9815,1.0,0.0497,0.2764,1.5,74.3,102.0,0.0
JANSSEN PHARMACEUTICALS INC,MCKESSON CORPORATION,CORNER DRUG STORE #1891 (MT),MT,3,False,T1_REROUTE_EXISTING,CARDINAL HEALTH INC,JANSSEN PHARMACEUTICALS INC -> CARDINAL HEALTH INC -> CORNER DRUG STORE #1891 (MT),0.8652,0.1959,0.0233,0.1055,1.5,74.3,102.0,0.0
ABBOTT LABORATORIES,KINRAY LLC,CVS PHARMACY #7228 (FL),FL,2,False,T1_REROUTE_EXISTING,CARDINAL HEALTH INC,ABBOTT LABORATORIES -> CARDINAL HEALTH INC -> CVS PHARMACY #7228 (FL),0.8652,0.1959,0.0024,0.0971,1.5,49.5,67.9,0.0
LANNETT COMPANY INC,DIRECT RX,WALMART PHARMACY #5027 (SD),SD,3,False,T1_REROUTE_EXISTING,DAKOTA DRUG INC,LANNETT COMPANY INC -> DAKOTA DRUG INC -> WALMART PHARMACY #5027 (SD),0.8719,0.1818,0.022,0.0991,1.5,74.3,102.0,0.0
JANSSEN PHARMACEUTICALS INC,ANDA INC,HEALTH MART PHARMACY #1722 (WY),WY,3,False,T1_REROUTE_EXISTING,MCKESSON CORPORATION,JANSSEN PHARMACEUTICALS INC -> MCKESSON CORPORATION -> HEALTH MART PHARMACY #1722 (WY),0.8788,0.1815,0.0064,0.0904,1.5,74.3,102.0,0.0
PURDUE PHARMA LP,DAKOTA DRUG INC,COMMUNITY PHARMACY #2490 (KY),KY,3,False,T1_REROUTE_EXISTING,MIAMI-LUKEN INC,PURDUE PHARMA LP -> MIAMI-LUKEN INC -> COMMUNITY PHARMACY #2490 (KY),0.9815,1.0,0.0243,0.2662,1.5,74.3,102.0,0.0
AMNEAL PHARMACEUTICALS LLC,DAKOTA DRUG INC,WALGREENS #3121 (SC),SC,2,False,T1_REROUTE_EXISTING,CARDINAL HEALTH INC,AMNEAL PHARMACEUTICALS LLC -> CARDINAL HEALTH INC -> WALGREENS #3121 (SC),0.8652,0.1959,0.0079,0.0993,1.5,49.5,67.9,0.0
ABBOTT LABORATORIES,PENN PHARMACEUTICAL SERVICES INC,WINN-DIXIE PHARMACY #5962 (PA),PA,2,False,T1_REROUTE_EXISTING,MIAMI-LUKEN INC,ABBOTT LABORATORIES -> MIAMI-LUKEN INC -> WINN-DIXIE PHARMACY #5962 (PA),0.9815,1.0,0.0219,0.2652,1.5,49.5,67.9,0.0
PURDUE PHARMA LP,DAKOTA DRUG INC,GOOD NEIGHBOR PHARMACY #9827 (AZ),AZ,2,False,T1_REROUTE_EXISTING,MIAMI-LUKEN INC,PURDUE PHARMA LP -> MIAMI-LUKEN INC -> GOOD NEIGHBOR PHARMACY #9827 (AZ),0.9815,1.0,0.0078,0.2596,1.5,49.5,67.9,0.0
ACTAVIS PHARMA INC,GULF COAST MEDICAL SUPPLY,COMMUNITY PHARMACY #2294 (TN),TN,2,False,T1_REROUTE_EXISTING,CARDINAL HEALTH INC,ACTAVIS PHARMA INC -> CARDINAL HEALTH INC -> COMMUNITY PHARMACY #2294 (TN),0.8652,0.1959,0.1,0.1362,1.5,49.5,67.9,0.0
JANSSEN PHARMACEUTICALS INC,MIAMI-LUKEN INC,HEALTH MART PHARMACY #6840 (FL),FL,2,False,T1_REROUTE_EXISTING,CARDINAL HEALTH INC,JANSSEN PHARMACEUTICALS INC -> CARDINAL HEALTH INC -> HEALTH MART PHARMACY #6840 (FL),0.8652,0.1959,0.0024,0.0971,1.5,49.5,67.9,0.0
HIKMA PHARMACEUTICALS,BELLCO DRUG CORP,HOMETOWN PHARMACY #3142 (FL),FL,2,False,T1_REROUTE_EXISTING,MIAMI-LUKEN INC,HIKMA PHARMACEUTICALS -> MIAMI-LUKEN INC -> HOMETOWN PHARMACY #3142 (FL),0.9815,1.0,0.0082,0.2598,1.5,49.5,67.9,0.0
ACTAVIS PHARMA INC,SMITH DRUG COMPANY,PEOPLES PHARMACY #6007 (WV),WV,3,False,T1_REROUTE_EXISTING,MIAMI-LUKEN INC,ACTAVIS PHARMA INC -> MIAMI-LUKEN INC -> PEOPLES PHARMACY #6007 (WV),0.9815,1.0,0.5743,0.4862,1.5,74.3,102.0,0.0
ENDO PHARMACEUTICALS INC,KINRAY LLC,MAIN STREET PHARMACY #2472 (ND),ND,2,False,T1_REROUTE_EXISTING,MIAMI-LUKEN INC,ENDO PHARMACEUTICALS INC -> MIAMI-LUKEN INC -> MAIN STREET PHARMACY #2472 (ND),0.9815,1.0,0.0037,0.2579,1.5,49.5,67.9,0.0
ACTAVIS PHARMA INC,HENRY SCHEIN INC,KROGER PHARMACY #5224 (NH),NH,3,False,T1_REROUTE_EXISTING,DAKOTA DRUG INC,ACTAVIS PHARMA INC -> DAKOTA DRUG INC -> KROGER PHARMACY #5224 (NH),0.8719,0.1818,0.0046,0.0921,1.5,74.3,102.0,0.0
ABBOTT LABORATORIES,KEYSOURCE MEDICAL INC,CORNER DRUG STORE #2639 (VA),VA,2,False,T1_REROUTE_EXISTING,MIAMI-LUKEN INC,ABBOTT LABORATORIES -> MIAMI-LUKEN INC -> CORNER DRUG STORE #2639 (VA),0.9815,1.0,0.0162,0.2629,1.5,49.5,67.9,0.0
ACTAVIS PHARMA INC,NATIONAL WHOLESALE DRUG CO INC,RITE AID #3418 (WV),WV,3,False,T1_REROUTE_EXISTING,MIAMI-LUKEN INC,ACTAVIS PHARMA INC -> MIAMI-LUKEN INC -> RITE AID #3418 (WV),0.9815,1.0,0.5743,0.4862,1.5,74.3,102.0,0.0
ABBOTT LABORATORIES,KEYSOURCE MEDICAL INC,SUNRISE PHARMACY #1845 (LA),LA,2,False,T1_REROUTE_EXISTING,MIAMI-LUKEN INC,ABBOTT LABORATORIES -> MIAMI-LUKEN INC -> SUNRISE PHARMACY #1845 (LA),0.9815,1.0,0.0497,0.2764,1.5,49.5,67.9,0.0
CADISTA PHARMACEUTICALS INC,HENRY SCHEIN INC,MAIN STREET PHARMACY #2094 (KY),KY,2,False,T1_REROUTE_EXISTING,MIAMI-LUKEN INC,CADISTA PHARMACEUTICALS INC -> MIAMI-LUKEN INC -> MAIN STREET PHARMACY #2094 (KY),0.9815,1.0,0.0243,0.2662,1.5,49.5,67.9,0.0
ENDO PHARMACEUTICALS INC,ANDA INC,HARRIS TEETER PHARMACY #5699 (AZ),AZ,3,False,T1_REROUTE_EXISTING,MIAMI-LUKEN INC,ENDO PHARMACEUTICALS INC -> MIAMI-LUKEN INC -> HARRIS TEETER PHARMACY #5699 (AZ),0.9815,1.0,0.0078,0.2596,1.5,74.3,102.0,0.0
TEVA PHARMACEUTICALS USA INC,ANDA INC,MEDICO PHARMACY #2927 (MI),MI,2,False,T1_REROUTE_EXISTING,MIAMI-LUKEN INC,TEVA PHARMACEUTICALS USA INC -> MIAMI-LUKEN INC -> MEDICO PHARMACY #2927 (MI),0.9815,1.0,0.0252,0.2666,1.5,49.5,67.9,0.0
PAR PHARMACEUTICAL INC,ANDA INC,GOOD NEIGHBOR PHARMACY #9772 (VA),VA,2,False,T1_REROUTE_EXISTING,DAKOTA DRUG INC,PAR PHARMACEUTICAL INC -> DAKOTA DRUG INC -> GOOD NEIGHBOR PHARMACY #9772 (VA),0.8719,0.1818,0.1058,0.1326,1.5,49.5,67.9,0.0
LANNETT COMPANY INC,SMITH DRUG COMPANY,KROGER PHARMACY #7238 (CO),CO,3,False,T1_REROUTE_EXISTING,CARDINAL HEALTH INC,LANNETT COMPANY INC -> CARDINAL HEALTH INC -> KROGER PHARMACY #7238 (CO),0.8652,0.1959,0.0207,0.1044,1.5,74.3,102.0,0.0
HIKMA PHARMACEUTICALS,KEYSOURCE MEDICAL INC,WALMART PHARMACY #6240 (NC),NC,2,False,T1_REROUTE_EXISTING,MIAMI-LUKEN INC,HIKMA PHARMACEUTICALS -> MIAMI-LUKEN INC -> WALMART PHARMACY #6240 (NC),0.9815,1.0,0.0471,0.2753,1.5,49.5,67.9,0.0
QUALITEST PHARMACEUTICALS,VALUEDRUGCO,MAIN STREET PHARMACY #5037 (UT),UT,2,False,T1_REROUTE_EXISTING,CARDINAL HEALTH INC,QUALITEST PHARMACEUTICALS -> CARDINAL HEALTH INC -> MAIN STREET PHARMACY #5037 (UT),0.8652,0.1959,0.012,0.1009,1.5,49.5,67.9,0.0
SUN PHARMA GLOBAL INC,HD SMITH WHOLESALE DRUG CO,PEOPLES PHARMACY #2021 (TN),TN,3,False,T1_REROUTE_EXISTING,MIAMI-LUKEN INC,SUN PHARMA GLOBAL INC -> MIAMI-LUKEN INC -> PEOPLES PHARMACY #2021 (TN),0.9815,1.0,0.0288,0.268,1.5,74.3,102.0,0.0
QUALITEST PHARMACEUTICALS,PRESCRIPTION SUPPLY INC,GOOD NEIGHBOR PHARMACY #8085 (OH),OH,2,False,T1_REROUTE_EXISTING,MIAMI-LUKEN INC,QUALITEST PHARMACEUTICALS -> MIAMI-LUKEN INC -> GOOD NEIGHBOR PHARMACY #8085 (OH),0.9815,1.0,0.0308,0.2688,1.5,49.5,67.9,0.0
QUALITEST PHARMACEUTICALS,GULF COAST MEDICAL SUPPLY,MEDICO PHARMACY #6092 (NY),NY,2,False,T1_REROUTE_EXISTING,MORRIS & DICKSON CO LLC,QUALITEST PHARMACEUTICALS -> MORRIS & DICKSON CO LLC -> MEDICO PHARMACY #6092 (NY),0.872,0.1241,0.0073,0.0787,1.5,49.5,67.9,0.0
SANDOZ INC,ANDA INC,VILLAGE PHARMACY #3656 (WA),WA,2,False,T1_REROUTE_EXISTING,CARDINAL HEALTH INC,SANDOZ INC -> CARDINAL HEALTH INC -> VILLAGE PHARMACY #3656 (WA),0.8652,0.1959,0.007,0.0989,1.5,49.5,67.9,0.0
ABBOTT LABORATORIES,KEYSOURCE MEDICAL INC,QUALITY CARE PHARMACY #7561 (KY),KY,2,False,T1_REROUTE_EXISTING,MIAMI-LUKEN INC,ABBOTT LABORATORIES -> MIAMI-LUKEN INC -> QUALITY CARE PHARMACY #7561 (KY),0.9815,1.0,0.0243,0.2662,1.5,49.5,67.9,0.0
ACTAVIS PHARMA INC,BURLINGTON DRUG COMPANY INC,WALGREENS #3635 (NC),NC,3,False,T1_REROUTE_EXISTING,MIAMI-LUKEN INC,ACTAVIS PHARMA INC -> MIAMI-LUKEN INC -> WALGREENS #3635 (NC),0.9815,1.0,0.0471,0.2753,1.5,74.3,102.0,0.0
IMPAX LABORATORIES INC,DAKOTA DRUG INC,CVS PHARMACY #8273 (OR),OR,2,False,T1_REROUTE_EXISTING,KINRAY LLC,IMPAX LABORATORIES INC -> KINRAY LLC -> CVS PHARMACY #8273 (OR),0.8683,0.1632,0.0175,0.0939,1.5,49.5,67.9,0.0
ABBOTT LABORATORIES,MIAMI-LUKEN INC,PEOPLES PHARMACY #6398 (AR),AR,2,False,T1_REROUTE_EXISTING,DIRECT RX,ABBOTT LABORATORIES -> DIRECT RX -> PEOPLES PHARMACY #6398 (AR),0.8585,0.1504,0.0216,0.0958,1.5,49.5,67.9,0.0
VINTAGE PHARMACEUTICALS LLC,CARDINAL HEALTH INC,PEOPLES PHARMACY #1524 (OK),OK,2,False,T1_REROUTE_EXISTING,DIRECT RX,VINTAGE PHARMACEUTICALS LLC -> DIRECT RX -> PEOPLES PHARMACY #1524 (OK),0.8585,0.1504,0.016,0.0935,1.5,49.5,67.9,0.0
VINTAGE PHARMACEUTICALS LLC,BURLINGTON DRUG COMPANY INC,WINN-DIXIE PHARMACY #3574 (OR),OR,2,False,T1_REROUTE_EXISTING,MIAMI-LUKEN INC,VINTAGE PHARMACEUTICALS LLC -> MIAMI-LUKEN INC -> WINN-DIXIE PHARMACY #3574 (OR),0.9815,1.0,0.0034,0.2578,1.5,49.5,67.9,0.0
QUALITEST PHARMACEUTICALS,ANDA INC,COMMUNITY PHARMACY #9849 (AK),AK,2,False,T1_REROUTE_EXISTING,MIAMI-LUKEN INC,QUALITEST PHARMACEUTICALS -> MIAMI-LUKEN INC -> COMMUNITY PHARMACY #9849 (AK),0.9815,1.0,0.0026,0.2575,1.5,49.5,67.9,0.0
IMPAX LABORATORIES INC,KEYSOURCE MEDICAL INC,VILLAGE PHARMACY #2291 (AK),AK,2,False,T1_REROUTE_EXISTING,MIAMI-LUKEN INC,IMPAX LABORATORIES INC -> MIAMI-LUKEN INC -> VILLAGE PHARMACY #2291 (AK),0.9815,1.0,0.0026,0.2575,1.5,49.5,67.9,0.0
AMNEAL PHARMACEUTICALS LLC,AMERISOURCEBERGEN DRUG CORP,WINN-DIXIE PHARMACY #4828 (HI),HI,2,False,T1_REROUTE_EXISTING,MIAMI-LUKEN INC,AMNEAL PHARMACEUTICALS LLC -> MIAMI-LUKEN INC -> WINN-DIXIE PHARMACY #4828 (HI),0.9815,1.0,0.0022,0.2573,1.5,49.5,67.9,0.0
MYLAN PHARMACEUTICALS INC,MCKESSON CORPORATION,PUBLIX PHARMACY #2769 (WV),WV,2,False,T1_REROUTE_EXISTING,MIAMI-LUKEN INC,MYLAN PHARMACEUTICALS INC -> MIAMI-LUKEN INC -> PUBLIX PHARMACY #2769 (WV),0.9815,1.0,0.5743,0.4862,1.5,49.5,67.9,0.0
MALLINCKRODT LLC,DIRECT RX,FAMILY CARE PHARMACY #1847 (OH),OH,2,False,T1_REROUTE_EXISTING,MIAMI-LUKEN INC,MALLINCKRODT LLC -> MIAMI-LUKEN INC -> FAMILY CARE PHARMACY #1847 (OH),0.9815,1.0,0.0308,0.2688,1.5,49.5,67.9,0.0
RHODES TECHNOLOGIES,HD SMITH WHOLESALE DRUG CO,MAIN STREET PHARMACY #8902 (TN),TN,3,False,T1_REROUTE_EXISTING,MIAMI-LUKEN INC,RHODES TECHNOLOGIES -> MIAMI-LUKEN INC -> MAIN STREET PHARMACY #8902 (TN),0.9815,1.0,0.0288,0.268,1.5,74.3,102.0,0.0
HIKMA PHARMACEUTICALS,SMITH DRUG COMPANY,WALMART PHARMACY #9312 (PA),PA,3,False,T1_REROUTE_EXISTING,MIAMI-LUKEN INC,HIKMA PHARMACEUTICALS -> MIAMI-LUKEN INC -> WALMART PHARMACY #9312 (PA),0.9815,1.0,0.0219,0.2652,1.5,74.3,102.0,0.0
ENDO PHARMACEUTICALS INC,PENN PHARMACEUTICAL SERVICES INC,WALMART PHARMACY #1108 (WV),WV,2,False,T1_REROUTE_EXISTING,MIAMI-LUKEN INC,ENDO PHARMACEUTICALS INC -> MIAMI-LUKEN INC -> WALMART PHARMACY #1108 (WV),0.9815,1.0,0.5743,0.4862,1.5,49.5,67.9,0.0
ENDO PHARMACEUTICALS INC,KINRAY LLC,GOOD NEIGHBOR PHARMACY #6839 (WI),WI,3,False,T1_REROUTE_EXISTING,CARDINAL HEALTH INC,ENDO PHARMACEUTICALS INC -> CARDINAL HEALTH INC -> GOOD NEIGHBOR PHARMACY #6839 (WI),0.8652,0.1959,0.0024,0.0971,1.5,74.3,102.0,0.0
MYLAN PHARMACEUTICALS INC,ANDA INC,WALMART PHARMACY #8931 (VA),VA,3,False,T1_REROUTE_EXISTING,MIAMI-LUKEN INC,MYLAN PHARMACEUTICALS INC -> MIAMI-LUKEN INC -> WALMART PHARMACY #8931 (VA),0.9815,1.0,0.0162,0.2629,1.5,74.3,102.0,0.0
ACTAVIS PHARMA INC,KEYSOURCE MEDICAL INC,QUALITY CARE PHARMACY #4119 (IL),IL,2,False,T1_REROUTE_EXISTING,CARDINAL HEALTH INC,ACTAVIS PHARMA INC -> CARDINAL HEALTH INC -> QUALITY CARE PHARMACY #4119 (IL),0.8652,0.1959,0.012,0.1009,1.5,49.5,67.9,0.0
SUN PHARMA GLOBAL INC,CARDINAL HEALTH INC,WINN-DIXIE PHARMACY #1912 (OH),OH,2,False,T1_REROUTE_EXISTING,MIAMI-LUKEN INC,SUN PHARMA GLOBAL INC -> MIAMI-LUKEN INC -> WINN-DIXIE PHARMACY #1912 (OH),0.9815,1.0,0.0308,0.2688,1.5,49.5,67.9,0.0
CADISTA PHARMACEUTICALS INC,CARDINAL HEALTH INC,HOMETOWN PHARMACY #8574 (OR),OR,2,False,T1_REROUTE_EXISTING,MIAMI-LUKEN INC,CADISTA PHARMACEUTICALS INC -> MIAMI-LUKEN INC -> HOMETOWN PHARMACY #8574 (OR),0.9815,1.0,0.0034,0.2578,1.5,49.5,67.9,0.0
PAR PHARMACEUTICAL INC,CARDINAL HEALTH INC,QUALITY CARE PHARMACY #4985 (TN),TN,2,False,T1_REROUTE_EXISTING,MIAMI-LUKEN INC,PAR PHARMACEUTICAL INC -> MIAMI-LUKEN INC -> QUALITY CARE PHARMACY #4985 (TN),0.9815,1.0,0.0288,0.268,1.5,49.5,67.9,0.0
TEVA PHARMACEUTICALS USA INC,ANDA INC,FAMILY CARE PHARMACY #5200 (UT),UT,2,False,T1_REROUTE_EXISTING,MIAMI-LUKEN INC,TEVA PHARMACEUTICALS USA INC -> MIAMI-LUKEN INC -> FAMILY CARE PHARMACY #5200 (UT),0.9815,1.0,0.0026,0.2575,1.5,49.5,67.9,0.0
RHODES TECHNOLOGIES,AMERISOURCEBERGEN DRUG CORP,CVS PHARMACY #5473 (MI),MI,2,False,T1_REROUTE_EXISTING,MIAMI-LUKEN INC,RHODES TECHNOLOGIES -> MIAMI-LUKEN INC -> CVS PHARMACY #5473 (MI),0.9815,1.0,0.0252,0.2666,1.5,49.5,67.9,0.0
JANSSEN PHARMACEUTICALS INC,BURLINGTON DRUG COMPANY INC,VILLAGE PHARMACY #4526 (UT),UT,2,False,T1_REROUTE_EXISTING,MIAMI-LUKEN INC,JANSSEN PHARMACEUTICALS INC -> MIAMI-LUKEN INC -> VILLAGE PHARMACY #4526 (UT),0.9815,1.0,0.0026,0.2575,1.5,49.5,67.9,0.0
MALLINCKRODT LLC,CARDINAL HEALTH INC,QUALITY CARE PHARMACY #6847 (WV),WV,2,False,T1_REROUTE_EXISTING,MIAMI-LUKEN INC,MALLINCKRODT LLC -> MIAMI-LUKEN INC -> QUALITY CARE PHARMACY #6847 (WV),0.9815,1.0,0.5743,0.4862,1.5,49.5,67.9,0.0
ABBOTT LABORATORIES,MCKESSON CORPORATION,HOMETOWN PHARMACY #8558 (MA),MA,2,False,T1_REROUTE_EXISTING,MIAMI-LUKEN INC,ABBOTT LABORATORIES -> MIAMI-LUKEN INC -> HOMETOWN PHARMACY #8558 (MA),0.9815,1.0,0.0022,0.2574,1.5,49.5,67.9,0.0
ENDO PHARMACEUTICALS INC,VALUEDRUGCO,CORNER DRUG STORE #3604 (VA),VA,2,False,T1_REROUTE_EXISTING,MIAMI-LUKEN INC,ENDO PHARMACEUTICALS INC -> MIAMI-LUKEN INC -> CORNER DRUG STORE #3604 (VA),0.9815,1.0,0.0162,0.2629,1.5,49.5,67.9,0.0
PURDUE PHARMA LP,BELLCO DRUG CORP,COMMUNITY PHARMACY #6047 (VA),VA,2,False,T1_REROUTE_EXISTING,MIAMI-LUKEN INC,PURDUE PHARMA LP -> MIAMI-LUKEN INC -> COMMUNITY PHARMACY #6047 (VA),0.9815,1.0,0.0162,0.2629,1.5,49.5,67.9,0.0
SANDOZ INC,PRESCRIPTION SUPPLY INC,CVS PHARMACY #4109 (IN),IN,2,False,T1_REROUTE_EXISTING,MIAMI-LUKEN INC,SANDOZ INC -> MIAMI-LUKEN INC -> CVS PHARMACY #4109 (IN),0.9815,1.0,0.0312,0.269,1.5,49.5,67.9,0.0
PURDUE PHARMA LP,DIRECT RX,COMMUNITY PHARMACY #3782 (NC),NC,2,False,T1_REROUTE_EXISTING,MIAMI-LUKEN INC,PURDUE PHARMA LP -> MIAMI-LUKEN INC -> COMMUNITY PHARMACY #3782 (NC),0.9815,1.0,0.0471,0.2753,1.5,49.5,67.9,0.0
HIKMA PHARMACEUTICALS,BURLINGTON DRUG COMPANY INC,CVS PHARMACY #4509 (LA),LA,2,False,T1_REROUTE_EXISTING,MIAMI-LUKEN INC,HIKMA PHARMACEUTICALS -> MIAMI-LUKEN INC -> CVS PHARMACY #4509 (LA),0.9815,1.0,0.0497,0.2764,1.5,49.5,67.9,0.0
ACTAVIS PHARMA INC,BURLINGTON DRUG COMPANY INC,COMMUNITY PHARMACY #3558 (DE),DE,3,False,T1_REROUTE_EXISTING,MIAMI-LUKEN INC,ACTAVIS PHARMA INC -> MIAMI-LUKEN INC -> COMMUNITY PHARMACY #3558 (DE),0.9815,1.0,0.0066,0.2591,1.5,74.3,102.0,0.0
IMPAX LABORATORIES INC,CARDINAL HEALTH INC,KROGER PHARMACY #6996 (NM),NM,2,False,T1_REROUTE_EXISTING,MIAMI-LUKEN INC,IMPAX LABORATORIES INC -> MIAMI-LUKEN INC -> KROGER PHARMACY #6996 (NM),0.9815,1.0,0.0023,0.2574,1.5,49.5,67.9,0.0
ENDO PHARMACEUTICALS INC,PENN PHARMACEUTICAL SERVICES INC,VILLAGE PHARMACY #4087 (DE),DE,3,False,T1_REROUTE_EXISTING,MIAMI-LUKEN INC,ENDO PHARMACEUTICALS INC -> MIAMI-LUKEN INC -> VILLAGE PHARMACY #4087 (DE),0.9815,1.0,0.0066,0.2591,1.5,74.3,102.0,0.0
SUN PHARMA GLOBAL INC,DIRECT RX,SUNRISE PHARMACY #8999 (NC),NC,2,False,T1_REROUTE_EXISTING,MIAMI-LUKEN INC,SUN PHARMA GLOBAL INC -> MIAMI-LUKEN INC -> SUNRISE PHARMACY #8999 (NC),0.9815,1.0,0.0471,0.2753,1.5,49.5,67.9,0.0
JANSSEN PHARMACEUTICALS INC,KINRAY LLC,MEDICO PHARMACY #2927 (MI),MI,2,False,T1_REROUTE_EXISTING,MIAMI-LUKEN INC,JANSSEN PHARMACEUTICALS INC -> MIAMI-LUKEN INC -> MEDICO PHARMACY #2927 (MI),0.9815,1.0,0.0252,0.2666,1.5,49.5,67.9,0.0
MYLAN PHARMACEUTICALS INC,VALUEDRUGCO,PEOPLES PHARMACY #6284 (NH),NH,3,False,T1_REROUTE_EXISTING,MIAMI-LUKEN INC,MYLAN PHARMACEUTICALS INC -> MIAMI-LUKEN INC -> PEOPLES PHARMACY #6284 (NH),0.9815,1.0,0.0032,0.2577,1.5,74.3,102.0,0.0
JANSSEN PHARMACEUTICALS INC,HENRY SCHEIN INC,QUALITY CARE PHARMACY #8199 (WV),WV,3,False,T1_REROUTE_EXISTING,MIAMI-LUKEN INC,JANSSEN PHARMACEUTICALS INC -> MIAMI-LUKEN INC -> QUALITY CARE PHARMACY #8199 (WV),0.9815,1.0,0.5743,0.4862,1.5,74.3,102.0,0.0
ENDO PHARMACEUTICALS INC,AMERISOURCEBERGEN DRUG CORP,SUNRISE PHARMACY #2009 (VA),VA,2,False,T1_REROUTE_EXISTING,MIAMI-LUKEN INC,ENDO PHARMACEUTICALS INC -> MIAMI-LUKEN INC -> SUNRISE PHARMACY #2009 (VA),0.9815,1.0,0.0162,0.2629,1.5,49.5,67.9,0.0
QUALITEST PHARMACEUTICALS,CARDINAL HEALTH INC,QUALITY CARE PHARMACY #3905 (TN),TN,2,False,T1_REROUTE_EXISTING,MIAMI-LUKEN INC,QUALITEST PHARMACEUTICALS -> MIAMI-LUKEN INC -> QUALITY CARE PHARMACY #3905 (TN),0.9815,1.0,0.0288,0.268,1.5,49.5,67.9,0.0
IMPAX LABORATORIES INC,KINRAY LLC,HEALTH MART PHARMACY #5181 (MI),MI,2,False,T1_REROUTE_EXISTING,MIAMI-LUKEN INC,IMPAX LABORATORIES INC -> MIAMI-LUKEN INC -> HEALTH MART PHARMACY #5181 (MI),0.9815,1.0,0.0252,0.2666,1.5,49.5,67.9,0.0
PURDUE PHARMA LP,AMERISOURCEBERGEN DRUG CORP,VILLAGE PHARMACY #2073 (WI),WI,2,False,T1_REROUTE_EXISTING,MIAMI-LUKEN INC,PURDUE PHARMA LP -> MIAMI-LUKEN INC -> VILLAGE PHARMACY #2073 (WI),0.9815,1.0,0.0014,0.257,1.5,49.5,67.9,0.0
IMPAX LABORATORIES INC,GULF COAST MEDICAL SUPPLY,VILLAGE PHARMACY #3997 (AL),AL,3,False,T1_REROUTE_EXISTING,KINRAY LLC,IMPAX LABORATORIES INC -> KINRAY LLC -> VILLAGE PHARMACY #3997 (AL),0.8683,0.1632,0.0315,0.0995,1.5,74.3,102.0,0.0
IMPAX LABORATORIES INC,BURLINGTON DRUG COMPANY INC,PUBLIX PHARMACY #5267 (KS),KS,3,False,T1_REROUTE_EXISTING,MIAMI-LUKEN INC,IMPAX LABORATORIES INC -> MIAMI-LUKEN INC -> PUBLIX PHARMACY #5267 (KS),0.9815,1.0,0.0031,0.2577,1.5,74.3,102.0,0.0
ACTAVIS PHARMA INC,HENRY SCHEIN INC,GOOD NEIGHBOR PHARMACY #6129 (NC),NC,3,False,T1_REROUTE_EXISTING,MIAMI-LUKEN INC,ACTAVIS PHARMA INC -> MIAMI-LUKEN INC -> GOOD NEIGHBOR PHARMACY #6129 (NC),0.9815,1.0,0.0471,0.2753,1.5,74.3,102.0,0.0
VINTAGE PHARMACEUTICALS LLC,CARDINAL HEALTH INC,FAMILY CARE PHARMACY #2655 (IL),IL,2,False,T1_REROUTE_EXISTING,ANDA INC,VINTAGE PHARMACEUTICALS LLC -> ANDA INC -> FAMILY CARE PHARMACY #2655 (IL),0.8679,0.1459,0.0397,0.0986,1.5,49.5,67.9,0.0
RHODES TECHNOLOGIES,PRESCRIPTION SUPPLY INC,PEOPLES PHARMACY #6489 (NJ),NJ,2,False,T1_REROUTE_EXISTING,MIAMI-LUKEN INC,RHODES TECHNOLOGIES -> MIAMI-LUKEN INC -> PEOPLES PHARMACY #6489 (NJ),0.9815,1.0,0.0028,0.2576,1.5,49.5,67.9,0.0
QUALITEST PHARMACEUTICALS,KINRAY LLC,SUNRISE PHARMACY #9599 (CT),CT,2,False,T1_REROUTE_EXISTING,MIAMI-LUKEN INC,QUALITEST PHARMACEUTICALS -> MIAMI-LUKEN INC -> SUNRISE PHARMACY #9599 (CT),0.9815,1.0,0.0017,0.2572,1.5,49.5,67.9,0.0
WATSON LABORATORIES INC,DIRECT RX,RITE AID #8791 (VA),VA,2,False,T1_REROUTE_EXISTING,MIAMI-LUKEN INC,WATSON LABORATORIES INC -> MIAMI-LUKEN INC -> RITE AID #8791 (VA),0.9815,1.0,0.0162,0.2629,1.5,49.5,67.9,0.0
PAR PHARMACEUTICAL INC,HENRY SCHEIN INC,MAIN STREET PHARMACY #4930 (VA),VA,2,False,T1_REROUTE_EXISTING,MIAMI-LUKEN INC,PAR PHARMACEUTICAL INC -> MIAMI-LUKEN INC -> MAIN STREET PHARMACY #4930 (VA),0.9815,1.0,0.0162,0.2629,1.5,49.5,67.9,0.0
JANSSEN PHARMACEUTICALS INC,MORRIS & DICKSON CO LLC,WINN-DIXIE PHARMACY #2844 (IL),IL,2,False,T1_REROUTE_EXISTING,CARDINAL HEALTH INC,JANSSEN PHARMACEUTICALS INC -> CARDINAL HEALTH INC -> WINN-DIXIE PHARMACY #2844 (IL),0.8652,0.1959,0.012,0.1009,1.5,49.5,67.9,0.0
CADISTA PHARMACEUTICALS INC,HENRY SCHEIN INC,HOMETOWN PHARMACY #4042 (MN),MN,2,False,T1_REROUTE_EXISTING,MCKESSON CORPORATION,CADISTA PHARMACEUTICALS INC -> MCKESSON CORPORATION -> HOMETOWN PHARMACY #4042 (MN),0.8788,0.1815,0.0275,0.0988,1.5,49.5,67.9,0.0
QUALITEST PHARMACEUTICALS,DAKOTA DRUG INC,WINN-DIXIE PHARMACY #1509 (PA),PA,2,False,T1_REROUTE_EXISTING,MCKESSON CORPORATION,QUALITEST PHARMACEUTICALS -> MCKESSON CORPORATION -> WINN-DIXIE PHARMACY #1509 (PA),0.8788,0.1815,0.0763,0.1183,1.5,49.5,67.9,0.0
ABBOTT LABORATORIES,DAKOTA DRUG INC,WALGREENS #2651 (GA),GA,2,False,T1_REROUTE_EXISTING,MIAMI-LUKEN INC,ABBOTT LABORATORIES -> MIAMI-LUKEN INC -> WALGREENS #2651 (GA),0.9815,1.0,0.0042,0.2581,1.5,49.5,67.9,0.0
SANDOZ INC,HENRY SCHEIN INC,COMMUNITY PHARMACY #1898 (TN),TN,2,False,T1_REROUTE_EXISTING,MIAMI-LUKEN INC,SANDOZ INC -> MIAMI-LUKEN INC -> COMMUNITY PHARMACY #1898 (TN),0.9815,1.0,0.0288,0.268,1.5,49.5,67.9,0.0
SANDOZ INC,CARDINAL HEALTH INC,GOOD NEIGHBOR PHARMACY #2904 (CT),CT,2,False,T1_REROUTE_EXISTING,MIAMI-LUKEN INC,SANDOZ INC -> MIAMI-LUKEN INC -> GOOD NEIGHBOR PHARMACY #2904 (CT),0.9815,1.0,0.0017,0.2572,1.5,49.5,67.9,0.0
PURDUE PHARMA LP,ANDA INC,WINN-DIXIE PHARMACY #4833 (LA),LA,2,False,T1_REROUTE_EXISTING,MIAMI-LUKEN INC,PURDUE PHARMA LP -> MIAMI-LUKEN INC -> WINN-DIXIE PHARMACY #4833 (LA),0.9815,1.0,0.0497,0.2764,1.5,49.5,67.9,0.0
WATSON LABORATORIES INC,AMERISOURCEBERGEN DRUG CORP,HOMETOWN PHARMACY #9630 (AL),AL,2,False,T1_REROUTE_EXISTING,CARDINAL HEALTH INC,WATSON LABORATORIES INC -> CARDINAL HEALTH INC -> HOMETOWN PHARMACY #9630 (AL),0.8652,0.1959,0.0054,0.0983,1.5,49.5,67.9,0.0
ABBOTT LABORATORIES,CARDINAL HEALTH INC,VILLAGE PHARMACY #1845 (LA),LA,2,False,T1_REROUTE_EXISTING,MIAMI-LUKEN INC,ABBOTT LABORATORIES -> MIAMI-LUKEN INC -> VILLAGE PHARMACY #1845 (LA),0.9815,1.0,0.0497,0.2764,1.5,49.5,67.9,0.0
RHODES TECHNOLOGIES,VALUEDRUGCO,SUNRISE PHARMACY #5334 (AL),AL,2,False,T1_REROUTE_EXISTING,KINRAY LLC,RHODES TECHNOLOGIES -> KINRAY LLC -> SUNRISE PHARMACY #5334 (AL),0.8683,0.1632,0.0315,0.0995,1.5,49.5,67.9,0.0
CADISTA PHARMACEUTICALS INC,MIAMI-LUKEN INC,TUG VALLEY PHARMACY #1 (WV),WV,4,True,T3_NEW_LASTMILE,CARDINAL HEALTH INC,CADISTA PHARMACEUTICALS INC -> CARDINAL HEALTH INC -> TUG VALLEY PHARMACY #1 (WV),0.8652,0.1959,0.0846,0.13,5.0,149.2,132.0,0.0
ABBOTT LABORATORIES,DAKOTA DRUG INC,COMMUNITY PHARMACY #7816 (UT),UT,2,False,T1_REROUTE_EXISTING,MCKESSON CORPORATION,ABBOTT LABORATORIES -> MCKESSON CORPORATION -> COMMUNITY PHARMACY #7816 (UT),0.8788,0.1815,0.0134,0.0932,1.5,49.5,67.9,0.0
ENDO PHARMACEUTICALS INC,GULF COAST MEDICAL SUPPLY,VILLAGE PHARMACY #5883 (VA),VA,3,False,T1_REROUTE_EXISTING,MIAMI-LUKEN INC,ENDO PHARMACEUTICALS INC -> MIAMI-LUKEN INC -> VILLAGE PHARMACY #5883 (VA),0.9815,1.0,0.0162,0.2629,1.5,74.3,102.0,0.0
SANDOZ INC,MCKESSON CORPORATION,SUNRISE PHARMACY #7702 (NC),NC,2,False,T1_REROUTE_EXISTING,MIAMI-LUKEN INC,SANDOZ INC -> MIAMI-LUKEN INC -> SUNRISE PHARMACY #7702 (NC),0.9815,1.0,0.0471,0.2753,1.5,49.5,67.9,0.0
AMNEAL PHARMACEUTICALS LLC,PENN PHARMACEUTICAL SERVICES INC,GOOD NEIGHBOR PHARMACY #7171 (MA),MA,3,False,T1_REROUTE_EXISTING,MCKESSON CORPORATION,AMNEAL PHARMACEUTICALS LLC -> MCKESSON CORPORATION -> GOOD NEIGHBOR PHARMACY #7171 (MA),0.8788,0.1815,0.0156,0.094,1.5,74.3,102.0,0.0
SANDOZ INC,PENN PHARMACEUTICAL SERVICES INC,SUNRISE PHARMACY #7702 (NC),NC,2,False,T1_REROUTE_EXISTING,MIAMI-LUKEN INC,SANDOZ INC -> MIAMI-LUKEN INC -> SUNRISE PHARMACY #7702 (NC),0.9815,1.0,0.0471,0.2753,1.5,49.5,67.9,0.0
ABBOTT LABORATORIES,AMERISOURCEBERGEN DRUG CORP,CVS PHARMACY #6803 (KY),KY,3,False,T1_REROUTE_EXISTING,MIAMI-LUKEN INC,ABBOTT LABORATORIES -> MIAMI-LUKEN INC -> CVS PHARMACY #6803 (KY),0.9815,1.0,0.0243,0.2662,1.5,74.3,102.0,0.0
SUN PHARMA GLOBAL INC,GULF COAST MEDICAL SUPPLY,MAIN STREET PHARMACY #4451 (TX),TX,2,False,T1_REROUTE_EXISTING,DAKOTA DRUG INC,SUN PHARMA GLOBAL INC -> DAKOTA DRUG INC -> MAIN STREET PHARMACY #4451 (TX),0.8719,0.1818,0.0064,0.0929,1.5,49.5,67.9,0.0
WATSON LABORATORIES INC,KINRAY LLC,MEDICO PHARMACY #9307 (VA),VA,2,False,T1_REROUTE_EXISTING,MIAMI-LUKEN INC,WATSON LABORATORIES INC -> MIAMI-LUKEN INC -> MEDICO PHARMACY #9307 (VA),0.9815,1.0,0.0162,0.2629,1.5,49.5,67.9,0.0
VINTAGE PHARMACEUTICALS LLC,HENRY SCHEIN INC,KROGER PHARMACY #9142 (OH),OH,2,False,T1_REROUTE_EXISTING,MIAMI-LUKEN INC,VINTAGE PHARMACEUTICALS LLC -> MIAMI-LUKEN INC -> KROGER PHARMACY #9142 (OH),0.9815,1.0,0.0308,0.2688,1.5,49.5,67.9,0.0
SANDOZ INC,KINRAY LLC,MAIN STREET PHARMACY #4930 (VA),VA,2,False,T1_REROUTE_EXISTING,MIAMI-LUKEN INC,SANDOZ INC -> MIAMI-LUKEN INC -> MAIN STREET PHARMACY #4930 (VA),0.9815,1.0,0.0162,0.2629,1.5,49.5,67.9,0.0
IMPAX LABORATORIES INC,VALUEDRUGCO,WALGREENS #7869 (VT),VT,4,True,T1_REROUTE_EXISTING,DAKOTA DRUG INC,IMPAX LABORATORIES INC -> DAKOTA DRUG INC -> WALGREENS #7869 (VT),0.8719,0.1818,0.0172,0.0972,1.5,99.4,132.0,32.6
HIKMA PHARMACEUTICALS,HENRY SCHEIN INC,PEOPLES PHARMACY #9606 (WI),WI,2,False,T1_REROUTE_EXISTING,MIAMI-LUKEN INC,HIKMA PHARMACEUTICALS -> MIAMI-LUKEN INC -> PEOPLES PHARMACY #9606 (WI),0.9815,1.0,0.0014,0.257,1.5,49.5,67.9,0.0
SANDOZ INC,BELLCO DRUG CORP,CORNER DRUG STORE #3385 (IN),IN,2,False,T1_REROUTE_EXISTING,MIAMI-LUKEN INC,SANDOZ INC -> MIAMI-LUKEN INC -> CORNER DRUG STORE #3385 (IN),0.9815,1.0,0.0312,0.269,1.5,49.5,67.9,0.0
HIKMA PHARMACEUTICALS,HD SMITH WHOLESALE DRUG CO,HOMETOWN PHARMACY #8707 (WV),WV,2,False,T1_REROUTE_EXISTING,MIAMI-LUKEN INC,HIKMA PHARMACEUTICALS -> MIAMI-LUKEN INC -> HOMETOWN PHARMACY #8707 (WV),0.9815,1.0,0.5743,0.4862,1.5,49.5,67.9,0.0
TEVA PHARMACEUTICALS USA INC,HD SMITH WHOLESALE DRUG CO,KROGER PHARMACY #4300 (VA),VA,3,False,T1_REROUTE_EXISTING,MIAMI-LUKEN INC,TEVA PHARMACEUTICALS USA INC -> MIAMI-LUKEN INC -> KROGER PHARMACY #4300 (VA),0.9815,1.0,0.0162,0.2629,1.5,74.3,102.0,0.0
MYLAN PHARMACEUTICALS INC,DIRECT RX,WINN-DIXIE PHARMACY #8389 (RI),RI,2,False,T1_REROUTE_EXISTING,MIAMI-LUKEN INC,MYLAN PHARMACEUTICALS INC -> MIAMI-LUKEN INC -> WINN-DIXIE PHARMACY #8389 (RI),0.9815,1.0,0.0019,0.2572,1.5,49.5,67.9,0.0
SANDOZ INC,MCKESSON CORPORATION,SUNRISE PHARMACY #6637 (LA),LA,2,False,T1_REROUTE_EXISTING,MIAMI-LUKEN INC,SANDOZ INC -> MIAMI-LUKEN INC -> SUNRISE PHARMACY #6637 (LA),0.9815,1.0,0.0497,0.2764,1.5,49.5,67.9,0.0
PAR PHARMACEUTICAL INC,KEYSOURCE MEDICAL INC,WINN-DIXIE PHARMACY #9341 (ND),ND,3,False,T1_REROUTE_EXISTING,MIAMI-LUKEN INC,PAR PHARMACEUTICAL INC -> MIAMI-LUKEN INC -> WINN-DIXIE PHARMACY #9341 (ND),0.9815,1.0,0.0037,0.2579,1.5,74.3,102.0,0.0
VINTAGE PHARMACEUTICALS LLC,SMITH DRUG COMPANY,QUALITY CARE PHARMACY #3035 (NY),NY,2,False,T1_REROUTE_EXISTING,CARDINAL HEALTH INC,VINTAGE PHARMACEUTICALS LLC -> CARDINAL HEALTH INC -> QUALITY CARE PHARMACY #3035 (NY),0.8652,0.1959,0.0032,0.0974,1.5,49.5,67.9,0.0
RHODES TECHNOLOGIES,KINRAY LLC,MEDICO PHARMACY #5822 (TN),TN,2,False,T1_REROUTE_EXISTING,MIAMI-LUKEN INC,RHODES TECHNOLOGIES -> MIAMI-LUKEN INC -> MEDICO PHARMACY #5822 (TN),0.9815,1.0,0.0288,0.268,1.5,49.5,67.9,0.0
SUN PHARMA GLOBAL INC,VALUEDRUGCO,PEOPLES PHARMACY #5942 (WI),WI,2,False,T1_REROUTE_EXISTING,MIAMI-LUKEN INC,SUN PHARMA GLOBAL INC -> MIAMI-LUKEN INC -> PEOPLES PHARMACY #5942 (WI),0.9815,1.0,0.0014,0.257,1.5,49.5,67.9,0.0
SANDOZ INC,BELLCO DRUG CORP,CORNER DRUG STORE #1213 (TN),TN,2,False,T1_REROUTE_EXISTING,MIAMI-LUKEN INC,SANDOZ INC -> MIAMI-LUKEN INC -> CORNER DRUG STORE #1213 (TN),0.9815,1.0,0.0288,0.268,1.5,49.5,67.9,0.0
MALLINCKRODT LLC,MIAMI-LUKEN INC,PEOPLES PHARMACY #4186 (SD),SD,2,False,T1_REROUTE_EXISTING,ANDA INC,MALLINCKRODT LLC -> ANDA INC -> PEOPLES PHARMACY #4186 (SD),0.8679,0.1459,0.0102,0.0868,1.5,49.5,67.9,0.0
PAR PHARMACEUTICAL INC,MCKESSON CORPORATION,COMMUNITY PHARMACY #4205 (PA),PA,2,False,T1_REROUTE_EXISTING,MIAMI-LUKEN INC,PAR PHARMACEUTICAL INC -> MIAMI-LUKEN INC -> COMMUNITY PHARMACY #4205 (PA),0.9815,1.0,0.0219,0.2652,1.5,49.5,67.9,0.0
HIKMA PHARMACEUTICALS,BELLCO DRUG CORP,RITE AID #6549 (IN),IN,2,False,T1_REROUTE_EXISTING,MIAMI-LUKEN INC,HIKMA PHARMACEUTICALS -> MIAMI-LUKEN INC -> RITE AID #6549 (IN),0.9815,1.0,0.0312,0.269,1.5,49.5,67.9,0.0
CADISTA PHARMACEUTICALS INC,HENRY SCHEIN INC,HEALTH MART PHARMACY #8093 (UT),UT,3,False,T1_REROUTE_EXISTING,CARDINAL HEALTH INC,CADISTA PHARMACEUTICALS INC -> CARDINAL HEALTH INC -> HEALTH MART PHARMACY #8093 (UT),0.8652,0.1959,0.012,0.1009,1.5,74.3,102.0,0.0
LANNETT COMPANY INC,AMERISOURCEBERGEN DRUG CORP,MAIN STREET PHARMACY #6528 (OH),OH,3,False,T1_REROUTE_EXISTING,MIAMI-LUKEN INC,LANNETT COMPANY INC -> MIAMI-LUKEN INC -> MAIN STREET PHARMACY #6528 (OH),0.9815,1.0,0.0308,0.2688,1.5,74.3,102.0,0.0
SUN PHARMA GLOBAL INC,HD SMITH WHOLESALE DRUG CO,HARRIS TEETER PHARMACY #8060 (MI),MI,2,False,T1_REROUTE_EXISTING,MIAMI-LUKEN INC,SUN PHARMA GLOBAL INC -> MIAMI-LUKEN INC -> HARRIS TEETER PHARMACY #8060 (MI),0.9815,1.0,0.0252,0.2666,1.5,49.5,67.9,0.0
AMNEAL PHARMACEUTICALS LLC,MORRIS & DICKSON CO LLC,HOMETOWN PHARMACY #8469 (NC),NC,3,False,T1_REROUTE_EXISTING,MIAMI-LUKEN INC,AMNEAL PHARMACEUTICALS LLC -> MIAMI-LUKEN INC -> HOMETOWN PHARMACY #8469 (NC),0.9815,1.0,0.0471,0.2753,1.5,74.3,102.0,0.0
WATSON LABORATORIES INC,KINRAY LLC,CVS PHARMACY #2808 (IN),IN,3,False,T1_REROUTE_EXISTING,MIAMI-LUKEN INC,WATSON LABORATORIES INC -> MIAMI-LUKEN INC -> CVS PHARMACY #2808 (IN),0.9815,1.0,0.0312,0.269,1.5,74.3,102.0,0.0
VINTAGE PHARMACEUTICALS LLC,MIAMI-LUKEN INC,CVS PHARMACY #5446 (LA),LA,2,False,T1_REROUTE_EXISTING,CARDINAL HEALTH INC,VINTAGE PHARMACEUTICALS LLC -> CARDINAL HEALTH INC -> CVS PHARMACY #5446 (LA),0.8652,0.1959,0.0471,0.115,1.5,49.5,67.9,0.0
MALLINCKRODT LLC,VALUEDRUGCO,WALGREENS #4408 (TN),TN,3,False,T1_REROUTE_EXISTING,MIAMI-LUKEN INC,MALLINCKRODT LLC -> MIAMI-LUKEN INC -> WALGREENS #4408 (TN),0.9815,1.0,0.0288,0.268,1.5,74.3,102.0,0.0
MYLAN PHARMACEUTICALS INC,MORRIS & DICKSON CO LLC,CORNER DRUG STORE #9454 (NM),NM,2,False,T1_REROUTE_EXISTING,MCKESSON CORPORATION,MYLAN PHARMACEUTICALS INC -> MCKESSON CORPORATION -> CORNER DRUG STORE #9454 (NM),0.8788,0.1815,0.0302,0.0999,1.5,49.5,67.9,0.0
SANDOZ INC,ANDA INC,KROGER PHARMACY #5686 (VA),VA,2,False,T1_REROUTE_EXISTING,MIAMI-LUKEN INC,SANDOZ INC -> MIAMI-LUKEN INC -> KROGER PHARMACY #5686 (VA),0.9815,1.0,0.0162,0.2629,1.5,49.5,67.9,0.0
MYLAN PHARMACEUTICALS INC,DIRECT RX,KROGER PHARMACY #2808 (ND),ND,2,False,T1_REROUTE_EXISTING,MIAMI-LUKEN INC,MYLAN PHARMACEUTICALS INC -> MIAMI-LUKEN INC -> KROGER PHARMACY #2808 (ND),0.9815,1.0,0.0037,0.2579,1.5,49.5,67.9,0.0
ABBOTT LABORATORIES,CARDINAL HEALTH INC,CORNER DRUG STORE #8237 (VA),VA,2,False,T1_REROUTE_EXISTING,MIAMI-LUKEN INC,ABBOTT LABORATORIES -> MIAMI-LUKEN INC -> CORNER DRUG STORE #8237 (VA),0.9815,1.0,0.0162,0.2629,1.5,49.5,67.9,0.0
SUN PHARMA GLOBAL INC,CARDINAL HEALTH INC,HARRIS TEETER PHARMACY #8108 (VA),VA,2,False,T1_REROUTE_EXISTING,MIAMI-LUKEN INC,SUN PHARMA GLOBAL INC -> MIAMI-LUKEN INC -> HARRIS TEETER PHARMACY #8108 (VA),0.9815,1.0,0.0162,0.2629,1.5,49.5,67.9,0.0
CADISTA PHARMACEUTICALS INC,DAKOTA DRUG INC,FAMILY CARE PHARMACY #6923 (IL),IL,3,False,T1_REROUTE_EXISTING,ANDA INC,CADISTA PHARMACEUTICALS INC -> ANDA INC -> FAMILY CARE PHARMACY #6923 (IL),0.8679,0.1459,0.0397,0.0986,1.5,74.3,102.0,0.0
MALLINCKRODT LLC,ANDA INC,VILLAGE PHARMACY #3873 (PA),PA,2,False,T1_REROUTE_EXISTING,MIAMI-LUKEN INC,MALLINCKRODT LLC -> MIAMI-LUKEN INC -> VILLAGE PHARMACY #3873 (PA),0.9815,1.0,0.0219,0.2652,1.5,49.5,67.9,0.0
HIKMA PHARMACEUTICALS,BELLCO DRUG CORP,PEOPLES PHARMACY #3759 (TN),TN,2,False,T1_REROUTE_EXISTING,MIAMI-LUKEN INC,HIKMA PHARMACEUTICALS -> MIAMI-LUKEN INC -> PEOPLES PHARMACY #3759 (TN),0.9815,1.0,0.0288,0.268,1.5,49.5,67.9,0.0
PURDUE PHARMA LP,PENN PHARMACEUTICAL SERVICES INC,PEOPLES PHARMACY #1274 (IL),IL,2,False,T1_REROUTE_EXISTING,MIAMI-LUKEN INC,PURDUE PHARMA LP -> MIAMI-LUKEN INC -> PEOPLES PHARMACY #1274 (IL),0.9815,1.0,0.0012,0.2569,1.5,49.5,67.9,0.0
ENDO PHARMACEUTICALS INC,HD SMITH WHOLESALE DRUG CO,CVS PHARMACY #9326 (KY),KY,2,False,T1_REROUTE_EXISTING,MIAMI-LUKEN INC,ENDO PHARMACEUTICALS INC -> MIAMI-LUKEN INC -> CVS PHARMACY #9326 (KY),0.9815,1.0,0.0243,0.2662,1.5,49.5,67.9,0.0
IMPAX LABORATORIES INC,KINRAY LLC,PUBLIX PHARMACY #2055 (NC),NC,3,False,T1_REROUTE_EXISTING,MIAMI-LUKEN INC,IMPAX LABORATORIES INC -> MIAMI-LUKEN INC -> PUBLIX PHARMACY #2055 (NC),0.9815,1.0,0.0471,0.2753,1.5,74.3,102.0,0.0
CADISTA PHARMACEUTICALS INC,AMERISOURCEBERGEN DRUG CORP,KROGER PHARMACY #8452 (WA),WA,3,False,T1_REROUTE_EXISTING,MIAMI-LUKEN INC,CADISTA PHARMACEUTICALS INC -> MIAMI-LUKEN INC -> KROGER PHARMACY #8452 (WA),0.9815,1.0,0.0067,0.2591,1.5,74.3,102.0,0.0
LANNETT COMPANY INC,DIRECT RX,QUALITY CARE PHARMACY #6847 (WV),WV,2,False,T1_REROUTE_EXISTING,MIAMI-LUKEN INC,LANNETT COMPANY INC -> MIAMI-LUKEN INC -> QUALITY CARE PHARMACY #6847 (WV),0.9815,1.0,0.5743,0.4862,1.5,49.5,67.9,0.0
RHODES TECHNOLOGIES,PENN PHARMACEUTICAL SERVICES INC,COMMUNITY PHARMACY #7344 (LA),LA,2,False,T1_REROUTE_EXISTING,MIAMI-LUKEN INC,RHODES TECHNOLOGIES -> MIAMI-LUKEN INC -> COMMUNITY PHARMACY #7344 (LA),0.9815,1.0,0.0497,0.2764,1.5,49.5,67.9,0.0
MALLINCKRODT LLC,VALUEDRUGCO,KROGER PHARMACY #6824 (NE),NE,2,False,T1_REROUTE_EXISTING,MIAMI-LUKEN INC,MALLINCKRODT LLC -> MIAMI-LUKEN INC -> KROGER PHARMACY #6824 (NE),0.9815,1.0,0.004,0.2581,1.5,49.5,67.9,0.0
MALLINCKRODT LLC,PENN PHARMACEUTICAL SERVICES INC,RITE AID #8167 (LA),LA,2,False,T1_REROUTE_EXISTING,MIAMI-LUKEN INC,MALLINCKRODT LLC -> MIAMI-LUKEN INC -> RITE AID #8167 (LA),0.9815,1.0,0.0497,0.2764,1.5,49.5,67.9,0.0
PAR PHARMACEUTICAL INC,HENRY SCHEIN INC,HARRIS TEETER PHARMACY #1893 (LA),LA,2,False,T1_REROUTE_EXISTING,MIAMI-LUKEN INC,PAR PHARMACEUTICAL INC -> MIAMI-LUKEN INC -> HARRIS TEETER PHARMACY #1893 (LA),0.9815,1.0,0.0497,0.2764,1.5,49.5,67.9,0.0
WATSON LABORATORIES INC,GULF COAST MEDICAL SUPPLY,HEALTH MART PHARMACY #5407 (IA),IA,2,False,T1_REROUTE_EXISTING,CARDINAL HEALTH INC,WATSON LABORATORIES INC -> CARDINAL HEALTH INC -> HEALTH MART PHARMACY #5407 (IA),0.8652,0.1959,0.0139,0.1017,1.5,49.5,67.9,0.0
PAR PHARMACEUTICAL INC,DAKOTA DRUG INC,GOOD NEIGHBOR PHARMACY #9772 (VA),VA,2,False,T1_REROUTE_EXISTING,ANDA INC,PAR PHARMACEUTICAL INC -> ANDA INC -> GOOD NEIGHBOR PHARMACY #9772 (VA),0.8679,0.1459,0.1124,0.1277,1.5,49.5,67.9,0.0
MALLINCKRODT LLC,PRESCRIPTION SUPPLY INC,WALGREENS #8595 (PA),PA,2,False,T1_REROUTE_EXISTING,MIAMI-LUKEN INC,MALLINCKRODT LLC -> MIAMI-LUKEN INC -> WALGREENS #8595 (PA),0.9815,1.0,0.0219,0.2652,1.5,49.5,67.9,0.0
PAR PHARMACEUTICAL INC,DIRECT RX,HEALTH MART PHARMACY #5260 (PA),PA,2,False,T1_REROUTE_EXISTING,MIAMI-LUKEN INC,PAR PHARMACEUTICAL INC -> MIAMI-LUKEN INC -> HEALTH MART PHARMACY #5260 (PA),0.9815,1.0,0.0219,0.2652,1.5,49.5,67.9,0.0
LANNETT COMPANY INC,AMERISOURCEBERGEN DRUG CORP,HARRIS TEETER PHARMACY #4342 (ME),ME,3,False,T1_REROUTE_EXISTING,CARDINAL HEALTH INC,LANNETT COMPANY INC -> CARDINAL HEALTH INC -> HARRIS TEETER PHARMACY #4342 (ME),0.8652,0.1959,0.0066,0.0988,1.5,74.3,102.0,0.0
PURDUE PHARMA LP,AMERISOURCEBERGEN DRUG CORP,CVS PHARMACY #5105 (TN),TN,2,False,T1_REROUTE_EXISTING,MIAMI-LUKEN INC,PURDUE PHARMA LP -> MIAMI-LUKEN INC -> CVS PHARMACY #5105 (TN),0.9815,1.0,0.0288,0.268,1.5,49.5,67.9,0.0
SANDOZ INC,PENN PHARMACEUTICAL SERVICES INC,HOMETOWN PHARMACY #6513 (WV),WV,2,False,T1_REROUTE_EXISTING,MIAMI-LUKEN INC,SANDOZ INC -> MIAMI-LUKEN INC -> HOMETOWN PHARMACY #6513 (WV),0.9815,1.0,0.5743,0.4862,1.5,49.5,67.9,0.0
MYLAN PHARMACEUTICALS INC,DIRECT RX,HOMETOWN PHARMACY #5274 (NY),NY,2,False,T1_REROUTE_EXISTING,DAKOTA DRUG INC,MYLAN PHARMACEUTICALS INC -> DAKOTA DRUG INC -> HOMETOWN PHARMACY #5274 (NY),0.8719,0.1818,0.0152,0.0963,1.5,49.5,67.9,0.0
ENDO PHARMACEUTICALS INC,MORRIS & DICKSON CO LLC,PEOPLES PHARMACY #3668 (MI),MI,2,False,T1_REROUTE_EXISTING,MIAMI-LUKEN INC,ENDO PHARMACEUTICALS INC -> MIAMI-LUKEN INC -> PEOPLES PHARMACY #3668 (MI),0.9815,1.0,0.0252,0.2666,1.5,49.5,67.9,0.0
WATSON LABORATORIES INC,PRESCRIPTION SUPPLY INC,CORNER DRUG STORE #3385 (IN),IN,2,False,T1_REROUTE_EXISTING,MIAMI-LUKEN INC,WATSON LABORATORIES INC -> MIAMI-LUKEN INC -> CORNER DRUG STORE #3385 (IN),0.9815,1.0,0.0312,0.269,1.5,49.5,67.9,0.0
JANSSEN PHARMACEUTICALS INC,PRESCRIPTION SUPPLY INC,WALGREENS #3635 (NC),NC,2,False,T1_REROUTE_EXISTING,MIAMI-LUKEN INC,JANSSEN PHARMACEUTICALS INC -> MIAMI-LUKEN INC -> WALGREENS #3635 (NC),0.9815,1.0,0.0471,0.2753,1.5,49.5,67.9,0.0
SUN PHARMA GLOBAL INC,PENN PHARMACEUTICAL SERVICES INC,FAMILY CARE PHARMACY #3203 (KY),KY,2,False,T1_REROUTE_EXISTING,MIAMI-LUKEN INC,SUN PHARMA GLOBAL INC -> MIAMI-LUKEN INC -> FAMILY CARE PHARMACY #3203 (KY),0.9815,1.0,0.0243,0.2662,1.5,49.5,67.9,0.0
ABBOTT LABORATORIES,MORRIS & DICKSON CO LLC,WALGREENS #8038 (IN),IN,3,False,T1_REROUTE_EXISTING,MIAMI-LUKEN INC,ABBOTT LABORATORIES -> MIAMI-LUKEN INC -> WALGREENS #8038 (IN),0.9815,1.0,0.0312,0.269,1.5,74.3,102.0,0.0
ABBOTT LABORATORIES,DIRECT RX,WALMART PHARMACY #4214 (AR),AR,2,False,T1_REROUTE_EXISTING,MIAMI-LUKEN INC,ABBOTT LABORATORIES -> MIAMI-LUKEN INC -> WALMART PHARMACY #4214 (AR),0.9815,1.0,0.0064,0.259,1.5,49.5,67.9,0.0
CADISTA PHARMACEUTICALS INC,AMERISOURCEBERGEN DRUG CORP,COMMUNITY PHARMACY #7046 (MI),MI,2,False,T1_REROUTE_EXISTING,MIAMI-LUKEN INC,CADISTA PHARMACEUTICALS INC -> MIAMI-LUKEN INC -> COMMUNITY PHARMACY #7046 (MI),0.9815,1.0,0.0252,0.2666,1.5,49.5,67.9,0.0
SANDOZ INC,AMERISOURCEBERGEN DRUG CORP,PEOPLES PHARMACY #9504 (KY),KY,2,False,T1_REROUTE_EXISTING,MIAMI-LUKEN INC,SANDOZ INC -> MIAMI-LUKEN INC -> PEOPLES PHARMACY #9504 (KY),0.9815,1.0,0.0243,0.2662,1.5,49.5,67.9,0.0
ABBOTT LABORATORIES,MCKESSON CORPORATION,GOOD NEIGHBOR PHARMACY #2790 (PA),PA,3,False,T1_REROUTE_EXISTING,MIAMI-LUKEN INC,ABBOTT LABORATORIES -> MIAMI-LUKEN INC -> GOOD NEIGHBOR PHARMACY #2790 (PA),0.9815,1.0,0.0219,0.2652,1.5,74.3,102.0,0.0
MALLINCKRODT LLC,AMERISOURCEBERGEN DRUG CORP,HEALTH MART PHARMACY #5260 (PA),PA,2,False,T1_REROUTE_EXISTING,MIAMI-LUKEN INC,MALLINCKRODT LLC -> MIAMI-LUKEN INC -> HEALTH MART PHARMACY #5260 (PA),0.9815,1.0,0.0219,0.2652,1.5,49.5,67.9,0.0
VINTAGE PHARMACEUTICALS LLC,MORRIS & DICKSON CO LLC,MEDICO PHARMACY #1628 (FL),FL,2,False,T1_REROUTE_EXISTING,MIAMI-LUKEN INC,VINTAGE PHARMACEUTICALS LLC -> MIAMI-LUKEN INC -> MEDICO PHARMACY #1628 (FL),0.9815,1.0,0.0082,0.2598,1.5,49.5,67.9,0.0
JANSSEN PHARMACEUTICALS INC,ANDA INC,CORNER DRUG STORE #5842 (PA),PA,2,False,T1_REROUTE_EXISTING,MIAMI-LUKEN INC,JANSSEN PHARMACEUTICALS INC -> MIAMI-LUKEN INC -> CORNER DRUG STORE #5842 (PA),0.9815,1.0,0.0219,0.2652,1.5,49.5,67.9,0.0
SANDOZ INC,GULF COAST MEDICAL SUPPLY,WALGREENS #9879 (MD),MD,2,False,T1_REROUTE_EXISTING,MIAMI-LUKEN INC,SANDOZ INC -> MIAMI-LUKEN INC -> WALGREENS #9879 (MD),0.9815,1.0,0.0063,0.259,1.5,49.5,67.9,0.0
MYLAN PHARMACEUTICALS INC,MIAMI-LUKEN INC,WINN-DIXIE PHARMACY #8561 (LA),LA,2,False,T1_REROUTE_EXISTING,CARDINAL HEALTH INC,MYLAN PHARMACEUTICALS INC -> CARDINAL HEALTH INC -> WINN-DIXIE PHARMACY #8561 (LA),0.8652,0.1959,0.0471,0.115,1.5,49.5,67.9,0.0
QUALITEST PHARMACEUTICALS,MORRIS & DICKSON CO LLC,HEALTH MART PHARMACY #5901 (NE),NE,2,False,T1_REROUTE_EXISTING,CARDINAL HEALTH INC,QUALITEST PHARMACEUTICALS -> CARDINAL HEALTH INC -> HEALTH MART PHARMACY #5901 (NE),0.8652,0.1959,0.024,0.1057,1.5,49.5,67.9,0.0
TEVA PHARMACEUTICALS USA INC,DAKOTA DRUG INC,RITE AID #7819 (CA),CA,2,False,T1_REROUTE_EXISTING,CARDINAL HEALTH INC,TEVA PHARMACEUTICALS USA INC -> CARDINAL HEALTH INC -> RITE AID #7819 (CA),0.8652,0.1959,0.0065,0.0988,1.5,49.5,67.9,0.0
JANSSEN PHARMACEUTICALS INC,MIAMI-LUKEN INC,WALMART PHARMACY #6240 (NC),NC,2,False,T1_REROUTE_EXISTING,DIRECT RX,JANSSEN PHARMACEUTICALS INC -> DIRECT RX -> WALMART PHARMACY #6240 (NC),0.8585,0.1504,0.1003,0.1273,1.5,49.5,67.9,0.0
VINTAGE PHARMACEUTICALS LLC,PENN PHARMACEUTICAL SERVICES INC,HOMETOWN PHARMACY #6513 (WV),WV,2,False,T1_REROUTE_EXISTING,MIAMI-LUKEN INC,VINTAGE PHARMACEUTICALS LLC -> MIAMI-LUKEN INC -> HOMETOWN PHARMACY #6513 (WV),0.9815,1.0,0.5743,0.4862,1.5,49.5,67.9,0.0
SANDOZ INC,SMITH DRUG COMPANY,HARRIS TEETER PHARMACY #4474 (IN),IN,2,False,T1_REROUTE_EXISTING,MIAMI-LUKEN INC,SANDOZ INC -> MIAMI-LUKEN INC -> HARRIS TEETER PHARMACY #4474 (IN),0.9815,1.0,0.0312,0.269,1.5,49.5,67.9,0.0
SUN PHARMA GLOBAL INC,AMERISOURCEBERGEN DRUG CORP,COMMUNITY PHARMACY #2490 (KY),KY,3,False,T1_REROUTE_EXISTING,MIAMI-LUKEN INC,SUN PHARMA GLOBAL INC -> MIAMI-LUKEN INC -> COMMUNITY PHARMACY #2490 (KY),0.9815,1.0,0.0243,0.2662,1.5,74.3,102.0,0.0
HIKMA PHARMACEUTICALS,HENRY SCHEIN INC,COMMUNITY PHARMACY #4854 (WY),WY,3,False,T1_REROUTE_EXISTING,DIRECT RX,HIKMA PHARMACEUTICALS -> DIRECT RX -> COMMUNITY PHARMACY #4854 (WY),0.8585,0.1504,0.014,0.0927,1.5,74.3,102.0,0.0
ABBOTT LABORATORIES,BURLINGTON DRUG COMPANY INC,COMMUNITY PHARMACY #9318 (AL),AL,2,False,T1_REROUTE_EXISTING,MIAMI-LUKEN INC,ABBOTT LABORATORIES -> MIAMI-LUKEN INC -> COMMUNITY PHARMACY #9318 (AL),0.9815,1.0,0.0012,0.2569,1.5,49.5,67.9,0.0
JANSSEN PHARMACEUTICALS INC,NATIONAL WHOLESALE DRUG CO INC,QUALITY CARE PHARMACY #3860 (VA),VA,2,False,T1_REROUTE_EXISTING,MIAMI-LUKEN INC,JANSSEN PHARMACEUTICALS INC -> MIAMI-LUKEN INC -> QUALITY CARE PHARMACY #3860 (VA),0.9815,1.0,0.0162,0.2629,1.5,49.5,67.9,0.0
ENDO PHARMACEUTICALS INC,MIAMI-LUKEN INC,HOMETOWN PHARMACY #7311 (LA),LA,2,False,T1_REROUTE_EXISTING,CARDINAL HEALTH INC,ENDO PHARMACEUTICALS INC -> CARDINAL HEALTH INC -> HOMETOWN PHARMACY #7311 (LA),0.8652,0.1959,0.0471,0.115,1.5,49.5,67.9,0.0
QUALITEST PHARMACEUTICALS,GULF COAST MEDICAL SUPPLY,WALGREENS #8038 (IN),IN,2,False,T1_REROUTE_EXISTING,MIAMI-LUKEN INC,QUALITEST PHARMACEUTICALS -> MIAMI-LUKEN INC -> WALGREENS #8038 (IN),0.9815,1.0,0.0312,0.269,1.5,49.5,67.9,0.0
HIKMA PHARMACEUTICALS,SMITH DRUG COMPANY,WALMART PHARMACY #6376 (OH),OH,3,False,T1_REROUTE_EXISTING,MIAMI-LUKEN INC,HIKMA PHARMACEUTICALS -> MIAMI-LUKEN INC -> WALMART PHARMACY #6376 (OH),0.9815,1.0,0.0308,0.2688,1.5,74.3,102.0,0.0
AMNEAL PHARMACEUTICALS LLC,KINRAY LLC,GOOD NEIGHBOR PHARMACY #6452 (TX),TX,2,False,T1_REROUTE_EXISTING,ANDA INC,AMNEAL PHARMACEUTICALS LLC -> ANDA INC -> GOOD NEIGHBOR PHARMACY #6452 (TX),0.8679,0.1459,0.0086,0.0862,1.5,49.5,67.9,0.0
ABBOTT LABORATORIES,CARDINAL HEALTH INC,QUALITY CARE PHARMACY #4665 (OH),OH,2,False,T1_REROUTE_EXISTING,MIAMI-LUKEN INC,ABBOTT LABORATORIES -> MIAMI-LUKEN INC -> QUALITY CARE PHARMACY #4665 (OH),0.9815,1.0,0.0308,0.2688,1.5,49.5,67.9,0.0
AMNEAL PHARMACEUTICALS LLC,GULF COAST MEDICAL SUPPLY,CVS PHARMACY #5105 (TN),TN,2,False,T1_REROUTE_EXISTING,MIAMI-LUKEN INC,AMNEAL PHARMACEUTICALS LLC -> MIAMI-LUKEN INC -> CVS PHARMACY #5105 (TN),0.9815,1.0,0.0288,0.268,1.5,49.5,67.9,0.0
MYLAN PHARMACEUTICALS INC,HD SMITH WHOLESALE DRUG CO,HOMETOWN PHARMACY #6387 (NC),NC,4,False,T1_REROUTE_EXISTING,MIAMI-LUKEN INC,MYLAN PHARMACEUTICALS INC -> MIAMI-LUKEN INC -> HOMETOWN PHARMACY #6387 (NC),0.9815,1.0,0.0471,0.2753,1.5,99.4,132.0,0.0
SANDOZ INC,KINRAY LLC,COMMUNITY PHARMACY #5405 (TX),TX,2,False,T1_REROUTE_EXISTING,MCKESSON CORPORATION,SANDOZ INC -> MCKESSON CORPORATION -> COMMUNITY PHARMACY #5405 (TX),0.8788,0.1815,0.0498,0.1077,1.5,49.5,67.9,0.0
MYLAN PHARMACEUTICALS INC,AMERISOURCEBERGEN DRUG CORP,MAIN STREET PHARMACY #6380 (KS),KS,3,False,T1_REROUTE_EXISTING,MIAMI-LUKEN INC,MYLAN PHARMACEUTICALS INC -> MIAMI-LUKEN INC -> MAIN STREET PHARMACY #6380 (KS),0.9815,1.0,0.0031,0.2577,1.5,74.3,102.0,0.0
RHODES TECHNOLOGIES,CARDINAL HEALTH INC,CORNER DRUG STORE #3031 (NE),NE,2,False,T1_REROUTE_EXISTING,MIAMI-LUKEN INC,RHODES TECHNOLOGIES -> MIAMI-LUKEN INC -> CORNER DRUG STORE #3031 (NE),0.9815,1.0,0.004,0.2581,1.5,49.5,67.9,0.0
IMPAX LABORATORIES INC,MIAMI-LUKEN INC,COMMUNITY PHARMACY #7647 (MI),MI,2,False,T1_REROUTE_EXISTING,DIRECT RX,IMPAX LABORATORIES INC -> DIRECT RX -> COMMUNITY PHARMACY #7647 (MI),0.8585,0.1504,0.087,0.122,1.5,49.5,67.9,0.0
HIKMA PHARMACEUTICALS,BURLINGTON DRUG COMPANY INC,MEDICO PHARMACY #2352 (OK),OK,3,False,T1_REROUTE_EXISTING,MCKESSON CORPORATION,HIKMA PHARMACEUTICALS -> MCKESSON CORPORATION -> MEDICO PHARMACY #2352 (OK),0.8788,0.1815,0.0119,0.0926,1.5,74.3,102.0,0.0
SANDOZ INC,PRESCRIPTION SUPPLY INC,HOMETOWN PHARMACY #6061 (MI),MI,2,False,T1_REROUTE_EXISTING,MIAMI-LUKEN INC,SANDOZ INC -> MIAMI-LUKEN INC -> HOMETOWN PHARMACY #6061 (MI),0.9815,1.0,0.0252,0.2666,1.5,49.5,67.9,0.0
ENDO PHARMACEUTICALS INC,DAKOTA DRUG INC,FAMILY CARE PHARMACY #6977 (NC),NC,2,False,T1_REROUTE_EXISTING,MIAMI-LUKEN INC,ENDO PHARMACEUTICALS INC -> MIAMI-LUKEN INC -> FAMILY CARE PHARMACY #6977 (NC),0.9815,1.0,0.0471,0.2753,1.5,49.5,67.9,0.0
VINTAGE PHARMACEUTICALS LLC,BURLINGTON DRUG COMPANY INC,HOMETOWN PHARMACY #5569 (NC),NC,2,False,T1_REROUTE_EXISTING,MIAMI-LUKEN INC,VINTAGE PHARMACEUTICALS LLC -> MIAMI-LUKEN INC -> HOMETOWN PHARMACY #5569 (NC),0.9815,1.0,0.0471,0.2753,1.5,49.5,67.9,0.0
ACTAVIS PHARMA INC,BELLCO DRUG CORP,HARRIS TEETER PHARMACY #4306 (PA),PA,2,False,T1_REROUTE_EXISTING,MIAMI-LUKEN INC,ACTAVIS PHARMA INC -> MIAMI-LUKEN INC -> HARRIS TEETER PHARMACY #4306 (PA),0.9815,1.0,0.0219,0.2652,1.5,49.5,67.9,0.0
MALLINCKRODT LLC,HD SMITH WHOLESALE DRUG CO,PEOPLES PHARMACY #6990 (OH),OH,2,False,T1_REROUTE_EXISTING,MIAMI-LUKEN INC,MALLINCKRODT LLC -> MIAMI-LUKEN INC -> PEOPLES PHARMACY #6990 (OH),0.9815,1.0,0.0308,0.2688,1.5,49.5,67.9,0.0
ABBOTT LABORATORIES,NATIONAL WHOLESALE DRUG CO INC,HARRIS TEETER PHARMACY #9419 (IA),IA,3,True,T1_REROUTE_EXISTING,MCKESSON CORPORATION,ABBOTT LABORATORIES -> MCKESSON CORPORATION -> HARRIS TEETER PHARMACY #9419 (IA),0.8788,0.1815,0.0056,0.0901,1.5,74.3,102.0,27.6
QUALITEST PHARMACEUTICALS,BURLINGTON DRUG COMPANY INC,WALGREENS #4571 (VA),VA,2,False,T1_REROUTE_EXISTING,MIAMI-LUKEN INC,QUALITEST PHARMACEUTICALS -> MIAMI-LUKEN INC -> WALGREENS #4571 (VA),0.9815,1.0,0.0162,0.2629,1.5,49.5,67.9,0.0
IMPAX LABORATORIES INC,DAKOTA DRUG INC,WINN-DIXIE PHARMACY #6356 (UT),UT,2,False,T1_REROUTE_EXISTING,MIAMI-LUKEN INC,IMPAX LABORATORIES INC -> MIAMI-LUKEN INC -> WINN-DIXIE PHARMACY #6356 (UT),0.9815,1.0,0.0026,0.2575,1.5,49.5,67.9,0.0
WATSON LABORATORIES INC,HD SMITH WHOLESALE DRUG CO,COMMUNITY PHARMACY #9436 (WV),WV,2,False,T1_REROUTE_EXISTING,MIAMI-LUKEN INC,WATSON LABORATORIES INC -> MIAMI-LUKEN INC -> COMMUNITY PHARMACY #9436 (WV),0.9815,1.0,0.5743,0.4862,1.5,49.5,67.9,0.0
JANSSEN PHARMACEUTICALS INC,KEYSOURCE MEDICAL INC,RITE AID #9322 (LA),LA,2,False,T1_REROUTE_EXISTING,MIAMI-LUKEN INC,JANSSEN PHARMACEUTICALS INC -> MIAMI-LUKEN INC -> RITE AID #9322 (LA),0.9815,1.0,0.0497,0.2764,1.5,49.5,67.9,0.0
WATSON LABORATORIES INC,MORRIS & DICKSON CO LLC,PEOPLES PHARMACY #3390 (LA),LA,2,False,T1_REROUTE_EXISTING,MIAMI-LUKEN INC,WATSON LABORATORIES INC -> MIAMI-LUKEN INC -> PEOPLES PHARMACY #3390 (LA),0.9815,1.0,0.0497,0.2764,1.5,49.5,67.9,0.0
LANNETT COMPANY INC,CARDINAL HEALTH INC,WALGREENS #8038 (IN),IN,2,False,T1_REROUTE_EXISTING,MIAMI-LUKEN INC,LANNETT COMPANY INC -> MIAMI-LUKEN INC -> WALGREENS #8038 (IN),0.9815,1.0,0.0312,0.269,1.5,49.5,67.9,0.0
SANDOZ INC,MORRIS & DICKSON CO LLC,PUBLIX PHARMACY #7202 (CT),CT,2,False,T1_REROUTE_EXISTING,MIAMI-LUKEN INC,SANDOZ INC -> MIAMI-LUKEN INC -> PUBLIX PHARMACY #7202 (CT),0.9815,1.0,0.0017,0.2572,1.5,49.5,67.9,0.0
JANSSEN PHARMACEUTICALS INC,BURLINGTON DRUG COMPANY INC,GOOD NEIGHBOR PHARMACY #5339 (PA),PA,2,False,T1_REROUTE_EXISTING,MIAMI-LUKEN INC,JANSSEN PHARMACEUTICALS INC -> MIAMI-LUKEN INC -> GOOD NEIGHBOR PHARMACY #5339 (PA),0.9815,1.0,0.0219,0.2652,1.5,49.5,67.9,0.0
PURDUE PHARMA LP,DIRECT RX,MAIN STREET PHARMACY #3220 (NV),NV,2,False,T1_REROUTE_EXISTING,MIAMI-LUKEN INC,PURDUE PHARMA LP -> MIAMI-LUKEN INC -> MAIN STREET PHARMACY #3220 (NV),0.9815,1.0,0.0024,0.2574,1.5,49.5,67.9,0.0
WATSON LABORATORIES INC,HD SMITH WHOLESALE DRUG CO,SUNRISE PHARMACY #7649 (PA),PA,4,False,T1_REROUTE_EXISTING,MIAMI-LUKEN INC,WATSON LABORATORIES INC -> MIAMI-LUKEN INC -> SUNRISE PHARMACY #7649 (PA),0.9815,1.0,0.0219,0.2652,1.5,99.4,132.0,0.0
MALLINCKRODT LLC,NATIONAL WHOLESALE DRUG CO INC,FAMILY CARE PHARMACY #1327 (ND),ND,2,False,T1_REROUTE_EXISTING,MIAMI-LUKEN INC,MALLINCKRODT LLC -> MIAMI-LUKEN INC -> FAMILY CARE PHARMACY #1327 (ND),0.9815,1.0,0.0037,0.2579,1.5,49.5,67.9,0.0
TEVA PHARMACEUTICALS USA INC,HD SMITH WHOLESALE DRUG CO,MEDICO PHARMACY #8971 (LA),LA,3,False,T1_REROUTE_EXISTING,CARDINAL HEALTH INC,TEVA PHARMACEUTICALS USA INC -> CARDINAL HEALTH INC -> MEDICO PHARMACY #8971 (LA),0.8652,0.1959,0.0471,0.115,1.5,74.3,102.0,0.0
PURDUE PHARMA LP,HENRY SCHEIN INC,VILLAGE PHARMACY #9720 (VA),VA,2,False,T1_REROUTE_EXISTING,MIAMI-LUKEN INC,PURDUE PHARMA LP -> MIAMI-LUKEN INC -> VILLAGE PHARMACY #9720 (VA),0.9815,1.0,0.0162,0.2629,1.5,49.5,67.9,0.0
WATSON LABORATORIES INC,HD SMITH WHOLESALE DRUG CO,QUALITY CARE PHARMACY #3729 (OH),OH,2,False,T1_REROUTE_EXISTING,MIAMI-LUKEN INC,WATSON LABORATORIES INC -> MIAMI-LUKEN INC -> QUALITY CARE PHARMACY #3729 (OH),0.9815,1.0,0.0308,0.2688,1.5,49.5,67.9,0.0
SUN PHARMA GLOBAL INC,GULF COAST MEDICAL SUPPLY,PEOPLES PHARMACY #2825 (IA),IA,2,False,T1_REROUTE_EXISTING,MIAMI-LUKEN INC,SUN PHARMA GLOBAL INC -> MIAMI-LUKEN INC -> PEOPLES PHARMACY #2825 (IA),0.9815,1.0,0.0077,0.2596,1.5,49.5,67.9,0.0
SUN PHARMA GLOBAL INC,KEYSOURCE MEDICAL INC,WALMART PHARMACY #1339 (NC),NC,3,False,T1_REROUTE_EXISTING,MIAMI-LUKEN INC,SUN PHARMA GLOBAL INC -> MIAMI-LUKEN INC -> WALMART PHARMACY #1339 (NC),0.9815,1.0,0.0471,0.2753,1.5,74.3,102.0,0.0
SUN PHARMA GLOBAL INC,ANDA INC,HOMETOWN PHARMACY #9727 (AK),AK,2,False,T1_REROUTE_EXISTING,MIAMI-LUKEN INC,SUN PHARMA GLOBAL INC -> MIAMI-LUKEN INC -> HOMETOWN PHARMACY #9727 (AK),0.9815,1.0,0.0026,0.2575,1.5,49.5,67.9,0.0
ACTAVIS PHARMA INC,BELLCO DRUG CORP,PUBLIX PHARMACY #1697 (MI),MI,3,False,T1_REROUTE_EXISTING,MIAMI-LUKEN INC,ACTAVIS PHARMA INC -> MIAMI-LUKEN INC -> PUBLIX PHARMACY #1697 (MI),0.9815,1.0,0.0252,0.2666,1.5,74.3,102.0,0.0
ABBOTT LABORATORIES,KEYSOURCE MEDICAL INC,MEDICO PHARMACY #8978 (MI),MI,2,False,T1_REROUTE_EXISTING,MIAMI-LUKEN INC,ABBOTT LABORATORIES -> MIAMI-LUKEN INC -> MEDICO PHARMACY #8978 (MI),0.9815,1.0,0.0252,0.2666,1.5,49.5,67.9,0.0
TEVA PHARMACEUTICALS USA INC,ANDA INC,HARRIS TEETER PHARMACY #7528 (IN),IN,3,False,T1_REROUTE_EXISTING,MIAMI-LUKEN INC,TEVA PHARMACEUTICALS USA INC -> MIAMI-LUKEN INC -> HARRIS TEETER PHARMACY #7528 (IN),0.9815,1.0,0.0312,0.269,1.5,74.3,102.0,0.0
JANSSEN PHARMACEUTICALS INC,SMITH DRUG COMPANY,VILLAGE PHARMACY #8618 (LA),LA,2,False,T1_REROUTE_EXISTING,MIAMI-LUKEN INC,JANSSEN PHARMACEUTICALS INC -> MIAMI-LUKEN INC -> VILLAGE PHARMACY #8618 (LA),0.9815,1.0,0.0497,0.2764,1.5,49.5,67.9,0.0
TEVA PHARMACEUTICALS USA INC,KINRAY LLC,WALGREENS #8885 (WI),WI,2,False,T1_REROUTE_EXISTING,BURLINGTON DRUG COMPANY INC,TEVA PHARMACEUTICALS USA INC -> BURLINGTON DRUG COMPANY INC -> WALGREENS #8885 (WI),0.8768,0.1637,0.0045,0.0858,1.5,49.5,67.9,0.0
VINTAGE PHARMACEUTICALS LLC,DIRECT RX,RITE AID #9320 (LA),LA,2,False,T1_REROUTE_EXISTING,CARDINAL HEALTH INC,VINTAGE PHARMACEUTICALS LLC -> CARDINAL HEALTH INC -> RITE AID #9320 (LA),0.8652,0.1959,0.0471,0.115,1.5,49.5,67.9,0.0
AMNEAL PHARMACEUTICALS LLC,GULF COAST MEDICAL SUPPLY,WINN-DIXIE PHARMACY #2880 (MI),MI,3,False,T1_REROUTE_EXISTING,MIAMI-LUKEN INC,AMNEAL PHARMACEUTICALS LLC -> MIAMI-LUKEN INC -> WINN-DIXIE PHARMACY #2880 (MI),0.9815,1.0,0.0252,0.2666,1.5,74.3,102.0,0.0
MYLAN PHARMACEUTICALS INC,BURLINGTON DRUG COMPANY INC,PEOPLES PHARMACY #6564 (IN),IN,2,False,T1_REROUTE_EXISTING,MIAMI-LUKEN INC,MYLAN PHARMACEUTICALS INC -> MIAMI-LUKEN INC -> PEOPLES PHARMACY #6564 (IN),0.9815,1.0,0.0312,0.269,1.5,49.5,67.9,0.0
PAR PHARMACEUTICAL INC,SMITH DRUG COMPANY,KROGER PHARMACY #3100 (MI),MI,2,False,T1_REROUTE_EXISTING,MIAMI-LUKEN INC,PAR PHARMACEUTICAL INC -> MIAMI-LUKEN INC -> KROGER PHARMACY #3100 (MI),0.9815,1.0,0.0252,0.2666,1.5,49.5,67.9,0.0
ENDO PHARMACEUTICALS INC,GULF COAST MEDICAL SUPPLY,VILLAGE PHARMACY #8587 (CT),CT,2,False,T1_REROUTE_EXISTING,MIAMI-LUKEN INC,ENDO PHARMACEUTICALS INC -> MIAMI-LUKEN INC -> VILLAGE PHARMACY #8587 (CT),0.9815,1.0,0.0017,0.2572,1.5,49.5,67.9,0.0
ACTAVIS PHARMA INC,BELLCO DRUG CORP,CORNER DRUG STORE #4480 (IN),IN,2,False,T1_REROUTE_EXISTING,MIAMI-LUKEN INC,ACTAVIS PHARMA INC -> MIAMI-LUKEN INC -> CORNER DRUG STORE #4480 (IN),0.9815,1.0,0.0312,0.269,1.5,49.5,67.9,0.0
SUN PHARMA GLOBAL INC,DAKOTA DRUG INC,CVS PHARMACY #6414 (OK),OK,2,False,T1_REROUTE_EXISTING,MIAMI-LUKEN INC,SUN PHARMA GLOBAL INC -> MIAMI-LUKEN INC -> CVS PHARMACY #6414 (OK),0.9815,1.0,0.0072,0.2594,1.5,49.5,67.9,0.0
JANSSEN PHARMACEUTICALS INC,HENRY SCHEIN INC,CORNER DRUG STORE #2658 (AK),AK,3,True,T1_REROUTE_EXISTING,MCKESSON CORPORATION,JANSSEN PHARMACEUTICALS INC -> MCKESSON CORPORATION -> CORNER DRUG STORE #2658 (AK),0.8788,0.1815,0.0022,0.0887,1.5,74.3,102.0,27.6
QUALITEST PHARMACEUTICALS,GULF COAST MEDICAL SUPPLY,HARRIS TEETER PHARMACY #9191 (IN),IN,2,False,T1_REROUTE_EXISTING,CARDINAL HEALTH INC,QUALITEST PHARMACEUTICALS -> CARDINAL HEALTH INC -> HARRIS TEETER PHARMACY #9191 (IN),0.8652,0.1959,0.0413,0.1127,1.5,49.5,67.9,0.0
RHODES TECHNOLOGIES,PRESCRIPTION SUPPLY INC,MAIN STREET PHARMACY #5473 (OH),OH,2,False,T1_REROUTE_EXISTING,MIAMI-LUKEN INC,RHODES TECHNOLOGIES -> MIAMI-LUKEN INC -> MAIN STREET PHARMACY #5473 (OH),0.9815,1.0,0.0308,0.2688,1.5,49.5,67.9,0.0
RHODES TECHNOLOGIES,DAKOTA DRUG INC,HOMETOWN PHARMACY #4482 (KY),KY,2,False,T1_REROUTE_EXISTING,MIAMI-LUKEN INC,RHODES TECHNOLOGIES -> MIAMI-LUKEN INC -> HOMETOWN PHARMACY #4482 (KY),0.9815,1.0,0.0243,0.2662,1.5,49.5,67.9,0.0
LANNETT COMPANY INC,DIRECT RX,CORNER DRUG STORE #2236 (KY),KY,2,False,T1_REROUTE_EXISTING,MIAMI-LUKEN INC,LANNETT COMPANY INC -> MIAMI-LUKEN INC -> CORNER DRUG STORE #2236 (KY),0.9815,1.0,0.0243,0.2662,1.5,49.5,67.9,0.0
CADISTA PHARMACEUTICALS INC,BELLCO DRUG CORP,KROGER PHARMACY #9499 (WI),WI,3,False,T1_REROUTE_EXISTING,MIAMI-LUKEN INC,CADISTA PHARMACEUTICALS INC -> MIAMI-LUKEN INC -> KROGER PHARMACY #9499 (WI),0.9815,1.0,0.0014,0.257,1.5,74.3,102.0,0.0
AMNEAL PHARMACEUTICALS LLC,HENRY SCHEIN INC,MEDICO PHARMACY #4239 (VT),VT,4,True,T1_REROUTE_EXISTING,MIAMI-LUKEN INC,AMNEAL PHARMACEUTICALS LLC -> MIAMI-LUKEN INC -> MEDICO PHARMACY #4239 (VT),0.9815,1.0,0.0021,0.2573,1.5,99.4,132.0,32.6
IMPAX LABORATORIES INC,MCKESSON CORPORATION,HARRIS TEETER PHARMACY #9689 (OK),OK,2,False,T1_REROUTE_EXISTING,MIAMI-LUKEN INC,IMPAX LABORATORIES INC -> MIAMI-LUKEN INC -> HARRIS TEETER PHARMACY #9689 (OK),0.9815,1.0,0.0072,0.2594,1.5,49.5,67.9,0.0
JANSSEN PHARMACEUTICALS INC,AMERISOURCEBERGEN DRUG CORP,MAIN STREET PHARMACY #8777 (MI),MI,3,False,T1_REROUTE_EXISTING,MIAMI-LUKEN INC,JANSSEN PHARMACEUTICALS INC -> MIAMI-LUKEN INC -> MAIN STREET PHARMACY #8777 (MI),0.9815,1.0,0.0252,0.2666,1.5,74.3,102.0,0.0
CADISTA PHARMACEUTICALS INC,DIRECT RX,MEDICO PHARMACY #9378 (TN),TN,3,False,T1_REROUTE_EXISTING,MIAMI-LUKEN INC,CADISTA PHARMACEUTICALS INC -> MIAMI-LUKEN INC -> MEDICO PHARMACY #9378 (TN),0.9815,1.0,0.0288,0.268,1.5,74.3,102.0,0.0
IMPAX LABORATORIES INC,KEYSOURCE MEDICAL INC,CVS PHARMACY #6302 (ID),ID,3,False,T1_REROUTE_EXISTING,MIAMI-LUKEN INC,IMPAX LABORATORIES INC -> MIAMI-LUKEN INC -> CVS PHARMACY #6302 (ID),0.9815,1.0,0.0065,0.2591,1.5,74.3,102.0,0.0
PAR PHARMACEUTICAL INC,KINRAY LLC,MAIN STREET PHARMACY #4656 (ME),ME,2,False,T1_REROUTE_EXISTING,CARDINAL HEALTH INC,PAR PHARMACEUTICAL INC -> CARDINAL HEALTH INC -> MAIN STREET PHARMACY #4656 (ME),0.8652,0.1959,0.0066,0.0988,1.5,49.5,67.9,0.0
IMPAX LABORATORIES INC,GULF COAST MEDICAL SUPPLY,VILLAGE PHARMACY #4459 (DE),DE,3,False,T1_REROUTE_EXISTING,KINRAY LLC,IMPAX LABORATORIES INC -> KINRAY LLC -> VILLAGE PHARMACY #4459 (DE),0.8683,0.1632,0.0039,0.0884,1.5,74.3,102.0,0.0
ACTAVIS PHARMA INC,DIRECT RX,VILLAGE PHARMACY #4294 (PA),PA,2,False,T1_REROUTE_EXISTING,MIAMI-LUKEN INC,ACTAVIS PHARMA INC -> MIAMI-LUKEN INC -> VILLAGE PHARMACY #4294 (PA),0.9815,1.0,0.0219,0.2652,1.5,49.5,67.9,0.0
MYLAN PHARMACEUTICALS INC,HENRY SCHEIN INC,WALMART PHARMACY #1339 (NC),NC,2,False,T1_REROUTE_EXISTING,MIAMI-LUKEN INC,MYLAN PHARMACEUTICALS INC -> MIAMI-LUKEN INC -> WALMART PHARMACY #1339 (NC),0.9815,1.0,0.0471,0.2753,1.5,49.5,67.9,0.0
TEVA PHARMACEUTICALS USA INC,BELLCO DRUG CORP,CORNER DRUG STORE #6232 (MI),MI,2,False,T1_REROUTE_EXISTING,MIAMI-LUKEN INC,TEVA PHARMACEUTICALS USA INC -> MIAMI-LUKEN INC -> CORNER DRUG STORE #6232 (MI),0.9815,1.0,0.0252,0.2666,1.5,49.5,67.9,0.0
CADISTA PHARMACEUTICALS INC,HD SMITH WHOLESALE DRUG CO,HARRIS TEETER PHARMACY #7261 (KY),KY,2,False,T1_REROUTE_EXISTING,MIAMI-LUKEN INC,CADISTA PHARMACEUTICALS INC -> MIAMI-LUKEN INC -> HARRIS TEETER PHARMACY #7261 (KY),0.9815,1.0,0.0243,0.2662,1.5,49.5,67.9,0.0
SUN PHARMA GLOBAL INC,ANDA INC,GOOD NEIGHBOR PHARMACY #7746 (TN),TN,2,False,T1_REROUTE_EXISTING,MIAMI-LUKEN INC,SUN PHARMA GLOBAL INC -> MIAMI-LUKEN INC -> GOOD NEIGHBOR PHARMACY #7746 (TN),0.9815,1.0,0.0288,0.268,1.5,49.5,67.9,0.0
MALLINCKRODT LLC,DAKOTA DRUG INC,CVS PHARMACY #6466 (KY),KY,3,False,T1_REROUTE_EXISTING,MIAMI-LUKEN INC,MALLINCKRODT LLC -> MIAMI-LUKEN INC -> CVS PHARMACY #6466 (KY),0.9815,1.0,0.0243,0.2662,1.5,74.3,102.0,0.0
ABBOTT LABORATORIES,PENN PHARMACEUTICAL SERVICES INC,HEALTH MART PHARMACY #8815 (OH),OH,2,False,T1_REROUTE_EXISTING,MIAMI-LUKEN INC,ABBOTT LABORATORIES -> MIAMI-LUKEN INC -> HEALTH MART PHARMACY #8815 (OH),0.9815,1.0,0.0308,0.2688,1.5,49.5,67.9,0.0
SANDOZ INC,KEYSOURCE MEDICAL INC,WALGREENS #1373 (PA),PA,2,False,T1_REROUTE_EXISTING,MIAMI-LUKEN INC,SANDOZ INC -> MIAMI-LUKEN INC -> WALGREENS #1373 (PA),0.9815,1.0,0.0219,0.2652,1.5,49.5,67.9,0.0
WATSON LABORATORIES INC,DAKOTA DRUG INC,VILLAGE PHARMACY #9720 (VA),VA,2,False,T1_REROUTE_EXISTING,MIAMI-LUKEN INC,WATSON LABORATORIES INC -> MIAMI-LUKEN INC -> VILLAGE PHARMACY #9720 (VA),0.9815,1.0,0.0162,0.2629,1.5,49.5,67.9,0.0
LANNETT COMPANY INC,SMITH DRUG COMPANY,VILLAGE PHARMACY #2028 (TN),TN,2,False,T1_REROUTE_EXISTING,CARDINAL HEALTH INC,LANNETT COMPANY INC -> CARDINAL HEALTH INC -> VILLAGE PHARMACY #2028 (TN),0.8652,0.1959,0.1,0.1362,1.5,49.5,67.9,0.0
RHODES TECHNOLOGIES,PRESCRIPTION SUPPLY INC,QUALITY CARE PHARMACY #6849 (ID),ID,2,False,T1_REROUTE_EXISTING,MIAMI-LUKEN INC,RHODES TECHNOLOGIES -> MIAMI-LUKEN INC -> QUALITY CARE PHARMACY #6849 (ID),0.9815,1.0,0.0065,0.2591,1.5,49.5,67.9,0.0
SUN PHARMA GLOBAL INC,NATIONAL WHOLESALE DRUG CO INC,KROGER PHARMACY #9531 (NJ),NJ,2,False,T1_REROUTE_EXISTING,MIAMI-LUKEN INC,SUN PHARMA GLOBAL INC -> MIAMI-LUKEN INC -> KROGER PHARMACY #9531 (NJ),0.9815,1.0,0.0028,0.2576,1.5,49.5,67.9,0.0
WATSON LABORATORIES INC,MORRIS & DICKSON CO LLC,CORNER DRUG STORE #6232 (MI),MI,2,False,T1_REROUTE_EXISTING,MIAMI-LUKEN INC,WATSON LABORATORIES INC -> MIAMI-LUKEN INC -> CORNER DRUG STORE #6232 (MI),0.9815,1.0,0.0252,0.2666,1.5,49.5,67.9,0.0
ENDO PHARMACEUTICALS INC,HENRY SCHEIN INC,FAMILY CARE PHARMACY #6977 (NC),NC,2,False,T1_REROUTE_EXISTING,MIAMI-LUKEN INC,ENDO PHARMACEUTICALS INC -> MIAMI-LUKEN INC -> FAMILY CARE PHARMACY #6977 (NC),0.9815,1.0,0.0471,0.2753,1.5,49.5,67.9,0.0
PURDUE PHARMA LP,HENRY SCHEIN INC,RITE AID #3349 (TN),TN,2,False,T1_REROUTE_EXISTING,MIAMI-LUKEN INC,PURDUE PHARMA LP -> MIAMI-LUKEN INC -> RITE AID #3349 (TN),0.9815,1.0,0.0288,0.268,1.5,49.5,67.9,0.0
HIKMA PHARMACEUTICALS,MIAMI-LUKEN INC,GOOD NEIGHBOR PHARMACY #5677 (LA),LA,2,False,T1_REROUTE_EXISTING,CARDINAL HEALTH INC,HIKMA PHARMACEUTICALS -> CARDINAL HEALTH INC -> GOOD NEIGHBOR PHARMACY #5677 (LA),0.8652,0.1959,0.0471,0.115,1.5,49.5,67.9,0.0
MALLINCKRODT LLC,HD SMITH WHOLESALE DRUG CO,QUALITY CARE PHARMACY #6507 (NC),NC,3,False,T1_REROUTE_EXISTING,MIAMI-LUKEN INC,MALLINCKRODT LLC -> MIAMI-LUKEN INC -> QUALITY CARE PHARMACY #6507 (NC),0.9815,1.0,0.0471,0.2753,1.5,74.3,102.0,0.0
PURDUE PHARMA LP,DIRECT RX,HARRIS TEETER PHARMACY #1096 (WV),WV,3,False,T1_REROUTE_EXISTING,MIAMI-LUKEN INC,PURDUE PHARMA LP -> MIAMI-LUKEN INC -> HARRIS TEETER PHARMACY #1096 (WV),0.9815,1.0,0.5743,0.4862,1.5,74.3,102.0,0.0
PAR PHARMACEUTICAL INC,HD SMITH WHOLESALE DRUG CO,WINN-DIXIE PHARMACY #5962 (PA),PA,2,False,T1_REROUTE_EXISTING,MIAMI-LUKEN INC,PAR PHARMACEUTICAL INC -> MIAMI-LUKEN INC -> WINN-DIXIE PHARMACY #5962 (PA),0.9815,1.0,0.0219,0.2652,1.5,49.5,67.9,0.0
QUALITEST PHARMACEUTICALS,MCKESSON CORPORATION,WALMART PHARMACY #9312 (PA),PA,2,False,T1_REROUTE_EXISTING,MIAMI-LUKEN INC,QUALITEST PHARMACEUTICALS -> MIAMI-LUKEN INC -> WALMART PHARMACY #9312 (PA),0.9815,1.0,0.0219,0.2652,1.5,49.5,67.9,0.0
PAR PHARMACEUTICAL INC,PENN PHARMACEUTICAL SERVICES INC,FAMILY CARE PHARMACY #5612 (LA),LA,2,False,T1_REROUTE_EXISTING,MIAMI-LUKEN INC,PAR PHARMACEUTICAL INC -> MIAMI-LUKEN INC -> FAMILY CARE PHARMACY #5612 (LA),0.9815,1.0,0.0497,0.2764,1.5,49.5,67.9,0.0
CADISTA PHARMACEUTICALS INC,MORRIS & DICKSON CO LLC,CORNER DRUG STORE #4480 (IN),IN,3,False,T1_REROUTE_EXISTING,MIAMI-LUKEN INC,CADISTA PHARMACEUTICALS INC -> MIAMI-LUKEN INC -> CORNER DRUG STORE #4480 (IN),0.9815,1.0,0.0312,0.269,1.5,74.3,102.0,0.0
ENDO PHARMACEUTICALS INC,MIAMI-LUKEN INC,HARRIS TEETER PHARMACY #3473 (WV),WV,3,False,T1_REROUTE_EXISTING,CARDINAL HEALTH INC,ENDO PHARMACEUTICALS INC -> CARDINAL HEALTH INC -> HARRIS TEETER PHARMACY #3473 (WV),0.8652,0.1959,0.0846,0.13,1.5,74.3,102.0,0.0
IMPAX LABORATORIES INC,KINRAY LLC,PEOPLES PHARMACY #1397 (OH),OH,2,False,T1_REROUTE_EXISTING,MIAMI-LUKEN INC,IMPAX LABORATORIES INC -> MIAMI-LUKEN INC -> PEOPLES PHARMACY #1397 (OH),0.9815,1.0,0.0308,0.2688,1.5,49.5,67.9,0.0
MALLINCKRODT LLC,DIRECT RX,GOOD NEIGHBOR PHARMACY #8844 (OK),OK,2,False,T1_REROUTE_EXISTING,MIAMI-LUKEN INC,MALLINCKRODT LLC -> MIAMI-LUKEN INC -> GOOD NEIGHBOR PHARMACY #8844 (OK),0.9815,1.0,0.0072,0.2594,1.5,49.5,67.9,0.0
RHODES TECHNOLOGIES,MIAMI-LUKEN INC,WALMART PHARMACY #6240 (NC),NC,3,False,T1_REROUTE_EXISTING,DIRECT RX,RHODES TECHNOLOGIES -> DIRECT RX -> WALMART PHARMACY #6240 (NC),0.8585,0.1504,0.1003,0.1273,1.5,74.3,102.0,0.0
SANDOZ INC,MORRIS & DICKSON CO LLC,WALGREENS #9211 (LA),LA,2,False,T1_REROUTE_EXISTING,MIAMI-LUKEN INC,SANDOZ INC -> MIAMI-LUKEN INC -> WALGREENS #9211 (LA),0.9815,1.0,0.0497,0.2764,1.5,49.5,67.9,0.0
VINTAGE PHARMACEUTICALS LLC,DIRECT RX,PEOPLES PHARMACY #2093 (AR),AR,2,False,T1_REROUTE_EXISTING,MIAMI-LUKEN INC,VINTAGE PHARMACEUTICALS LLC -> MIAMI-LUKEN INC -> PEOPLES PHARMACY #2093 (AR),0.9815,1.0,0.0064,0.259,1.5,49.5,67.9,0.0
QUALITEST PHARMACEUTICALS,ANDA INC,WALGREENS #3575 (OH),OH,2,False,T1_REROUTE_EXISTING,MIAMI-LUKEN INC,QUALITEST PHARMACEUTICALS -> MIAMI-LUKEN INC -> WALGREENS #3575 (OH),0.9815,1.0,0.0308,0.2688,1.5,49.5,67.9,0.0
LANNETT COMPANY INC,SMITH DRUG COMPANY,PEOPLES PHARMACY #7557 (OH),OH,3,False,T1_REROUTE_EXISTING,MIAMI-LUKEN INC,LANNETT COMPANY INC -> MIAMI-LUKEN INC -> PEOPLES PHARMACY #7557 (OH),0.9815,1.0,0.0308,0.2688,1.5,74.3,102.0,0.0
PURDUE PHARMA LP,PRESCRIPTION SUPPLY INC,WALGREENS #9879 (MD),MD,2,False,T1_REROUTE_EXISTING,MIAMI-LUKEN INC,PURDUE PHARMA LP -> MIAMI-LUKEN INC -> WALGREENS #9879 (MD),0.9815,1.0,0.0063,0.259,1.5,49.5,67.9,0.0
JANSSEN PHARMACEUTICALS INC,NATIONAL WHOLESALE DRUG CO INC,PEOPLES PHARMACY #5108 (MI),MI,2,False,T1_REROUTE_EXISTING,MIAMI-LUKEN INC,JANSSEN PHARMACEUTICALS INC -> MIAMI-LUKEN INC -> PEOPLES PHARMACY #5108 (MI),0.9815,1.0,0.0252,0.2666,1.5,49.5,67.9,0.0
HIKMA PHARMACEUTICALS,HD SMITH WHOLESALE DRUG CO,CORNER DRUG STORE #6200 (PA),PA,3,False,T1_REROUTE_EXISTING,MIAMI-LUKEN INC,HIKMA PHARMACEUTICALS -> MIAMI-LUKEN INC -> CORNER DRUG STORE #6200 (PA),0.9815,1.0,0.0219,0.2652,1.5,74.3,102.0,0.0
SANDOZ INC,NATIONAL WHOLESALE DRUG CO INC,GOOD NEIGHBOR PHARMACY #2790 (PA),PA,2,False,T1_REROUTE_EXISTING,MIAMI-LUKEN INC,SANDOZ INC -> MIAMI-LUKEN INC -> GOOD NEIGHBOR PHARMACY #2790 (PA),0.9815,1.0,0.0219,0.2652,1.5,49.5,67.9,0.0
ACTAVIS PHARMA INC,BURLINGTON DRUG COMPANY INC,COMMUNITY PHARMACY #2490 (KY),KY,2,False,T1_REROUTE_EXISTING,MIAMI-LUKEN INC,ACTAVIS PHARMA INC -> MIAMI-LUKEN INC -> COMMUNITY PHARMACY #2490 (KY),0.9815,1.0,0.0243,0.2662,1.5,49.5,67.9,0.0
ENDO PHARMACEUTICALS INC,BELLCO DRUG CORP,PUBLIX PHARMACY #9833 (MI),MI,2,False,T1_REROUTE_EXISTING,MIAMI-LUKEN INC,ENDO PHARMACEUTICALS INC -> MIAMI-LUKEN INC -> PUBLIX PHARMACY #9833 (MI),0.9815,1.0,0.0252,0.2666,1.5,49.5,67.9,0.0
IMPAX LABORATORIES INC,AMERISOURCEBERGEN DRUG CORP,MEDICO PHARMACY #4938 (TN),TN,2,False,T1_REROUTE_EXISTING,MIAMI-LUKEN INC,IMPAX LABORATORIES INC -> MIAMI-LUKEN INC -> MEDICO PHARMACY #4938 (TN),0.9815,1.0,0.0288,0.268,1.5,49.5,67.9,0.0
CADISTA PHARMACEUTICALS INC,GULF COAST MEDICAL SUPPLY,MEDICO PHARMACY #3872 (CT),CT,2,False,T1_REROUTE_EXISTING,MIAMI-LUKEN INC,CADISTA PHARMACEUTICALS INC -> MIAMI-LUKEN INC -> MEDICO PHARMACY #3872 (CT),0.9815,1.0,0.0017,0.2572,1.5,49.5,67.9,0.0
WATSON LABORATORIES INC,DAKOTA DRUG INC,WALGREENS #6088 (NV),NV,2,False,T1_REROUTE_EXISTING,MIAMI-LUKEN INC,WATSON LABORATORIES INC -> MIAMI-LUKEN INC -> WALGREENS #6088 (NV),0.9815,1.0,0.0024,0.2574,1.5,49.5,67.9,0.0
VINTAGE PHARMACEUTICALS LLC,GULF COAST MEDICAL SUPPLY,PEOPLES PHARMACY #8235 (MT),MT,2,False,T1_REROUTE_EXISTING,CARDINAL HEALTH INC,VINTAGE PHARMACEUTICALS LLC -> CARDINAL HEALTH INC -> PEOPLES PHARMACY #8235 (MT),0.8652,0.1959,0.0233,0.1055,1.5,49.5,67.9,0.0
VINTAGE PHARMACEUTICALS LLC,GULF COAST MEDICAL SUPPLY,WINN-DIXIE PHARMACY #6356 (UT),UT,2,False,T1_REROUTE_EXISTING,MIAMI-LUKEN INC,VINTAGE PHARMACEUTICALS LLC -> MIAMI-LUKEN INC -> WINN-DIXIE PHARMACY #6356 (UT),0.9815,1.0,0.0026,0.2575,1.5,49.5,67.9,0.0
MALLINCKRODT LLC,DIRECT RX,GOOD NEIGHBOR PHARMACY #5339 (PA),PA,2,False,T1_REROUTE_EXISTING,MIAMI-LUKEN INC,MALLINCKRODT LLC -> MIAMI-LUKEN INC -> GOOD NEIGHBOR PHARMACY #5339 (PA),0.9815,1.0,0.0219,0.2652,1.5,49.5,67.9,0.0
HIKMA PHARMACEUTICALS,BURLINGTON DRUG COMPANY INC,GOOD NEIGHBOR PHARMACY #7697 (PA),PA,2,False,T1_REROUTE_EXISTING,MIAMI-LUKEN INC,HIKMA PHARMACEUTICALS -> MIAMI-LUKEN INC -> GOOD NEIGHBOR PHARMACY #7697 (PA),0.9815,1.0,0.0219,0.2652,1.5,49.5,67.9,0.0
IMPAX LABORATORIES INC,SMITH DRUG COMPANY,KROGER PHARMACY #8403 (NV),NV,2,False,T1_REROUTE_EXISTING,MIAMI-LUKEN INC,IMPAX LABORATORIES INC -> MIAMI-LUKEN INC -> KROGER PHARMACY #8403 (NV),0.9815,1.0,0.0024,0.2574,1.5,49.5,67.9,0.0
CADISTA PHARMACEUTICALS INC,HD SMITH WHOLESALE DRUG CO,WINN-DIXIE PHARMACY #8378 (VA),VA,2,False,T1_REROUTE_EXISTING,MIAMI-LUKEN INC,CADISTA PHARMACEUTICALS INC -> MIAMI-LUKEN INC -> WINN-DIXIE PHARMACY #8378 (VA),0.9815,1.0,0.0162,0.2629,1.5,49.5,67.9,0.0
TEVA PHARMACEUTICALS USA INC,NATIONAL WHOLESALE DRUG CO INC,GOOD NEIGHBOR PHARMACY #5650 (PA),PA,2,False,T1_REROUTE_EXISTING,MIAMI-LUKEN INC,TEVA PHARMACEUTICALS USA INC -> MIAMI-LUKEN INC -> GOOD NEIGHBOR PHARMACY #5650 (PA),0.9815,1.0,0.0219,0.2652,1.5,49.5,67.9,0.0
ABBOTT LABORATORIES,SMITH DRUG COMPANY,SUNRISE PHARMACY #1937 (TN),TN,2,False,T1_REROUTE_EXISTING,MIAMI-LUKEN INC,ABBOTT LABORATORIES -> MIAMI-LUKEN INC -> SUNRISE PHARMACY #1937 (TN),0.9815,1.0,0.0288,0.268,1.5,49.5,67.9,0.0
SANDOZ INC,BELLCO DRUG CORP,KROGER PHARMACY #8012 (VA),VA,2,False,T1_REROUTE_EXISTING,MIAMI-LUKEN INC,SANDOZ INC -> MIAMI-LUKEN INC -> KROGER PHARMACY #8012 (VA),0.9815,1.0,0.0162,0.2629,1.5,49.5,67.9,0.0
LANNETT COMPANY INC,AMERISOURCEBERGEN DRUG CORP,WALMART PHARMACY #7653 (PA),PA,2,False,T1_REROUTE_EXISTING,MIAMI-LUKEN INC,LANNETT COMPANY INC -> MIAMI-LUKEN INC -> WALMART PHARMACY #7653 (PA),0.9815,1.0,0.0219,0.2652,1.5,49.5,67.9,0.0
MALLINCKRODT LLC,NATIONAL WHOLESALE DRUG CO INC,KROGER PHARMACY #5892 (NJ),NJ,2,False,T1_REROUTE_EXISTING,CARDINAL HEALTH INC,MALLINCKRODT LLC -> CARDINAL HEALTH INC -> KROGER PHARMACY #5892 (NJ),0.8652,0.1959,0.0311,0.1086,1.5,49.5,67.9,0.0
JANSSEN PHARMACEUTICALS INC,DAKOTA DRUG INC,WALGREENS #3575 (OH),OH,2,False,T1_REROUTE_EXISTING,MIAMI-LUKEN INC,JANSSEN PHARMACEUTICALS INC -> MIAMI-LUKEN INC -> WALGREENS #3575 (OH),0.9815,1.0,0.0308,0.2688,1.5,49.5,67.9,0.0
TEVA PHARMACEUTICALS USA INC,CARDINAL HEALTH INC,SUNRISE PHARMACY #6615 (LA),LA,2,False,T1_REROUTE_EXISTING,DAKOTA DRUG INC,TEVA PHARMACEUTICALS USA INC -> DAKOTA DRUG INC -> SUNRISE PHARMACY #6615 (LA),0.8719,0.1818,0.0426,0.1073,1.5,49.5,67.9,0.0
ACTAVIS PHARMA INC,KINRAY LLC,WALMART PHARMACY #9460 (CT),CT,2,False,T1_REROUTE_EXISTING,MIAMI-LUKEN INC,ACTAVIS PHARMA INC -> MIAMI-LUKEN INC -> WALMART PHARMACY #9460 (CT),0.9815,1.0,0.0017,0.2572,1.5,49.5,67.9,0.0
ABBOTT LABORATORIES,VALUEDRUGCO,KROGER PHARMACY #8403 (NV),NV,2,False,T1_REROUTE_EXISTING,MIAMI-LUKEN INC,ABBOTT LABORATORIES -> MIAMI-LUKEN INC -> KROGER PHARMACY #8403 (NV),0.9815,1.0,0.0024,0.2574,1.5,49.5,67.9,0.0
AMNEAL PHARMACEUTICALS LLC,DAKOTA DRUG INC,PUBLIX PHARMACY #7202 (CT),CT,2,False,T1_REROUTE_EXISTING,MIAMI-LUKEN INC,AMNEAL PHARMACEUTICALS LLC -> MIAMI-LUKEN INC -> PUBLIX PHARMACY #7202 (CT),0.9815,1.0,0.0017,0.2572,1.5,49.5,67.9,0.0
ABBOTT LABORATORIES,MCKESSON CORPORATION,GOOD NEIGHBOR PHARMACY #3769 (AL),AL,2,False,T1_REROUTE_EXISTING,MIAMI-LUKEN INC,ABBOTT LABORATORIES -> MIAMI-LUKEN INC -> GOOD NEIGHBOR PHARMACY #3769 (AL),0.9815,1.0,0.0012,0.2569,1.5,49.5,67.9,0.0
HIKMA PHARMACEUTICALS,PENN PHARMACEUTICAL SERVICES INC,WALGREENS #5846 (PA),PA,2,False,T1_REROUTE_EXISTING,MIAMI-LUKEN INC,HIKMA PHARMACEUTICALS -> MIAMI-LUKEN INC -> WALGREENS #5846 (PA),0.9815,1.0,0.0219,0.2652,1.5,49.5,67.9,0.0
SUN PHARMA GLOBAL INC,HENRY SCHEIN INC,KROGER PHARMACY #9282 (UT),UT,2,False,T1_REROUTE_EXISTING,BURLINGTON DRUG COMPANY INC,SUN PHARMA GLOBAL INC -> BURLINGTON DRUG COMPANY INC -> KROGER PHARMACY #9282 (UT),0.8768,0.1637,0.0112,0.0885,1.5,49.5,67.9,0.0
TEVA PHARMACEUTICALS USA INC,MIAMI-LUKEN INC,CORNER DRUG STORE #4406 (KY),KY,3,False,T1_REROUTE_EXISTING,KINRAY LLC,TEVA PHARMACEUTICALS USA INC -> KINRAY LLC -> CORNER DRUG STORE #4406 (KY),0.8683,0.1632,0.0979,0.1261,1.5,74.3,102.0,0.0
ACTAVIS PHARMA INC,PENN PHARMACEUTICAL SERVICES INC,GOOD NEIGHBOR PHARMACY #6129 (NC),NC,2,False,T1_REROUTE_EXISTING,MIAMI-LUKEN INC,ACTAVIS PHARMA INC -> MIAMI-LUKEN INC -> GOOD NEIGHBOR PHARMACY #6129 (NC),0.9815,1.0,0.0471,0.2753,1.5,49.5,67.9,0.0
SANDOZ INC,CARDINAL HEALTH INC,WINN-DIXIE PHARMACY #8378 (VA),VA,2,False,T1_REROUTE_EXISTING,MIAMI-LUKEN INC,SANDOZ INC -> MIAMI-LUKEN INC -> WINN-DIXIE PHARMACY #8378 (VA),0.9815,1.0,0.0162,0.2629,1.5,49.5,67.9,0.0
ACTAVIS PHARMA INC,KINRAY LLC,CVS PHARMACY #1671 (OH),OH,2,False,T1_REROUTE_EXISTING,MIAMI-LUKEN INC,ACTAVIS PHARMA INC -> MIAMI-LUKEN INC -> CVS PHARMACY #1671 (OH),0.9815,1.0,0.0308,0.2688,1.5,49.5,67.9,0.0
SANDOZ INC,HD SMITH WHOLESALE DRUG CO,HOMETOWN PHARMACY #6513 (WV),WV,3,False,T1_REROUTE_EXISTING,MIAMI-LUKEN INC,SANDOZ INC -> MIAMI-LUKEN INC -> HOMETOWN PHARMACY #6513 (WV),0.9815,1.0,0.5743,0.4862,1.5,74.3,102.0,0.0
PAR PHARMACEUTICAL INC,DIRECT RX,HARRIS TEETER PHARMACY #6063 (NC),NC,2,False,T1_REROUTE_EXISTING,MIAMI-LUKEN INC,PAR PHARMACEUTICAL INC -> MIAMI-LUKEN INC -> HARRIS TEETER PHARMACY #6063 (NC),0.9815,1.0,0.0471,0.2753,1.5,49.5,67.9,0.0
CADISTA PHARMACEUTICALS INC,PRESCRIPTION SUPPLY INC,PEOPLES PHARMACY #5108 (MI),MI,2,False,T1_REROUTE_EXISTING,MIAMI-LUKEN INC,CADISTA PHARMACEUTICALS INC -> MIAMI-LUKEN INC -> PEOPLES PHARMACY #5108 (MI),0.9815,1.0,0.0252,0.2666,1.5,49.5,67.9,0.0
CADISTA PHARMACEUTICALS INC,VALUEDRUGCO,KROGER PHARMACY #5322 (OH),OH,3,False,T1_REROUTE_EXISTING,MIAMI-LUKEN INC,CADISTA PHARMACEUTICALS INC -> MIAMI-LUKEN INC -> KROGER PHARMACY #5322 (OH),0.9815,1.0,0.0308,0.2688,1.5,74.3,102.0,0.0
MYLAN PHARMACEUTICALS INC,MCKESSON CORPORATION,PEOPLES PHARMACY #9504 (KY),KY,3,False,T1_REROUTE_EXISTING,MIAMI-LUKEN INC,MYLAN PHARMACEUTICALS INC -> MIAMI-LUKEN INC -> PEOPLES PHARMACY #9504 (KY),0.9815,1.0,0.0243,0.2662,1.5,74.3,102.0,0.0
ACTAVIS PHARMA INC,PENN PHARMACEUTICAL SERVICES INC,PUBLIX PHARMACY #4394 (MD),MD,2,False,T1_REROUTE_EXISTING,CARDINAL HEALTH INC,ACTAVIS PHARMA INC -> CARDINAL HEALTH INC -> PUBLIX PHARMACY #4394 (MD),0.8652,0.1959,0.0087,0.0996,1.5,49.5,67.9,0.0
WATSON LABORATORIES INC,KEYSOURCE MEDICAL INC,FAMILY CARE PHARMACY #9932 (MI),MI,3,False,T1_REROUTE_EXISTING,MIAMI-LUKEN INC,WATSON LABORATORIES INC -> MIAMI-LUKEN INC -> FAMILY CARE PHARMACY #9932 (MI),0.9815,1.0,0.0252,0.2666,1.5,74.3,102.0,0.0
MALLINCKRODT LLC,AMERISOURCEBERGEN DRUG CORP,QUALITY CARE PHARMACY #3706 (PA),PA,3,False,T1_REROUTE_EXISTING,MCKESSON CORPORATION,MALLINCKRODT LLC -> MCKESSON CORPORATION -> QUALITY CARE PHARMACY #3706 (PA),0.8788,0.1815,0.0763,0.1183,1.5,74.3,102.0,0.0
ABBOTT LABORATORIES,ANDA INC,COMMUNITY PHARMACY #8229 (IN),IN,2,False,T1_REROUTE_EXISTING,MIAMI-LUKEN INC,ABBOTT LABORATORIES -> MIAMI-LUKEN INC -> COMMUNITY PHARMACY #8229 (IN),0.9815,1.0,0.0312,0.269,1.5,49.5,67.9,0.0
QUALITEST PHARMACEUTICALS,AMERISOURCEBERGEN DRUG CORP,PUBLIX PHARMACY #6343 (IN),IN,2,False,T1_REROUTE_EXISTING,MIAMI-LUKEN INC,QUALITEST PHARMACEUTICALS -> MIAMI-LUKEN INC -> PUBLIX PHARMACY #6343 (IN),0.9815,1.0,0.0312,0.269,1.5,49.5,67.9,0.0
TEVA PHARMACEUTICALS USA INC,PRESCRIPTION SUPPLY INC,PUBLIX PHARMACY #6343 (IN),IN,2,False,T1_REROUTE_EXISTING,MIAMI-LUKEN INC,TEVA PHARMACEUTICALS USA INC -> MIAMI-LUKEN INC -> PUBLIX PHARMACY #6343 (IN),0.9815,1.0,0.0312,0.269,1.5,49.5,67.9,0.0
TEVA PHARMACEUTICALS USA INC,HENRY SCHEIN INC,KROGER PHARMACY #3523 (OH),OH,2,False,T1_REROUTE_EXISTING,MIAMI-LUKEN INC,TEVA PHARMACEUTICALS USA INC -> MIAMI-LUKEN INC -> KROGER PHARMACY #3523 (OH),0.9815,1.0,0.0308,0.2688,1.5,49.5,67.9,0.0
PAR PHARMACEUTICAL INC,MCKESSON CORPORATION,PEOPLES PHARMACY #8932 (PA),PA,2,False,T1_REROUTE_EXISTING,MIAMI-LUKEN INC,PAR PHARMACEUTICAL INC -> MIAMI-LUKEN INC -> PEOPLES PHARMACY #8932 (PA),0.9815,1.0,0.0219,0.2652,1.5,49.5,67.9,0.0
ABBOTT LABORATORIES,PRESCRIPTION SUPPLY INC,MEDICO PHARMACY #3176 (VA),VA,2,False,T1_REROUTE_EXISTING,MIAMI-LUKEN INC,ABBOTT LABORATORIES -> MIAMI-LUKEN INC -> MEDICO PHARMACY #3176 (VA),0.9815,1.0,0.0162,0.2629,1.5,49.5,67.9,0.0
ABBOTT LABORATORIES,KEYSOURCE MEDICAL INC,CVS PHARMACY #3187 (KY),KY,2,False,T1_REROUTE_EXISTING,MIAMI-LUKEN INC,ABBOTT LABORATORIES -> MIAMI-LUKEN INC -> CVS PHARMACY #3187 (KY),0.9815,1.0,0.0243,0.2662,1.5,49.5,67.9,0.0
AMNEAL PHARMACEUTICALS LLC,MORRIS & DICKSON CO LLC,KROGER PHARMACY #2038 (MI),MI,2,False,T1_REROUTE_EXISTING,MIAMI-LUKEN INC,AMNEAL PHARMACEUTICALS LLC -> MIAMI-LUKEN INC -> KROGER PHARMACY #2038 (MI),0.9815,1.0,0.0252,0.2666,1.5,49.5,67.9,0.0
VINTAGE PHARMACEUTICALS LLC,DIRECT RX,QUALITY CARE PHARMACY #6823 (IN),IN,2,False,T1_REROUTE_EXISTING,MIAMI-LUKEN INC,VINTAGE PHARMACEUTICALS LLC -> MIAMI-LUKEN INC -> QUALITY CARE PHARMACY #6823 (IN),0.9815,1.0,0.0312,0.269,1.5,49.5,67.9,0.0
SANDOZ INC,MCKESSON CORPORATION,HOMETOWN PHARMACY #2172 (WV),WV,2,False,T1_REROUTE_EXISTING,MIAMI-LUKEN INC,SANDOZ INC -> MIAMI-LUKEN INC -> HOMETOWN PHARMACY #2172 (WV),0.9815,1.0,0.5743,0.4862,1.5,49.5,67.9,0.0
PURDUE PHARMA LP,MORRIS & DICKSON CO LLC,CVS PHARMACY #6755 (TN),TN,2,False,T1_REROUTE_EXISTING,MIAMI-LUKEN INC,PURDUE PHARMA LP -> MIAMI-LUKEN INC -> CVS PHARMACY #6755 (TN),0.9815,1.0,0.0288,0.268,1.5,49.5,67.9,0.0
SUN PHARMA GLOBAL INC,DIRECT RX,RITE AID #7819 (CA),CA,2,False,T1_REROUTE_EXISTING,CARDINAL HEALTH INC,SUN PHARMA GLOBAL INC -> CARDINAL HEALTH INC -> RITE AID #7819 (CA),0.8652,0.1959,0.0065,0.0988,1.5,49.5,67.9,0.0
WATSON LABORATORIES INC,GULF COAST MEDICAL SUPPLY,SUNRISE PHARMACY #3108 (NM),NM,3,True,T1_REROUTE_EXISTING,KINRAY LLC,WATSON LABORATORIES INC -> KINRAY LLC -> SUNRISE PHARMACY #3108 (NM),0.8683,0.1632,0.0045,0.0887,1.5,74.3,102.0,27.6
SANDOZ INC,AMERISOURCEBERGEN DRUG CORP,WALMART PHARMACY #6240 (NC),NC,2,False,T1_REROUTE_EXISTING,MIAMI-LUKEN INC,SANDOZ INC -> MIAMI-LUKEN INC -> WALMART PHARMACY #6240 (NC),0.9815,1.0,0.0471,0.2753,1.5,49.5,67.9,0.0
SUN PHARMA GLOBAL INC,MORRIS & DICKSON CO LLC,PEOPLES PHARMACY #8235 (MT),MT,2,False,T1_REROUTE_EXISTING,CARDINAL HEALTH INC,SUN PHARMA GLOBAL INC -> CARDINAL HEALTH INC -> PEOPLES PHARMACY #8235 (MT),0.8652,0.1959,0.0233,0.1055,1.5,49.5,67.9,0.0
QUALITEST PHARMACEUTICALS,MIAMI-LUKEN INC,PEOPLES PHARMACY #2660 (NC),NC,2,False,T1_REROUTE_EXISTING,DIRECT RX,QUALITEST PHARMACEUTICALS -> DIRECT RX -> PEOPLES PHARMACY #2660 (NC),0.8585,0.1504,0.1003,0.1273,1.5,49.5,67.9,0.0
PURDUE PHARMA LP,BURLINGTON DRUG COMPANY INC,RITE AID #1037 (WA),WA,2,False,T1_REROUTE_EXISTING,CARDINAL HEALTH INC,PURDUE PHARMA LP -> CARDINAL HEALTH INC -> RITE AID #1037 (WA),0.8652,0.1959,0.007,0.0989,1.5,49.5,67.9,0.0
ACTAVIS PHARMA INC,PRESCRIPTION SUPPLY INC,FAMILY CARE PHARMACY #8739 (NM),NM,3,False,T1_REROUTE_EXISTING,MIAMI-LUKEN INC,ACTAVIS PHARMA INC -> MIAMI-LUKEN INC -> FAMILY CARE PHARMACY #8739 (NM),0.9815,1.0,0.0023,0.2574,1.5,74.3,102.0,0.0
ACTAVIS PHARMA INC,GULF COAST MEDICAL SUPPLY,SUNRISE PHARMACY #2784 (IN),IN,2,False,T1_REROUTE_EXISTING,MIAMI-LUKEN INC,ACTAVIS PHARMA INC -> MIAMI-LUKEN INC -> SUNRISE PHARMACY #2784 (IN),0.9815,1.0,0.0312,0.269,1.5,49.5,67.9,0.0
HIKMA PHARMACEUTICALS,KEYSOURCE MEDICAL INC,MAIN STREET PHARMACY #4198 (PA),PA,2,False,T1_REROUTE_EXISTING,MIAMI-LUKEN INC,HIKMA PHARMACEUTICALS -> MIAMI-LUKEN INC -> MAIN STREET PHARMACY #4198 (PA),0.9815,1.0,0.0219,0.2652,1.5,49.5,67.9,0.0
JANSSEN PHARMACEUTICALS INC,MIAMI-LUKEN INC,HOMETOWN PHARMACY #7311 (LA),LA,2,False,T1_REROUTE_EXISTING,CARDINAL HEALTH INC,JANSSEN PHARMACEUTICALS INC -> CARDINAL HEALTH INC -> HOMETOWN PHARMACY #7311 (LA),0.8652,0.1959,0.0471,0.115,1.5,49.5,67.9,0.0
RHODES TECHNOLOGIES,AMERISOURCEBERGEN DRUG CORP,WALMART PHARMACY #6240 (NC),NC,3,False,T1_REROUTE_EXISTING,MIAMI-LUKEN INC,RHODES TECHNOLOGIES -> MIAMI-LUKEN INC -> WALMART PHARMACY #6240 (NC),0.9815,1.0,0.0471,0.2753,1.5,74.3,102.0,0.0
SANDOZ INC,NATIONAL WHOLESALE DRUG CO INC,WALGREENS #1949 (IN),IN,2,False,T1_REROUTE_EXISTING,MIAMI-LUKEN INC,SANDOZ INC -> MIAMI-LUKEN INC -> WALGREENS #1949 (IN),0.9815,1.0,0.0312,0.269,1.5,49.5,67.9,0.0
ACTAVIS PHARMA INC,ANDA INC,PUBLIX PHARMACY #5706 (MT),MT,2,False,T1_REROUTE_EXISTING,MIAMI-LUKEN INC,ACTAVIS PHARMA INC -> MIAMI-LUKEN INC -> PUBLIX PHARMACY #5706 (MT),0.9815,1.0,0.0076,0.2595,1.5,49.5,67.9,0.0
WATSON LABORATORIES INC,ANDA INC,GOOD NEIGHBOR PHARMACY #9772 (VA),VA,2,False,T1_REROUTE_EXISTING,DAKOTA DRUG INC,WATSON LABORATORIES INC -> DAKOTA DRUG INC -> GOOD NEIGHBOR PHARMACY #9772 (VA),0.8719,0.1818,0.1058,0.1326,1.5,49.5,67.9,0.0
WATSON LABORATORIES INC,CARDINAL HEALTH INC,CVS PHARMACY #6803 (KY),KY,2,False,T1_REROUTE_EXISTING,MIAMI-LUKEN INC,WATSON LABORATORIES INC -> MIAMI-LUKEN INC -> CVS PHARMACY #6803 (KY),0.9815,1.0,0.0243,0.2662,1.5,49.5,67.9,0.0
RHODES TECHNOLOGIES,VALUEDRUGCO,QUALITY CARE PHARMACY #2449 (MD),MD,3,True,T1_REROUTE_EXISTING,KINRAY LLC,RHODES TECHNOLOGIES -> KINRAY LLC -> QUALITY CARE PHARMACY #2449 (MD),0.8683,0.1632,0.0144,0.0926,1.5,74.3,102.0,27.6
WATSON LABORATORIES INC,PENN PHARMACEUTICAL SERVICES INC,HEALTH MART PHARMACY #4740 (VA),VA,2,False,T1_REROUTE_EXISTING,MIAMI-LUKEN INC,WATSON LABORATORIES INC -> MIAMI-LUKEN INC -> HEALTH MART PHARMACY #4740 (VA),0.9815,1.0,0.0162,0.2629,1.5,49.5,67.9,0.0
MYLAN PHARMACEUTICALS INC,KEYSOURCE MEDICAL INC,HOMETOWN PHARMACY #8919 (KY),KY,4,False,T1_REROUTE_EXISTING,MIAMI-LUKEN INC,MYLAN PHARMACEUTICALS INC -> MIAMI-LUKEN INC -> HOMETOWN PHARMACY #8919 (KY),0.9815,1.0,0.0243,0.2662,1.5,99.4,132.0,0.0
PAR PHARMACEUTICAL INC,NATIONAL WHOLESALE DRUG CO INC,SUNRISE PHARMACY #4402 (PA),PA,3,False,T1_REROUTE_EXISTING,MIAMI-LUKEN INC,PAR PHARMACEUTICAL INC -> MIAMI-LUKEN INC -> SUNRISE PHARMACY #4402 (PA),0.9815,1.0,0.0219,0.2652,1.5,74.3,102.0,0.0
ABBOTT LABORATORIES,VALUEDRUGCO,SUNRISE PHARMACY #2882 (KY),KY,2,False,T1_REROUTE_EXISTING,MIAMI-LUKEN INC,ABBOTT LABORATORIES -> MIAMI-LUKEN INC -> SUNRISE PHARMACY #2882 (KY),0.9815,1.0,0.0243,0.2662,1.5,49.5,67.9,0.0
MALLINCKRODT LLC,HENRY SCHEIN INC,KROGER PHARMACY #6683 (OH),OH,2,False,T1_REROUTE_EXISTING,MIAMI-LUKEN INC,MALLINCKRODT LLC -> MIAMI-LUKEN INC -> KROGER PHARMACY #6683 (OH),0.9815,1.0,0.0308,0.2688,1.5,49.5,67.9,0.0
LANNETT COMPANY INC,CARDINAL HEALTH INC,CORNER DRUG STORE #4406 (KY),KY,2,False,T1_REROUTE_EXISTING,MIAMI-LUKEN INC,LANNETT COMPANY INC -> MIAMI-LUKEN INC -> CORNER DRUG STORE #4406 (KY),0.9815,1.0,0.0243,0.2662,1.5,49.5,67.9,0.0
ACTAVIS PHARMA INC,BURLINGTON DRUG COMPANY INC,WALGREENS #6656 (TN),TN,3,False,T1_REROUTE_EXISTING,MIAMI-LUKEN INC,ACTAVIS PHARMA INC -> MIAMI-LUKEN INC -> WALGREENS #6656 (TN),0.9815,1.0,0.0288,0.268,1.5,74.3,102.0,0.0
QUALITEST PHARMACEUTICALS,PENN PHARMACEUTICAL SERVICES INC,COMMUNITY PHARMACY #5405 (TX),TX,2,False,T1_REROUTE_EXISTING,MCKESSON CORPORATION,QUALITEST PHARMACEUTICALS -> MCKESSON CORPORATION -> COMMUNITY PHARMACY #5405 (TX),0.8788,0.1815,0.0498,0.1077,1.5,49.5,67.9,0.0
ACTAVIS PHARMA INC,BELLCO DRUG CORP,QUALITY CARE PHARMACY #6847 (WV),WV,2,False,T1_REROUTE_EXISTING,MIAMI-LUKEN INC,ACTAVIS PHARMA INC -> MIAMI-LUKEN INC -> QUALITY CARE PHARMACY #6847 (WV),0.9815,1.0,0.5743,0.4862,1.5,49.5,67.9,0.0
AMNEAL PHARMACEUTICALS LLC,HENRY SCHEIN INC,WINN-DIXIE PHARMACY #5889 (PA),PA,2,False,T1_REROUTE_EXISTING,MIAMI-LUKEN INC,AMNEAL PHARMACEUTICALS LLC -> MIAMI-LUKEN INC -> WINN-DIXIE PHARMACY #5889 (PA),0.9815,1.0,0.0219,0.2652,1.5,49.5,67.9,0.0
ABBOTT LABORATORIES,MCKESSON CORPORATION,SUNRISE PHARMACY #7243 (WV),WV,2,False,T1_REROUTE_EXISTING,MIAMI-LUKEN INC,ABBOTT LABORATORIES -> MIAMI-LUKEN INC -> SUNRISE PHARMACY #7243 (WV),0.9815,1.0,0.5743,0.4862,1.5,49.5,67.9,0.0
IMPAX LABORATORIES INC,BURLINGTON DRUG COMPANY INC,QUALITY CARE PHARMACY #6849 (ID),ID,2,False,T1_REROUTE_EXISTING,MIAMI-LUKEN INC,IMPAX LABORATORIES INC -> MIAMI-LUKEN INC -> QUALITY CARE PHARMACY #6849 (ID),0.9815,1.0,0.0065,0.2591,1.5,49.5,67.9,0.0
ENDO PHARMACEUTICALS INC,HD SMITH WHOLESALE DRUG CO,WALGREENS #6014 (MI),MI,2,False,T1_REROUTE_EXISTING,MIAMI-LUKEN INC,ENDO PHARMACEUTICALS INC -> MIAMI-LUKEN INC -> WALGREENS #6014 (MI),0.9815,1.0,0.0252,0.2666,1.5,49.5,67.9,0.0
PURDUE PHARMA LP,MCKESSON CORPORATION,VILLAGE PHARMACY #2822 (WV),WV,2,False,T1_REROUTE_EXISTING,MIAMI-LUKEN INC,PURDUE PHARMA LP -> MIAMI-LUKEN INC -> VILLAGE PHARMACY #2822 (WV),0.9815,1.0,0.5743,0.4862,1.5,49.5,67.9,0.0
CADISTA PHARMACEUTICALS INC,DIRECT RX,COMMUNITY PHARMACY #3782 (NC),NC,3,False,T1_REROUTE_EXISTING,MIAMI-LUKEN INC,CADISTA PHARMACEUTICALS INC -> MIAMI-LUKEN INC -> COMMUNITY PHARMACY #3782 (NC),0.9815,1.0,0.0471,0.2753,1.5,74.3,102.0,0.0
HIKMA PHARMACEUTICALS,MCKESSON CORPORATION,HARRIS TEETER PHARMACY #7528 (IN),IN,2,False,T1_REROUTE_EXISTING,MIAMI-LUKEN INC,HIKMA PHARMACEUTICALS -> MIAMI-LUKEN INC -> HARRIS TEETER PHARMACY #7528 (IN),0.9815,1.0,0.0312,0.269,1.5,49.5,67.9,0.0
WATSON LABORATORIES INC,MIAMI-LUKEN INC,KROGER PHARMACY #8012 (VA),VA,2,False,T1_REROUTE_EXISTING,DAKOTA DRUG INC,WATSON LABORATORIES INC -> DAKOTA DRUG INC -> KROGER PHARMACY #8012 (VA),0.8719,0.1818,0.1058,0.1326,1.5,49.5,67.9,0.0
LANNETT COMPANY INC,MCKESSON CORPORATION,VILLAGE PHARMACY #2073 (WI),WI,2,False,T1_REROUTE_EXISTING,MIAMI-LUKEN INC,LANNETT COMPANY INC -> MIAMI-LUKEN INC -> VILLAGE PHARMACY #2073 (WI),0.9815,1.0,0.0014,0.257,1.5,49.5,67.9,0.0
CADISTA PHARMACEUTICALS INC,AMERISOURCEBERGEN DRUG CORP,COMMUNITY PHARMACY #9334 (IN),IN,2,False,T1_REROUTE_EXISTING,MIAMI-LUKEN INC,CADISTA PHARMACEUTICALS INC -> MIAMI-LUKEN INC -> COMMUNITY PHARMACY #9334 (IN),0.9815,1.0,0.0312,0.269,1.5,49.5,67.9,0.0
TEVA PHARMACEUTICALS USA INC,KEYSOURCE MEDICAL INC,CORNER DRUG STORE #6232 (MI),MI,3,False,T1_REROUTE_EXISTING,MIAMI-LUKEN INC,TEVA PHARMACEUTICALS USA INC -> MIAMI-LUKEN INC -> CORNER DRUG STORE #6232 (MI),0.9815,1.0,0.0252,0.2666,1.5,74.3,102.0,0.0
HIKMA PHARMACEUTICALS,MIAMI-LUKEN INC,QUALITY CARE PHARMACY #4445 (LA),LA,2,False,T1_REROUTE_EXISTING,CARDINAL HEALTH INC,HIKMA PHARMACEUTICALS -> CARDINAL HEALTH INC -> QUALITY CARE PHARMACY #4445 (LA),0.8652,0.1959,0.0471,0.115,1.5,49.5,67.9,0.0
AMNEAL PHARMACEUTICALS LLC,PENN PHARMACEUTICAL SERVICES INC,VILLAGE PHARMACY #8587 (CT),CT,2,False,T1_REROUTE_EXISTING,MIAMI-LUKEN INC,AMNEAL PHARMACEUTICALS LLC -> MIAMI-LUKEN INC -> VILLAGE PHARMACY #8587 (CT),0.9815,1.0,0.0017,0.2572,1.5,49.5,67.9,0.0
IMPAX LABORATORIES INC,NATIONAL WHOLESALE DRUG CO INC,PEOPLES PHARMACY #2912 (WV),WV,3,False,T1_REROUTE_EXISTING,MIAMI-LUKEN INC,IMPAX LABORATORIES INC -> MIAMI-LUKEN INC -> PEOPLES PHARMACY #2912 (WV),0.9815,1.0,0.5743,0.4862,1.5,74.3,102.0,0.0
SUN PHARMA GLOBAL INC,PRESCRIPTION SUPPLY INC,COMMUNITY PHARMACY #4270 (AR),AR,2,False,T1_REROUTE_EXISTING,CARDINAL HEALTH INC,SUN PHARMA GLOBAL INC -> CARDINAL HEALTH INC -> COMMUNITY PHARMACY #4270 (AR),0.8652,0.1959,0.0034,0.0975,1.5,49.5,67.9,0.0
PURDUE PHARMA LP,BURLINGTON DRUG COMPANY INC,WALMART PHARMACY #9460 (CT),CT,2,False,T1_REROUTE_EXISTING,MIAMI-LUKEN INC,PURDUE PHARMA LP -> MIAMI-LUKEN INC -> WALMART PHARMACY #9460 (CT),0.9815,1.0,0.0017,0.2572,1.5,49.5,67.9,0.0
WATSON LABORATORIES INC,VALUEDRUGCO,CORNER DRUG STORE #1453 (OH),OH,2,False,T1_REROUTE_EXISTING,MIAMI-LUKEN INC,WATSON LABORATORIES INC -> MIAMI-LUKEN INC -> CORNER DRUG STORE #1453 (OH),0.9815,1.0,0.0308,0.2688,1.5,49.5,67.9,0.0
SANDOZ INC,BELLCO DRUG CORP,QUALITY CARE PHARMACY #6273 (HI),HI,2,False,T1_REROUTE_EXISTING,MCKESSON CORPORATION,SANDOZ INC -> MCKESSON CORPORATION -> QUALITY CARE PHARMACY #6273 (HI),0.8788,0.1815,0.0143,0.0935,1.5,49.5,67.9,0.0
MYLAN PHARMACEUTICALS INC,HD SMITH WHOLESALE DRUG CO,WALMART PHARMACY #2686 (MN),MN,2,False,T1_REROUTE_EXISTING,MCKESSON CORPORATION,MYLAN PHARMACEUTICALS INC -> MCKESSON CORPORATION -> WALMART PHARMACY #2686 (MN),0.8788,0.1815,0.0275,0.0988,1.5,49.5,67.9,0.0
JANSSEN PHARMACEUTICALS INC,KINRAY LLC,WINN-DIXIE PHARMACY #4694 (OH),OH,2,False,T1_REROUTE_EXISTING,MIAMI-LUKEN INC,JANSSEN PHARMACEUTICALS INC -> MIAMI-LUKEN INC -> WINN-DIXIE PHARMACY #4694 (OH),0.9815,1.0,0.0308,0.2688,1.5,49.5,67.9,0.0
ACTAVIS PHARMA INC,PENN PHARMACEUTICAL SERVICES INC,FAMILY CARE PHARMACY #2731 (OH),OH,3,False,T1_REROUTE_EXISTING,MIAMI-LUKEN INC,ACTAVIS PHARMA INC -> MIAMI-LUKEN INC -> FAMILY CARE PHARMACY #2731 (OH),0.9815,1.0,0.0308,0.2688,1.5,74.3,102.0,0.0
VINTAGE PHARMACEUTICALS LLC,HENRY SCHEIN INC,SUNRISE PHARMACY #8451 (IN),IN,2,False,T1_REROUTE_EXISTING,MIAMI-LUKEN INC,VINTAGE PHARMACEUTICALS LLC -> MIAMI-LUKEN INC -> SUNRISE PHARMACY #8451 (IN),0.9815,1.0,0.0312,0.269,1.5,49.5,67.9,0.0
HIKMA PHARMACEUTICALS,KINRAY LLC,HOMETOWN PHARMACY #5569 (NC),NC,3,False,T1_REROUTE_EXISTING,MIAMI-LUKEN INC,HIKMA PHARMACEUTICALS -> MIAMI-LUKEN INC -> HOMETOWN PHARMACY #5569 (NC),0.9815,1.0,0.0471,0.2753,1.5,74.3,102.0,0.0
ACTAVIS PHARMA INC,DAKOTA DRUG INC,FAMILY CARE PHARMACY #2595 (OH),OH,2,False,T1_REROUTE_EXISTING,MIAMI-LUKEN INC,ACTAVIS PHARMA INC -> MIAMI-LUKEN INC -> FAMILY CARE PHARMACY #2595 (OH),0.9815,1.0,0.0308,0.2688,1.5,49.5,67.9,0.0
TEVA PHARMACEUTICALS USA INC,DIRECT RX,VILLAGE PHARMACY #2028 (TN),TN,2,False,T1_REROUTE_EXISTING,CARDINAL HEALTH INC,TEVA PHARMACEUTICALS USA INC -> CARDINAL HEALTH INC -> VILLAGE PHARMACY #2028 (TN),0.8652,0.1959,0.1,0.1362,1.5,49.5,67.9,0.0
AMNEAL PHARMACEUTICALS LLC,BURLINGTON DRUG COMPANY INC,COMMUNITY PHARMACY #7046 (MI),MI,3,False,T1_REROUTE_EXISTING,MIAMI-LUKEN INC,AMNEAL PHARMACEUTICALS LLC -> MIAMI-LUKEN INC -> COMMUNITY PHARMACY #7046 (MI),0.9815,1.0,0.0252,0.2666,1.5,74.3,102.0,0.0
ACTAVIS PHARMA INC,MORRIS & DICKSON CO LLC,VILLAGE PHARMACY #9964 (OH),OH,2,False,T1_REROUTE_EXISTING,MIAMI-LUKEN INC,ACTAVIS PHARMA INC -> MIAMI-LUKEN INC -> VILLAGE PHARMACY #9964 (OH),0.9815,1.0,0.0308,0.2688,1.5,49.5,67.9,0.0
ACTAVIS PHARMA INC,VALUEDRUGCO,WALGREENS #5175 (PA),PA,2,False,T1_REROUTE_EXISTING,MIAMI-LUKEN INC,ACTAVIS PHARMA INC -> MIAMI-LUKEN INC -> WALGREENS #5175 (PA),0.9815,1.0,0.0219,0.2652,1.5,49.5,67.9,0.0
LANNETT COMPANY INC,SMITH DRUG COMPANY,MAIN STREET PHARMACY #2648 (MO),MO,2,True,T3_NEW_LASTMILE,MIAMI-LUKEN INC,LANNETT COMPANY INC -> MIAMI-LUKEN INC -> MAIN STREET PHARMACY #2648 (MO),0.9815,1.0,0.0026,0.2575,5.0,73.5,67.9,0.0
WATSON LABORATORIES INC,NATIONAL WHOLESALE DRUG CO INC,WINN-DIXIE PHARMACY #3112 (LA),LA,2,False,T1_REROUTE_EXISTING,MIAMI-LUKEN INC,WATSON LABORATORIES INC -> MIAMI-LUKEN INC -> WINN-DIXIE PHARMACY #3112 (LA),0.9815,1.0,0.0497,0.2764,1.5,49.5,67.9,0.0
MALLINCKRODT LLC,DIRECT RX,HOMETOWN PHARMACY #6387 (NC),NC,2,False,T1_REROUTE_EXISTING,MIAMI-LUKEN INC,MALLINCKRODT LLC -> MIAMI-LUKEN INC -> HOMETOWN PHARMACY #6387 (NC),0.9815,1.0,0.0471,0.2753,1.5,49.5,67.9,0.0
ACTAVIS PHARMA INC,NATIONAL WHOLESALE DRUG CO INC,WALGREENS #4642 (PA),PA,2,False,T1_REROUTE_EXISTING,MIAMI-LUKEN INC,ACTAVIS PHARMA INC -> MIAMI-LUKEN INC -> WALGREENS #4642 (PA),0.9815,1.0,0.0219,0.2652,1.5,49.5,67.9,0.0
IMPAX LABORATORIES INC,HD SMITH WHOLESALE DRUG CO,PUBLIX PHARMACY #6736 (TN),TN,2,False,T1_REROUTE_EXISTING,MIAMI-LUKEN INC,IMPAX LABORATORIES INC -> MIAMI-LUKEN INC -> PUBLIX PHARMACY #6736 (TN),0.9815,1.0,0.0288,0.268,1.5,49.5,67.9,0.0
ACTAVIS PHARMA INC,DAKOTA DRUG INC,QUALITY CARE PHARMACY #6847 (WV),WV,2,False,T1_REROUTE_EXISTING,MIAMI-LUKEN INC,ACTAVIS PHARMA INC -> MIAMI-LUKEN INC -> QUALITY CARE PHARMACY #6847 (WV),0.9815,1.0,0.5743,0.4862,1.5,49.5,67.9,0.0
SANDOZ INC,VALUEDRUGCO,VILLAGE PHARMACY #7454 (PA),PA,3,False,T1_REROUTE_EXISTING,MIAMI-LUKEN INC,SANDOZ INC -> MIAMI-LUKEN INC -> VILLAGE PHARMACY #7454 (PA),0.9815,1.0,0.0219,0.2652,1.5,74.3,102.0,0.0
JANSSEN PHARMACEUTICALS INC,PENN PHARMACEUTICAL SERVICES INC,CORNER DRUG STORE #1213 (TN),TN,2,False,T1_REROUTE_EXISTING,MIAMI-LUKEN INC,JANSSEN PHARMACEUTICALS INC -> MIAMI-LUKEN INC -> CORNER DRUG STORE #1213 (TN),0.9815,1.0,0.0288,0.268,1.5,49.5,67.9,0.0
AMNEAL PHARMACEUTICALS LLC,SMITH DRUG COMPANY,MEDICO PHARMACY #9378 (TN),TN,3,False,T1_REROUTE_EXISTING,MIAMI-LUKEN INC,AMNEAL PHARMACEUTICALS LLC -> MIAMI-LUKEN INC -> MEDICO PHARMACY #9378 (TN),0.9815,1.0,0.0288,0.268,1.5,74.3,102.0,0.0
HIKMA PHARMACEUTICALS,BELLCO DRUG CORP,PUBLIX PHARMACY #1973 (TN),TN,3,False,T1_REROUTE_EXISTING,MIAMI-LUKEN INC,HIKMA PHARMACEUTICALS -> MIAMI-LUKEN INC -> PUBLIX PHARMACY #1973 (TN),0.9815,1.0,0.0288,0.268,1.5,74.3,102.0,0.0
MALLINCKRODT LLC,KINRAY LLC,PEOPLES PHARMACY #2912 (WV),WV,3,False,T1_REROUTE_EXISTING,MIAMI-LUKEN INC,MALLINCKRODT LLC -> MIAMI-LUKEN INC -> PEOPLES PHARMACY #2912 (WV),0.9815,1.0,0.5743,0.4862,1.5,74.3,102.0,0.0
QUALITEST PHARMACEUTICALS,MCKESSON CORPORATION,VILLAGE PHARMACY #2822 (WV),WV,2,False,T1_REROUTE_EXISTING,MIAMI-LUKEN INC,QUALITEST PHARMACEUTICALS -> MIAMI-LUKEN INC -> VILLAGE PHARMACY #2822 (WV),0.9815,1.0,0.5743,0.4862,1.5,49.5,67.9,0.0
AMNEAL PHARMACEUTICALS LLC,AMERISOURCEBERGEN DRUG CORP,COMMUNITY PHARMACY #5731 (WV),WV,3,False,T1_REROUTE_EXISTING,MIAMI-LUKEN INC,AMNEAL PHARMACEUTICALS LLC -> MIAMI-LUKEN INC -> COMMUNITY PHARMACY #5731 (WV),0.9815,1.0,0.5743,0.4862,1.5,74.3,102.0,0.0
MYLAN PHARMACEUTICALS INC,PENN PHARMACEUTICAL SERVICES INC,COMMUNITY PHARMACY #5731 (WV),WV,3,False,T1_REROUTE_EXISTING,MIAMI-LUKEN INC,MYLAN PHARMACEUTICALS INC -> MIAMI-LUKEN INC -> COMMUNITY PHARMACY #5731 (WV),0.9815,1.0,0.5743,0.4862,1.5,74.3,102.0,0.0
CADISTA PHARMACEUTICALS INC,SMITH DRUG COMPANY,WALGREENS #6014 (MI),MI,2,False,T1_REROUTE_EXISTING,MIAMI-LUKEN INC,CADISTA PHARMACEUTICALS INC -> MIAMI-LUKEN INC -> WALGREENS #6014 (MI),0.9815,1.0,0.0252,0.2666,1.5,49.5,67.9,0.0
PURDUE PHARMA LP,BURLINGTON DRUG COMPANY INC,MEDICO PHARMACY #5873 (MI),MI,3,False,T1_REROUTE_EXISTING,MIAMI-LUKEN INC,PURDUE PHARMA LP -> MIAMI-LUKEN INC -> MEDICO PHARMACY #5873 (MI),0.9815,1.0,0.0252,0.2666,1.5,74.3,102.0,0.0
SUN PHARMA GLOBAL INC,NATIONAL WHOLESALE DRUG CO INC,HARRIS TEETER PHARMACY #1284 (MN),MN,3,False,T1_REROUTE_EXISTING,CARDINAL HEALTH INC,SUN PHARMA GLOBAL INC -> CARDINAL HEALTH INC -> HARRIS TEETER PHARMACY #1284 (MN),0.8652,0.1959,0.0057,0.0984,1.5,74.3,102.0,0.0
MALLINCKRODT LLC,MIAMI-LUKEN INC,HOMETOWN PHARMACY #7488 (TN),TN,3,False,T1_REROUTE_EXISTING,CARDINAL HEALTH INC,MALLINCKRODT LLC -> CARDINAL HEALTH INC -> HOMETOWN PHARMACY #7488 (TN),0.8652,0.1959,0.1,0.1362,1.5,74.3,102.0,0.0
AMNEAL PHARMACEUTICALS LLC,MORRIS & DICKSON CO LLC,WINN-DIXIE PHARMACY #1109 (AL),AL,3,False,T1_REROUTE_EXISTING,MIAMI-LUKEN INC,AMNEAL PHARMACEUTICALS LLC -> MIAMI-LUKEN INC -> WINN-DIXIE PHARMACY #1109 (AL),0.9815,1.0,0.0012,0.2569,1.5,74.3,102.0,0.0
PURDUE PHARMA LP,SMITH DRUG COMPANY,GOOD NEIGHBOR PHARMACY #9772 (VA),VA,2,False,T1_REROUTE_EXISTING,DAKOTA DRUG INC,PURDUE PHARMA LP -> DAKOTA DRUG INC -> GOOD NEIGHBOR PHARMACY #9772 (VA),0.8719,0.1818,0.1058,0.1326,1.5,49.5,67.9,0.0
CADISTA PHARMACEUTICALS INC,AMERISOURCEBERGEN DRUG CORP,PEOPLES PHARMACY #2093 (AR),AR,2,False,T1_REROUTE_EXISTING,MIAMI-LUKEN INC,CADISTA PHARMACEUTICALS INC -> MIAMI-LUKEN INC -> PEOPLES PHARMACY #2093 (AR),0.9815,1.0,0.0064,0.259,1.5,49.5,67.9,0.0
MALLINCKRODT LLC,KINRAY LLC,HEALTH MART PHARMACY #4338 (LA),LA,3,False,T1_REROUTE_EXISTING,MIAMI-LUKEN INC,MALLINCKRODT LLC -> MIAMI-LUKEN INC -> HEALTH MART PHARMACY #4338 (LA),0.9815,1.0,0.0497,0.2764,1.5,74.3,102.0,0.0
ABBOTT LABORATORIES,BELLCO DRUG CORP,KROGER PHARMACY #4300 (VA),VA,3,False,T1_REROUTE_EXISTING,MIAMI-LUKEN INC,ABBOTT LABORATORIES -> MIAMI-LUKEN INC -> KROGER PHARMACY #4300 (VA),0.9815,1.0,0.0162,0.2629,1.5,74.3,102.0,0.0
TEVA PHARMACEUTICALS USA INC,PENN PHARMACEUTICAL SERVICES INC,WALMART PHARMACY #3043 (PA),PA,3,False,T1_REROUTE_EXISTING,MIAMI-LUKEN INC,TEVA PHARMACEUTICALS USA INC -> MIAMI-LUKEN INC -> WALMART PHARMACY #3043 (PA),0.9815,1.0,0.0219,0.2652,1.5,74.3,102.0,0.0
JANSSEN PHARMACEUTICALS INC,PENN PHARMACEUTICAL SERVICES INC,MAIN STREET PHARMACY #7456 (MI),MI,3,False,T1_REROUTE_EXISTING,MIAMI-LUKEN INC,JANSSEN PHARMACEUTICALS INC -> MIAMI-LUKEN INC -> MAIN STREET PHARMACY #7456 (MI),0.9815,1.0,0.0252,0.2666,1.5,74.3,102.0,0.0
WATSON LABORATORIES INC,AMERISOURCEBERGEN DRUG CORP,SUNRISE PHARMACY #9538 (OH),OH,2,False,T1_REROUTE_EXISTING,MIAMI-LUKEN INC,WATSON LABORATORIES INC -> MIAMI-LUKEN INC -> SUNRISE PHARMACY #9538 (OH),0.9815,1.0,0.0308,0.2688,1.5,49.5,67.9,0.0
PAR PHARMACEUTICAL INC,BURLINGTON DRUG COMPANY INC,QUALITY CARE PHARMACY #3706 (PA),PA,2,False,T1_REROUTE_EXISTING,MCKESSON CORPORATION,PAR PHARMACEUTICAL INC -> MCKESSON CORPORATION -> QUALITY CARE PHARMACY #3706 (PA),0.8788,0.1815,0.0763,0.1183,1.5,49.5,67.9,0.0
SANDOZ INC,MORRIS & DICKSON CO LLC,SUNRISE PHARMACY #7243 (WV),WV,2,False,T1_REROUTE_EXISTING,MIAMI-LUKEN INC,SANDOZ INC -> MIAMI-LUKEN INC -> SUNRISE PHARMACY #7243 (WV),0.9815,1.0,0.5743,0.4862,1.5,49.5,67.9,0.0
ENDO PHARMACEUTICALS INC,CARDINAL HEALTH INC,FAMILY CARE PHARMACY #8739 (NM),NM,3,False,T1_REROUTE_EXISTING,MIAMI-LUKEN INC,ENDO PHARMACEUTICALS INC -> MIAMI-LUKEN INC -> FAMILY CARE PHARMACY #8739 (NM),0.9815,1.0,0.0023,0.2574,1.5,74.3,102.0,0.0
ABBOTT LABORATORIES,PENN PHARMACEUTICAL SERVICES INC,GOOD NEIGHBOR PHARMACY #2984 (ME),ME,2,False,T1_REROUTE_EXISTING,MIAMI-LUKEN INC,ABBOTT LABORATORIES -> MIAMI-LUKEN INC -> GOOD NEIGHBOR PHARMACY #2984 (ME),0.9815,1.0,0.0049,0.2584,1.5,49.5,67.9,0.0
MYLAN PHARMACEUTICALS INC,GULF COAST MEDICAL SUPPLY,PEOPLES PHARMACY #2021 (TN),TN,2,False,T1_REROUTE_EXISTING,MIAMI-LUKEN INC,MYLAN PHARMACEUTICALS INC -> MIAMI-LUKEN INC -> PEOPLES PHARMACY #2021 (TN),0.9815,1.0,0.0288,0.268,1.5,49.5,67.9,0.0
SANDOZ INC,ANDA INC,PUBLIX PHARMACY #8653 (MI),MI,3,False,T1_REROUTE_EXISTING,MIAMI-LUKEN INC,SANDOZ INC -> MIAMI-LUKEN INC -> PUBLIX PHARMACY #8653 (MI),0.9815,1.0,0.0252,0.2666,1.5,74.3,102.0,0.0
ACTAVIS PHARMA INC,HENRY SCHEIN INC,RITE AID #1037 (WA),WA,3,False,T1_REROUTE_EXISTING,CARDINAL HEALTH INC,ACTAVIS PHARMA INC -> CARDINAL HEALTH INC -> RITE AID #1037 (WA),0.8652,0.1959,0.007,0.0989,1.5,74.3,102.0,0.0
PURDUE PHARMA LP,CARDINAL HEALTH INC,RITE AID #3349 (TN),TN,2,False,T1_REROUTE_EXISTING,MIAMI-LUKEN INC,PURDUE PHARMA LP -> MIAMI-LUKEN INC -> RITE AID #3349 (TN),0.9815,1.0,0.0288,0.268,1.5,49.5,67.9,0.0
HIKMA PHARMACEUTICALS,DIRECT RX,HARRIS TEETER PHARMACY #6063 (NC),NC,3,False,T1_REROUTE_EXISTING,MIAMI-LUKEN INC,HIKMA PHARMACEUTICALS -> MIAMI-LUKEN INC -> HARRIS TEETER PHARMACY #6063 (NC),0.9815,1.0,0.0471,0.2753,1.5,74.3,102.0,0.0
ENDO PHARMACEUTICALS INC,BURLINGTON DRUG COMPANY INC,MEDICO PHARMACY #9378 (TN),TN,2,False,T1_REROUTE_EXISTING,MIAMI-LUKEN INC,ENDO PHARMACEUTICALS INC -> MIAMI-LUKEN INC -> MEDICO PHARMACY #9378 (TN),0.9815,1.0,0.0288,0.268,1.5,49.5,67.9,0.0
MYLAN PHARMACEUTICALS INC,MORRIS & DICKSON CO LLC,WALMART PHARMACY #1108 (WV),WV,3,False,T1_REROUTE_EXISTING,MIAMI-LUKEN INC,MYLAN PHARMACEUTICALS INC -> MIAMI-LUKEN INC -> WALMART PHARMACY #1108 (WV),0.9815,1.0,0.5743,0.4862,1.5,74.3,102.0,0.0
QUALITEST PHARMACEUTICALS,BELLCO DRUG CORP,KROGER PHARMACY #8012 (VA),VA,2,False,T1_REROUTE_EXISTING,MIAMI-LUKEN INC,QUALITEST PHARMACEUTICALS -> MIAMI-LUKEN INC -> KROGER PHARMACY #8012 (VA),0.9815,1.0,0.0162,0.2629,1.5,49.5,67.9,0.0
WATSON LABORATORIES INC,MIAMI-LUKEN INC,MAIN STREET PHARMACY #7935 (KY),KY,2,False,T1_REROUTE_EXISTING,KINRAY LLC,WATSON LABORATORIES INC -> KINRAY LLC -> MAIN STREET PHARMACY #7935 (KY),0.8683,0.1632,0.0979,0.1261,1.5,49.5,67.9,0.0
JANSSEN PHARMACEUTICALS INC,MORRIS & DICKSON CO LLC,SUNRISE PHARMACY #3285 (MN),MN,3,False,T1_REROUTE_EXISTING,KEYSOURCE MEDICAL INC,JANSSEN PHARMACEUTICALS INC -> KEYSOURCE MEDICAL INC -> SUNRISE PHARMACY #3285 (MN),0.8905,0.145,0.0175,0.0816,1.5,74.3,102.0,0.0
QUALITEST PHARMACEUTICALS,HENRY SCHEIN INC,PUBLIX PHARMACY #2014 (PA),PA,2,False,T1_REROUTE_EXISTING,MIAMI-LUKEN INC,QUALITEST PHARMACEUTICALS -> MIAMI-LUKEN INC -> PUBLIX PHARMACY #2014 (PA),0.9815,1.0,0.0219,0.2652,1.5,49.5,67.9,0.0
QUALITEST PHARMACEUTICALS,ANDA INC,HARRIS TEETER PHARMACY #3473 (WV),WV,2,False,T1_REROUTE_EXISTING,MIAMI-LUKEN INC,QUALITEST PHARMACEUTICALS -> MIAMI-LUKEN INC -> HARRIS TEETER PHARMACY #3473 (WV),0.9815,1.0,0.5743,0.4862,1.5,49.5,67.9,0.0
JANSSEN PHARMACEUTICALS INC,GULF COAST MEDICAL SUPPLY,WALMART PHARMACY #9312 (PA),PA,2,False,T1_REROUTE_EXISTING,MIAMI-LUKEN INC,JANSSEN PHARMACEUTICALS INC -> MIAMI-LUKEN INC -> WALMART PHARMACY #9312 (PA),0.9815,1.0,0.0219,0.2652,1.5,49.5,67.9,0.0
RHODES TECHNOLOGIES,GULF COAST MEDICAL SUPPLY,FAMILY CARE PHARMACY #2951 (LA),LA,2,False,T1_REROUTE_EXISTING,MIAMI-LUKEN INC,RHODES TECHNOLOGIES -> MIAMI-LUKEN INC -> FAMILY CARE PHARMACY #2951 (LA),0.9815,1.0,0.0497,0.2764,1.5,49.5,67.9,0.0
MYLAN PHARMACEUTICALS INC,PRESCRIPTION SUPPLY INC,CVS PHARMACY #2408 (IN),IN,2,False,T1_REROUTE_EXISTING,MIAMI-LUKEN INC,MYLAN PHARMACEUTICALS INC -> MIAMI-LUKEN INC -> CVS PHARMACY #2408 (IN),0.9815,1.0,0.0312,0.269,1.5,49.5,67.9,0.0
IMPAX LABORATORIES INC,MCKESSON CORPORATION,WALGREENS #8038 (IN),IN,2,False,T1_REROUTE_EXISTING,MIAMI-LUKEN INC,IMPAX LABORATORIES INC -> MIAMI-LUKEN INC -> WALGREENS #8038 (IN),0.9815,1.0,0.0312,0.269,1.5,49.5,67.9,0.0
SUN PHARMA GLOBAL INC,MCKESSON CORPORATION,WALMART PHARMACY #4084 (VA),VA,3,False,T1_REROUTE_EXISTING,MIAMI-LUKEN INC,SUN PHARMA GLOBAL INC -> MIAMI-LUKEN INC -> WALMART PHARMACY #4084 (VA),0.9815,1.0,0.0162,0.2629,1.5,74.3,102.0,0.0
SANDOZ INC,MORRIS & DICKSON CO LLC,SUNRISE PHARMACY #7243 (WV),WV,2,False,T1_REROUTE_EXISTING,MIAMI-LUKEN INC,SANDOZ INC -> MIAMI-LUKEN INC -> SUNRISE PHARMACY #7243 (WV),0.9815,1.0,0.5743,0.4862,1.5,49.5,67.9,0.0
JANSSEN PHARMACEUTICALS INC,GULF COAST MEDICAL SUPPLY,QUALITY CARE PHARMACY #8199 (WV),WV,3,False,T1_REROUTE_EXISTING,MIAMI-LUKEN INC,JANSSEN PHARMACEUTICALS INC -> MIAMI-LUKEN INC -> QUALITY CARE PHARMACY #8199 (WV),0.9815,1.0,0.5743,0.4862,1.5,74.3,102.0,0.0
ABBOTT LABORATORIES,SMITH DRUG COMPANY,CVS PHARMACY #6838 (TN),TN,2,False,T1_REROUTE_EXISTING,MIAMI-LUKEN INC,ABBOTT LABORATORIES -> MIAMI-LUKEN INC -> CVS PHARMACY #6838 (TN),0.9815,1.0,0.0288,0.268,1.5,49.5,67.9,0.0
JANSSEN PHARMACEUTICALS INC,DIRECT RX,CORNER DRUG STORE #9661 (KY),KY,2,False,T1_REROUTE_EXISTING,MIAMI-LUKEN INC,JANSSEN PHARMACEUTICALS INC -> MIAMI-LUKEN INC -> CORNER DRUG STORE #9661 (KY),0.9815,1.0,0.0243,0.2662,1.5,49.5,67.9,0.0
HIKMA PHARMACEUTICALS,KEYSOURCE MEDICAL INC,QUALITY CARE PHARMACY #8047 (TX),TX,3,False,T1_REROUTE_EXISTING,CARDINAL HEALTH INC,HIKMA PHARMACEUTICALS -> CARDINAL HEALTH INC -> QUALITY CARE PHARMACY #8047 (TX),0.8652,0.1959,0.0021,0.097,1.5,74.3,102.0,0.0
HIKMA PHARMACEUTICALS,BELLCO DRUG CORP,WINN-DIXIE PHARMACY #5077 (VA),VA,3,False,T1_REROUTE_EXISTING,MIAMI-LUKEN INC,HIKMA PHARMACEUTICALS -> MIAMI-LUKEN INC -> WINN-DIXIE PHARMACY #5077 (VA),0.9815,1.0,0.0162,0.2629,1.5,74.3,102.0,0.0
VINTAGE PHARMACEUTICALS LLC,BELLCO DRUG CORP,PEOPLES PHARMACY #1397 (OH),OH,2,False,T1_REROUTE_EXISTING,MIAMI-LUKEN INC,VINTAGE PHARMACEUTICALS LLC -> MIAMI-LUKEN INC -> PEOPLES PHARMACY #1397 (OH),0.9815,1.0,0.0308,0.2688,1.5,49.5,67.9,0.0
VINTAGE PHARMACEUTICALS LLC,DAKOTA DRUG INC,WALGREENS #4642 (PA),PA,2,False,T1_REROUTE_EXISTING,MIAMI-LUKEN INC,VINTAGE PHARMACEUTICALS LLC -> MIAMI-LUKEN INC -> WALGREENS #4642 (PA),0.9815,1.0,0.0219,0.2652,1.5,49.5,67.9,0.0
LANNETT COMPANY INC,GULF COAST MEDICAL SUPPLY,HOMETOWN PHARMACY #8469 (NC),NC,2,False,T1_REROUTE_EXISTING,MIAMI-LUKEN INC,LANNETT COMPANY INC -> MIAMI-LUKEN INC -> HOMETOWN PHARMACY #8469 (NC),0.9815,1.0,0.0471,0.2753,1.5,49.5,67.9,0.0
PAR PHARMACEUTICAL INC,MORRIS & DICKSON CO LLC,PUBLIX PHARMACY #5706 (MT),MT,2,False,T1_REROUTE_EXISTING,MIAMI-LUKEN INC,PAR PHARMACEUTICAL INC -> MIAMI-LUKEN INC -> PUBLIX PHARMACY #5706 (MT),0.9815,1.0,0.0076,0.2595,1.5,49.5,67.9,0.0
ACTAVIS PHARMA INC,HENRY SCHEIN INC,WINN-DIXIE PHARMACY #8389 (RI),RI,2,False,T1_REROUTE_EXISTING,MIAMI-LUKEN INC,ACTAVIS PHARMA INC -> MIAMI-LUKEN INC -> WINN-DIXIE PHARMACY #8389 (RI),0.9815,1.0,0.0019,0.2572,1.5,49.5,67.9,0.0
ABBOTT LABORATORIES,BELLCO DRUG CORP,PUBLIX PHARMACY #2234 (VA),VA,2,False,T1_REROUTE_EXISTING,MIAMI-LUKEN INC,ABBOTT LABORATORIES -> MIAMI-LUKEN INC -> PUBLIX PHARMACY #2234 (VA),0.9815,1.0,0.0162,0.2629,1.5,49.5,67.9,0.0
QUALITEST PHARMACEUTICALS,BURLINGTON DRUG COMPANY INC,MEDICO PHARMACY #6745 (VA),VA,2,False,T1_REROUTE_EXISTING,MIAMI-LUKEN INC,QUALITEST PHARMACEUTICALS -> MIAMI-LUKEN INC -> MEDICO PHARMACY #6745 (VA),0.9815,1.0,0.0162,0.2629,1.5,49.5,67.9,0.0
TEVA PHARMACEUTICALS USA INC,MCKESSON CORPORATION,SUNRISE PHARMACY #7649 (PA),PA,2,False,T1_REROUTE_EXISTING,MIAMI-LUKEN INC,TEVA PHARMACEUTICALS USA INC -> MIAMI-LUKEN INC -> SUNRISE PHARMACY #7649 (PA),0.9815,1.0,0.0219,0.2652,1.5,49.5,67.9,0.0
WATSON LABORATORIES INC,VALUEDRUGCO,WALMART PHARMACY #2539 (MI),MI,3,False,T1_REROUTE_EXISTING,MIAMI-LUKEN INC,WATSON LABORATORIES INC -> MIAMI-LUKEN INC -> WALMART PHARMACY #2539 (MI),0.9815,1.0,0.0252,0.2666,1.5,74.3,102.0,0.0
IMPAX LABORATORIES INC,GULF COAST MEDICAL SUPPLY,WINN-DIXIE PHARMACY #3643 (MI),MI,2,False,T1_REROUTE_EXISTING,MIAMI-LUKEN INC,IMPAX LABORATORIES INC -> MIAMI-LUKEN INC -> WINN-DIXIE PHARMACY #3643 (MI),0.9815,1.0,0.0252,0.2666,1.5,49.5,67.9,0.0
VINTAGE PHARMACEUTICALS LLC,NATIONAL WHOLESALE DRUG CO INC,PEOPLES PHARMACY #8170 (VA),VA,3,False,T1_REROUTE_EXISTING,MIAMI-LUKEN INC,VINTAGE PHARMACEUTICALS LLC -> MIAMI-LUKEN INC -> PEOPLES PHARMACY #8170 (VA),0.9815,1.0,0.0162,0.2629,1.5,74.3,102.0,0.0
IMPAX LABORATORIES INC,KINRAY LLC,WALMART PHARMACY #4214 (AR),AR,3,False,T1_REROUTE_EXISTING,MIAMI-LUKEN INC,IMPAX LABORATORIES INC -> MIAMI-LUKEN INC -> WALMART PHARMACY #4214 (AR),0.9815,1.0,0.0064,0.259,1.5,74.3,102.0,0.0
LANNETT COMPANY INC,CARDINAL HEALTH INC,KROGER PHARMACY #5892 (NJ),NJ,3,False,T1_REROUTE_EXISTING,DAKOTA DRUG INC,LANNETT COMPANY INC -> DAKOTA DRUG INC -> KROGER PHARMACY #5892 (NJ),0.8719,0.1818,0.0161,0.0967,1.5,74.3,102.0,0.0
IMPAX LABORATORIES INC,DIRECT RX,HARRIS TEETER PHARMACY #6063 (NC),NC,3,False,T1_REROUTE_EXISTING,MIAMI-LUKEN INC,IMPAX LABORATORIES INC -> MIAMI-LUKEN INC -> HARRIS TEETER PHARMACY #6063 (NC),0.9815,1.0,0.0471,0.2753,1.5,74.3,102.0,0.0
QUALITEST PHARMACEUTICALS,NATIONAL WHOLESALE DRUG CO INC,VILLAGE PHARMACY #7086 (IN),IN,2,False,T1_REROUTE_EXISTING,MIAMI-LUKEN INC,QUALITEST PHARMACEUTICALS -> MIAMI-LUKEN INC -> VILLAGE PHARMACY #7086 (IN),0.9815,1.0,0.0312,0.269,1.5,49.5,67.9,0.0
LANNETT COMPANY INC,BELLCO DRUG CORP,MAIN STREET PHARMACY #5473 (OH),OH,3,False,T1_REROUTE_EXISTING,MIAMI-LUKEN INC,LANNETT COMPANY INC -> MIAMI-LUKEN INC -> MAIN STREET PHARMACY #5473 (OH),0.9815,1.0,0.0308,0.2688,1.5,74.3,102.0,0.0
CADISTA PHARMACEUTICALS INC,MCKESSON CORPORATION,MAIN STREET PHARMACY #7456 (MI),MI,2,False,T1_REROUTE_EXISTING,MIAMI-LUKEN INC,CADISTA PHARMACEUTICALS INC -> MIAMI-LUKEN INC -> MAIN STREET PHARMACY #7456 (MI),0.9815,1.0,0.0252,0.2666,1.5,49.5,67.9,0.0
AMNEAL PHARMACEUTICALS LLC,DAKOTA DRUG INC,GOOD NEIGHBOR PHARMACY #7994 (IN),IN,3,False,T1_REROUTE_EXISTING,MIAMI-LUKEN INC,AMNEAL PHARMACEUTICALS LLC -> MIAMI-LUKEN INC -> GOOD NEIGHBOR PHARMACY #7994 (IN),0.9815,1.0,0.0312,0.269,1.5,74.3,102.0,0.0
TEVA PHARMACEUTICALS USA INC,PRESCRIPTION SUPPLY INC,MAIN STREET PHARMACY #1667 (MI),MI,2,False,T1_REROUTE_EXISTING,MIAMI-LUKEN INC,TEVA PHARMACEUTICALS USA INC -> MIAMI-LUKEN INC -> MAIN STREET PHARMACY #1667 (MI),0.9815,1.0,0.0252,0.2666,1.5,49.5,67.9,0.0
TEVA PHARMACEUTICALS USA INC,HD SMITH WHOLESALE DRUG CO,PUBLIX PHARMACY #1697 (MI),MI,3,False,T1_REROUTE_EXISTING,MIAMI-LUKEN INC,TEVA PHARMACEUTICALS USA INC -> MIAMI-LUKEN INC -> PUBLIX PHARMACY #1697 (MI),0.9815,1.0,0.0252,0.2666,1.5,74.3,102.0,0.0
ENDO PHARMACEUTICALS INC,MORRIS & DICKSON CO LLC,PEOPLES PHARMACY #6594 (KY),KY,3,False,T1_REROUTE_EXISTING,MIAMI-LUKEN INC,ENDO PHARMACEUTICALS INC -> MIAMI-LUKEN INC -> PEOPLES PHARMACY #6594 (KY),0.9815,1.0,0.0243,0.2662,1.5,74.3,102.0,0.0
IMPAX LABORATORIES INC,CARDINAL HEALTH INC,CVS PHARMACY #5523 (NC),NC,3,False,T1_REROUTE_EXISTING,MIAMI-LUKEN INC,IMPAX LABORATORIES INC -> MIAMI-LUKEN INC -> CVS PHARMACY #5523 (NC),0.9815,1.0,0.0471,0.2753,1.5,74.3,102.0,0.0
SANDOZ INC,MORRIS & DICKSON CO LLC,PEOPLES PHARMACY #1397 (OH),OH,2,False,T1_REROUTE_EXISTING,MIAMI-LUKEN INC,SANDOZ INC -> MIAMI-LUKEN INC -> PEOPLES PHARMACY #1397 (OH),0.9815,1.0,0.0308,0.2688,1.5,49.5,67.9,0.0
SUN PHARMA GLOBAL INC,MCKESSON CORPORATION,MEDICO PHARMACY #4957 (HI),HI,2,True,T1_REROUTE_EXISTING,DAKOTA DRUG INC,SUN PHARMA GLOBAL INC -> DAKOTA DRUG INC -> MEDICO PHARMACY #4957 (HI),0.8719,0.1818,0.0048,0.0922,1.5,49.5,67.9,18.3
VINTAGE PHARMACEUTICALS LLC,GULF COAST MEDICAL SUPPLY,CORNER DRUG STORE #6200 (PA),PA,2,False,T1_REROUTE_EXISTING,MIAMI-LUKEN INC,VINTAGE PHARMACEUTICALS LLC -> MIAMI-LUKEN INC -> CORNER DRUG STORE #6200 (PA),0.9815,1.0,0.0219,0.2652,1.5,49.5,67.9,0.0
PAR PHARMACEUTICAL INC,DIRECT RX,PUBLIX PHARMACY #2234 (VA),VA,2,False,T1_REROUTE_EXISTING,MIAMI-LUKEN INC,PAR PHARMACEUTICAL INC -> MIAMI-LUKEN INC -> PUBLIX PHARMACY #2234 (VA),0.9815,1.0,0.0162,0.2629,1.5,49.5,67.9,0.0
CADISTA PHARMACEUTICALS INC,BELLCO DRUG CORP,HARRIS TEETER PHARMACY #5982 (VT),VT,2,True,T3_NEW_LASTMILE,MIAMI-LUKEN INC,CADISTA PHARMACEUTICALS INC -> MIAMI-LUKEN INC -> HARRIS TEETER PHARMACY #5982 (VT),0.9815,1.0,0.0021,0.2573,5.0,73.5,67.9,0.0
HIKMA PHARMACEUTICALS,ANDA INC,HEALTH MART PHARMACY #6078 (KY),KY,2,False,T1_REROUTE_EXISTING,MIAMI-LUKEN INC,HIKMA PHARMACEUTICALS -> MIAMI-LUKEN INC -> HEALTH MART PHARMACY #6078 (KY),0.9815,1.0,0.0243,0.2662,1.5,49.5,67.9,0.0
SUN PHARMA GLOBAL INC,AMERISOURCEBERGEN DRUG CORP,GOOD NEIGHBOR PHARMACY #6272 (NC),NC,2,False,T1_REROUTE_EXISTING,MIAMI-LUKEN INC,SUN PHARMA GLOBAL INC -> MIAMI-LUKEN INC -> GOOD NEIGHBOR PHARMACY #6272 (NC),0.9815,1.0,0.0471,0.2753,1.5,49.5,67.9,0.0
VINTAGE PHARMACEUTICALS LLC,MORRIS & DICKSON CO LLC,CVS PHARMACY #9428 (AK),AK,2,False,T1_REROUTE_EXISTING,MCKESSON CORPORATION,VINTAGE PHARMACEUTICALS LLC -> MCKESSON CORPORATION -> CVS PHARMACY #9428 (AK),0.8788,0.1815,0.0022,0.0887,1.5,49.5,67.9,0.0
AMNEAL PHARMACEUTICALS LLC,DIRECT RX,COMMUNITY PHARMACY #6047 (VA),VA,2,False,T1_REROUTE_EXISTING,MIAMI-LUKEN INC,AMNEAL PHARMACEUTICALS LLC -> MIAMI-LUKEN INC -> COMMUNITY PHARMACY #6047 (VA),0.9815,1.0,0.0162,0.2629,1.5,49.5,67.9,0.0
CADISTA PHARMACEUTICALS INC,HENRY SCHEIN INC,PUBLIX PHARMACY #2397 (LA),LA,2,False,T1_REROUTE_EXISTING,MIAMI-LUKEN INC,CADISTA PHARMACEUTICALS INC -> MIAMI-LUKEN INC -> PUBLIX PHARMACY #2397 (LA),0.9815,1.0,0.0497,0.2764,1.5,49.5,67.9,0.0
ENDO PHARMACEUTICALS INC,DIRECT RX,HOMETOWN PHARMACY #4342 (MI),MI,2,False,T1_REROUTE_EXISTING,KEYSOURCE MEDICAL INC,ENDO PHARMACEUTICALS INC -> KEYSOURCE MEDICAL INC -> HOMETOWN PHARMACY #4342 (MI),0.8905,0.145,0.1155,0.1208,1.5,49.5,67.9,0.0
SANDOZ INC,MIAMI-LUKEN INC,WALGREENS #2968 (NH),NH,2,False,T1_REROUTE_EXISTING,PENN PHARMACEUTICAL SERVICES INC,SANDOZ INC -> PENN PHARMACEUTICAL SERVICES INC -> WALGREENS #2968 (NH),0.8904,0.1359,0.0041,0.074,1.5,49.5,67.9,0.0
ENDO PHARMACEUTICALS INC,MIAMI-LUKEN INC,SUNRISE PHARMACY #1937 (TN),TN,2,False,T1_REROUTE_EXISTING,CARDINAL HEALTH INC,ENDO PHARMACEUTICALS INC -> CARDINAL HEALTH INC -> SUNRISE PHARMACY #1937 (TN),0.8652,0.1959,0.1,0.1362,1.5,49.5,67.9,0.0
TEVA PHARMACEUTICALS USA INC,PENN PHARMACEUTICAL SERVICES INC,MEDICO PHARMACY #4938 (TN),TN,2,False,T1_REROUTE_EXISTING,MIAMI-LUKEN INC,TEVA PHARMACEUTICALS USA INC -> MIAMI-LUKEN INC -> MEDICO PHARMACY #4938 (TN),0.9815,1.0,0.0288,0.268,1.5,49.5,67.9,0.0
TEVA PHARMACEUTICALS USA INC,HD SMITH WHOLESALE DRUG CO,VILLAGE PHARMACY #7086 (IN),IN,2,False,T1_REROUTE_EXISTING,MIAMI-LUKEN INC,TEVA PHARMACEUTICALS USA INC -> MIAMI-LUKEN INC -> VILLAGE PHARMACY #7086 (IN),0.9815,1.0,0.0312,0.269,1.5,49.5,67.9,0.0
RHODES TECHNOLOGIES,MCKESSON CORPORATION,MEDICO PHARMACY #9378 (TN),TN,2,False,T1_REROUTE_EXISTING,MIAMI-LUKEN INC,RHODES TECHNOLOGIES -> MIAMI-LUKEN INC -> MEDICO PHARMACY #9378 (TN),0.9815,1.0,0.0288,0.268,1.5,49.5,67.9,0.0
TEVA PHARMACEUTICALS USA INC,KINRAY LLC,QUALITY CARE PHARMACY #3905 (TN),TN,2,False,T1_REROUTE_EXISTING,MIAMI-LUKEN INC,TEVA PHARMACEUTICALS USA INC -> MIAMI-LUKEN INC -> QUALITY CARE PHARMACY #3905 (TN),0.9815,1.0,0.0288,0.268,1.5,49.5,67.9,0.0
AMNEAL PHARMACEUTICALS LLC,BURLINGTON DRUG COMPANY INC,WALGREENS #6088 (NV),NV,2,False,T1_REROUTE_EXISTING,MIAMI-LUKEN INC,AMNEAL PHARMACEUTICALS LLC -> MIAMI-LUKEN INC -> WALGREENS #6088 (NV),0.9815,1.0,0.0024,0.2574,1.5,49.5,67.9,0.0
SANDOZ INC,SMITH DRUG COMPANY,CORNER DRUG STORE #9661 (KY),KY,2,False,T1_REROUTE_EXISTING,MIAMI-LUKEN INC,SANDOZ INC -> MIAMI-LUKEN INC -> CORNER DRUG STORE #9661 (KY),0.9815,1.0,0.0243,0.2662,1.5,49.5,67.9,0.0
ENDO PHARMACEUTICALS INC,ANDA INC,WINN-DIXIE PHARMACY #5077 (VA),VA,2,False,T1_REROUTE_EXISTING,MIAMI-LUKEN INC,ENDO PHARMACEUTICALS INC -> MIAMI-LUKEN INC -> WINN-DIXIE PHARMACY #5077 (VA),0.9815,1.0,0.0162,0.2629,1.5,49.5,67.9,0.0
SUN PHARMA GLOBAL INC,SMITH DRUG COMPANY,KROGER PHARMACY #3523 (OH),OH,2,False,T1_REROUTE_EXISTING,MIAMI-LUKEN INC,SUN PHARMA GLOBAL INC -> MIAMI-LUKEN INC -> KROGER PHARMACY #3523 (OH),0.9815,1.0,0.0308,0.2688,1.5,49.5,67.9,0.0
RHODES TECHNOLOGIES,VALUEDRUGCO,SUNRISE PHARMACY #1937 (TN),TN,2,False,T1_REROUTE_EXISTING,MIAMI-LUKEN INC,RHODES TECHNOLOGIES -> MIAMI-LUKEN INC -> SUNRISE PHARMACY #1937 (TN),0.9815,1.0,0.0288,0.268,1.5,49.5,67.9,0.0
ABBOTT LABORATORIES,GULF COAST MEDICAL SUPPLY,KROGER PHARMACY #9282 (UT),UT,3,False,T1_REROUTE_EXISTING,BURLINGTON DRUG COMPANY INC,ABBOTT LABORATORIES -> BURLINGTON DRUG COMPANY INC -> KROGER PHARMACY #9282 (UT),0.8768,0.1637,0.0112,0.0885,1.5,74.3,102.0,0.0
LANNETT COMPANY INC,KEYSOURCE MEDICAL INC,CORNER DRUG STORE #8392 (NM),NM,2,False,T1_REROUTE_EXISTING,KINRAY LLC,LANNETT COMPANY INC -> KINRAY LLC -> CORNER DRUG STORE #8392 (NM),0.8683,0.1632,0.0045,0.0887,1.5,49.5,67.9,0.0
TEVA PHARMACEUTICALS USA INC,BELLCO DRUG CORP,MAIN STREET PHARMACY #1358 (IN),IN,2,False,T1_REROUTE_EXISTING,MIAMI-LUKEN INC,TEVA PHARMACEUTICALS USA INC -> MIAMI-LUKEN INC -> MAIN STREET PHARMACY #1358 (IN),0.9815,1.0,0.0312,0.269,1.5,49.5,67.9,0.0
HIKMA PHARMACEUTICALS,DIRECT RX,HOMETOWN PHARMACY #9385 (MI),MI,3,False,T1_REROUTE_EXISTING,MIAMI-LUKEN INC,HIKMA PHARMACEUTICALS -> MIAMI-LUKEN INC -> HOMETOWN PHARMACY #9385 (MI),0.9815,1.0,0.0252,0.2666,1.5,74.3,102.0,0.0
ACTAVIS PHARMA INC,DAKOTA DRUG INC,PUBLIX PHARMACY #1697 (MI),MI,3,False,T1_REROUTE_EXISTING,MIAMI-LUKEN INC,ACTAVIS PHARMA INC -> MIAMI-LUKEN INC -> PUBLIX PHARMACY #1697 (MI),0.9815,1.0,0.0252,0.2666,1.5,74.3,102.0,0.0
MALLINCKRODT LLC,NATIONAL WHOLESALE DRUG CO INC,PUBLIX PHARMACY #2055 (NC),NC,3,False,T1_REROUTE_EXISTING,MIAMI-LUKEN INC,MALLINCKRODT LLC -> MIAMI-LUKEN INC -> PUBLIX PHARMACY #2055 (NC),0.9815,1.0,0.0471,0.2753,1.5,74.3,102.0,0.0
CADISTA PHARMACEUTICALS INC,HENRY SCHEIN INC,HOMETOWN PHARMACY #7488 (TN),TN,2,False,T1_REROUTE_EXISTING,MIAMI-LUKEN INC,CADISTA PHARMACEUTICALS INC -> MIAMI-LUKEN INC -> HOMETOWN PHARMACY #7488 (TN),0.9815,1.0,0.0288,0.268,1.5,49.5,67.9,0.0
CADISTA PHARMACEUTICALS INC,PENN PHARMACEUTICAL SERVICES INC,COMMUNITY PHARMACY #6047 (VA),VA,2,False,T1_REROUTE_EXISTING,MIAMI-LUKEN INC,CADISTA PHARMACEUTICALS INC -> MIAMI-LUKEN INC -> COMMUNITY PHARMACY #6047 (VA),0.9815,1.0,0.0162,0.2629,1.5,49.5,67.9,0.0
LANNETT COMPANY INC,SMITH DRUG COMPANY,KROGER PHARMACY #9531 (NJ),NJ,3,False,T1_REROUTE_EXISTING,MIAMI-LUKEN INC,LANNETT COMPANY INC -> MIAMI-LUKEN INC -> KROGER PHARMACY #9531 (NJ),0.9815,1.0,0.0028,0.2576,1.5,74.3,102.0,0.0
HIKMA PHARMACEUTICALS,HD SMITH WHOLESALE DRUG CO,KROGER PHARMACY #2038 (MI),MI,3,False,T1_REROUTE_EXISTING,MIAMI-LUKEN INC,HIKMA PHARMACEUTICALS -> MIAMI-LUKEN INC -> KROGER PHARMACY #2038 (MI),0.9815,1.0,0.0252,0.2666,1.5,74.3,102.0,0.0
CADISTA PHARMACEUTICALS INC,VALUEDRUGCO,MAIN STREET PHARMACY #1903 (WA),WA,2,False,T1_REROUTE_EXISTING,DAKOTA DRUG INC,CADISTA PHARMACEUTICALS INC -> DAKOTA DRUG INC -> MAIN STREET PHARMACY #1903 (WA),0.8719,0.1818,0.085,0.1243,1.5,49.5,67.9,0.0
SUN PHARMA GLOBAL INC,HENRY SCHEIN INC,KROGER PHARMACY #1497 (PA),PA,2,False,T1_REROUTE_EXISTING,MIAMI-LUKEN INC,SUN PHARMA GLOBAL INC -> MIAMI-LUKEN INC -> KROGER PHARMACY #1497 (PA),0.9815,1.0,0.0219,0.2652,1.5,49.5,67.9,0.0
WATSON LABORATORIES INC,PENN PHARMACEUTICAL SERVICES INC,CVS PHARMACY #1671 (OH),OH,2,False,T1_REROUTE_EXISTING,MIAMI-LUKEN INC,WATSON LABORATORIES INC -> MIAMI-LUKEN INC -> CVS PHARMACY #1671 (OH),0.9815,1.0,0.0308,0.2688,1.5,49.5,67.9,0.0
WATSON LABORATORIES INC,MCKESSON CORPORATION,MEDICO PHARMACY #4957 (HI),HI,2,True,T1_REROUTE_EXISTING,DAKOTA DRUG INC,WATSON LABORATORIES INC -> DAKOTA DRUG INC -> MEDICO PHARMACY #4957 (HI),0.8719,0.1818,0.0048,0.0922,1.5,49.5,67.9,18.3
SUN PHARMA GLOBAL INC,BURLINGTON DRUG COMPANY INC,FAMILY CARE PHARMACY #2595 (OH),OH,2,False,T1_REROUTE_EXISTING,MIAMI-LUKEN INC,SUN PHARMA GLOBAL INC -> MIAMI-LUKEN INC -> FAMILY CARE PHARMACY #2595 (OH),0.9815,1.0,0.0308,0.2688,1.5,49.5,67.9,0.0
RHODES TECHNOLOGIES,MCKESSON CORPORATION,WALGREENS #6014 (MI),MI,2,False,T1_REROUTE_EXISTING,MIAMI-LUKEN INC,RHODES TECHNOLOGIES -> MIAMI-LUKEN INC -> WALGREENS #6014 (MI),0.9815,1.0,0.0252,0.2666,1.5,49.5,67.9,0.0
HIKMA PHARMACEUTICALS,SMITH DRUG COMPANY,KROGER PHARMACY #2900 (MI),MI,3,False,T1_REROUTE_EXISTING,MIAMI-LUKEN INC,HIKMA PHARMACEUTICALS -> MIAMI-LUKEN INC -> KROGER PHARMACY #2900 (MI),0.9815,1.0,0.0252,0.2666,1.5,74.3,102.0,0.0
AMNEAL PHARMACEUTICALS LLC,GULF COAST MEDICAL SUPPLY,WALGREENS #8617 (GA),GA,3,False,T1_REROUTE_EXISTING,BURLINGTON DRUG COMPANY INC,AMNEAL PHARMACEUTICALS LLC -> BURLINGTON DRUG COMPANY INC -> WALGREENS #8617 (GA),0.8768,0.1637,0.004,0.0857,1.5,74.3,102.0,0.0
ABBOTT LABORATORIES,DIRECT RX,HARRIS TEETER PHARMACY #6063 (NC),NC,1,False,T1_REROUTE_EXISTING,MIAMI-LUKEN INC,ABBOTT LABORATORIES -> MIAMI-LUKEN INC -> HARRIS TEETER PHARMACY #6063 (NC),0.9815,1.0,0.0471,0.2753,1.5,24.7,34.1,0.0
WATSON LABORATORIES INC,KEYSOURCE MEDICAL INC,CVS PHARMACY #6755 (TN),TN,2,False,T1_REROUTE_EXISTING,MIAMI-LUKEN INC,WATSON LABORATORIES INC -> MIAMI-LUKEN INC -> CVS PHARMACY #6755 (TN),0.9815,1.0,0.0288,0.268,1.5,49.5,67.9,0.0
PAR PHARMACEUTICAL INC,MIAMI-LUKEN INC,SUNRISE PHARMACY #9094 (PA),PA,2,False,T1_REROUTE_EXISTING,MCKESSON CORPORATION,PAR PHARMACEUTICAL INC -> MCKESSON CORPORATION -> SUNRISE PHARMACY #9094 (PA),0.8788,0.1815,0.0763,0.1183,1.5,49.5,67.9,0.0
ENDO PHARMACEUTICALS INC,KEYSOURCE MEDICAL INC,WINN-DIXIE PHARMACY #5416 (AL),AL,2,True,T1_REROUTE_EXISTING,MIAMI-LUKEN INC,ENDO PHARMACEUTICALS INC -> MIAMI-LUKEN INC -> WINN-DIXIE PHARMACY #5416 (AL),0.9815,1.0,0.0012,0.2569,1.5,49.5,67.9,18.3
SUN PHARMA GLOBAL INC,AMERISOURCEBERGEN DRUG CORP,MAIN STREET PHARMACY #4501 (WV),WV,2,False,T1_REROUTE_EXISTING,MIAMI-LUKEN INC,SUN PHARMA GLOBAL INC -> MIAMI-LUKEN INC -> MAIN STREET PHARMACY #4501 (WV),0.9815,1.0,0.5743,0.4862,1.5,49.5,67.9,0.0
PAR PHARMACEUTICAL INC,HENRY SCHEIN INC,HARRIS TEETER PHARMACY #4474 (IN),IN,2,False,T1_REROUTE_EXISTING,MIAMI-LUKEN INC,PAR PHARMACEUTICAL INC -> MIAMI-LUKEN INC -> HARRIS TEETER PHARMACY #4474 (IN),0.9815,1.0,0.0312,0.269,1.5,49.5,67.9,0.0
JANSSEN PHARMACEUTICALS INC,ANDA INC,PEOPLES PHARMACY #6594 (KY),KY,2,False,T1_REROUTE_EXISTING,MIAMI-LUKEN INC,JANSSEN PHARMACEUTICALS INC -> MIAMI-LUKEN INC -> PEOPLES PHARMACY #6594 (KY),0.9815,1.0,0.0243,0.2662,1.5,49.5,67.9,0.0
MALLINCKRODT LLC,PRESCRIPTION SUPPLY INC,KROGER PHARMACY #3100 (MI),MI,2,False,T1_REROUTE_EXISTING,MIAMI-LUKEN INC,MALLINCKRODT LLC -> MIAMI-LUKEN INC -> KROGER PHARMACY #3100 (MI),0.9815,1.0,0.0252,0.2666,1.5,49.5,67.9,0.0
VINTAGE PHARMACEUTICALS LLC,SMITH DRUG COMPANY,HOMETOWN PHARMACY #4482 (KY),KY,2,False,T1_REROUTE_EXISTING,MIAMI-LUKEN INC,VINTAGE PHARMACEUTICALS LLC -> MIAMI-LUKEN INC -> HOMETOWN PHARMACY #4482 (KY),0.9815,1.0,0.0243,0.2662,1.5,49.5,67.9,0.0
LANNETT COMPANY INC,MIAMI-LUKEN INC,CVS PHARMACY #6965 (LA),LA,3,False,T1_REROUTE_EXISTING,CARDINAL HEALTH INC,LANNETT COMPANY INC -> CARDINAL HEALTH INC -> CVS PHARMACY #6965 (LA),0.8652,0.1959,0.0471,0.115,1.5,74.3,102.0,0.0
ABBOTT LABORATORIES,ANDA INC,VILLAGE PHARMACY #9964 (OH),OH,2,False,T1_REROUTE_EXISTING,MIAMI-LUKEN INC,ABBOTT LABORATORIES -> MIAMI-LUKEN INC -> VILLAGE PHARMACY #9964 (OH),0.9815,1.0,0.0308,0.2688,1.5,49.5,67.9,0.0
SUN PHARMA GLOBAL INC,VALUEDRUGCO,CVS PHARMACY #2504 (VA),VA,2,False,T1_REROUTE_EXISTING,MIAMI-LUKEN INC,SUN PHARMA GLOBAL INC -> MIAMI-LUKEN INC -> CVS PHARMACY #2504 (VA),0.9815,1.0,0.0162,0.2629,1.5,49.5,67.9,0.0
PAR PHARMACEUTICAL INC,KEYSOURCE MEDICAL INC,WINN-DIXIE PHARMACY #1542 (VT),VT,2,True,T1_REROUTE_EXISTING,DAKOTA DRUG INC,PAR PHARMACEUTICAL INC -> DAKOTA DRUG INC -> WINN-DIXIE PHARMACY #1542 (VT),0.8719,0.1818,0.0172,0.0972,1.5,49.5,67.9,18.3
WATSON LABORATORIES INC,PRESCRIPTION SUPPLY INC,CVS PHARMACY #9746 (TN),TN,2,False,T1_REROUTE_EXISTING,MIAMI-LUKEN INC,WATSON LABORATORIES INC -> MIAMI-LUKEN INC -> CVS PHARMACY #9746 (TN),0.9815,1.0,0.0288,0.268,1.5,49.5,67.9,0.0
MYLAN PHARMACEUTICALS INC,AMERISOURCEBERGEN DRUG CORP,SUNRISE PHARMACY #8787 (TN),TN,3,False,T1_REROUTE_EXISTING,MIAMI-LUKEN INC,MYLAN PHARMACEUTICALS INC -> MIAMI-LUKEN INC -> SUNRISE PHARMACY #8787 (TN),0.9815,1.0,0.0288,0.268,1.5,74.3,102.0,0.0
HIKMA PHARMACEUTICALS,MCKESSON CORPORATION,CVS PHARMACY #5523 (NC),NC,2,False,T1_REROUTE_EXISTING,MIAMI-LUKEN INC,HIKMA PHARMACEUTICALS -> MIAMI-LUKEN INC -> CVS PHARMACY #5523 (NC),0.9815,1.0,0.0471,0.2753,1.5,49.5,67.9,0.0
IMPAX LABORATORIES INC,PRESCRIPTION SUPPLY INC,CVS PHARMACY #3954 (OH),OH,3,False,T1_REROUTE_EXISTING,MIAMI-LUKEN INC,IMPAX LABORATORIES INC -> MIAMI-LUKEN INC -> CVS PHARMACY #3954 (OH),0.9815,1.0,0.0308,0.2688,1.5,74.3,102.0,0.0
SANDOZ INC,GULF COAST MEDICAL SUPPLY,FAMILY CARE PHARMACY #5952 (MI),MI,2,False,T1_REROUTE_EXISTING,MIAMI-LUKEN INC,SANDOZ INC -> MIAMI-LUKEN INC -> FAMILY CARE PHARMACY #5952 (MI),0.9815,1.0,0.0252,0.2666,1.5,49.5,67.9,0.0
MALLINCKRODT LLC,MORRIS & DICKSON CO LLC,WALMART PHARMACY #1108 (WV),WV,2,False,T1_REROUTE_EXISTING,MIAMI-LUKEN INC,MALLINCKRODT LLC -> MIAMI-LUKEN INC -> WALMART PHARMACY #1108 (WV),0.9815,1.0,0.5743,0.4862,1.5,49.5,67.9,0.0
PAR PHARMACEUTICAL INC,VALUEDRUGCO,MEDICO PHARMACY #9307 (VA),VA,2,False,T1_REROUTE_EXISTING,MIAMI-LUKEN INC,PAR PHARMACEUTICAL INC -> MIAMI-LUKEN INC -> MEDICO PHARMACY #9307 (VA),0.9815,1.0,0.0162,0.2629,1.5,49.5,67.9,0.0
MALLINCKRODT LLC,KINRAY LLC,PUBLIX PHARMACY #2055 (NC),NC,3,False,T1_REROUTE_EXISTING,MIAMI-LUKEN INC,MALLINCKRODT LLC -> MIAMI-LUKEN INC -> PUBLIX PHARMACY #2055 (NC),0.9815,1.0,0.0471,0.2753,1.5,74.3,102.0,0.0
WATSON LABORATORIES INC,NATIONAL WHOLESALE DRUG CO INC,MEDICO PHARMACY #8978 (MI),MI,2,False,T1_REROUTE_EXISTING,MIAMI-LUKEN INC,WATSON LABORATORIES INC -> MIAMI-LUKEN INC -> MEDICO PHARMACY #8978 (MI),0.9815,1.0,0.0252,0.2666,1.5,49.5,67.9,0.0
SANDOZ INC,MCKESSON CORPORATION,MAIN STREET PHARMACY #7581 (LA),LA,2,False,T1_REROUTE_EXISTING,MIAMI-LUKEN INC,SANDOZ INC -> MIAMI-LUKEN INC -> MAIN STREET PHARMACY #7581 (LA),0.9815,1.0,0.0497,0.2764,1.5,49.5,67.9,0.0
MYLAN PHARMACEUTICALS INC,HD SMITH WHOLESALE DRUG CO,HOMETOWN PHARMACY #6387 (NC),NC,2,False,T1_REROUTE_EXISTING,MIAMI-LUKEN INC,MYLAN PHARMACEUTICALS INC -> MIAMI-LUKEN INC -> HOMETOWN PHARMACY #6387 (NC),0.9815,1.0,0.0471,0.2753,1.5,49.5,67.9,0.0
SANDOZ INC,HENRY SCHEIN INC,WINN-DIXIE PHARMACY #3643 (MI),MI,2,False,T1_REROUTE_EXISTING,MIAMI-LUKEN INC,SANDOZ INC -> MIAMI-LUKEN INC -> WINN-DIXIE PHARMACY #3643 (MI),0.9815,1.0,0.0252,0.2666,1.5,49.5,67.9,0.0
WATSON LABORATORIES INC,SMITH DRUG COMPANY,MAIN STREET PHARMACY #4501 (WV),WV,2,False,T1_REROUTE_EXISTING,MIAMI-LUKEN INC,WATSON LABORATORIES INC -> MIAMI-LUKEN INC -> MAIN STREET PHARMACY #4501 (WV),0.9815,1.0,0.5743,0.4862,1.5,49.5,67.9,0.0
PAR PHARMACEUTICAL INC,DAKOTA DRUG INC,PUBLIX PHARMACY #1528 (VA),VA,2,False,T1_REROUTE_EXISTING,MIAMI-LUKEN INC,PAR PHARMACEUTICAL INC -> MIAMI-LUKEN INC -> PUBLIX PHARMACY #1528 (VA),0.9815,1.0,0.0162,0.2629,1.5,49.5,67.9,0.0
VINTAGE PHARMACEUTICALS LLC,MIAMI-LUKEN INC,KROGER PHARMACY #5322 (OH),OH,2,False,T1_REROUTE_EXISTING,CARDINAL HEALTH INC,VINTAGE PHARMACEUTICALS LLC -> CARDINAL HEALTH INC -> KROGER PHARMACY #5322 (OH),0.8652,0.1959,0.0552,0.1182,1.5,49.5,67.9,0.0
MALLINCKRODT LLC,PENN PHARMACEUTICAL SERVICES INC,CVS PHARMACY #6838 (TN),TN,3,False,T1_REROUTE_EXISTING,MIAMI-LUKEN INC,MALLINCKRODT LLC -> MIAMI-LUKEN INC -> CVS PHARMACY #6838 (TN),0.9815,1.0,0.0288,0.268,1.5,74.3,102.0,0.0
ACTAVIS PHARMA INC,PRESCRIPTION SUPPLY INC,PEOPLES PHARMACY #6007 (WV),WV,3,False,T1_REROUTE_EXISTING,MIAMI-LUKEN INC,ACTAVIS PHARMA INC -> MIAMI-LUKEN INC -> PEOPLES PHARMACY #6007 (WV),0.9815,1.0,0.5743,0.4862,1.5,74.3,102.0,0.0
AMNEAL PHARMACEUTICALS LLC,HD SMITH WHOLESALE DRUG CO,MEDICO PHARMACY #1923 (IA),IA,2,False,T1_REROUTE_EXISTING,MIAMI-LUKEN INC,AMNEAL PHARMACEUTICALS LLC -> MIAMI-LUKEN INC -> MEDICO PHARMACY #1923 (IA),0.9815,1.0,0.0077,0.2596,1.5,49.5,67.9,0.0
WATSON LABORATORIES INC,DIRECT RX,MEDICO PHARMACY #1621 (MI),MI,2,False,T1_REROUTE_EXISTING,MIAMI-LUKEN INC,WATSON LABORATORIES INC -> MIAMI-LUKEN INC -> MEDICO PHARMACY #1621 (MI),0.9815,1.0,0.0252,0.2666,1.5,49.5,67.9,0.0
ENDO PHARMACEUTICALS INC,DIRECT RX,SUNRISE PHARMACY #9538 (OH),OH,2,False,T1_REROUTE_EXISTING,MIAMI-LUKEN INC,ENDO PHARMACEUTICALS INC -> MIAMI-LUKEN INC -> SUNRISE PHARMACY #9538 (OH),0.9815,1.0,0.0308,0.2688,1.5,49.5,67.9,0.0
ACTAVIS PHARMA INC,GULF COAST MEDICAL SUPPLY,PUBLIX PHARMACY #2234 (VA),VA,2,False,T1_REROUTE_EXISTING,MIAMI-LUKEN INC,ACTAVIS PHARMA INC -> MIAMI-LUKEN INC -> PUBLIX PHARMACY #2234 (VA),0.9815,1.0,0.0162,0.2629,1.5,49.5,67.9,0.0
QUALITEST PHARMACEUTICALS,CARDINAL HEALTH INC,CORNER DRUG STORE #9661 (KY),KY,2,False,T1_REROUTE_EXISTING,MIAMI-LUKEN INC,QUALITEST PHARMACEUTICALS -> MIAMI-LUKEN INC -> CORNER DRUG STORE #9661 (KY),0.9815,1.0,0.0243,0.2662,1.5,49.5,67.9,0.0
RHODES TECHNOLOGIES,MORRIS & DICKSON CO LLC,HOMETOWN PHARMACY #2773 (SD),SD,2,False,T1_REROUTE_EXISTING,MIAMI-LUKEN INC,RHODES TECHNOLOGIES -> MIAMI-LUKEN INC -> HOMETOWN PHARMACY #2773 (SD),0.9815,1.0,0.005,0.2585,1.5,49.5,67.9,0.0
WATSON LABORATORIES INC,DAKOTA DRUG INC,WALMART PHARMACY #2320 (VA),VA,1,False,T1_REROUTE_EXISTING,MIAMI-LUKEN INC,WATSON LABORATORIES INC -> MIAMI-LUKEN INC -> WALMART PHARMACY #2320 (VA),0.9815,1.0,0.0162,0.2629,1.5,24.7,34.1,0.0
ENDO PHARMACEUTICALS INC,HENRY SCHEIN INC,HARRIS TEETER PHARMACY #5008 (MA),MA,2,False,T1_REROUTE_EXISTING,KINRAY LLC,ENDO PHARMACEUTICALS INC -> KINRAY LLC -> HARRIS TEETER PHARMACY #5008 (MA),0.8683,0.1632,0.004,0.0885,1.5,49.5,67.9,0.0
CADISTA PHARMACEUTICALS INC,DAKOTA DRUG INC,HEALTH MART PHARMACY #5593 (KY),KY,4,False,T1_REROUTE_EXISTING,MIAMI-LUKEN INC,CADISTA PHARMACEUTICALS INC -> MIAMI-LUKEN INC -> HEALTH MART PHARMACY #5593 (KY),0.9815,1.0,0.0243,0.2662,1.5,99.4,132.0,0.0
PAR PHARMACEUTICAL INC,BURLINGTON DRUG COMPANY INC,GOOD NEIGHBOR PHARMACY #4375 (OH),OH,2,False,T1_REROUTE_EXISTING,MIAMI-LUKEN INC,PAR PHARMACEUTICAL INC -> MIAMI-LUKEN INC -> GOOD NEIGHBOR PHARMACY #4375 (OH),0.9815,1.0,0.0308,0.2688,1.5,49.5,67.9,0.0
ENDO PHARMACEUTICALS INC,NATIONAL WHOLESALE DRUG CO INC,HARRIS TEETER PHARMACY #3473 (WV),WV,2,False,T1_REROUTE_EXISTING,MIAMI-LUKEN INC,ENDO PHARMACEUTICALS INC -> MIAMI-LUKEN INC -> HARRIS TEETER PHARMACY #3473 (WV),0.9815,1.0,0.5743,0.4862,1.5,49.5,67.9,0.0
ENDO PHARMACEUTICALS INC,HENRY SCHEIN INC,MEDICO PHARMACY #4239 (VT),VT,3,True,T1_REROUTE_EXISTING,MIAMI-LUKEN INC,ENDO PHARMACEUTICALS INC -> MIAMI-LUKEN INC -> MEDICO PHARMACY #4239 (VT),0.9815,1.0,0.0021,0.2573,1.5,74.3,102.0,27.6
PAR PHARMACEUTICAL INC,MORRIS & DICKSON CO LLC,GOOD NEIGHBOR PHARMACY #6272 (NC),NC,2,False,T1_REROUTE_EXISTING,MIAMI-LUKEN INC,PAR PHARMACEUTICAL INC -> MIAMI-LUKEN INC -> GOOD NEIGHBOR PHARMACY #6272 (NC),0.9815,1.0,0.0471,0.2753,1.5,49.5,67.9,0.0
MALLINCKRODT LLC,HENRY SCHEIN INC,MAIN STREET PHARMACY #2855 (IN),IN,3,False,T1_REROUTE_EXISTING,MIAMI-LUKEN INC,MALLINCKRODT LLC -> MIAMI-LUKEN INC -> MAIN STREET PHARMACY #2855 (IN),0.9815,1.0,0.0312,0.269,1.5,74.3,102.0,0.0
SANDOZ INC,MCKESSON CORPORATION,SUNRISE PHARMACY #7243 (WV),WV,2,False,T1_REROUTE_EXISTING,MIAMI-LUKEN INC,SANDOZ INC -> MIAMI-LUKEN INC -> SUNRISE PHARMACY #7243 (WV),0.9815,1.0,0.5743,0.4862,1.5,49.5,67.9,0.0
SUN PHARMA GLOBAL INC,BELLCO DRUG CORP,PEOPLES PHARMACY #2912 (WV),WV,3,False,T1_REROUTE_EXISTING,MIAMI-LUKEN INC,SUN PHARMA GLOBAL INC -> MIAMI-LUKEN INC -> PEOPLES PHARMACY #2912 (WV),0.9815,1.0,0.5743,0.4862,1.5,74.3,102.0,0.0
MYLAN PHARMACEUTICALS INC,HENRY SCHEIN INC,HOMETOWN PHARMACY #4342 (MI),MI,1,False,T1_REROUTE_EXISTING,DIRECT RX,MYLAN PHARMACEUTICALS INC -> DIRECT RX -> HOMETOWN PHARMACY #4342 (MI),0.8585,0.1504,0.087,0.122,1.5,24.7,34.1,0.0
MYLAN PHARMACEUTICALS INC,KEYSOURCE MEDICAL INC,RITE AID #4103 (MS),MS,2,False,T1_REROUTE_EXISTING,CARDINAL HEALTH INC,MYLAN PHARMACEUTICALS INC -> CARDINAL HEALTH INC -> RITE AID #4103 (MS),0.8652,0.1959,0.0107,0.1004,1.5,49.5,67.9,0.0
JANSSEN PHARMACEUTICALS INC,DIRECT RX,PUBLIX PHARMACY #6736 (TN),TN,1,False,T1_REROUTE_EXISTING,MIAMI-LUKEN INC,JANSSEN PHARMACEUTICALS INC -> MIAMI-LUKEN INC -> PUBLIX PHARMACY #6736 (TN),0.9815,1.0,0.0288,0.268,1.5,24.7,34.1,0.0
JANSSEN PHARMACEUTICALS INC,MORRIS & DICKSON CO LLC,CVS PHARMACY #9428 (AK),AK,1,False,T1_REROUTE_EXISTING,MCKESSON CORPORATION,JANSSEN PHARMACEUTICALS INC -> MCKESSON CORPORATION -> CVS PHARMACY #9428 (AK),0.8788,0.1815,0.0022,0.0887,1.5,24.7,34.1,0.0
SANDOZ INC,DIRECT RX,SUNRISE PHARMACY #7243 (WV),WV,3,False,T1_REROUTE_EXISTING,MIAMI-LUKEN INC,SANDOZ INC -> MIAMI-LUKEN INC -> SUNRISE PHARMACY #7243 (WV),0.9815,1.0,0.5743,0.4862,1.5,74.3,102.0,0.0
HIKMA PHARMACEUTICALS,BELLCO DRUG CORP,MAIN STREET PHARMACY #2855 (IN),IN,3,False,T1_REROUTE_EXISTING,MIAMI-LUKEN INC,HIKMA PHARMACEUTICALS -> MIAMI-LUKEN INC -> MAIN STREET PHARMACY #2855 (IN),0.9815,1.0,0.0312,0.269,1.5,74.3,102.0,0.0
SUN PHARMA GLOBAL INC,VALUEDRUGCO,KROGER PHARMACY #6683 (OH),OH,2,False,T1_REROUTE_EXISTING,MIAMI-LUKEN INC,SUN PHARMA GLOBAL INC -> MIAMI-LUKEN INC -> KROGER PHARMACY #6683 (OH),0.9815,1.0,0.0308,0.2688,1.5,49.5,67.9,0.0
IMPAX LABORATORIES INC,VALUEDRUGCO,QUALITY CARE PHARMACY #2449 (MD),MD,2,True,T1_REROUTE_EXISTING,KINRAY LLC,IMPAX LABORATORIES INC -> KINRAY LLC -> QUALITY CARE PHARMACY #2449 (MD),0.8683,0.1632,0.0144,0.0926,1.5,49.5,67.9,18.3
IMPAX LABORATORIES INC,PENN PHARMACEUTICAL SERVICES INC,QUALITY CARE PHARMACY #9242 (KY),KY,3,False,T1_REROUTE_EXISTING,MIAMI-LUKEN INC,IMPAX LABORATORIES INC -> MIAMI-LUKEN INC -> QUALITY CARE PHARMACY #9242 (KY),0.9815,1.0,0.0243,0.2662,1.5,74.3,102.0,0.0
JANSSEN PHARMACEUTICALS INC,NATIONAL WHOLESALE DRUG CO INC,RITE AID #5277 (TX),TX,2,False,T1_REROUTE_EXISTING,MCKESSON CORPORATION,JANSSEN PHARMACEUTICALS INC -> MCKESSON CORPORATION -> RITE AID #5277 (TX),0.8788,0.1815,0.0498,0.1077,1.5,49.5,67.9,0.0
TEVA PHARMACEUTICALS USA INC,BURLINGTON DRUG COMPANY INC,CVS PHARMACY #2408 (IN),IN,3,False,T1_REROUTE_EXISTING,MIAMI-LUKEN INC,TEVA PHARMACEUTICALS USA INC -> MIAMI-LUKEN INC -> CVS PHARMACY #2408 (IN),0.9815,1.0,0.0312,0.269,1.5,74.3,102.0,0.0
RHODES TECHNOLOGIES,MORRIS & DICKSON CO LLC,HOMETOWN PHARMACY #2766 (WV),WV,3,False,T1_REROUTE_EXISTING,MIAMI-LUKEN INC,RHODES TECHNOLOGIES -> MIAMI-LUKEN INC -> HOMETOWN PHARMACY #2766 (WV),0.9815,1.0,0.5743,0.4862,1.5,74.3,102.0,0.0
JANSSEN PHARMACEUTICALS INC,KINRAY LLC,MEDICO PHARMACY #6767 (NC),NC,3,False,T1_REROUTE_EXISTING,MIAMI-LUKEN INC,JANSSEN PHARMACEUTICALS INC -> MIAMI-LUKEN INC -> MEDICO PHARMACY #6767 (NC),0.9815,1.0,0.0471,0.2753,1.5,74.3,102.0,0.0
TEVA PHARMACEUTICALS USA INC,MIAMI-LUKEN INC,PEOPLES PHARMACY #2660 (NC),NC,2,False,T1_REROUTE_EXISTING,DIRECT RX,TEVA PHARMACEUTICALS USA INC -> DIRECT RX -> PEOPLES PHARMACY #2660 (NC),0.8585,0.1504,0.1003,0.1273,1.5,49.5,67.9,0.0
MALLINCKRODT LLC,MORRIS & DICKSON CO LLC,MAIN STREET PHARMACY #2094 (KY),KY,3,False,T1_REROUTE_EXISTING,MIAMI-LUKEN INC,MALLINCKRODT LLC -> MIAMI-LUKEN INC -> MAIN STREET PHARMACY #2094 (KY),0.9815,1.0,0.0243,0.2662,1.5,74.3,102.0,0.0
HIKMA PHARMACEUTICALS,HD SMITH WHOLESALE DRUG CO,PEOPLES PHARMACY #2132 (MO),MO,2,False,T1_REROUTE_EXISTING,DAKOTA DRUG INC,HIKMA PHARMACEUTICALS -> DAKOTA DRUG INC -> PEOPLES PHARMACY #2132 (MO),0.8719,0.1818,0.0051,0.0923,1.5,49.5,67.9,0.0
JANSSEN PHARMACEUTICALS INC,DIRECT RX,KROGER PHARMACY #1497 (PA),PA,3,False,T1_REROUTE_EXISTING,MIAMI-LUKEN INC,JANSSEN PHARMACEUTICALS INC -> MIAMI-LUKEN INC -> KROGER PHARMACY #1497 (PA),0.9815,1.0,0.0219,0.2652,1.5,74.3,102.0,0.0
SANDOZ INC,ANDA INC,CVS PHARMACY #9401 (NY),NY,3,True,T1_REROUTE_EXISTING,CARDINAL HEALTH INC,SANDOZ INC -> CARDINAL HEALTH INC -> CVS PHARMACY #9401 (NY),0.8652,0.1959,0.0032,0.0974,1.5,74.3,102.0,27.6
ACTAVIS PHARMA INC,HD SMITH WHOLESALE DRUG CO,MEDICO PHARMACY #8978 (MI),MI,2,False,T1_REROUTE_EXISTING,MIAMI-LUKEN INC,ACTAVIS PHARMA INC -> MIAMI-LUKEN INC -> MEDICO PHARMACY #8978 (MI),0.9815,1.0,0.0252,0.2666,1.5,49.5,67.9,0.0
AMNEAL PHARMACEUTICALS LLC,ANDA INC,GOOD NEIGHBOR PHARMACY #4375 (OH),OH,2,False,T1_REROUTE_EXISTING,MIAMI-LUKEN INC,AMNEAL PHARMACEUTICALS LLC -> MIAMI-LUKEN INC -> GOOD NEIGHBOR PHARMACY #4375 (OH),0.9815,1.0,0.0308,0.2688,1.5,49.5,67.9,0.0
QUALITEST PHARMACEUTICALS,NATIONAL WHOLESALE DRUG CO INC,CORNER DRUG STORE #3604 (VA),VA,3,False,T1_REROUTE_EXISTING,MIAMI-LUKEN INC,QUALITEST PHARMACEUTICALS -> MIAMI-LUKEN INC -> CORNER DRUG STORE #3604 (VA),0.9815,1.0,0.0162,0.2629,1.5,74.3,102.0,0.0
MYLAN PHARMACEUTICALS INC,DIRECT RX,SUNRISE PHARMACY #8999 (NC),NC,2,False,T1_REROUTE_EXISTING,MIAMI-LUKEN INC,MYLAN PHARMACEUTICALS INC -> MIAMI-LUKEN INC -> SUNRISE PHARMACY #8999 (NC),0.9815,1.0,0.0471,0.2753,1.5,49.5,67.9,0.0
IMPAX LABORATORIES INC,KINRAY LLC,FAMILY CARE PHARMACY #9927 (AK),AK,2,True,T1_REROUTE_EXISTING,MIAMI-LUKEN INC,IMPAX LABORATORIES INC -> MIAMI-LUKEN INC -> FAMILY CARE PHARMACY #9927 (AK),0.9815,1.0,0.0026,0.2575,1.5,49.5,67.9,18.3
MALLINCKRODT LLC,KEYSOURCE MEDICAL INC,GOOD NEIGHBOR PHARMACY #8533 (OH),OH,3,False,T1_REROUTE_EXISTING,MIAMI-LUKEN INC,MALLINCKRODT LLC -> MIAMI-LUKEN INC -> GOOD NEIGHBOR PHARMACY #8533 (OH),0.9815,1.0,0.0308,0.2688,1.5,74.3,102.0,0.0
HIKMA PHARMACEUTICALS,ANDA INC,COMMUNITY PHARMACY #9334 (IN),IN,3,False,T1_REROUTE_EXISTING,MIAMI-LUKEN INC,HIKMA PHARMACEUTICALS -> MIAMI-LUKEN INC -> COMMUNITY PHARMACY #9334 (IN),0.9815,1.0,0.0312,0.269,1.5,74.3,102.0,0.0
ABBOTT LABORATORIES,HENRY SCHEIN INC,HARRIS TEETER PHARMACY #6758 (NC),NC,2,False,T1_REROUTE_EXISTING,MIAMI-LUKEN INC,ABBOTT LABORATORIES -> MIAMI-LUKEN INC -> HARRIS TEETER PHARMACY #6758 (NC),0.9815,1.0,0.0471,0.2753,1.5,49.5,67.9,0.0
JANSSEN PHARMACEUTICALS INC,DIRECT RX,QUALITY CARE PHARMACY #3409 (ND),ND,2,False,T1_REROUTE_EXISTING,MIAMI-LUKEN INC,JANSSEN PHARMACEUTICALS INC -> MIAMI-LUKEN INC -> QUALITY CARE PHARMACY #3409 (ND),0.9815,1.0,0.0037,0.2579,1.5,49.5,67.9,0.0
AMNEAL PHARMACEUTICALS LLC,PRESCRIPTION SUPPLY INC,VILLAGE PHARMACY #7086 (IN),IN,2,False,T1_REROUTE_EXISTING,MIAMI-LUKEN INC,AMNEAL PHARMACEUTICALS LLC -> MIAMI-LUKEN INC -> VILLAGE PHARMACY #7086 (IN),0.9815,1.0,0.0312,0.269,1.5,49.5,67.9,0.0
IMPAX LABORATORIES INC,KINRAY LLC,FAMILY CARE PHARMACY #9927 (AK),AK,2,True,T1_REROUTE_EXISTING,MIAMI-LUKEN INC,IMPAX LABORATORIES INC -> MIAMI-LUKEN INC -> FAMILY CARE PHARMACY #9927 (AK),0.9815,1.0,0.0026,0.2575,1.5,49.5,67.9,18.3
SANDOZ INC,PRESCRIPTION SUPPLY INC,HOMETOWN PHARMACY #2774 (SC),SC,1,False,T1_REROUTE_EXISTING,BURLINGTON DRUG COMPANY INC,SANDOZ INC -> BURLINGTON DRUG COMPANY INC -> HOMETOWN PHARMACY #2774 (SC),0.8768,0.1637,0.0104,0.0882,1.5,24.7,34.1,0.0
ACTAVIS PHARMA INC,PRESCRIPTION SUPPLY INC,WALGREENS #3575 (OH),OH,2,False,T1_REROUTE_EXISTING,MIAMI-LUKEN INC,ACTAVIS PHARMA INC -> MIAMI-LUKEN INC -> WALGREENS #3575 (OH),0.9815,1.0,0.0308,0.2688,1.5,49.5,67.9,0.0
MYLAN PHARMACEUTICALS INC,CARDINAL HEALTH INC,HOMETOWN PHARMACY #6387 (NC),NC,2,False,T1_REROUTE_EXISTING,MIAMI-LUKEN INC,MYLAN PHARMACEUTICALS INC -> MIAMI-LUKEN INC -> HOMETOWN PHARMACY #6387 (NC),0.9815,1.0,0.0471,0.2753,1.5,49.5,67.9,0.0
VINTAGE PHARMACEUTICALS LLC,AMERISOURCEBERGEN DRUG CORP,GOOD NEIGHBOR PHARMACY #7155 (GA),GA,3,True,T1_REROUTE_EXISTING,MIAMI-LUKEN INC,VINTAGE PHARMACEUTICALS LLC -> MIAMI-LUKEN INC -> GOOD NEIGHBOR PHARMACY #7155 (GA),0.9815,1.0,0.0042,0.2581,1.5,74.3,102.0,27.6
QUALITEST PHARMACEUTICALS,KINRAY LLC,RITE AID #3349 (TN),TN,2,False,T1_REROUTE_EXISTING,MIAMI-LUKEN INC,QUALITEST PHARMACEUTICALS -> MIAMI-LUKEN INC -> RITE AID #3349 (TN),0.9815,1.0,0.0288,0.268,1.5,49.5,67.9,0.0
CADISTA PHARMACEUTICALS INC,DAKOTA DRUG INC,WALGREENS #9697 (VA),VA,2,False,T1_REROUTE_EXISTING,ANDA INC,CADISTA PHARMACEUTICALS INC -> ANDA INC -> WALGREENS #9697 (VA),0.8679,0.1459,0.1124,0.1277,1.5,49.5,67.9,0.0
VINTAGE PHARMACEUTICALS LLC,NATIONAL WHOLESALE DRUG CO INC,SUNRISE PHARMACY #1866 (GA),GA,2,False,T1_REROUTE_EXISTING,DIRECT RX,VINTAGE PHARMACEUTICALS LLC -> DIRECT RX -> SUNRISE PHARMACY #1866 (GA),0.8585,0.1504,0.0097,0.091,1.5,49.5,67.9,0.0
ABBOTT LABORATORIES,AMERISOURCEBERGEN DRUG CORP,CORNER DRUG STORE #2236 (KY),KY,3,False,T1_REROUTE_EXISTING,MIAMI-LUKEN INC,ABBOTT LABORATORIES -> MIAMI-LUKEN INC -> CORNER DRUG STORE #2236 (KY),0.9815,1.0,0.0243,0.2662,1.5,74.3,102.0,0.0
MYLAN PHARMACEUTICALS INC,KEYSOURCE MEDICAL INC,SUNRISE PHARMACY #8405 (VA),VA,3,False,T1_REROUTE_EXISTING,MIAMI-LUKEN INC,MYLAN PHARMACEUTICALS INC -> MIAMI-LUKEN INC -> SUNRISE PHARMACY #8405 (VA),0.9815,1.0,0.0162,0.2629,1.5,74.3,102.0,0.0
HIKMA PHARMACEUTICALS,AMERISOURCEBERGEN DRUG CORP,PUBLIX PHARMACY #2014 (PA),PA,3,False,T1_REROUTE_EXISTING,MIAMI-LUKEN INC,HIKMA PHARMACEUTICALS -> MIAMI-LUKEN INC -> PUBLIX PHARMACY #2014 (PA),0.9815,1.0,0.0219,0.2652,1.5,74.3,102.0,0.0
VINTAGE PHARMACEUTICALS LLC,CARDINAL HEALTH INC,WALGREENS #4391 (MD),MD,2,False,T1_REROUTE_EXISTING,DAKOTA DRUG INC,VINTAGE PHARMACEUTICALS LLC -> DAKOTA DRUG INC -> WALGREENS #4391 (MD),0.8719,0.1818,0.0076,0.0933,1.5,49.5,67.9,0.0
MYLAN PHARMACEUTICALS INC,BURLINGTON DRUG COMPANY INC,HOMETOWN PHARMACY #5957 (IA),IA,3,False,T1_REROUTE_EXISTING,DAKOTA DRUG INC,MYLAN PHARMACEUTICALS INC -> DAKOTA DRUG INC -> HOMETOWN PHARMACY #5957 (IA),0.8719,0.1818,0.0117,0.0949,1.5,74.3,102.0,0.0
PAR PHARMACEUTICAL INC,BELLCO DRUG CORP,HEALTH MART PHARMACY #6078 (KY),KY,3,False,T1_REROUTE_EXISTING,MIAMI-LUKEN INC,PAR PHARMACEUTICAL INC -> MIAMI-LUKEN INC -> HEALTH MART PHARMACY #6078 (KY),0.9815,1.0,0.0243,0.2662,1.5,74.3,102.0,0.0
IMPAX LABORATORIES INC,CARDINAL HEALTH INC,MEDICO PHARMACY #2700 (ID),ID,2,False,T1_REROUTE_EXISTING,MIAMI-LUKEN INC,IMPAX LABORATORIES INC -> MIAMI-LUKEN INC -> MEDICO PHARMACY #2700 (ID),0.9815,1.0,0.0065,0.2591,1.5,49.5,67.9,0.0
PURDUE PHARMA LP,CARDINAL HEALTH INC,WALGREENS #6656 (TN),TN,2,False,T1_REROUTE_EXISTING,MIAMI-LUKEN INC,PURDUE PHARMA LP -> MIAMI-LUKEN INC -> WALGREENS #6656 (TN),0.9815,1.0,0.0288,0.268,1.5,49.5,67.9,0.0
PAR PHARMACEUTICAL INC,BELLCO DRUG CORP,RITE AID #1901 (TN),TN,3,False,T1_REROUTE_EXISTING,MIAMI-LUKEN INC,PAR PHARMACEUTICAL INC -> MIAMI-LUKEN INC -> RITE AID #1901 (TN),0.9815,1.0,0.0288,0.268,1.5,74.3,102.0,0.0
LANNETT COMPANY INC,SMITH DRUG COMPANY,CVS PHARMACY #5523 (NC),NC,2,False,T1_REROUTE_EXISTING,MIAMI-LUKEN INC,LANNETT COMPANY INC -> MIAMI-LUKEN INC -> CVS PHARMACY #5523 (NC),0.9815,1.0,0.0471,0.2753,1.5,49.5,67.9,0.0
QUALITEST PHARMACEUTICALS,KEYSOURCE MEDICAL INC,MEDICO PHARMACY #1621 (MI),MI,3,False,T1_REROUTE_EXISTING,MIAMI-LUKEN INC,QUALITEST PHARMACEUTICALS -> MIAMI-LUKEN INC -> MEDICO PHARMACY #1621 (MI),0.9815,1.0,0.0252,0.2666,1.5,74.3,102.0,0.0
SUN PHARMA GLOBAL INC,CARDINAL HEALTH INC,MAIN STREET PHARMACY #4612 (MS),MS,2,False,T1_REROUTE_EXISTING,DIRECT RX,SUN PHARMA GLOBAL INC -> DIRECT RX -> MAIN STREET PHARMACY #4612 (MS),0.8585,0.1504,0.018,0.0943,1.5,49.5,67.9,0.0
SANDOZ INC,MCKESSON CORPORATION,SUNRISE PHARMACY #7243 (WV),WV,2,False,T1_REROUTE_EXISTING,MIAMI-LUKEN INC,SANDOZ INC -> MIAMI-LUKEN INC -> SUNRISE PHARMACY #7243 (WV),0.9815,1.0,0.5743,0.4862,1.5,49.5,67.9,0.0
HIKMA PHARMACEUTICALS,VALUEDRUGCO,WALGREENS #9353 (NM),NM,1,False,T1_REROUTE_EXISTING,CARDINAL HEALTH INC,HIKMA PHARMACEUTICALS -> CARDINAL HEALTH INC -> WALGREENS #9353 (NM),0.8652,0.1959,0.0344,0.1099,1.5,24.7,34.1,0.0
VINTAGE PHARMACEUTICALS LLC,AMERISOURCEBERGEN DRUG CORP,MEDICO PHARMACY #4770 (MT),MT,2,False,T1_REROUTE_EXISTING,MIAMI-LUKEN INC,VINTAGE PHARMACEUTICALS LLC -> MIAMI-LUKEN INC -> MEDICO PHARMACY #4770 (MT),0.9815,1.0,0.0076,0.2595,1.5,49.5,67.9,0.0
SANDOZ INC,DAKOTA DRUG INC,WALMART PHARMACY #2320 (VA),VA,1,False,T1_REROUTE_EXISTING,MIAMI-LUKEN INC,SANDOZ INC -> MIAMI-LUKEN INC -> WALMART PHARMACY #2320 (VA),0.9815,1.0,0.0162,0.2629,1.5,24.7,34.1,0.0
MYLAN PHARMACEUTICALS INC,BURLINGTON DRUG COMPANY INC,VILLAGE PHARMACY #2028 (TN),TN,2,False,T1_REROUTE_EXISTING,CARDINAL HEALTH INC,MYLAN PHARMACEUTICALS INC -> CARDINAL HEALTH INC -> VILLAGE PHARMACY #2028 (TN),0.8652,0.1959,0.1,0.1362,1.5,49.5,67.9,0.0
CADISTA PHARMACEUTICALS INC,CARDINAL HEALTH INC,GOOD NEIGHBOR PHARMACY #7898 (NM),NM,2,False,T1_REROUTE_EXISTING,MORRIS & DICKSON CO LLC,CADISTA PHARMACEUTICALS INC -> MORRIS & DICKSON CO LLC -> GOOD NEIGHBOR PHARMACY #7898 (NM),0.872,0.1241,0.0159,0.0822,1.5,49.5,67.9,0.0
RHODES TECHNOLOGIES,MIAMI-LUKEN INC,WALMART PHARMACY #6240 (NC),NC,2,False,T1_REROUTE_EXISTING,DIRECT RX,RHODES TECHNOLOGIES -> DIRECT RX -> WALMART PHARMACY #6240 (NC),0.8585,0.1504,0.1003,0.1273,1.5,49.5,67.9,0.0
ACTAVIS PHARMA INC,NATIONAL WHOLESALE DRUG CO INC,HARRIS TEETER PHARMACY #9419 (IA),IA,2,True,T1_REROUTE_EXISTING,MCKESSON CORPORATION,ACTAVIS PHARMA INC -> MCKESSON CORPORATION -> HARRIS TEETER PHARMACY #9419 (IA),0.8788,0.1815,0.0056,0.0901,1.5,49.5,67.9,18.3
IMPAX LABORATORIES INC,ANDA INC,MEDICO PHARMACY #1407 (IL),IL,1,False,T1_REROUTE_EXISTING,CARDINAL HEALTH INC,IMPAX LABORATORIES INC -> CARDINAL HEALTH INC -> MEDICO PHARMACY #1407 (IL),0.8652,0.1959,0.012,0.1009,1.5,24.7,34.1,0.0
IMPAX LABORATORIES INC,HENRY SCHEIN INC,WINN-DIXIE PHARMACY #3112 (LA),LA,2,False,T1_REROUTE_EXISTING,MIAMI-LUKEN INC,IMPAX LABORATORIES INC -> MIAMI-LUKEN INC -> WINN-DIXIE PHARMACY #3112 (LA),0.9815,1.0,0.0497,0.2764,1.5,49.5,67.9,0.0
JANSSEN PHARMACEUTICALS INC,VALUEDRUGCO,QUALITY CARE PHARMACY #8443 (AZ),AZ,2,False,T1_REROUTE_EXISTING,ANDA INC,JANSSEN PHARMACEUTICALS INC -> ANDA INC -> QUALITY CARE PHARMACY #8443 (AZ),0.8679,0.1459,0.0121,0.0876,1.5,49.5,67.9,0.0
CADISTA PHARMACEUTICALS INC,MORRIS & DICKSON CO LLC,PEOPLES PHARMACY #6564 (IN),IN,3,False,T1_REROUTE_EXISTING,MIAMI-LUKEN INC,CADISTA PHARMACEUTICALS INC -> MIAMI-LUKEN INC -> PEOPLES PHARMACY #6564 (IN),0.9815,1.0,0.0312,0.269,1.5,74.3,102.0,0.0
PURDUE PHARMA LP,BELLCO DRUG CORP,PUBLIX PHARMACY #9278 (VA),VA,2,False,T1_REROUTE_EXISTING,MIAMI-LUKEN INC,PURDUE PHARMA LP -> MIAMI-LUKEN INC -> PUBLIX PHARMACY #9278 (VA),0.9815,1.0,0.0162,0.2629,1.5,49.5,67.9,0.0
LANNETT COMPANY INC,VALUEDRUGCO,GOOD NEIGHBOR PHARMACY #2494 (WV),WV,2,False,T1_REROUTE_EXISTING,MIAMI-LUKEN INC,LANNETT COMPANY INC -> MIAMI-LUKEN INC -> GOOD NEIGHBOR PHARMACY #2494 (WV),0.9815,1.0,0.5743,0.4862,1.5,49.5,67.9,0.0
AMNEAL PHARMACEUTICALS LLC,VALUEDRUGCO,KROGER PHARMACY #6614 (PA),PA,3,False,T1_REROUTE_EXISTING,MIAMI-LUKEN INC,AMNEAL PHARMACEUTICALS LLC -> MIAMI-LUKEN INC -> KROGER PHARMACY #6614 (PA),0.9815,1.0,0.0219,0.2652,1.5,74.3,102.0,0.0
IMPAX LABORATORIES INC,GULF COAST MEDICAL SUPPLY,FAMILY CARE PHARMACY #2866 (NM),NM,2,False,T1_REROUTE_EXISTING,CARDINAL HEALTH INC,IMPAX LABORATORIES INC -> CARDINAL HEALTH INC -> FAMILY CARE PHARMACY #2866 (NM),0.8652,0.1959,0.0344,0.1099,1.5,49.5,67.9,0.0
RHODES TECHNOLOGIES,HD SMITH WHOLESALE DRUG CO,HOMETOWN PHARMACY #7311 (LA),LA,2,False,T1_REROUTE_EXISTING,MIAMI-LUKEN INC,RHODES TECHNOLOGIES -> MIAMI-LUKEN INC -> HOMETOWN PHARMACY #7311 (LA),0.9815,1.0,0.0497,0.2764,1.5,49.5,67.9,0.0
RHODES TECHNOLOGIES,BURLINGTON DRUG COMPANY INC,COMMUNITY PHARMACY #6047 (VA),VA,2,False,T1_REROUTE_EXISTING,MIAMI-LUKEN INC,RHODES TECHNOLOGIES -> MIAMI-LUKEN INC -> COMMUNITY PHARMACY #6047 (VA),0.9815,1.0,0.0162,0.2629,1.5,49.5,67.9,0.0
LANNETT COMPANY INC,HD SMITH WHOLESALE DRUG CO,VILLAGE PHARMACY #2199 (KS),KS,3,False,T1_REROUTE_EXISTING,CARDINAL HEALTH INC,LANNETT COMPANY INC -> CARDINAL HEALTH INC -> VILLAGE PHARMACY #2199 (KS),0.8652,0.1959,0.0047,0.098,1.5,74.3,102.0,0.0
JANSSEN PHARMACEUTICALS INC,DAKOTA DRUG INC,MEDICO PHARMACY #1621 (MI),MI,2,False,T1_REROUTE_EXISTING,MIAMI-LUKEN INC,JANSSEN PHARMACEUTICALS INC -> MIAMI-LUKEN INC -> MEDICO PHARMACY #1621 (MI),0.9815,1.0,0.0252,0.2666,1.5,49.5,67.9,0.0
QUALITEST PHARMACEUTICALS,CARDINAL HEALTH INC,HARRIS TEETER PHARMACY #6063 (NC),NC,2,False,T1_REROUTE_EXISTING,MIAMI-LUKEN INC,QUALITEST PHARMACEUTICALS -> MIAMI-LUKEN INC -> HARRIS TEETER PHARMACY #6063 (NC),0.9815,1.0,0.0471,0.2753,1.5,49.5,67.9,0.0
PAR PHARMACEUTICAL INC,VALUEDRUGCO,CVS PHARMACY #9746 (TN),TN,2,False,T1_REROUTE_EXISTING,MIAMI-LUKEN INC,PAR PHARMACEUTICAL INC -> MIAMI-LUKEN INC -> CVS PHARMACY #9746 (TN),0.9815,1.0,0.0288,0.268,1.5,49.5,67.9,0.0
MALLINCKRODT LLC,BELLCO DRUG CORP,WINN-DIXIE PHARMACY #8378 (VA),VA,3,False,T1_REROUTE_EXISTING,MIAMI-LUKEN INC,MALLINCKRODT LLC -> MIAMI-LUKEN INC -> WINN-DIXIE PHARMACY #8378 (VA),0.9815,1.0,0.0162,0.2629,1.5,74.3,102.0,0.0
IMPAX LABORATORIES INC,HENRY SCHEIN INC,CVS PHARMACY #4109 (IN),IN,3,False,T1_REROUTE_EXISTING,MIAMI-LUKEN INC,IMPAX LABORATORIES INC -> MIAMI-LUKEN INC -> CVS PHARMACY #4109 (IN),0.9815,1.0,0.0312,0.269,1.5,74.3,102.0,0.0
ACTAVIS PHARMA INC,MCKESSON CORPORATION,VILLAGE PHARMACY #3873 (PA),PA,3,False,T1_REROUTE_EXISTING,MIAMI-LUKEN INC,ACTAVIS PHARMA INC -> MIAMI-LUKEN INC -> VILLAGE PHARMACY #3873 (PA),0.9815,1.0,0.0219,0.2652,1.5,74.3,102.0,0.0
AMNEAL PHARMACEUTICALS LLC,NATIONAL WHOLESALE DRUG CO INC,MEDICO PHARMACY #6550 (VA),VA,2,False,T1_REROUTE_EXISTING,MIAMI-LUKEN INC,AMNEAL PHARMACEUTICALS LLC -> MIAMI-LUKEN INC -> MEDICO PHARMACY #6550 (VA),0.9815,1.0,0.0162,0.2629,1.5,49.5,67.9,0.0
CADISTA PHARMACEUTICALS INC,HENRY SCHEIN INC,FAMILY CARE PHARMACY #5331 (IN),IN,3,False,T1_REROUTE_EXISTING,MIAMI-LUKEN INC,CADISTA PHARMACEUTICALS INC -> MIAMI-LUKEN INC -> FAMILY CARE PHARMACY #5331 (IN),0.9815,1.0,0.0312,0.269,1.5,74.3,102.0,0.0
ACTAVIS PHARMA INC,KEYSOURCE MEDICAL INC,PUBLIX PHARMACY #1697 (MI),MI,3,False,T1_REROUTE_EXISTING,MIAMI-LUKEN INC,ACTAVIS PHARMA INC -> MIAMI-LUKEN INC -> PUBLIX PHARMACY #1697 (MI),0.9815,1.0,0.0252,0.2666,1.5,74.3,102.0,0.0
ABBOTT LABORATORIES,MCKESSON CORPORATION,WALGREENS #2082 (LA),LA,2,False,T1_REROUTE_EXISTING,MIAMI-LUKEN INC,ABBOTT LABORATORIES -> MIAMI-LUKEN INC -> WALGREENS #2082 (LA),0.9815,1.0,0.0497,0.2764,1.5,49.5,67.9,0.0
JANSSEN PHARMACEUTICALS INC,MCKESSON CORPORATION,VILLAGE PHARMACY #9397 (NC),NC,2,False,T1_REROUTE_EXISTING,MIAMI-LUKEN INC,JANSSEN PHARMACEUTICALS INC -> MIAMI-LUKEN INC -> VILLAGE PHARMACY #9397 (NC),0.9815,1.0,0.0471,0.2753,1.5,49.5,67.9,0.0
MYLAN PHARMACEUTICALS INC,DIRECT RX,SUNRISE PHARMACY #8999 (NC),NC,2,False,T1_REROUTE_EXISTING,MIAMI-LUKEN INC,MYLAN PHARMACEUTICALS INC -> MIAMI-LUKEN INC -> SUNRISE PHARMACY #8999 (NC),0.9815,1.0,0.0471,0.2753,1.5,49.5,67.9,0.0
IMPAX LABORATORIES INC,KEYSOURCE MEDICAL INC,COMMUNITY PHARMACY #2313 (LA),LA,3,False,T1_REROUTE_EXISTING,MIAMI-LUKEN INC,IMPAX LABORATORIES INC -> MIAMI-LUKEN INC -> COMMUNITY PHARMACY #2313 (LA),0.9815,1.0,0.0497,0.2764,1.5,74.3,102.0,0.0
JANSSEN PHARMACEUTICALS INC,MORRIS & DICKSON CO LLC,HOMETOWN PHARMACY #3804 (KY),KY,2,False,T1_REROUTE_EXISTING,MIAMI-LUKEN INC,JANSSEN PHARMACEUTICALS INC -> MIAMI-LUKEN INC -> HOMETOWN PHARMACY #3804 (KY),0.9815,1.0,0.0243,0.2662,1.5,49.5,67.9,0.0
JANSSEN PHARMACEUTICALS INC,KINRAY LLC,WALGREENS #4309 (VT),VT,2,True,T1_REROUTE_EXISTING,DAKOTA DRUG INC,JANSSEN PHARMACEUTICALS INC -> DAKOTA DRUG INC -> WALGREENS #4309 (VT),0.8719,0.1818,0.0172,0.0972,1.5,49.5,67.9,18.3
JANSSEN PHARMACEUTICALS INC,HENRY SCHEIN INC,WALGREENS #9697 (VA),VA,2,False,T1_REROUTE_EXISTING,DAKOTA DRUG INC,JANSSEN PHARMACEUTICALS INC -> DAKOTA DRUG INC -> WALGREENS #9697 (VA),0.8719,0.1818,0.1058,0.1326,1.5,49.5,67.9,0.0
WATSON LABORATORIES INC,PENN PHARMACEUTICAL SERVICES INC,KROGER PHARMACY #3095 (DE),DE,2,False,T1_REROUTE_EXISTING,MIAMI-LUKEN INC,WATSON LABORATORIES INC -> MIAMI-LUKEN INC -> KROGER PHARMACY #3095 (DE),0.9815,1.0,0.0066,0.2591,1.5,49.5,67.9,0.0
ENDO PHARMACEUTICALS INC,GULF COAST MEDICAL SUPPLY,GOOD NEIGHBOR PHARMACY #8533 (OH),OH,3,False,T1_REROUTE_EXISTING,MIAMI-LUKEN INC,ENDO PHARMACEUTICALS INC -> MIAMI-LUKEN INC -> GOOD NEIGHBOR PHARMACY #8533 (OH),0.9815,1.0,0.0308,0.2688,1.5,74.3,102.0,0.0
AMNEAL PHARMACEUTICALS LLC,MIAMI-LUKEN INC,HARRIS TEETER PHARMACY #8566 (DE),DE,1,False,T1_REROUTE_EXISTING,DIRECT RX,AMNEAL PHARMACEUTICALS LLC -> DIRECT RX -> HARRIS TEETER PHARMACY #8566 (DE),0.8585,0.1504,0.0024,0.0881,1.5,24.7,34.1,0.0
JANSSEN PHARMACEUTICALS INC,PRESCRIPTION SUPPLY INC,HOMETOWN PHARMACY #8469 (NC),NC,3,False,T1_REROUTE_EXISTING,MIAMI-LUKEN INC,JANSSEN PHARMACEUTICALS INC -> MIAMI-LUKEN INC -> HOMETOWN PHARMACY #8469 (NC),0.9815,1.0,0.0471,0.2753,1.5,74.3,102.0,0.0
LANNETT COMPANY INC,PRESCRIPTION SUPPLY INC,VILLAGE PHARMACY #1707 (KY),KY,3,False,T1_REROUTE_EXISTING,MIAMI-LUKEN INC,LANNETT COMPANY INC -> MIAMI-LUKEN INC -> VILLAGE PHARMACY #1707 (KY),0.9815,1.0,0.0243,0.2662,1.5,74.3,102.0,0.0
ENDO PHARMACEUTICALS INC,PRESCRIPTION SUPPLY INC,HOMETOWN PHARMACY #8469 (NC),NC,2,False,T1_REROUTE_EXISTING,MIAMI-LUKEN INC,ENDO PHARMACEUTICALS INC -> MIAMI-LUKEN INC -> HOMETOWN PHARMACY #8469 (NC),0.9815,1.0,0.0471,0.2753,1.5,49.5,67.9,0.0
TEVA PHARMACEUTICALS USA INC,DAKOTA DRUG INC,PEOPLES PHARMACY #2660 (NC),NC,2,False,T1_REROUTE_EXISTING,MIAMI-LUKEN INC,TEVA PHARMACEUTICALS USA INC -> MIAMI-LUKEN INC -> PEOPLES PHARMACY #2660 (NC),0.9815,1.0,0.0471,0.2753,1.5,49.5,67.9,0.0
CADISTA PHARMACEUTICALS INC,MIAMI-LUKEN INC,PEOPLES PHARMACY #3168 (MT),MT,2,False,T1_REROUTE_EXISTING,MCKESSON CORPORATION,CADISTA PHARMACEUTICALS INC -> MCKESSON CORPORATION -> PEOPLES PHARMACY #3168 (MT),0.8788,0.1815,0.013,0.093,1.5,49.5,67.9,0.0
MYLAN PHARMACEUTICALS INC,HENRY SCHEIN INC,MAIN STREET PHARMACY #1955 (GA),GA,3,True,T1_REROUTE_EXISTING,DIRECT RX,MYLAN PHARMACEUTICALS INC -> DIRECT RX -> MAIN STREET PHARMACY #1955 (GA),0.8585,0.1504,0.0097,0.091,1.5,74.3,102.0,27.6
HIKMA PHARMACEUTICALS,MCKESSON CORPORATION,VILLAGE PHARMACY #9397 (NC),NC,2,False,T1_REROUTE_EXISTING,MIAMI-LUKEN INC,HIKMA PHARMACEUTICALS -> MIAMI-LUKEN INC -> VILLAGE PHARMACY #9397 (NC),0.9815,1.0,0.0471,0.2753,1.5,49.5,67.9,0.0
SANDOZ INC,PRESCRIPTION SUPPLY INC,WALGREENS #9697 (VA),VA,3,False,T1_REROUTE_EXISTING,DAKOTA DRUG INC,SANDOZ INC -> DAKOTA DRUG INC -> WALGREENS #9697 (VA),0.8719,0.1818,0.1058,0.1326,1.5,74.3,102.0,0.0
ABBOTT LABORATORIES,BURLINGTON DRUG COMPANY INC,CORNER DRUG STORE #2632 (NV),NV,1,False,T1_REROUTE_EXISTING,MIAMI-LUKEN INC,ABBOTT LABORATORIES -> MIAMI-LUKEN INC -> CORNER DRUG STORE #2632 (NV),0.9815,1.0,0.0024,0.2574,1.5,24.7,34.1,0.0
IMPAX LABORATORIES INC,NATIONAL WHOLESALE DRUG CO INC,VILLAGE PHARMACY #7158 (OH),OH,3,False,T1_REROUTE_EXISTING,MIAMI-LUKEN INC,IMPAX LABORATORIES INC -> MIAMI-LUKEN INC -> VILLAGE PHARMACY #7158 (OH),0.9815,1.0,0.0308,0.2688,1.5,74.3,102.0,0.0
SUN PHARMA GLOBAL INC,VALUEDRUGCO,VILLAGE PHARMACY #2453 (AK),AK,1,False,T1_REROUTE_EXISTING,MIAMI-LUKEN INC,SUN PHARMA GLOBAL INC -> MIAMI-LUKEN INC -> VILLAGE PHARMACY #2453 (AK),0.9815,1.0,0.0026,0.2575,1.5,24.7,34.1,0.0
AMNEAL PHARMACEUTICALS LLC,KEYSOURCE MEDICAL INC,WINN-DIXIE PHARMACY #5416 (AL),AL,2,True,T1_REROUTE_EXISTING,MIAMI-LUKEN INC,AMNEAL PHARMACEUTICALS LLC -> MIAMI-LUKEN INC -> WINN-DIXIE PHARMACY #5416 (AL),0.9815,1.0,0.0012,0.2569,1.5,49.5,67.9,18.3
ENDO PHARMACEUTICALS INC,VALUEDRUGCO,GOOD NEIGHBOR PHARMACY #3769 (AL),AL,3,False,T1_REROUTE_EXISTING,MIAMI-LUKEN INC,ENDO PHARMACEUTICALS INC -> MIAMI-LUKEN INC -> GOOD NEIGHBOR PHARMACY #3769 (AL),0.9815,1.0,0.0012,0.2569,1.5,74.3,102.0,0.0
HIKMA PHARMACEUTICALS,HD SMITH WHOLESALE DRUG CO,PUBLIX PHARMACY #9124 (DE),DE,2,False,T1_REROUTE_EXISTING,KINRAY LLC,HIKMA PHARMACEUTICALS -> KINRAY LLC -> PUBLIX PHARMACY #9124 (DE),0.8683,0.1632,0.0039,0.0884,1.5,49.5,67.9,0.0
ACTAVIS PHARMA INC,MIAMI-LUKEN INC,KROGER PHARMACY #8280 (OH),OH,3,False,T1_REROUTE_EXISTING,CARDINAL HEALTH INC,ACTAVIS PHARMA INC -> CARDINAL HEALTH INC -> KROGER PHARMACY #8280 (OH),0.8652,0.1959,0.0552,0.1182,1.5,74.3,102.0,0.0
AMNEAL PHARMACEUTICALS LLC,MORRIS & DICKSON CO LLC,WALGREENS #7427 (WY),WY,2,False,T1_REROUTE_EXISTING,MIAMI-LUKEN INC,AMNEAL PHARMACEUTICALS LLC -> MIAMI-LUKEN INC -> WALGREENS #7427 (WY),0.9815,1.0,0.0038,0.258,1.5,49.5,67.9,0.0
JANSSEN PHARMACEUTICALS INC,NATIONAL WHOLESALE DRUG CO INC,WALMART PHARMACY #1339 (NC),NC,3,False,T1_REROUTE_EXISTING,MIAMI-LUKEN INC,JANSSEN PHARMACEUTICALS INC -> MIAMI-LUKEN INC -> WALMART PHARMACY #1339 (NC),0.9815,1.0,0.0471,0.2753,1.5,74.3,102.0,0.0
MYLAN PHARMACEUTICALS INC,GULF COAST MEDICAL SUPPLY,WALGREENS #9697 (VA),VA,3,False,T1_REROUTE_EXISTING,DAKOTA DRUG INC,MYLAN PHARMACEUTICALS INC -> DAKOTA DRUG INC -> WALGREENS #9697 (VA),0.8719,0.1818,0.1058,0.1326,1.5,74.3,102.0,0.0
AMNEAL PHARMACEUTICALS LLC,PENN PHARMACEUTICAL SERVICES INC,FAMILY CARE PHARMACY #3942 (NM),NM,4,True,T1_REROUTE_EXISTING,MIAMI-LUKEN INC,AMNEAL PHARMACEUTICALS LLC -> MIAMI-LUKEN INC -> FAMILY CARE PHARMACY #3942 (NM),0.9815,1.0,0.0023,0.2574,1.5,99.4,132.0,32.6
WATSON LABORATORIES INC,MIAMI-LUKEN INC,GOOD NEIGHBOR PHARMACY #8896 (PA),PA,3,False,T1_REROUTE_EXISTING,MCKESSON CORPORATION,WATSON LABORATORIES INC -> MCKESSON CORPORATION -> GOOD NEIGHBOR PHARMACY #8896 (PA),0.8788,0.1815,0.0763,0.1183,1.5,74.3,102.0,0.0
HIKMA PHARMACEUTICALS,CARDINAL HEALTH INC,QUALITY CARE PHARMACY #3905 (TN),TN,3,False,T1_REROUTE_EXISTING,MIAMI-LUKEN INC,HIKMA PHARMACEUTICALS -> MIAMI-LUKEN INC -> QUALITY CARE PHARMACY #3905 (TN),0.9815,1.0,0.0288,0.268,1.5,74.3,102.0,0.0
WATSON LABORATORIES INC,PRESCRIPTION SUPPLY INC,SUNRISE PHARMACY #6972 (NM),NM,1,False,T1_REROUTE_EXISTING,MIAMI-LUKEN INC,WATSON LABORATORIES INC -> MIAMI-LUKEN INC -> SUNRISE PHARMACY #6972 (NM),0.9815,1.0,0.0023,0.2574,1.5,24.7,34.1,0.0
RHODES TECHNOLOGIES,DIRECT RX,HARRIS TEETER PHARMACY #1323 (ND),ND,2,False,T1_REROUTE_EXISTING,KINRAY LLC,RHODES TECHNOLOGIES -> KINRAY LLC -> HARRIS TEETER PHARMACY #1323 (ND),0.8683,0.1632,0.0102,0.091,1.5,49.5,67.9,0.0
QUALITEST PHARMACEUTICALS,BURLINGTON DRUG COMPANY INC,CORNER DRUG STORE #2632 (NV),NV,1,False,T1_REROUTE_EXISTING,MIAMI-LUKEN INC,QUALITEST PHARMACEUTICALS -> MIAMI-LUKEN INC -> CORNER DRUG STORE #2632 (NV),0.9815,1.0,0.0024,0.2574,1.5,24.7,34.1,0.0
PAR PHARMACEUTICAL INC,NATIONAL WHOLESALE DRUG CO INC,FAMILY CARE PHARMACY #5938 (AK),AK,3,False,T1_REROUTE_EXISTING,MIAMI-LUKEN INC,PAR PHARMACEUTICAL INC -> MIAMI-LUKEN INC -> FAMILY CARE PHARMACY #5938 (AK),0.9815,1.0,0.0026,0.2575,1.5,74.3,102.0,0.0
ACTAVIS PHARMA INC,ANDA INC,WALGREENS #2585 (SD),SD,2,False,T1_REROUTE_EXISTING,MIAMI-LUKEN INC,ACTAVIS PHARMA INC -> MIAMI-LUKEN INC -> WALGREENS #2585 (SD),0.9815,1.0,0.005,0.2585,1.5,49.5,67.9,0.0
SUN PHARMA GLOBAL INC,BELLCO DRUG CORP,COMMUNITY PHARMACY #2490 (KY),KY,2,False,T1_REROUTE_EXISTING,MIAMI-LUKEN INC,SUN PHARMA GLOBAL INC -> MIAMI-LUKEN INC -> COMMUNITY PHARMACY #2490 (KY),0.9815,1.0,0.0243,0.2662,1.5,49.5,67.9,0.0
AMNEAL PHARMACEUTICALS LLC,CARDINAL HEALTH INC,HOMETOWN PHARMACY #3804 (KY),KY,2,False,T1_REROUTE_EXISTING,MIAMI-LUKEN INC,AMNEAL PHARMACEUTICALS LLC -> MIAMI-LUKEN INC -> HOMETOWN PHARMACY #3804 (KY),0.9815,1.0,0.0243,0.2662,1.5,49.5,67.9,0.0
SANDOZ INC,KINRAY LLC,HEALTH MART PHARMACY #5158 (AL),AL,2,True,T1_REROUTE_EXISTING,MIAMI-LUKEN INC,SANDOZ INC -> MIAMI-LUKEN INC -> HEALTH MART PHARMACY #5158 (AL),0.9815,1.0,0.0012,0.2569,1.5,49.5,67.9,18.3
MYLAN PHARMACEUTICALS INC,HENRY SCHEIN INC,HOMETOWN PHARMACY #4342 (MI),MI,2,False,T1_REROUTE_EXISTING,DIRECT RX,MYLAN PHARMACEUTICALS INC -> DIRECT RX -> HOMETOWN PHARMACY #4342 (MI),0.8585,0.1504,0.087,0.122,1.5,49.5,67.9,0.0
AMNEAL PHARMACEUTICALS LLC,DAKOTA DRUG INC,PEOPLES PHARMACY #6594 (KY),KY,2,False,T1_REROUTE_EXISTING,MIAMI-LUKEN INC,AMNEAL PHARMACEUTICALS LLC -> MIAMI-LUKEN INC -> PEOPLES PHARMACY #6594 (KY),0.9815,1.0,0.0243,0.2662,1.5,49.5,67.9,0.0
PURDUE PHARMA LP,AMERISOURCEBERGEN DRUG CORP,HARRIS TEETER PHARMACY #6503 (MO),MO,2,True,T1_REROUTE_EXISTING,MCKESSON CORPORATION,PURDUE PHARMA LP -> MCKESSON CORPORATION -> HARRIS TEETER PHARMACY #6503 (MO),0.8788,0.1815,0.0043,0.0895,1.5,49.5,67.9,18.3
SANDOZ INC,MIAMI-LUKEN INC,HOMETOWN PHARMACY #5569 (NC),NC,2,False,T1_REROUTE_EXISTING,DIRECT RX,SANDOZ INC -> DIRECT RX -> HOMETOWN PHARMACY #5569 (NC),0.8585,0.1504,0.1003,0.1273,1.5,49.5,67.9,0.0
QUALITEST PHARMACEUTICALS,CARDINAL HEALTH INC,WALMART PHARMACY #9392 (NM),NM,2,False,T1_REROUTE_EXISTING,MIAMI-LUKEN INC,QUALITEST PHARMACEUTICALS -> MIAMI-LUKEN INC -> WALMART PHARMACY #9392 (NM),0.9815,1.0,0.0023,0.2574,1.5,49.5,67.9,0.0
SUN PHARMA GLOBAL INC,MORRIS & DICKSON CO LLC,CVS PHARMACY #9428 (AK),AK,1,False,T1_REROUTE_EXISTING,MCKESSON CORPORATION,SUN PHARMA GLOBAL INC -> MCKESSON CORPORATION -> CVS PHARMACY #9428 (AK),0.8788,0.1815,0.0022,0.0887,1.5,24.7,34.1,0.0
PURDUE PHARMA LP,PENN PHARMACEUTICAL SERVICES INC,MAIN STREET PHARMACY #9550 (WV),WV,2,False,T1_REROUTE_EXISTING,MIAMI-LUKEN INC,PURDUE PHARMA LP -> MIAMI-LUKEN INC -> MAIN STREET PHARMACY #9550 (WV),0.9815,1.0,0.5743,0.4862,1.5,49.5,67.9,0.0
PURDUE PHARMA LP,ANDA INC,HEALTH MART PHARMACY #9423 (WY),WY,1,False,T1_REROUTE_EXISTING,CARDINAL HEALTH INC,PURDUE PHARMA LP -> CARDINAL HEALTH INC -> HEALTH MART PHARMACY #9423 (WY),0.8652,0.1959,0.0048,0.0981,1.5,24.7,34.1,0.0
QUALITEST PHARMACEUTICALS,HENRY SCHEIN INC,CORNER DRUG STORE #2658 (AK),AK,2,True,T1_REROUTE_EXISTING,MCKESSON CORPORATION,QUALITEST PHARMACEUTICALS -> MCKESSON CORPORATION -> CORNER DRUG STORE #2658 (AK),0.8788,0.1815,0.0022,0.0887,1.5,49.5,67.9,18.3
PURDUE PHARMA LP,NATIONAL WHOLESALE DRUG CO INC,MAIN STREET PHARMACY #2532 (MN),MN,3,False,T1_REROUTE_EXISTING,MIAMI-LUKEN INC,PURDUE PHARMA LP -> MIAMI-LUKEN INC -> MAIN STREET PHARMACY #2532 (MN),0.9815,1.0,0.0013,0.257,1.5,74.3,102.0,0.0
JANSSEN PHARMACEUTICALS INC,CARDINAL HEALTH INC,WALMART PHARMACY #2370 (MA),MA,1,False,T1_REROUTE_EXISTING,MCKESSON CORPORATION,JANSSEN PHARMACEUTICALS INC -> MCKESSON CORPORATION -> WALMART PHARMACY #2370 (MA),0.8788,0.1815,0.0156,0.094,1.5,24.7,34.1,0.0
RHODES TECHNOLOGIES,DAKOTA DRUG INC,SUNRISE PHARMACY #6637 (LA),LA,2,False,T1_REROUTE_EXISTING,MIAMI-LUKEN INC,RHODES TECHNOLOGIES -> MIAMI-LUKEN INC -> SUNRISE PHARMACY #6637 (LA),0.9815,1.0,0.0497,0.2764,1.5,49.5,67.9,0.0
WATSON LABORATORIES INC,MORRIS & DICKSON CO LLC,MEDICO PHARMACY #4938 (TN),TN,2,False,T1_REROUTE_EXISTING,MIAMI-LUKEN INC,WATSON LABORATORIES INC -> MIAMI-LUKEN INC -> MEDICO PHARMACY #4938 (TN),0.9815,1.0,0.0288,0.268,1.5,49.5,67.9,0.0
PAR PHARMACEUTICAL INC,DAKOTA DRUG INC,WALMART PHARMACY #2320 (VA),VA,1,False,T1_REROUTE_EXISTING,MIAMI-LUKEN INC,PAR PHARMACEUTICAL INC -> MIAMI-LUKEN INC -> WALMART PHARMACY #2320 (VA),0.9815,1.0,0.0162,0.2629,1.5,24.7,34.1,0.0
RHODES TECHNOLOGIES,GULF COAST MEDICAL SUPPLY,RITE AID #3893 (AZ),AZ,2,False,T1_REROUTE_EXISTING,MIAMI-LUKEN INC,RHODES TECHNOLOGIES -> MIAMI-LUKEN INC -> RITE AID #3893 (AZ),0.9815,1.0,0.0078,0.2596,1.5,49.5,67.9,0.0
HIKMA PHARMACEUTICALS,DAKOTA DRUG INC,WALMART PHARMACY #2320 (VA),VA,1,False,T1_REROUTE_EXISTING,MIAMI-LUKEN INC,HIKMA PHARMACEUTICALS -> MIAMI-LUKEN INC -> WALMART PHARMACY #2320 (VA),0.9815,1.0,0.0162,0.2629,1.5,24.7,34.1,0.0
IMPAX LABORATORIES INC,PENN PHARMACEUTICAL SERVICES INC,CORNER DRUG STORE #5731 (IN),IN,3,False,T1_REROUTE_EXISTING,MIAMI-LUKEN INC,IMPAX LABORATORIES INC -> MIAMI-LUKEN INC -> CORNER DRUG STORE #5731 (IN),0.9815,1.0,0.0312,0.269,1.5,74.3,102.0,0.0
HIKMA PHARMACEUTICALS,AMERISOURCEBERGEN DRUG CORP,QUALITY CARE PHARMACY #6507 (NC),NC,2,False,T1_REROUTE_EXISTING,MIAMI-LUKEN INC,HIKMA PHARMACEUTICALS -> MIAMI-LUKEN INC -> QUALITY CARE PHARMACY #6507 (NC),0.9815,1.0,0.0471,0.2753,1.5,49.5,67.9,0.0
SUN PHARMA GLOBAL INC,MORRIS & DICKSON CO LLC,HARRIS TEETER PHARMACY #6283 (CA),CA,1,False,T1_REROUTE_EXISTING,MIAMI-LUKEN INC,SUN PHARMA GLOBAL INC -> MIAMI-LUKEN INC -> HARRIS TEETER PHARMACY #6283 (CA),0.9815,1.0,0.0031,0.2577,1.5,24.7,34.1,0.0
IMPAX LABORATORIES INC,SMITH DRUG COMPANY,PUBLIX PHARMACY #4858 (OR),OR,3,False,T1_REROUTE_EXISTING,MIAMI-LUKEN INC,IMPAX LABORATORIES INC -> MIAMI-LUKEN INC -> PUBLIX PHARMACY #4858 (OR),0.9815,1.0,0.0034,0.2578,1.5,74.3,102.0,0.0
CADISTA PHARMACEUTICALS INC,NATIONAL WHOLESALE DRUG CO INC,WINN-DIXIE PHARMACY #5194 (FL),FL,2,False,T1_REROUTE_EXISTING,MIAMI-LUKEN INC,CADISTA PHARMACEUTICALS INC -> MIAMI-LUKEN INC -> WINN-DIXIE PHARMACY #5194 (FL),0.9815,1.0,0.0082,0.2598,1.5,49.5,67.9,0.0
ABBOTT LABORATORIES,DIRECT RX,PUBLIX PHARMACY #8657 (GA),GA,2,False,T1_REROUTE_EXISTING,CARDINAL HEALTH INC,ABBOTT LABORATORIES -> CARDINAL HEALTH INC -> PUBLIX PHARMACY #8657 (GA),0.8652,0.1959,0.0031,0.0974,1.5,49.5,67.9,0.0
HIKMA PHARMACEUTICALS,HENRY SCHEIN INC,KROGER PHARMACY #8420 (MT),MT,1,False,T1_REROUTE_EXISTING,MIAMI-LUKEN INC,HIKMA PHARMACEUTICALS -> MIAMI-LUKEN INC -> KROGER PHARMACY #8420 (MT),0.9815,1.0,0.0076,0.2595,1.5,24.7,34.1,0.0
AMNEAL PHARMACEUTICALS LLC,CARDINAL HEALTH INC,PUBLIX PHARMACY #1993 (CO),CO,2,True,T1_REROUTE_EXISTING,KINRAY LLC,AMNEAL PHARMACEUTICALS LLC -> KINRAY LLC -> PUBLIX PHARMACY #1993 (CO),0.8683,0.1632,0.0146,0.0927,1.5,49.5,67.9,18.3
MALLINCKRODT LLC,BELLCO DRUG CORP,CVS PHARMACY #2408 (IN),IN,3,False,T1_REROUTE_EXISTING,MIAMI-LUKEN INC,MALLINCKRODT LLC -> MIAMI-LUKEN INC -> CVS PHARMACY #2408 (IN),0.9815,1.0,0.0312,0.269,1.5,74.3,102.0,0.0
LANNETT COMPANY INC,MCKESSON CORPORATION,VILLAGE PHARMACY #3392 (NY),NY,2,True,T1_REROUTE_EXISTING,MIAMI-LUKEN INC,LANNETT COMPANY INC -> MIAMI-LUKEN INC -> VILLAGE PHARMACY #3392 (NY),0.9815,1.0,0.0014,0.257,1.5,49.5,67.9,18.3
PURDUE PHARMA LP,BURLINGTON DRUG COMPANY INC,VILLAGE PHARMACY #3724 (MS),MS,2,False,T1_REROUTE_EXISTING,MIAMI-LUKEN INC,PURDUE PHARMA LP -> MIAMI-LUKEN INC -> VILLAGE PHARMACY #3724 (MS),0.9815,1.0,0.003,0.2577,1.5,49.5,67.9,0.0
AMNEAL PHARMACEUTICALS LLC,DIRECT RX,WINN-DIXIE PHARMACY #9398 (MS),MS,1,False,T1_REROUTE_EXISTING,AMERISOURCEBERGEN DRUG CORP,AMNEAL PHARMACEUTICALS LLC -> AMERISOURCEBERGEN DRUG CORP -> WINN-DIXIE PHARMACY #9398 (MS),0.8802,0.1309,0.004,0.0762,1.5,24.7,34.1,0.0
TEVA PHARMACEUTICALS USA INC,SMITH DRUG COMPANY,COMMUNITY PHARMACY #9484 (NV),NV,2,False,T1_REROUTE_EXISTING,CARDINAL HEALTH INC,TEVA PHARMACEUTICALS USA INC -> CARDINAL HEALTH INC -> COMMUNITY PHARMACY #9484 (NV),0.8652,0.1959,0.0075,0.0991,1.5,49.5,67.9,0.0
QUALITEST PHARMACEUTICALS,ANDA INC,RITE AID #9223 (WV),WV,2,False,T1_REROUTE_EXISTING,MIAMI-LUKEN INC,QUALITEST PHARMACEUTICALS -> MIAMI-LUKEN INC -> RITE AID #9223 (WV),0.9815,1.0,0.5743,0.4862,1.5,49.5,67.9,0.0
HIKMA PHARMACEUTICALS,BURLINGTON DRUG COMPANY INC,SUNRISE PHARMACY #5581 (TN),TN,2,False,T1_REROUTE_EXISTING,MIAMI-LUKEN INC,HIKMA PHARMACEUTICALS -> MIAMI-LUKEN INC -> SUNRISE PHARMACY #5581 (TN),0.9815,1.0,0.0288,0.268,1.5,49.5,67.9,0.0
CADISTA PHARMACEUTICALS INC,PRESCRIPTION SUPPLY INC,WALMART PHARMACY #6240 (NC),NC,3,False,T1_REROUTE_EXISTING,MIAMI-LUKEN INC,CADISTA PHARMACEUTICALS INC -> MIAMI-LUKEN INC -> WALMART PHARMACY #6240 (NC),0.9815,1.0,0.0471,0.2753,1.5,74.3,102.0,0.0
VINTAGE PHARMACEUTICALS LLC,AMERISOURCEBERGEN DRUG CORP,QUALITY CARE PHARMACY #6847 (WV),WV,3,False,T1_REROUTE_EXISTING,MIAMI-LUKEN INC,VINTAGE PHARMACEUTICALS LLC -> MIAMI-LUKEN INC -> QUALITY CARE PHARMACY #6847 (WV),0.9815,1.0,0.5743,0.4862,1.5,74.3,102.0,0.0
JANSSEN PHARMACEUTICALS INC,HENRY SCHEIN INC,MEDICO PHARMACY #6767 (NC),NC,3,False,T1_REROUTE_EXISTING,MIAMI-LUKEN INC,JANSSEN PHARMACEUTICALS INC -> MIAMI-LUKEN INC -> MEDICO PHARMACY #6767 (NC),0.9815,1.0,0.0471,0.2753,1.5,74.3,102.0,0.0
ENDO PHARMACEUTICALS INC,CARDINAL HEALTH INC,HEALTH MART PHARMACY #6716 (UT),UT,2,False,T1_REROUTE_EXISTING,MIAMI-LUKEN INC,ENDO PHARMACEUTICALS INC -> MIAMI-LUKEN INC -> HEALTH MART PHARMACY #6716 (UT),0.9815,1.0,0.0026,0.2575,1.5,49.5,67.9,0.0
SUN PHARMA GLOBAL INC,HENRY SCHEIN INC,KROGER PHARMACY #8420 (MT),MT,1,False,T1_REROUTE_EXISTING,MIAMI-LUKEN INC,SUN PHARMA GLOBAL INC -> MIAMI-LUKEN INC -> KROGER PHARMACY #8420 (MT),0.9815,1.0,0.0076,0.2595,1.5,24.7,34.1,0.0
VINTAGE PHARMACEUTICALS LLC,HENRY SCHEIN INC,QUALITY CARE PHARMACY #5421 (WA),WA,2,False,T1_REROUTE_EXISTING,KINRAY LLC,VINTAGE PHARMACEUTICALS LLC -> KINRAY LLC -> QUALITY CARE PHARMACY #5421 (WA),0.8683,0.1632,0.0157,0.0932,1.5,49.5,67.9,0.0
JANSSEN PHARMACEUTICALS INC,MORRIS & DICKSON CO LLC,HOMETOWN PHARMACY #8469 (NC),NC,2,False,T1_REROUTE_EXISTING,MIAMI-LUKEN INC,JANSSEN PHARMACEUTICALS INC -> MIAMI-LUKEN INC -> HOMETOWN PHARMACY #8469 (NC),0.9815,1.0,0.0471,0.2753,1.5,49.5,67.9,0.0
PAR PHARMACEUTICAL INC,VALUEDRUGCO,WALGREENS #8411 (IA),IA,1,False,T1_REROUTE_EXISTING,MIAMI-LUKEN INC,PAR PHARMACEUTICAL INC -> MIAMI-LUKEN INC -> WALGREENS #8411 (IA),0.9815,1.0,0.0077,0.2596,1.5,24.7,34.1,0.0
ENDO PHARMACEUTICALS INC,HENRY SCHEIN INC,KROGER PHARMACY #5224 (NH),NH,1,False,T1_REROUTE_EXISTING,DAKOTA DRUG INC,ENDO PHARMACEUTICALS INC -> DAKOTA DRUG INC -> KROGER PHARMACY #5224 (NH),0.8719,0.1818,0.0046,0.0921,1.5,24.7,34.1,0.0
QUALITEST PHARMACEUTICALS,VALUEDRUGCO,HOMETOWN PHARMACY #6892 (WY),WY,1,False,T1_REROUTE_EXISTING,DAKOTA DRUG INC,QUALITEST PHARMACEUTICALS -> DAKOTA DRUG INC -> HOMETOWN PHARMACY #6892 (WY),0.8719,0.1818,0.0033,0.0916,1.5,24.7,34.1,0.0
TEVA PHARMACEUTICALS USA INC,NATIONAL WHOLESALE DRUG CO INC,MAIN STREET PHARMACY #2256 (IN),IN,3,False,T1_REROUTE_EXISTING,MIAMI-LUKEN INC,TEVA PHARMACEUTICALS USA INC -> MIAMI-LUKEN INC -> MAIN STREET PHARMACY #2256 (IN),0.9815,1.0,0.0312,0.269,1.5,74.3,102.0,0.0
WATSON LABORATORIES INC,PENN PHARMACEUTICAL SERVICES INC,SUNRISE PHARMACY #7649 (PA),PA,3,False,T1_REROUTE_EXISTING,MIAMI-LUKEN INC,WATSON LABORATORIES INC -> MIAMI-LUKEN INC -> SUNRISE PHARMACY #7649 (PA),0.9815,1.0,0.0219,0.2652,1.5,74.3,102.0,0.0
LANNETT COMPANY INC,HENRY SCHEIN INC,SUNRISE PHARMACY #6128 (IL),IL,1,False,T1_REROUTE_EXISTING,DAKOTA DRUG INC,LANNETT COMPANY INC -> DAKOTA DRUG INC -> SUNRISE PHARMACY #6128 (IL),0.8719,0.1818,0.0127,0.0954,1.5,24.7,34.1,0.0
CADISTA PHARMACEUTICALS INC,SMITH DRUG COMPANY,MAIN STREET PHARMACY #1667 (MI),MI,2,False,T1_REROUTE_EXISTING,MIAMI-LUKEN INC,CADISTA PHARMACEUTICALS INC -> MIAMI-LUKEN INC -> MAIN STREET PHARMACY #1667 (MI),0.9815,1.0,0.0252,0.2666,1.5,49.5,67.9,0.0
TEVA PHARMACEUTICALS USA INC,DAKOTA DRUG INC,QUALITY CARE PHARMACY #7383 (VT),VT,1,False,T1_REROUTE_EXISTING,CARDINAL HEALTH INC,TEVA PHARMACEUTICALS USA INC -> CARDINAL HEALTH INC -> QUALITY CARE PHARMACY #7383 (VT),0.8652,0.1959,0.0041,0.0978,1.5,24.7,34.1,0.0
IMPAX LABORATORIES INC,CARDINAL HEALTH INC,FAMILY CARE PHARMACY #2595 (OH),OH,3,False,T1_REROUTE_EXISTING,MIAMI-LUKEN INC,IMPAX LABORATORIES INC -> MIAMI-LUKEN INC -> FAMILY CARE PHARMACY #2595 (OH),0.9815,1.0,0.0308,0.2688,1.5,74.3,102.0,0.0
CADISTA PHARMACEUTICALS INC,CARDINAL HEALTH INC,WALMART PHARMACY #1339 (NC),NC,2,False,T1_REROUTE_EXISTING,MIAMI-LUKEN INC,CADISTA PHARMACEUTICALS INC -> MIAMI-LUKEN INC -> WALMART PHARMACY #1339 (NC),0.9815,1.0,0.0471,0.2753,1.5,49.5,67.9,0.0
IMPAX LABORATORIES INC,HD SMITH WHOLESALE DRUG CO,WALGREENS #1373 (PA),PA,3,False,T1_REROUTE_EXISTING,MIAMI-LUKEN INC,IMPAX LABORATORIES INC -> MIAMI-LUKEN INC -> WALGREENS #1373 (PA),0.9815,1.0,0.0219,0.2652,1.5,74.3,102.0,0.0
ENDO PHARMACEUTICALS INC,DAKOTA DRUG INC,WALMART PHARMACY #2320 (VA),VA,1,False,T1_REROUTE_EXISTING,MIAMI-LUKEN INC,ENDO PHARMACEUTICALS INC -> MIAMI-LUKEN INC -> WALMART PHARMACY #2320 (VA),0.9815,1.0,0.0162,0.2629,1.5,24.7,34.1,0.0
MYLAN PHARMACEUTICALS INC,DIRECT RX,WINN-DIXIE PHARMACY #9398 (MS),MS,1,False,T1_REROUTE_EXISTING,AMERISOURCEBERGEN DRUG CORP,MYLAN PHARMACEUTICALS INC -> AMERISOURCEBERGEN DRUG CORP -> WINN-DIXIE PHARMACY #9398 (MS),0.8802,0.1309,0.004,0.0762,1.5,24.7,34.1,0.0
SANDOZ INC,DAKOTA DRUG INC,WALMART PHARMACY #7726 (SD),SD,3,True,T1_REROUTE_EXISTING,KINRAY LLC,SANDOZ INC -> KINRAY LLC -> WALMART PHARMACY #7726 (SD),0.8683,0.1632,0.0046,0.0887,1.5,74.3,102.0,27.6
SUN PHARMA GLOBAL INC,MIAMI-LUKEN INC,HARRIS TEETER PHARMACY #7348 (TN),TN,3,False,T1_REROUTE_EXISTING,CARDINAL HEALTH INC,SUN PHARMA GLOBAL INC -> CARDINAL HEALTH INC -> HARRIS TEETER PHARMACY #7348 (TN),0.8652,0.1959,0.1,0.1362,1.5,74.3,102.0,0.0
WATSON LABORATORIES INC,MIAMI-LUKEN INC,WALGREENS #2968 (NH),NH,2,False,T1_REROUTE_EXISTING,PENN PHARMACEUTICAL SERVICES INC,WATSON LABORATORIES INC -> PENN PHARMACEUTICAL SERVICES INC -> WALGREENS #2968 (NH),0.8904,0.1359,0.0041,0.074,1.5,49.5,67.9,0.0
VINTAGE PHARMACEUTICALS LLC,ANDA INC,MEDICO PHARMACY #1407 (IL),IL,1,False,T1_REROUTE_EXISTING,CARDINAL HEALTH INC,VINTAGE PHARMACEUTICALS LLC -> CARDINAL HEALTH INC -> MEDICO PHARMACY #1407 (IL),0.8652,0.1959,0.012,0.1009,1.5,24.7,34.1,0.0
PAR PHARMACEUTICAL INC,CARDINAL HEALTH INC,WALMART PHARMACY #2370 (MA),MA,1,False,T1_REROUTE_EXISTING,MCKESSON CORPORATION,PAR PHARMACEUTICAL INC -> MCKESSON CORPORATION -> WALMART PHARMACY #2370 (MA),0.8788,0.1815,0.0156,0.094,1.5,24.7,34.1,0.0
SUN PHARMA GLOBAL INC,DAKOTA DRUG INC,WALGREENS #5730 (AR),AR,2,False,T1_REROUTE_EXISTING,MIAMI-LUKEN INC,SUN PHARMA GLOBAL INC -> MIAMI-LUKEN INC -> WALGREENS #5730 (AR),0.9815,1.0,0.0064,0.259,1.5,49.5,67.9,0.0
ACTAVIS PHARMA INC,BURLINGTON DRUG COMPANY INC,QUALITY CARE PHARMACY #6470 (OK),OK,3,False,T1_REROUTE_EXISTING,MIAMI-LUKEN INC,ACTAVIS PHARMA INC -> MIAMI-LUKEN INC -> QUALITY CARE PHARMACY #6470 (OK),0.9815,1.0,0.0072,0.2594,1.5,74.3,102.0,0.0
IMPAX LABORATORIES INC,BELLCO DRUG CORP,VILLAGE PHARMACY #9734 (MT),MT,2,False,T1_REROUTE_EXISTING,ANDA INC,IMPAX LABORATORIES INC -> ANDA INC -> VILLAGE PHARMACY #9734 (MT),0.8679,0.1459,0.0141,0.0884,1.5,49.5,67.9,0.0
CADISTA PHARMACEUTICALS INC,CARDINAL HEALTH INC,SUNRISE PHARMACY #7916 (MT),MT,1,False,T1_REROUTE_EXISTING,KINRAY LLC,CADISTA PHARMACEUTICALS INC -> KINRAY LLC -> SUNRISE PHARMACY #7916 (MT),0.8683,0.1632,0.0042,0.0886,1.5,24.7,34.1,0.0
MALLINCKRODT LLC,KEYSOURCE MEDICAL INC,WINN-DIXIE PHARMACY #4027 (MA),MA,2,False,T1_REROUTE_EXISTING,MCKESSON CORPORATION,MALLINCKRODT LLC -> MCKESSON CORPORATION -> WINN-DIXIE PHARMACY #4027 (MA),0.8788,0.1815,0.0156,0.094,1.5,49.5,67.9,0.0
AMNEAL PHARMACEUTICALS LLC,HD SMITH WHOLESALE DRUG CO,CORNER DRUG STORE #8030 (TX),TX,3,False,T1_REROUTE_EXISTING,MIAMI-LUKEN INC,AMNEAL PHARMACEUTICALS LLC -> MIAMI-LUKEN INC -> CORNER DRUG STORE #8030 (TX),0.9815,1.0,0.0019,0.2572,1.5,74.3,102.0,0.0
QUALITEST PHARMACEUTICALS,KEYSOURCE MEDICAL INC,QUALITY CARE PHARMACY #8165 (IL),IL,2,False,T1_REROUTE_EXISTING,MIAMI-LUKEN INC,QUALITEST PHARMACEUTICALS -> MIAMI-LUKEN INC -> QUALITY CARE PHARMACY #8165 (IL),0.9815,1.0,0.0012,0.2569,1.5,49.5,67.9,0.0
ACTAVIS PHARMA INC,NATIONAL WHOLESALE DRUG CO INC,SUNRISE PHARMACY #9537 (KY),KY,2,False,T1_REROUTE_EXISTING,MIAMI-LUKEN INC,ACTAVIS PHARMA INC -> MIAMI-LUKEN INC -> SUNRISE PHARMACY #9537 (KY),0.9815,1.0,0.0243,0.2662,1.5,49.5,67.9,0.0
LANNETT COMPANY INC,HD SMITH WHOLESALE DRUG CO,PUBLIX PHARMACY #9124 (DE),DE,1,False,T1_REROUTE_EXISTING,KINRAY LLC,LANNETT COMPANY INC -> KINRAY LLC -> PUBLIX PHARMACY #9124 (DE),0.8683,0.1632,0.0039,0.0884,1.5,24.7,34.1,0.0
TEVA PHARMACEUTICALS USA INC,DAKOTA DRUG INC,PEOPLES PHARMACY #2660 (NC),NC,2,False,T1_REROUTE_EXISTING,MIAMI-LUKEN INC,TEVA PHARMACEUTICALS USA INC -> MIAMI-LUKEN INC -> PEOPLES PHARMACY #2660 (NC),0.9815,1.0,0.0471,0.2753,1.5,49.5,67.9,0.0
AMNEAL PHARMACEUTICALS LLC,GULF COAST MEDICAL SUPPLY,MEDICO PHARMACY #3872 (CT),CT,1,False,T1_REROUTE_EXISTING,MIAMI-LUKEN INC,AMNEAL PHARMACEUTICALS LLC -> MIAMI-LUKEN INC -> MEDICO PHARMACY #3872 (CT),0.9815,1.0,0.0017,0.2572,1.5,24.7,34.1,0.0
HIKMA PHARMACEUTICALS,ANDA INC,PUBLIX PHARMACY #9278 (VA),VA,3,False,T1_REROUTE_EXISTING,MIAMI-LUKEN INC,HIKMA PHARMACEUTICALS -> MIAMI-LUKEN INC -> PUBLIX PHARMACY #9278 (VA),0.9815,1.0,0.0162,0.2629,1.5,74.3,102.0,0.0
JANSSEN PHARMACEUTICALS INC,KINRAY LLC,MEDICO PHARMACY #6767 (NC),NC,4,False,T1_REROUTE_EXISTING,MIAMI-LUKEN INC,JANSSEN PHARMACEUTICALS INC -> MIAMI-LUKEN INC -> MEDICO PHARMACY #6767 (NC),0.9815,1.0,0.0471,0.2753,1.5,99.4,132.0,0.0
RHODES TECHNOLOGIES,PRESCRIPTION SUPPLY INC,WALGREENS #3709 (RI),RI,2,False,T1_REROUTE_EXISTING,MIAMI-LUKEN INC,RHODES TECHNOLOGIES -> MIAMI-LUKEN INC -> WALGREENS #3709 (RI),0.9815,1.0,0.0019,0.2572,1.5,49.5,67.9,0.0
CADISTA PHARMACEUTICALS INC,DIRECT RX,WALMART PHARMACY #5027 (SD),SD,1,False,T1_REROUTE_EXISTING,DAKOTA DRUG INC,CADISTA PHARMACEUTICALS INC -> DAKOTA DRUG INC -> WALMART PHARMACY #5027 (SD),0.8719,0.1818,0.022,0.0991,1.5,24.7,34.1,0.0
PURDUE PHARMA LP,GULF COAST MEDICAL SUPPLY,CORNER DRUG STORE #3383 (OR),OR,2,False,T1_REROUTE_EXISTING,KEYSOURCE MEDICAL INC,PURDUE PHARMA LP -> KEYSOURCE MEDICAL INC -> CORNER DRUG STORE #3383 (OR),0.8905,0.145,0.0043,0.0763,1.5,49.5,67.9,0.0
MYLAN PHARMACEUTICALS INC,BURLINGTON DRUG COMPANY INC,MAIN STREET PHARMACY #8201 (MO),MO,2,False,T1_REROUTE_EXISTING,MIAMI-LUKEN INC,MYLAN PHARMACEUTICALS INC -> MIAMI-LUKEN INC -> MAIN STREET PHARMACY #8201 (MO),0.9815,1.0,0.0026,0.2575,1.5,49.5,67.9,0.0
HIKMA PHARMACEUTICALS,BURLINGTON DRUG COMPANY INC,SUNRISE PHARMACY #9264 (RI),RI,3,False,T1_REROUTE_EXISTING,MCKESSON CORPORATION,HIKMA PHARMACEUTICALS -> MCKESSON CORPORATION -> SUNRISE PHARMACY #9264 (RI),0.8788,0.1815,0.0283,0.0991,1.5,74.3,102.0,0.0
TEVA PHARMACEUTICALS USA INC,CARDINAL HEALTH INC,HARRIS TEETER PHARMACY #6063 (NC),NC,2,False,T1_REROUTE_EXISTING,MIAMI-LUKEN INC,TEVA PHARMACEUTICALS USA INC -> MIAMI-LUKEN INC -> HARRIS TEETER PHARMACY #6063 (NC),0.9815,1.0,0.0471,0.2753,1.5,49.5,67.9,0.0
ENDO PHARMACEUTICALS INC,NATIONAL WHOLESALE DRUG CO INC,SUNRISE PHARMACY #7702 (NC),NC,2,False,T1_REROUTE_EXISTING,MIAMI-LUKEN INC,ENDO PHARMACEUTICALS INC -> MIAMI-LUKEN INC -> SUNRISE PHARMACY #7702 (NC),0.9815,1.0,0.0471,0.2753,1.5,49.5,67.9,0.0
TEVA PHARMACEUTICALS USA INC,VALUEDRUGCO,MAIN STREET PHARMACY #7935 (KY),KY,3,False,T1_REROUTE_EXISTING,MIAMI-LUKEN INC,TEVA PHARMACEUTICALS USA INC -> MIAMI-LUKEN INC -> MAIN STREET PHARMACY #7935 (KY),0.9815,1.0,0.0243,0.2662,1.5,74.3,102.0,0.0
JANSSEN PHARMACEUTICALS INC,PENN PHARMACEUTICAL SERVICES INC,GOOD NEIGHBOR PHARMACY #6129 (NC),NC,1,False,T1_REROUTE_EXISTING,MIAMI-LUKEN INC,JANSSEN PHARMACEUTICALS INC -> MIAMI-LUKEN INC -> GOOD NEIGHBOR PHARMACY #6129 (NC),0.9815,1.0,0.0471,0.2753,1.5,24.7,34.1,0.0
WATSON LABORATORIES INC,NATIONAL WHOLESALE DRUG CO INC,SUNRISE PHARMACY #8787 (TN),TN,3,False,T1_REROUTE_EXISTING,MIAMI-LUKEN INC,WATSON LABORATORIES INC -> MIAMI-LUKEN INC -> SUNRISE PHARMACY #8787 (TN),0.9815,1.0,0.0288,0.268,1.5,74.3,102.0,0.0
TEVA PHARMACEUTICALS USA INC,HD SMITH WHOLESALE DRUG CO,HARRIS TEETER PHARMACY #4512 (NV),NV,2,False,T1_REROUTE_EXISTING,DAKOTA DRUG INC,TEVA PHARMACEUTICALS USA INC -> DAKOTA DRUG INC -> HARRIS TEETER PHARMACY #4512 (NV),0.8719,0.1818,0.0164,0.0968,1.5,49.5,67.9,0.0
ABBOTT LABORATORIES,SMITH DRUG COMPANY,HARRIS TEETER PHARMACY #6758 (NC),NC,2,False,T1_REROUTE_EXISTING,MIAMI-LUKEN INC,ABBOTT LABORATORIES -> MIAMI-LUKEN INC -> HARRIS TEETER PHARMACY #6758 (NC),0.9815,1.0,0.0471,0.2753,1.5,49.5,67.9,0.0
VINTAGE PHARMACEUTICALS LLC,CARDINAL HEALTH INC,HEALTH MART PHARMACY #6716 (UT),UT,1,False,T1_REROUTE_EXISTING,MIAMI-LUKEN INC,VINTAGE PHARMACEUTICALS LLC -> MIAMI-LUKEN INC -> HEALTH MART PHARMACY #6716 (UT),0.9815,1.0,0.0026,0.2575,1.5,24.7,34.1,0.0
SANDOZ INC,DAKOTA DRUG INC,WALMART PHARMACY #2320 (VA),VA,1,False,T1_REROUTE_EXISTING,MIAMI-LUKEN INC,SANDOZ INC -> MIAMI-LUKEN INC -> WALMART PHARMACY #2320 (VA),0.9815,1.0,0.0162,0.2629,1.5,24.7,34.1,0.0
CADISTA PHARMACEUTICALS INC,KEYSOURCE MEDICAL INC,MEDICO PHARMACY #6767 (NC),NC,2,False,T1_REROUTE_EXISTING,MIAMI-LUKEN INC,CADISTA PHARMACEUTICALS INC -> MIAMI-LUKEN INC -> MEDICO PHARMACY #6767 (NC),0.9815,1.0,0.0471,0.2753,1.5,49.5,67.9,0.0
ABBOTT LABORATORIES,NATIONAL WHOLESALE DRUG CO INC,HARRIS TEETER PHARMACY #6758 (NC),NC,2,False,T1_REROUTE_EXISTING,MIAMI-LUKEN INC,ABBOTT LABORATORIES -> MIAMI-LUKEN INC -> HARRIS TEETER PHARMACY #6758 (NC),0.9815,1.0,0.0471,0.2753,1.5,49.5,67.9,0.0
JANSSEN PHARMACEUTICALS INC,MORRIS & DICKSON CO LLC,PEOPLES PHARMACY #1635 (SD),SD,2,False,T1_REROUTE_EXISTING,DIRECT RX,JANSSEN PHARMACEUTICALS INC -> DIRECT RX -> PEOPLES PHARMACY #1635 (SD),0.8585,0.1504,0.0234,0.0965,1.5,49.5,67.9,0.0
PAR PHARMACEUTICAL INC,ANDA INC,KROGER PHARMACY #4771 (NV),NV,1,False,T1_REROUTE_EXISTING,MIAMI-LUKEN INC,PAR PHARMACEUTICAL INC -> MIAMI-LUKEN INC -> KROGER PHARMACY #4771 (NV),0.9815,1.0,0.0024,0.2574,1.5,24.7,34.1,0.0
CADISTA PHARMACEUTICALS INC,SMITH DRUG COMPANY,COMMUNITY PHARMACY #7816 (UT),UT,3,False,T1_REROUTE_EXISTING,DAKOTA DRUG INC,CADISTA PHARMACEUTICALS INC -> DAKOTA DRUG INC -> COMMUNITY PHARMACY #7816 (UT),0.8719,0.1818,0.0199,0.0982,1.5,74.3,102.0,0.0
ABBOTT LABORATORIES,HD SMITH WHOLESALE DRUG CO,HARRIS TEETER PHARMACY #6758 (NC),NC,3,False,T1_REROUTE_EXISTING,MIAMI-LUKEN INC,ABBOTT LABORATORIES -> MIAMI-LUKEN INC -> HARRIS TEETER PHARMACY #6758 (NC),0.9815,1.0,0.0471,0.2753,1.5,74.3,102.0,0.0
MYLAN PHARMACEUTICALS INC,MORRIS & DICKSON CO LLC,MAIN STREET PHARMACY #2094 (KY),KY,1,False,T1_REROUTE_EXISTING,MIAMI-LUKEN INC,MYLAN PHARMACEUTICALS INC -> MIAMI-LUKEN INC -> MAIN STREET PHARMACY #2094 (KY),0.9815,1.0,0.0243,0.2662,1.5,24.7,34.1,0.0
IMPAX LABORATORIES INC,SMITH DRUG COMPANY,SUNRISE PHARMACY #9718 (HI),HI,1,False,T1_REROUTE_EXISTING,CARDINAL HEALTH INC,IMPAX LABORATORIES INC -> CARDINAL HEALTH INC -> SUNRISE PHARMACY #9718 (HI),0.8652,0.1959,0.0117,0.1008,1.5,24.7,34.1,0.0
QUALITEST PHARMACEUTICALS,NATIONAL WHOLESALE DRUG CO INC,WALGREENS #1013 (NH),NH,1,False,T1_REROUTE_EXISTING,CARDINAL HEALTH INC,QUALITEST PHARMACEUTICALS -> CARDINAL HEALTH INC -> WALGREENS #1013 (NH),0.8652,0.1959,0.0034,0.0975,1.5,24.7,34.1,0.0
ABBOTT LABORATORIES,PRESCRIPTION SUPPLY INC,HOMETOWN PHARMACY #2224 (MN),MN,1,False,T1_REROUTE_EXISTING,PENN PHARMACEUTICAL SERVICES INC,ABBOTT LABORATORIES -> PENN PHARMACEUTICAL SERVICES INC -> HOMETOWN PHARMACY #2224 (MN),0.8904,0.1359,0.0193,0.0801,1.5,24.7,34.1,0.0
VINTAGE PHARMACEUTICALS LLC,NATIONAL WHOLESALE DRUG CO INC,GOOD NEIGHBOR PHARMACY #5060 (NH),NH,1,False,T1_REROUTE_EXISTING,MIAMI-LUKEN INC,VINTAGE PHARMACEUTICALS LLC -> MIAMI-LUKEN INC -> GOOD NEIGHBOR PHARMACY #5060 (NH),0.9815,1.0,0.0032,0.2577,1.5,24.7,34.1,0.0
MALLINCKRODT LLC,BELLCO DRUG CORP,PUBLIX PHARMACY #2055 (NC),NC,2,False,T1_REROUTE_EXISTING,MIAMI-LUKEN INC,MALLINCKRODT LLC -> MIAMI-LUKEN INC -> PUBLIX PHARMACY #2055 (NC),0.9815,1.0,0.0471,0.2753,1.5,49.5,67.9,0.0
CADISTA PHARMACEUTICALS INC,HD SMITH WHOLESALE DRUG CO,VILLAGE PHARMACY #2199 (KS),KS,1,False,T1_REROUTE_EXISTING,CARDINAL HEALTH INC,CADISTA PHARMACEUTICALS INC -> CARDINAL HEALTH INC -> VILLAGE PHARMACY #2199 (KS),0.8652,0.1959,0.0047,0.098,1.5,24.7,34.1,0.0
IMPAX LABORATORIES INC,KINRAY LLC,MEDICO PHARMACY #6550 (VA),VA,3,False,T1_REROUTE_EXISTING,MIAMI-LUKEN INC,IMPAX LABORATORIES INC -> MIAMI-LUKEN INC -> MEDICO PHARMACY #6550 (VA),0.9815,1.0,0.0162,0.2629,1.5,74.3,102.0,0.0
TEVA PHARMACEUTICALS USA INC,HENRY SCHEIN INC,GOOD NEIGHBOR PHARMACY #6129 (NC),NC,4,False,T1_REROUTE_EXISTING,MIAMI-LUKEN INC,TEVA PHARMACEUTICALS USA INC -> MIAMI-LUKEN INC -> GOOD NEIGHBOR PHARMACY #6129 (NC),0.9815,1.0,0.0471,0.2753,1.5,99.4,132.0,0.0
JANSSEN PHARMACEUTICALS INC,SMITH DRUG COMPANY,CVS PHARMACY #8436 (AZ),AZ,1,False,T1_REROUTE_EXISTING,MIAMI-LUKEN INC,JANSSEN PHARMACEUTICALS INC -> MIAMI-LUKEN INC -> CVS PHARMACY #8436 (AZ),0.9815,1.0,0.0078,0.2596,1.5,24.7,34.1,0.0
TEVA PHARMACEUTICALS USA INC,MORRIS & DICKSON CO LLC,CVS PHARMACY #9428 (AK),AK,1,False,T1_REROUTE_EXISTING,MCKESSON CORPORATION,TEVA PHARMACEUTICALS USA INC -> MCKESSON CORPORATION -> CVS PHARMACY #9428 (AK),0.8788,0.1815,0.0022,0.0887,1.5,24.7,34.1,0.0
MALLINCKRODT LLC,ANDA INC,KROGER PHARMACY #4771 (NV),NV,1,False,T1_REROUTE_EXISTING,MIAMI-LUKEN INC,MALLINCKRODT LLC -> MIAMI-LUKEN INC -> KROGER PHARMACY #4771 (NV),0.9815,1.0,0.0024,0.2574,1.5,24.7,34.1,0.0
JANSSEN PHARMACEUTICALS INC,MCKESSON CORPORATION,MEDICO PHARMACY #6767 (NC),NC,2,False,T1_REROUTE_EXISTING,MIAMI-LUKEN INC,JANSSEN PHARMACEUTICALS INC -> MIAMI-LUKEN INC -> MEDICO PHARMACY #6767 (NC),0.9815,1.0,0.0471,0.2753,1.5,49.5,67.9,0.0
LANNETT COMPANY INC,HENRY SCHEIN INC,HOMETOWN PHARMACY #4042 (MN),MN,2,False,T1_REROUTE_EXISTING,MCKESSON CORPORATION,LANNETT COMPANY INC -> MCKESSON CORPORATION -> HOMETOWN PHARMACY #4042 (MN),0.8788,0.1815,0.0275,0.0988,1.5,49.5,67.9,0.0
MALLINCKRODT LLC,KINRAY LLC,PUBLIX PHARMACY #1697 (MI),MI,4,False,T1_REROUTE_EXISTING,MIAMI-LUKEN INC,MALLINCKRODT LLC -> MIAMI-LUKEN INC -> PUBLIX PHARMACY #1697 (MI),0.9815,1.0,0.0252,0.2666,1.5,99.4,132.0,0.0
QUALITEST PHARMACEUTICALS,MCKESSON CORPORATION,PEOPLES PHARMACY #2912 (WV),WV,2,False,T1_REROUTE_EXISTING,MIAMI-LUKEN INC,QUALITEST PHARMACEUTICALS -> MIAMI-LUKEN INC -> PEOPLES PHARMACY #2912 (WV),0.9815,1.0,0.5743,0.4862,1.5,49.5,67.9,0.0
IMPAX LABORATORIES INC,MORRIS & DICKSON CO LLC,HARRIS TEETER PHARMACY #6283 (CA),CA,1,False,T1_REROUTE_EXISTING,MIAMI-LUKEN INC,IMPAX LABORATORIES INC -> MIAMI-LUKEN INC -> HARRIS TEETER PHARMACY #6283 (CA),0.9815,1.0,0.0031,0.2577,1.5,24.7,34.1,0.0
SUN PHARMA GLOBAL INC,AMERISOURCEBERGEN DRUG CORP,CORNER DRUG STORE #1763 (DE),DE,1,False,T1_REROUTE_EXISTING,DAKOTA DRUG INC,SUN PHARMA GLOBAL INC -> DAKOTA DRUG INC -> CORNER DRUG STORE #1763 (DE),0.8719,0.1818,0.0035,0.0917,1.5,24.7,34.1,0.0
MYLAN PHARMACEUTICALS INC,DIRECT RX,PUBLIX PHARMACY #2736 (ME),ME,1,False,T1_REROUTE_EXISTING,BURLINGTON DRUG COMPANY INC,MYLAN PHARMACEUTICALS INC -> BURLINGTON DRUG COMPANY INC -> PUBLIX PHARMACY #2736 (ME),0.8768,0.1637,0.003,0.0853,1.5,24.7,34.1,0.0
VINTAGE PHARMACEUTICALS LLC,KEYSOURCE MEDICAL INC,MAIN STREET PHARMACY #8342 (MI),MI,3,False,T1_REROUTE_EXISTING,MIAMI-LUKEN INC,VINTAGE PHARMACEUTICALS LLC -> MIAMI-LUKEN INC -> MAIN STREET PHARMACY #8342 (MI),0.9815,1.0,0.0252,0.2666,1.5,74.3,102.0,0.0
HIKMA PHARMACEUTICALS,MORRIS & DICKSON CO LLC,MAIN STREET PHARMACY #7581 (LA),LA,3,False,T1_REROUTE_EXISTING,MIAMI-LUKEN INC,HIKMA PHARMACEUTICALS -> MIAMI-LUKEN INC -> MAIN STREET PHARMACY #7581 (LA),0.9815,1.0,0.0497,0.2764,1.5,74.3,102.0,0.0
IMPAX LABORATORIES INC,HD SMITH WHOLESALE DRUG CO,HARRIS TEETER PHARMACY #4455 (CT),CT,1,False,T1_REROUTE_EXISTING,MIAMI-LUKEN INC,IMPAX LABORATORIES INC -> MIAMI-LUKEN INC -> HARRIS TEETER PHARMACY #4455 (CT),0.9815,1.0,0.0017,0.2572,1.5,24.7,34.1,0.0
SANDOZ INC,HD SMITH WHOLESALE DRUG CO,PEOPLES PHARMACY #2132 (MO),MO,1,False,T1_REROUTE_EXISTING,DAKOTA DRUG INC,SANDOZ INC -> DAKOTA DRUG INC -> PEOPLES PHARMACY #2132 (MO),0.8719,0.1818,0.0051,0.0923,1.5,24.7,34.1,0.0
HIKMA PHARMACEUTICALS,CARDINAL HEALTH INC,QUALITY CARE PHARMACY #5311 (NM),NM,1,False,T1_REROUTE_EXISTING,BURLINGTON DRUG COMPANY INC,HIKMA PHARMACEUTICALS -> BURLINGTON DRUG COMPANY INC -> QUALITY CARE PHARMACY #5311 (NM),0.8768,0.1637,0.0284,0.0954,1.5,24.7,34.1,0.0
CADISTA PHARMACEUTICALS INC,MIAMI-LUKEN INC,VILLAGE PHARMACY #9397 (NC),NC,3,False,T1_REROUTE_EXISTING,DIRECT RX,CADISTA PHARMACEUTICALS INC -> DIRECT RX -> VILLAGE PHARMACY #9397 (NC),0.8585,0.1504,0.1003,0.1273,1.5,74.3,102.0,0.0
SUN PHARMA GLOBAL INC,DIRECT RX,PEOPLES PHARMACY #2912 (WV),WV,3,False,T1_REROUTE_EXISTING,MIAMI-LUKEN INC,SUN PHARMA GLOBAL INC -> MIAMI-LUKEN INC -> PEOPLES PHARMACY #2912 (WV),0.9815,1.0,0.5743,0.4862,1.5,74.3,102.0,0.0
MYLAN PHARMACEUTICALS INC,ANDA INC,SUNRISE PHARMACY #8999 (NC),NC,4,False,T1_REROUTE_EXISTING,MIAMI-LUKEN INC,MYLAN PHARMACEUTICALS INC -> MIAMI-LUKEN INC -> SUNRISE PHARMACY #8999 (NC),0.9815,1.0,0.0471,0.2753,1.5,99.4,132.0,0.0
PURDUE PHARMA LP,AMERISOURCEBERGEN DRUG CORP,HOMETOWN PHARMACY #3804 (KY),KY,4,False,T1_REROUTE_EXISTING,MIAMI-LUKEN INC,PURDUE PHARMA LP -> MIAMI-LUKEN INC -> HOMETOWN PHARMACY #3804 (KY),0.9815,1.0,0.0243,0.2662,1.5,99.4,132.0,0.0
JANSSEN PHARMACEUTICALS INC,BELLCO DRUG CORP,WALMART PHARMACY #1339 (NC),NC,3,False,T1_REROUTE_EXISTING,MIAMI-LUKEN INC,JANSSEN PHARMACEUTICALS INC -> MIAMI-LUKEN INC -> WALMART PHARMACY #1339 (NC),0.9815,1.0,0.0471,0.2753,1.5,74.3,102.0,0.0
TEVA PHARMACEUTICALS USA INC,CARDINAL HEALTH INC,HARRIS TEETER PHARMACY #6458 (CO),CO,1,False,T1_REROUTE_EXISTING,DIRECT RX,TEVA PHARMACEUTICALS USA INC -> DIRECT RX -> HARRIS TEETER PHARMACY #6458 (CO),0.8585,0.1504,0.0021,0.088,1.5,24.7,34.1,0.0
AMNEAL PHARMACEUTICALS LLC,DAKOTA DRUG INC,SUNRISE PHARMACY #8999 (NC),NC,3,False,T1_REROUTE_EXISTING,MIAMI-LUKEN INC,AMNEAL PHARMACEUTICALS LLC -> MIAMI-LUKEN INC -> SUNRISE PHARMACY #8999 (NC),0.9815,1.0,0.0471,0.2753,1.5,74.3,102.0,0.0
JANSSEN PHARMACEUTICALS INC,CARDINAL HEALTH INC,CVS PHARMACY #5592 (MT),MT,2,False,T1_REROUTE_EXISTING,ANDA INC,JANSSEN PHARMACEUTICALS INC -> ANDA INC -> CVS PHARMACY #5592 (MT),0.8679,0.1459,0.0141,0.0884,1.5,49.5,67.9,0.0
IMPAX LABORATORIES INC,SMITH DRUG COMPANY,HOMETOWN PHARMACY #8469 (NC),NC,2,False,T1_REROUTE_EXISTING,MIAMI-LUKEN INC,IMPAX LABORATORIES INC -> MIAMI-LUKEN INC -> HOMETOWN PHARMACY #8469 (NC),0.9815,1.0,0.0471,0.2753,1.5,49.5,67.9,0.0
SUN PHARMA GLOBAL INC,HENRY SCHEIN INC,WALMART PHARMACY #1339 (NC),NC,2,False,T1_REROUTE_EXISTING,MIAMI-LUKEN INC,SUN PHARMA GLOBAL INC -> MIAMI-LUKEN INC -> WALMART PHARMACY #1339 (NC),0.9815,1.0,0.0471,0.2753,1.5,49.5,67.9,0.0
JANSSEN PHARMACEUTICALS INC,AMERISOURCEBERGEN DRUG CORP,QUALITY CARE PHARMACY #8199 (WV),WV,3,False,T1_REROUTE_EXISTING,MIAMI-LUKEN INC,JANSSEN PHARMACEUTICALS INC -> MIAMI-LUKEN INC -> QUALITY CARE PHARMACY #8199 (WV),0.9815,1.0,0.5743,0.4862,1.5,74.3,102.0,0.0
ENDO PHARMACEUTICALS INC,AMERISOURCEBERGEN DRUG CORP,SUNRISE PHARMACY #6286 (AZ),AZ,2,False,T1_REROUTE_EXISTING,CARDINAL HEALTH INC,ENDO PHARMACEUTICALS INC -> CARDINAL HEALTH INC -> SUNRISE PHARMACY #6286 (AZ),0.8652,0.1959,0.0068,0.0988,1.5,49.5,67.9,0.0
SUN PHARMA GLOBAL INC,AMERISOURCEBERGEN DRUG CORP,CVS PHARMACY #3742 (SD),SD,3,False,T1_REROUTE_EXISTING,DAKOTA DRUG INC,SUN PHARMA GLOBAL INC -> DAKOTA DRUG INC -> CVS PHARMACY #3742 (SD),0.8719,0.1818,0.022,0.0991,1.5,74.3,102.0,0.0
PURDUE PHARMA LP,MIAMI-LUKEN INC,PEOPLES PHARMACY #6526 (WA),WA,1,False,T1_REROUTE_EXISTING,DIRECT RX,PURDUE PHARMA LP -> DIRECT RX -> PEOPLES PHARMACY #6526 (WA),0.8585,0.1504,0.0048,0.089,1.5,24.7,34.1,0.0
ABBOTT LABORATORIES,GULF COAST MEDICAL SUPPLY,CORNER DRUG STORE #3383 (OR),OR,1,False,T1_REROUTE_EXISTING,KEYSOURCE MEDICAL INC,ABBOTT LABORATORIES -> KEYSOURCE MEDICAL INC -> CORNER DRUG STORE #3383 (OR),0.8905,0.145,0.0043,0.0763,1.5,24.7,34.1,0.0
AMNEAL PHARMACEUTICALS LLC,DIRECT RX,QUALITY CARE PHARMACY #3071 (KY),KY,3,False,T1_REROUTE_EXISTING,MIAMI-LUKEN INC,AMNEAL PHARMACEUTICALS LLC -> MIAMI-LUKEN INC -> QUALITY CARE PHARMACY #3071 (KY),0.9815,1.0,0.0243,0.2662,1.5,74.3,102.0,0.0
VINTAGE PHARMACEUTICALS LLC,DIRECT RX,PUBLIX PHARMACY #6736 (TN),TN,1,False,T1_REROUTE_EXISTING,MIAMI-LUKEN INC,VINTAGE PHARMACEUTICALS LLC -> MIAMI-LUKEN INC -> PUBLIX PHARMACY #6736 (TN),0.9815,1.0,0.0288,0.268,1.5,24.7,34.1,0.0
TEVA PHARMACEUTICALS USA INC,HENRY SCHEIN INC,GOOD NEIGHBOR PHARMACY #6129 (NC),NC,3,False,T1_REROUTE_EXISTING,MIAMI-LUKEN INC,TEVA PHARMACEUTICALS USA INC -> MIAMI-LUKEN INC -> GOOD NEIGHBOR PHARMACY #6129 (NC),0.9815,1.0,0.0471,0.2753,1.5,74.3,102.0,0.0
MYLAN PHARMACEUTICALS INC,PRESCRIPTION SUPPLY INC,SUNRISE PHARMACY #8999 (NC),NC,2,False,T1_REROUTE_EXISTING,MIAMI-LUKEN INC,MYLAN PHARMACEUTICALS INC -> MIAMI-LUKEN INC -> SUNRISE PHARMACY #8999 (NC),0.9815,1.0,0.0471,0.2753,1.5,49.5,67.9,0.0
JANSSEN PHARMACEUTICALS INC,DAKOTA DRUG INC,QUALITY CARE PHARMACY #8199 (WV),WV,2,False,T1_REROUTE_EXISTING,MIAMI-LUKEN INC,JANSSEN PHARMACEUTICALS INC -> MIAMI-LUKEN INC -> QUALITY CARE PHARMACY #8199 (WV),0.9815,1.0,0.5743,0.4862,1.5,49.5,67.9,0.0
CADISTA PHARMACEUTICALS INC,DAKOTA DRUG INC,HEALTH MART PHARMACY #2396 (NY),NY,2,False,T1_REROUTE_EXISTING,MIAMI-LUKEN INC,CADISTA PHARMACEUTICALS INC -> MIAMI-LUKEN INC -> HEALTH MART PHARMACY #2396 (NY),0.9815,1.0,0.0014,0.257,1.5,49.5,67.9,0.0
SUN PHARMA GLOBAL INC,HD SMITH WHOLESALE DRUG CO,PUBLIX PHARMACY #6189 (IA),IA,1,False,T1_REROUTE_EXISTING,MIAMI-LUKEN INC,SUN PHARMA GLOBAL INC -> MIAMI-LUKEN INC -> PUBLIX PHARMACY #6189 (IA),0.9815,1.0,0.0077,0.2596,1.5,24.7,34.1,0.0
ACTAVIS PHARMA INC,ANDA INC,PUBLIX PHARMACY #1697 (MI),MI,3,False,T1_REROUTE_EXISTING,MIAMI-LUKEN INC,ACTAVIS PHARMA INC -> MIAMI-LUKEN INC -> PUBLIX PHARMACY #1697 (MI),0.9815,1.0,0.0252,0.2666,1.5,74.3,102.0,0.0
SUN PHARMA GLOBAL INC,MIAMI-LUKEN INC,HEALTH MART PHARMACY #6840 (FL),FL,1,False,T1_REROUTE_EXISTING,CARDINAL HEALTH INC,SUN PHARMA GLOBAL INC -> CARDINAL HEALTH INC -> HEALTH MART PHARMACY #6840 (FL),0.8652,0.1959,0.0024,0.0971,1.5,24.7,34.1,0.0
ACTAVIS PHARMA INC,PENN PHARMACEUTICAL SERVICES INC,HOMETOWN PHARMACY #7981 (TX),TX,2,False,T1_REROUTE_EXISTING,KINRAY LLC,ACTAVIS PHARMA INC -> KINRAY LLC -> HOMETOWN PHARMACY #7981 (TX),0.8683,0.1632,0.0351,0.1009,1.5,49.5,67.9,0.0
AMNEAL PHARMACEUTICALS LLC,KEYSOURCE MEDICAL INC,HOMETOWN PHARMACY #6513 (WV),WV,3,False,T1_REROUTE_EXISTING,MIAMI-LUKEN INC,AMNEAL PHARMACEUTICALS LLC -> MIAMI-LUKEN INC -> HOMETOWN PHARMACY #6513 (WV),0.9815,1.0,0.5743,0.4862,1.5,74.3,102.0,0.0
ABBOTT LABORATORIES,MIAMI-LUKEN INC,VILLAGE PHARMACY #4422 (MS),MS,2,False,T1_REROUTE_EXISTING,DAKOTA DRUG INC,ABBOTT LABORATORIES -> DAKOTA DRUG INC -> VILLAGE PHARMACY #4422 (MS),0.8719,0.1818,0.0052,0.0923,1.5,49.5,67.9,0.0
ABBOTT LABORATORIES,ANDA INC,SUNRISE PHARMACY #1937 (TN),TN,2,False,T1_REROUTE_EXISTING,MIAMI-LUKEN INC,ABBOTT LABORATORIES -> MIAMI-LUKEN INC -> SUNRISE PHARMACY #1937 (TN),0.9815,1.0,0.0288,0.268,1.5,49.5,67.9,0.0
WATSON LABORATORIES INC,PENN PHARMACEUTICAL SERVICES INC,GOOD NEIGHBOR PHARMACY #6129 (NC),NC,1,False,T1_REROUTE_EXISTING,MIAMI-LUKEN INC,WATSON LABORATORIES INC -> MIAMI-LUKEN INC -> GOOD NEIGHBOR PHARMACY #6129 (NC),0.9815,1.0,0.0471,0.2753,1.5,24.7,34.1,0.0
QUALITEST PHARMACEUTICALS,DAKOTA DRUG INC,VILLAGE PHARMACY #7951 (SC),SC,2,False,T1_REROUTE_EXISTING,CARDINAL HEALTH INC,QUALITEST PHARMACEUTICALS -> CARDINAL HEALTH INC -> VILLAGE PHARMACY #7951 (SC),0.8652,0.1959,0.0079,0.0993,1.5,49.5,67.9,0.0
PAR PHARMACEUTICAL INC,HENRY SCHEIN INC,GOOD NEIGHBOR PHARMACY #7042 (MT),MT,1,False,T1_REROUTE_EXISTING,MCKESSON CORPORATION,PAR PHARMACEUTICAL INC -> MCKESSON CORPORATION -> GOOD NEIGHBOR PHARMACY #7042 (MT),0.8788,0.1815,0.013,0.093,1.5,24.7,34.1,0.0
ENDO PHARMACEUTICALS INC,GULF COAST MEDICAL SUPPLY,WINN-DIXIE PHARMACY #2880 (MI),MI,1,False,T1_REROUTE_EXISTING,MIAMI-LUKEN INC,ENDO PHARMACEUTICALS INC -> MIAMI-LUKEN INC -> WINN-DIXIE PHARMACY #2880 (MI),0.9815,1.0,0.0252,0.2666,1.5,24.7,34.1,0.0
LANNETT COMPANY INC,VALUEDRUGCO,WINN-DIXIE PHARMACY #6825 (IA),IA,3,False,T1_REROUTE_EXISTING,DIRECT RX,LANNETT COMPANY INC -> DIRECT RX -> WINN-DIXIE PHARMACY #6825 (IA),0.8585,0.1504,0.0057,0.0894,1.5,74.3,102.0,0.0
ABBOTT LABORATORIES,PENN PHARMACEUTICAL SERVICES INC,VILLAGE PHARMACY #6515 (MT),MT,1,False,T1_REROUTE_EXISTING,MIAMI-LUKEN INC,ABBOTT LABORATORIES -> MIAMI-LUKEN INC -> VILLAGE PHARMACY #6515 (MT),0.9815,1.0,0.0076,0.2595,1.5,24.7,34.1,0.0
PURDUE PHARMA LP,BURLINGTON DRUG COMPANY INC,MAIN STREET PHARMACY #4193 (KS),KS,1,False,T1_REROUTE_EXISTING,KINRAY LLC,PURDUE PHARMA LP -> KINRAY LLC -> MAIN STREET PHARMACY #4193 (KS),0.8683,0.1632,0.013,0.0921,1.5,24.7,34.1,0.0
LANNETT COMPANY INC,CARDINAL HEALTH INC,HARRIS TEETER PHARMACY #6458 (CO),CO,1,False,T1_REROUTE_EXISTING,DIRECT RX,LANNETT COMPANY INC -> DIRECT RX -> HARRIS TEETER PHARMACY #6458 (CO),0.8585,0.1504,0.0021,0.088,1.5,24.7,34.1,0.0
MYLAN PHARMACEUTICALS INC,CARDINAL HEALTH INC,HOMETOWN PHARMACY #8919 (KY),KY,3,False,T1_REROUTE_EXISTING,MIAMI-LUKEN INC,MYLAN PHARMACEUTICALS INC -> MIAMI-LUKEN INC -> HOMETOWN PHARMACY #8919 (KY),0.9815,1.0,0.0243,0.2662,1.5,74.3,102.0,0.0
JANSSEN PHARMACEUTICALS INC,AMERISOURCEBERGEN DRUG CORP,GOOD NEIGHBOR PHARMACY #6915 (NH),NH,2,False,T1_REROUTE_EXISTING,MIAMI-LUKEN INC,JANSSEN PHARMACEUTICALS INC -> MIAMI-LUKEN INC -> GOOD NEIGHBOR PHARMACY #6915 (NH),0.9815,1.0,0.0032,0.2577,1.5,49.5,67.9,0.0
JANSSEN PHARMACEUTICALS INC,KEYSOURCE MEDICAL INC,WALMART PHARMACY #6240 (NC),NC,2,False,T1_REROUTE_EXISTING,MIAMI-LUKEN INC,JANSSEN PHARMACEUTICALS INC -> MIAMI-LUKEN INC -> WALMART PHARMACY #6240 (NC),0.9815,1.0,0.0471,0.2753,1.5,49.5,67.9,0.0
ENDO PHARMACEUTICALS INC,MCKESSON CORPORATION,PUBLIX PHARMACY #2769 (WV),WV,2,False,T1_REROUTE_EXISTING,MIAMI-LUKEN INC,ENDO PHARMACEUTICALS INC -> MIAMI-LUKEN INC -> PUBLIX PHARMACY #2769 (WV),0.9815,1.0,0.5743,0.4862,1.5,49.5,67.9,0.0
JANSSEN PHARMACEUTICALS INC,AMERISOURCEBERGEN DRUG CORP,WALMART PHARMACY #6240 (NC),NC,2,False,T1_REROUTE_EXISTING,MIAMI-LUKEN INC,JANSSEN PHARMACEUTICALS INC -> MIAMI-LUKEN INC -> WALMART PHARMACY #6240 (NC),0.9815,1.0,0.0471,0.2753,1.5,49.5,67.9,0.0
ABBOTT LABORATORIES,DAKOTA DRUG INC,FAMILY CARE PHARMACY #7641 (AL),AL,1,False,T1_REROUTE_EXISTING,MIAMI-LUKEN INC,ABBOTT LABORATORIES -> MIAMI-LUKEN INC -> FAMILY CARE PHARMACY #7641 (AL),0.9815,1.0,0.0012,0.2569,1.5,24.7,34.1,0.0
PURDUE PHARMA LP,KEYSOURCE MEDICAL INC,PEOPLES PHARMACY #2912 (WV),WV,2,False,T1_REROUTE_EXISTING,MIAMI-LUKEN INC,PURDUE PHARMA LP -> MIAMI-LUKEN INC -> PEOPLES PHARMACY #2912 (WV),0.9815,1.0,0.5743,0.4862,1.5,49.5,67.9,0.0
JANSSEN PHARMACEUTICALS INC,GULF COAST MEDICAL SUPPLY,CORNER DRUG STORE #3383 (OR),OR,2,False,T1_REROUTE_EXISTING,KEYSOURCE MEDICAL INC,JANSSEN PHARMACEUTICALS INC -> KEYSOURCE MEDICAL INC -> CORNER DRUG STORE #3383 (OR),0.8905,0.145,0.0043,0.0763,1.5,49.5,67.9,0.0
AMNEAL PHARMACEUTICALS LLC,BURLINGTON DRUG COMPANY INC,WALMART PHARMACY #5415 (IA),IA,3,False,T1_REROUTE_EXISTING,DIRECT RX,AMNEAL PHARMACEUTICALS LLC -> DIRECT RX -> WALMART PHARMACY #5415 (IA),0.8585,0.1504,0.0057,0.0894,1.5,74.3,102.0,0.0
IMPAX LABORATORIES INC,BELLCO DRUG CORP,FAMILY CARE PHARMACY #7468 (NE),NE,2,False,T1_REROUTE_EXISTING,CARDINAL HEALTH INC,IMPAX LABORATORIES INC -> CARDINAL HEALTH INC -> FAMILY CARE PHARMACY #7468 (NE),0.8652,0.1959,0.024,0.1057,1.5,49.5,67.9,0.0
WATSON LABORATORIES INC,MIAMI-LUKEN INC,PEOPLES PHARMACY #6526 (WA),WA,2,False,T1_REROUTE_EXISTING,DIRECT RX,WATSON LABORATORIES INC -> DIRECT RX -> PEOPLES PHARMACY #6526 (WA),0.8585,0.1504,0.0048,0.089,1.5,49.5,67.9,0.0
MYLAN PHARMACEUTICALS INC,CARDINAL HEALTH INC,HEALTH MART PHARMACY #6354 (SC),SC,2,False,T1_REROUTE_EXISTING,BURLINGTON DRUG COMPANY INC,MYLAN PHARMACEUTICALS INC -> BURLINGTON DRUG COMPANY INC -> HEALTH MART PHARMACY #6354 (SC),0.8768,0.1637,0.0104,0.0882,1.5,49.5,67.9,0.0
ACTAVIS PHARMA INC,HENRY SCHEIN INC,SUNRISE PHARMACY #9537 (KY),KY,2,False,T1_REROUTE_EXISTING,MIAMI-LUKEN INC,ACTAVIS PHARMA INC -> MIAMI-LUKEN INC -> SUNRISE PHARMACY #9537 (KY),0.9815,1.0,0.0243,0.2662,1.5,49.5,67.9,0.0
ACTAVIS PHARMA INC,DIRECT RX,COMMUNITY PHARMACY #3782 (NC),NC,1,False,T1_REROUTE_EXISTING,MIAMI-LUKEN INC,ACTAVIS PHARMA INC -> MIAMI-LUKEN INC -> COMMUNITY PHARMACY #3782 (NC),0.9815,1.0,0.0471,0.2753,1.5,24.7,34.1,0.0
QUALITEST PHARMACEUTICALS,VALUEDRUGCO,HOMETOWN PHARMACY #6892 (WY),WY,1,False,T1_REROUTE_EXISTING,DAKOTA DRUG INC,QUALITEST PHARMACEUTICALS -> DAKOTA DRUG INC -> HOMETOWN PHARMACY #6892 (WY),0.8719,0.1818,0.0033,0.0916,1.5,24.7,34.1,0.0
HIKMA PHARMACEUTICALS,GULF COAST MEDICAL SUPPLY,MEDICO PHARMACY #6092 (NY),NY,1,False,T1_REROUTE_EXISTING,MORRIS & DICKSON CO LLC,HIKMA PHARMACEUTICALS -> MORRIS & DICKSON CO LLC -> MEDICO PHARMACY #6092 (NY),0.872,0.1241,0.0073,0.0787,1.5,24.7,34.1,0.0
HIKMA PHARMACEUTICALS,SMITH DRUG COMPANY,HARRIS TEETER PHARMACY #8332 (SD),SD,1,False,T1_REROUTE_EXISTING,DAKOTA DRUG INC,HIKMA PHARMACEUTICALS -> DAKOTA DRUG INC -> HARRIS TEETER PHARMACY #8332 (SD),0.8719,0.1818,0.022,0.0991,1.5,24.7,34.1,0.0
AMNEAL PHARMACEUTICALS LLC,ANDA INC,SUNRISE PHARMACY #1845 (LA),LA,3,False,T1_REROUTE_EXISTING,MIAMI-LUKEN INC,AMNEAL PHARMACEUTICALS LLC -> MIAMI-LUKEN INC -> SUNRISE PHARMACY #1845 (LA),0.9815,1.0,0.0497,0.2764,1.5,74.3,102.0,0.0
ABBOTT LABORATORIES,NATIONAL WHOLESALE DRUG CO INC,HARRIS TEETER PHARMACY #6758 (NC),NC,2,False,T1_REROUTE_EXISTING,MIAMI-LUKEN INC,ABBOTT LABORATORIES -> MIAMI-LUKEN INC -> HARRIS TEETER PHARMACY #6758 (NC),0.9815,1.0,0.0471,0.2753,1.5,49.5,67.9,0.0
JANSSEN PHARMACEUTICALS INC,MCKESSON CORPORATION,HOMETOWN PHARMACY #6032 (SC),SC,2,False,T1_REROUTE_EXISTING,MIAMI-LUKEN INC,JANSSEN PHARMACEUTICALS INC -> MIAMI-LUKEN INC -> HOMETOWN PHARMACY #6032 (SC),0.9815,1.0,0.0031,0.2577,1.5,49.5,67.9,0.0
AMNEAL PHARMACEUTICALS LLC,BELLCO DRUG CORP,GOOD NEIGHBOR PHARMACY #6942 (ME),ME,1,False,T1_REROUTE_EXISTING,CARDINAL HEALTH INC,AMNEAL PHARMACEUTICALS LLC -> CARDINAL HEALTH INC -> GOOD NEIGHBOR PHARMACY #6942 (ME),0.8652,0.1959,0.0066,0.0988,1.5,24.7,34.1,0.0
WATSON LABORATORIES INC,SMITH DRUG COMPANY,COMMUNITY PHARMACY #9484 (NV),NV,2,False,T1_REROUTE_EXISTING,CARDINAL HEALTH INC,WATSON LABORATORIES INC -> CARDINAL HEALTH INC -> COMMUNITY PHARMACY #9484 (NV),0.8652,0.1959,0.0075,0.0991,1.5,49.5,67.9,0.0
AMNEAL PHARMACEUTICALS LLC,GULF COAST MEDICAL SUPPLY,SUNRISE PHARMACY #8999 (NC),NC,3,False,T1_REROUTE_EXISTING,MIAMI-LUKEN INC,AMNEAL PHARMACEUTICALS LLC -> MIAMI-LUKEN INC -> SUNRISE PHARMACY #8999 (NC),0.9815,1.0,0.0471,0.2753,1.5,74.3,102.0,0.0
MALLINCKRODT LLC,DIRECT RX,PUBLIX PHARMACY #2055 (NC),NC,3,False,T1_REROUTE_EXISTING,MIAMI-LUKEN INC,MALLINCKRODT LLC -> MIAMI-LUKEN INC -> PUBLIX PHARMACY #2055 (NC),0.9815,1.0,0.0471,0.2753,1.5,74.3,102.0,0.0
ENDO PHARMACEUTICALS INC,DIRECT RX,COMMUNITY PHARMACY #3782 (NC),NC,1,False,T1_REROUTE_EXISTING,MIAMI-LUKEN INC,ENDO PHARMACEUTICALS INC -> MIAMI-LUKEN INC -> COMMUNITY PHARMACY #3782 (NC),0.9815,1.0,0.0471,0.2753,1.5,24.7,34.1,0.0
ENDO PHARMACEUTICALS INC,NATIONAL WHOLESALE DRUG CO INC,RITE AID #5277 (TX),TX,1,False,T1_REROUTE_EXISTING,MCKESSON CORPORATION,ENDO PHARMACEUTICALS INC -> MCKESSON CORPORATION -> RITE AID #5277 (TX),0.8788,0.1815,0.0498,0.1077,1.5,24.7,34.1,0.0
JANSSEN PHARMACEUTICALS INC,ANDA INC,GOOD NEIGHBOR PHARMACY #8540 (OH),OH,3,False,T1_REROUTE_EXISTING,MIAMI-LUKEN INC,JANSSEN PHARMACEUTICALS INC -> MIAMI-LUKEN INC -> GOOD NEIGHBOR PHARMACY #8540 (OH),0.9815,1.0,0.0308,0.2688,1.5,74.3,102.0,0.0
SUN PHARMA GLOBAL INC,HENRY SCHEIN INC,RITE AID #6273 (NE),NE,2,False,T1_REROUTE_EXISTING,MIAMI-LUKEN INC,SUN PHARMA GLOBAL INC -> MIAMI-LUKEN INC -> RITE AID #6273 (NE),0.9815,1.0,0.004,0.2581,1.5,49.5,67.9,0.0
QUALITEST PHARMACEUTICALS,HENRY SCHEIN INC,RITE AID #6273 (NE),NE,1,False,T1_REROUTE_EXISTING,MIAMI-LUKEN INC,QUALITEST PHARMACEUTICALS -> MIAMI-LUKEN INC -> RITE AID #6273 (NE),0.9815,1.0,0.004,0.2581,1.5,24.7,34.1,0.0
MALLINCKRODT LLC,PRESCRIPTION SUPPLY INC,KROGER PHARMACY #3779 (SC),SC,2,False,T1_REROUTE_EXISTING,CARDINAL HEALTH INC,MALLINCKRODT LLC -> CARDINAL HEALTH INC -> KROGER PHARMACY #3779 (SC),0.8652,0.1959,0.0079,0.0993,1.5,49.5,67.9,0.0
HIKMA PHARMACEUTICALS,DAKOTA DRUG INC,MAIN STREET PHARMACY #1103 (AK),AK,1,False,T1_REROUTE_EXISTING,ANDA INC,HIKMA PHARMACEUTICALS -> ANDA INC -> MAIN STREET PHARMACY #1103 (AK),0.8679,0.1459,0.0145,0.0885,1.5,24.7,34.1,0.0
PAR PHARMACEUTICAL INC,MIAMI-LUKEN INC,PEOPLES PHARMACY #6526 (WA),WA,1,False,T1_REROUTE_EXISTING,DIRECT RX,PAR PHARMACEUTICAL INC -> DIRECT RX -> PEOPLES PHARMACY #6526 (WA),0.8585,0.1504,0.0048,0.089,1.5,24.7,34.1,0.0
CADISTA PHARMACEUTICALS INC,CARDINAL HEALTH INC,HEALTH MART PHARMACY #5593 (KY),KY,3,False,T1_REROUTE_EXISTING,MIAMI-LUKEN INC,CADISTA PHARMACEUTICALS INC -> MIAMI-LUKEN INC -> HEALTH MART PHARMACY #5593 (KY),0.9815,1.0,0.0243,0.2662,1.5,74.3,102.0,0.0
SANDOZ INC,VALUEDRUGCO,WALGREENS #9353 (NM),NM,1,False,T1_REROUTE_EXISTING,CARDINAL HEALTH INC,SANDOZ INC -> CARDINAL HEALTH INC -> WALGREENS #9353 (NM),0.8652,0.1959,0.0344,0.1099,1.5,24.7,34.1,0.0
MALLINCKRODT LLC,PRESCRIPTION SUPPLY INC,SUNRISE PHARMACY #8999 (NC),NC,3,False,T1_REROUTE_EXISTING,MIAMI-LUKEN INC,MALLINCKRODT LLC -> MIAMI-LUKEN INC -> SUNRISE PHARMACY #8999 (NC),0.9815,1.0,0.0471,0.2753,1.5,74.3,102.0,0.0
IMPAX LABORATORIES INC,MORRIS & DICKSON CO LLC,MAIN STREET PHARMACY #4501 (WV),WV,2,False,T1_REROUTE_EXISTING,MIAMI-LUKEN INC,IMPAX LABORATORIES INC -> MIAMI-LUKEN INC -> MAIN STREET PHARMACY #4501 (WV),0.9815,1.0,0.5743,0.4862,1.5,49.5,67.9,0.0
RHODES TECHNOLOGIES,HD SMITH WHOLESALE DRUG CO,HARRIS TEETER PHARMACY #7261 (KY),KY,2,False,T1_REROUTE_EXISTING,MIAMI-LUKEN INC,RHODES TECHNOLOGIES -> MIAMI-LUKEN INC -> HARRIS TEETER PHARMACY #7261 (KY),0.9815,1.0,0.0243,0.2662,1.5,49.5,67.9,0.0
SUN PHARMA GLOBAL INC,KINRAY LLC,PEOPLES PHARMACY #2912 (WV),WV,2,False,T1_REROUTE_EXISTING,MIAMI-LUKEN INC,SUN PHARMA GLOBAL INC -> MIAMI-LUKEN INC -> PEOPLES PHARMACY #2912 (WV),0.9815,1.0,0.5743,0.4862,1.5,49.5,67.9,0.0
ENDO PHARMACEUTICALS INC,BELLCO DRUG CORP,GOOD NEIGHBOR PHARMACY #6942 (ME),ME,1,False,T1_REROUTE_EXISTING,CARDINAL HEALTH INC,ENDO PHARMACEUTICALS INC -> CARDINAL HEALTH INC -> GOOD NEIGHBOR PHARMACY #6942 (ME),0.8652,0.1959,0.0066,0.0988,1.5,24.7,34.1,0.0
VINTAGE PHARMACEUTICALS LLC,ANDA INC,SUNRISE PHARMACY #5636 (TX),TX,1,False,T1_REROUTE_EXISTING,DAKOTA DRUG INC,VINTAGE PHARMACEUTICALS LLC -> DAKOTA DRUG INC -> SUNRISE PHARMACY #5636 (TX),0.8719,0.1818,0.0064,0.0929,1.5,24.7,34.1,0.0
HIKMA PHARMACEUTICALS,SMITH DRUG COMPANY,CORNER DRUG STORE #3499 (SD),SD,2,False,T1_REROUTE_EXISTING,DIRECT RX,HIKMA PHARMACEUTICALS -> DIRECT RX -> CORNER DRUG STORE #3499 (SD),0.8585,0.1504,0.0234,0.0965,1.5,49.5,67.9,0.0
HIKMA PHARMACEUTICALS,KEYSOURCE MEDICAL INC,KROGER PHARMACY #7026 (MS),MS,2,False,T1_REROUTE_EXISTING,MIAMI-LUKEN INC,HIKMA PHARMACEUTICALS -> MIAMI-LUKEN INC -> KROGER PHARMACY #7026 (MS),0.9815,1.0,0.003,0.2577,1.5,49.5,67.9,0.0
ACTAVIS PHARMA INC,MCKESSON CORPORATION,GOOD NEIGHBOR PHARMACY #2219 (NM),NM,2,True,T1_REROUTE_EXISTING,DIRECT RX,ACTAVIS PHARMA INC -> DIRECT RX -> GOOD NEIGHBOR PHARMACY #2219 (NM),0.8585,0.1504,0.0044,0.0889,1.5,49.5,67.9,18.3
JANSSEN PHARMACEUTICALS INC,AMERISOURCEBERGEN DRUG CORP,WALMART PHARMACY #6240 (NC),NC,2,False,T1_REROUTE_EXISTING,MIAMI-LUKEN INC,JANSSEN PHARMACEUTICALS INC -> MIAMI-LUKEN INC -> WALMART PHARMACY #6240 (NC),0.9815,1.0,0.0471,0.2753,1.5,49.5,67.9,0.0
JANSSEN PHARMACEUTICALS INC,HENRY SCHEIN INC,PUBLIX PHARMACY #2397 (LA),LA,1,False,T1_REROUTE_EXISTING,MIAMI-LUKEN INC,JANSSEN PHARMACEUTICALS INC -> MIAMI-LUKEN INC -> PUBLIX PHARMACY #2397 (LA),0.9815,1.0,0.0497,0.2764,1.5,24.7,34.1,0.0
ENDO PHARMACEUTICALS INC,MIAMI-LUKEN INC,HARRIS TEETER PHARMACY #3473 (WV),WV,2,False,T1_REROUTE_EXISTING,CARDINAL HEALTH INC,ENDO PHARMACEUTICALS INC -> CARDINAL HEALTH INC -> HARRIS TEETER PHARMACY #3473 (WV),0.8652,0.1959,0.0846,0.13,1.5,49.5,67.9,0.0
PURDUE PHARMA LP,GULF COAST MEDICAL SUPPLY,MAIN STREET PHARMACY #6958 (DE),DE,1,False,T1_REROUTE_EXISTING,MIAMI-LUKEN INC,PURDUE PHARMA LP -> MIAMI-LUKEN INC -> MAIN STREET PHARMACY #6958 (DE),0.9815,1.0,0.0066,0.2591,1.5,24.7,34.1,0.0
ABBOTT LABORATORIES,AMERISOURCEBERGEN DRUG CORP,HARRIS TEETER PHARMACY #6758 (NC),NC,2,False,T1_REROUTE_EXISTING,MIAMI-LUKEN INC,ABBOTT LABORATORIES -> MIAMI-LUKEN INC -> HARRIS TEETER PHARMACY #6758 (NC),0.9815,1.0,0.0471,0.2753,1.5,49.5,67.9,0.0
SANDOZ INC,MORRIS & DICKSON CO LLC,MAIN STREET PHARMACY #2094 (KY),KY,1,False,T1_REROUTE_EXISTING,MIAMI-LUKEN INC,SANDOZ INC -> MIAMI-LUKEN INC -> MAIN STREET PHARMACY #2094 (KY),0.9815,1.0,0.0243,0.2662,1.5,24.7,34.1,0.0
TEVA PHARMACEUTICALS USA INC,KINRAY LLC,PEOPLES PHARMACY #2660 (NC),NC,3,False,T1_REROUTE_EXISTING,MIAMI-LUKEN INC,TEVA PHARMACEUTICALS USA INC -> MIAMI-LUKEN INC -> PEOPLES PHARMACY #2660 (NC),0.9815,1.0,0.0471,0.2753,1.5,74.3,102.0,0.0
RHODES TECHNOLOGIES,AMERISOURCEBERGEN DRUG CORP,PEOPLES PHARMACY #2188 (IA),IA,1,False,T1_REROUTE_EXISTING,DAKOTA DRUG INC,RHODES TECHNOLOGIES -> DAKOTA DRUG INC -> PEOPLES PHARMACY #2188 (IA),0.8719,0.1818,0.0117,0.0949,1.5,24.7,34.1,0.0
PURDUE PHARMA LP,PRESCRIPTION SUPPLY INC,KROGER PHARMACY #3779 (SC),SC,1,False,T1_REROUTE_EXISTING,CARDINAL HEALTH INC,PURDUE PHARMA LP -> CARDINAL HEALTH INC -> KROGER PHARMACY #3779 (SC),0.8652,0.1959,0.0079,0.0993,1.5,24.7,34.1,0.0
QUALITEST PHARMACEUTICALS,MORRIS & DICKSON CO LLC,MAIN STREET PHARMACY #2094 (KY),KY,1,False,T1_REROUTE_EXISTING,MIAMI-LUKEN INC,QUALITEST PHARMACEUTICALS -> MIAMI-LUKEN INC -> MAIN STREET PHARMACY #2094 (KY),0.9815,1.0,0.0243,0.2662,1.5,24.7,34.1,0.0
MALLINCKRODT LLC,PRESCRIPTION SUPPLY INC,HARRIS TEETER PHARMACY #2619 (RI),RI,2,False,T1_REROUTE_EXISTING,MCKESSON CORPORATION,MALLINCKRODT LLC -> MCKESSON CORPORATION -> HARRIS TEETER PHARMACY #2619 (RI),0.8788,0.1815,0.0283,0.0991,1.5,49.5,67.9,0.0
VINTAGE PHARMACEUTICALS LLC,VALUEDRUGCO,CORNER DRUG STORE #9454 (NM),NM,2,False,T1_REROUTE_EXISTING,MCKESSON CORPORATION,VINTAGE PHARMACEUTICALS LLC -> MCKESSON CORPORATION -> CORNER DRUG STORE #9454 (NM),0.8788,0.1815,0.0302,0.0999,1.5,49.5,67.9,0.0
ACTAVIS PHARMA INC,MIAMI-LUKEN INC,WALMART PHARMACY #6240 (NC),NC,1,False,T1_REROUTE_EXISTING,DIRECT RX,ACTAVIS PHARMA INC -> DIRECT RX -> WALMART PHARMACY #6240 (NC),0.8585,0.1504,0.1003,0.1273,1.5,24.7,34.1,0.0
TEVA PHARMACEUTICALS USA INC,MIAMI-LUKEN INC,PEOPLES PHARMACY #4186 (SD),SD,1,False,T1_REROUTE_EXISTING,ANDA INC,TEVA PHARMACEUTICALS USA INC -> ANDA INC -> PEOPLES PHARMACY #4186 (SD),0.8679,0.1459,0.0102,0.0868,1.5,24.7,34.1,0.0
ABBOTT LABORATORIES,DAKOTA DRUG INC,PUBLIX PHARMACY #4758 (VT),VT,2,False,T1_REROUTE_EXISTING,DIRECT RX,ABBOTT LABORATORIES -> DIRECT RX -> PUBLIX PHARMACY #4758 (VT),0.8585,0.1504,0.0037,0.0886,1.5,49.5,67.9,0.0
SUN PHARMA GLOBAL INC,MCKESSON CORPORATION,HEALTH MART PHARMACY #5593 (KY),KY,3,False,T1_REROUTE_EXISTING,MIAMI-LUKEN INC,SUN PHARMA GLOBAL INC -> MIAMI-LUKEN INC -> HEALTH MART PHARMACY #5593 (KY),0.9815,1.0,0.0243,0.2662,1.5,74.3,102.0,0.0
ACTAVIS PHARMA INC,ANDA INC,PEOPLES PHARMACY #6007 (WV),WV,3,False,T1_REROUTE_EXISTING,MIAMI-LUKEN INC,ACTAVIS PHARMA INC -> MIAMI-LUKEN INC -> PEOPLES PHARMACY #6007 (WV),0.9815,1.0,0.5743,0.4862,1.5,74.3,102.0,0.0
ABBOTT LABORATORIES,PRESCRIPTION SUPPLY INC,CORNER DRUG STORE #2881 (AL),AL,2,False,T1_REROUTE_EXISTING,MIAMI-LUKEN INC,ABBOTT LABORATORIES -> MIAMI-LUKEN INC -> CORNER DRUG STORE #2881 (AL),0.9815,1.0,0.0012,0.2569,1.5,49.5,67.9,0.0
VINTAGE PHARMACEUTICALS LLC,AMERISOURCEBERGEN DRUG CORP,MEDICO PHARMACY #2099 (NJ),NJ,2,False,T1_REROUTE_EXISTING,DAKOTA DRUG INC,VINTAGE PHARMACEUTICALS LLC -> DAKOTA DRUG INC -> MEDICO PHARMACY #2099 (NJ),0.8719,0.1818,0.0161,0.0967,1.5,49.5,67.9,0.0
AMNEAL PHARMACEUTICALS LLC,BURLINGTON DRUG COMPANY INC,KROGER PHARMACY #1887 (KY),KY,2,False,T1_REROUTE_EXISTING,MIAMI-LUKEN INC,AMNEAL PHARMACEUTICALS LLC -> MIAMI-LUKEN INC -> KROGER PHARMACY #1887 (KY),0.9815,1.0,0.0243,0.2662,1.5,49.5,67.9,0.0
RHODES TECHNOLOGIES,MORRIS & DICKSON CO LLC,KROGER PHARMACY #1627 (WY),WY,3,False,T1_REROUTE_EXISTING,DIRECT RX,RHODES TECHNOLOGIES -> DIRECT RX -> KROGER PHARMACY #1627 (WY),0.8585,0.1504,0.014,0.0927,1.5,74.3,102.0,0.0
VINTAGE PHARMACEUTICALS LLC,MCKESSON CORPORATION,CORNER DRUG STORE #1891 (MT),MT,1,False,T1_REROUTE_EXISTING,CARDINAL HEALTH INC,VINTAGE PHARMACEUTICALS LLC -> CARDINAL HEALTH INC -> CORNER DRUG STORE #1891 (MT),0.8652,0.1959,0.0233,0.1055,1.5,24.7,34.1,0.0
SUN PHARMA GLOBAL INC,DAKOTA DRUG INC,MAIN STREET PHARMACY #1103 (AK),AK,2,False,T1_REROUTE_EXISTING,ANDA INC,SUN PHARMA GLOBAL INC -> ANDA INC -> MAIN STREET PHARMACY #1103 (AK),0.8679,0.1459,0.0145,0.0885,1.5,49.5,67.9,0.0
WATSON LABORATORIES INC,MCKESSON CORPORATION,MEDICO PHARMACY #6767 (NC),NC,2,False,T1_REROUTE_EXISTING,MIAMI-LUKEN INC,WATSON LABORATORIES INC -> MIAMI-LUKEN INC -> MEDICO PHARMACY #6767 (NC),0.9815,1.0,0.0471,0.2753,1.5,49.5,67.9,0.0
MYLAN PHARMACEUTICALS INC,KINRAY LLC,PEOPLES PHARMACY #6007 (WV),WV,3,False,T1_REROUTE_EXISTING,MIAMI-LUKEN INC,MYLAN PHARMACEUTICALS INC -> MIAMI-LUKEN INC -> PEOPLES PHARMACY #6007 (WV),0.9815,1.0,0.5743,0.4862,1.5,74.3,102.0,0.0
RHODES TECHNOLOGIES,NATIONAL WHOLESALE DRUG CO INC,HOMETOWN PHARMACY #8152 (WV),WV,3,False,T1_REROUTE_EXISTING,MIAMI-LUKEN INC,RHODES TECHNOLOGIES -> MIAMI-LUKEN INC -> HOMETOWN PHARMACY #8152 (WV),0.9815,1.0,0.5743,0.4862,1.5,74.3,102.0,0.0
JANSSEN PHARMACEUTICALS INC,HENRY SCHEIN INC,WALMART PHARMACY #6240 (NC),NC,3,False,T1_REROUTE_EXISTING,MIAMI-LUKEN INC,JANSSEN PHARMACEUTICALS INC -> MIAMI-LUKEN INC -> WALMART PHARMACY #6240 (NC),0.9815,1.0,0.0471,0.2753,1.5,74.3,102.0,0.0
PURDUE PHARMA LP,MORRIS & DICKSON CO LLC,HOMETOWN PHARMACY #3804 (KY),KY,2,False,T1_REROUTE_EXISTING,MIAMI-LUKEN INC,PURDUE PHARMA LP -> MIAMI-LUKEN INC -> HOMETOWN PHARMACY #3804 (KY),0.9815,1.0,0.0243,0.2662,1.5,49.5,67.9,0.0
SUN PHARMA GLOBAL INC,BURLINGTON DRUG COMPANY INC,PEOPLES PHARMACY #2912 (WV),WV,3,False,T1_REROUTE_EXISTING,MIAMI-LUKEN INC,SUN PHARMA GLOBAL INC -> MIAMI-LUKEN INC -> PEOPLES PHARMACY #2912 (WV),0.9815,1.0,0.5743,0.4862,1.5,74.3,102.0,0.0
SUN PHARMA GLOBAL INC,GULF COAST MEDICAL SUPPLY,HARRIS TEETER PHARMACY #6352 (IA),IA,2,False,T1_REROUTE_EXISTING,AMERISOURCEBERGEN DRUG CORP,SUN PHARMA GLOBAL INC -> AMERISOURCEBERGEN DRUG CORP -> HARRIS TEETER PHARMACY #6352 (IA),0.8802,0.1309,0.0137,0.0801,1.5,49.5,67.9,0.0
ACTAVIS PHARMA INC,MIAMI-LUKEN INC,WALMART PHARMACY #6240 (NC),NC,1,False,T1_REROUTE_EXISTING,DIRECT RX,ACTAVIS PHARMA INC -> DIRECT RX -> WALMART PHARMACY #6240 (NC),0.8585,0.1504,0.1003,0.1273,1.5,24.7,34.1,0.0
VINTAGE PHARMACEUTICALS LLC,BELLCO DRUG CORP,PUBLIX PHARMACY #5099 (NY),NY,2,False,T1_REROUTE_EXISTING,DAKOTA DRUG INC,VINTAGE PHARMACEUTICALS LLC -> DAKOTA DRUG INC -> PUBLIX PHARMACY #5099 (NY),0.8719,0.1818,0.0152,0.0963,1.5,49.5,67.9,0.0
PAR PHARMACEUTICAL INC,HENRY SCHEIN INC,PUBLIX PHARMACY #2397 (LA),LA,1,False,T1_REROUTE_EXISTING,MIAMI-LUKEN INC,PAR PHARMACEUTICAL INC -> MIAMI-LUKEN INC -> PUBLIX PHARMACY #2397 (LA),0.9815,1.0,0.0497,0.2764,1.5,24.7,34.1,0.0
AMNEAL PHARMACEUTICALS LLC,CARDINAL HEALTH INC,QUALITY CARE PHARMACY #7081 (NJ),NJ,1,False,T1_REROUTE_EXISTING,DAKOTA DRUG INC,AMNEAL PHARMACEUTICALS LLC -> DAKOTA DRUG INC -> QUALITY CARE PHARMACY #7081 (NJ),0.8719,0.1818,0.0161,0.0967,1.5,24.7,34.1,0.0
ABBOTT LABORATORIES,GULF COAST MEDICAL SUPPLY,HARRIS TEETER PHARMACY #6758 (NC),NC,3,False,T1_REROUTE_EXISTING,MIAMI-LUKEN INC,ABBOTT LABORATORIES -> MIAMI-LUKEN INC -> HARRIS TEETER PHARMACY #6758 (NC),0.9815,1.0,0.0471,0.2753,1.5,74.3,102.0,0.0
TEVA PHARMACEUTICALS USA INC,PRESCRIPTION SUPPLY INC,COMMUNITY PHARMACY #4270 (AR),AR,2,False,T1_REROUTE_EXISTING,CARDINAL HEALTH INC,TEVA PHARMACEUTICALS USA INC -> CARDINAL HEALTH INC -> COMMUNITY PHARMACY #4270 (AR),0.8652,0.1959,0.0034,0.0975,1.5,49.5,67.9,0.0
PAR PHARMACEUTICAL INC,SMITH DRUG COMPANY,SUNRISE PHARMACY #9718 (HI),HI,1,False,T1_REROUTE_EXISTING,CARDINAL HEALTH INC,PAR PHARMACEUTICAL INC -> CARDINAL HEALTH INC -> SUNRISE PHARMACY #9718 (HI),0.8652,0.1959,0.0117,0.1008,1.5,24.7,34.1,0.0
MYLAN PHARMACEUTICALS INC,PENN PHARMACEUTICAL SERVICES INC,CORNER DRUG STORE #9561 (PA),PA,2,False,T1_REROUTE_EXISTING,MCKESSON CORPORATION,MYLAN PHARMACEUTICALS INC -> MCKESSON CORPORATION -> CORNER DRUG STORE #9561 (PA),0.8788,0.1815,0.0763,0.1183,1.5,49.5,67.9,0.0
VINTAGE PHARMACEUTICALS LLC,SMITH DRUG COMPANY,CORNER DRUG STORE #3499 (SD),SD,2,False,T1_REROUTE_EXISTING,DIRECT RX,VINTAGE PHARMACEUTICALS LLC -> DIRECT RX -> CORNER DRUG STORE #3499 (SD),0.8585,0.1504,0.0234,0.0965,1.5,49.5,67.9,0.0
LANNETT COMPANY INC,PRESCRIPTION SUPPLY INC,QUALITY CARE PHARMACY #8594 (CO),CO,3,False,T1_REROUTE_EXISTING,MIAMI-LUKEN INC,LANNETT COMPANY INC -> MIAMI-LUKEN INC -> QUALITY CARE PHARMACY #8594 (CO),0.9815,1.0,0.001,0.2569,1.5,74.3,102.0,0.0
TEVA PHARMACEUTICALS USA INC,MCKESSON CORPORATION,WINN-DIXIE PHARMACY #3033 (TX),TX,2,False,T1_REROUTE_EXISTING,MIAMI-LUKEN INC,TEVA PHARMACEUTICALS USA INC -> MIAMI-LUKEN INC -> WINN-DIXIE PHARMACY #3033 (TX),0.9815,1.0,0.0019,0.2572,1.5,49.5,67.9,0.0
AMNEAL PHARMACEUTICALS LLC,PENN PHARMACEUTICAL SERVICES INC,PUBLIX PHARMACY #2770 (TX),TX,2,False,T1_REROUTE_EXISTING,MIAMI-LUKEN INC,AMNEAL PHARMACEUTICALS LLC -> MIAMI-LUKEN INC -> PUBLIX PHARMACY #2770 (TX),0.9815,1.0,0.0019,0.2572,1.5,49.5,67.9,0.0
JANSSEN PHARMACEUTICALS INC,HENRY SCHEIN INC,MEDICO PHARMACY #6767 (NC),NC,3,False,T1_REROUTE_EXISTING,MIAMI-LUKEN INC,JANSSEN PHARMACEUTICALS INC -> MIAMI-LUKEN INC -> MEDICO PHARMACY #6767 (NC),0.9815,1.0,0.0471,0.2753,1.5,74.3,102.0,0.0
MYLAN PHARMACEUTICALS INC,ANDA INC,CVS PHARMACY #6466 (KY),KY,3,False,T1_REROUTE_EXISTING,MIAMI-LUKEN INC,MYLAN PHARMACEUTICALS INC -> MIAMI-LUKEN INC -> CVS PHARMACY #6466 (KY),0.9815,1.0,0.0243,0.2662,1.5,74.3,102.0,0.0
LANNETT COMPANY INC,BELLCO DRUG CORP,FAMILY CARE PHARMACY #7468 (NE),NE,1,False,T1_REROUTE_EXISTING,CARDINAL HEALTH INC,LANNETT COMPANY INC -> CARDINAL HEALTH INC -> FAMILY CARE PHARMACY #7468 (NE),0.8652,0.1959,0.024,0.1057,1.5,24.7,34.1,0.0
SANDOZ INC,AMERISOURCEBERGEN DRUG CORP,WINN-DIXIE PHARMACY #2264 (WI),WI,2,False,T1_REROUTE_EXISTING,MIAMI-LUKEN INC,SANDOZ INC -> MIAMI-LUKEN INC -> WINN-DIXIE PHARMACY #2264 (WI),0.9815,1.0,0.0014,0.257,1.5,49.5,67.9,0.0
TEVA PHARMACEUTICALS USA INC,KEYSOURCE MEDICAL INC,GOOD NEIGHBOR PHARMACY #6129 (NC),NC,3,False,T1_REROUTE_EXISTING,MIAMI-LUKEN INC,TEVA PHARMACEUTICALS USA INC -> MIAMI-LUKEN INC -> GOOD NEIGHBOR PHARMACY #6129 (NC),0.9815,1.0,0.0471,0.2753,1.5,74.3,102.0,0.0
ENDO PHARMACEUTICALS INC,DAKOTA DRUG INC,WALGREENS #7469 (WV),WV,2,False,T1_REROUTE_EXISTING,MIAMI-LUKEN INC,ENDO PHARMACEUTICALS INC -> MIAMI-LUKEN INC -> WALGREENS #7469 (WV),0.9815,1.0,0.5743,0.4862,1.5,49.5,67.9,0.0
ENDO PHARMACEUTICALS INC,MCKESSON CORPORATION,HOMETOWN PHARMACY #2172 (WV),WV,2,False,T1_REROUTE_EXISTING,MIAMI-LUKEN INC,ENDO PHARMACEUTICALS INC -> MIAMI-LUKEN INC -> HOMETOWN PHARMACY #2172 (WV),0.9815,1.0,0.5743,0.4862,1.5,49.5,67.9,0.0
JANSSEN PHARMACEUTICALS INC,NATIONAL WHOLESALE DRUG CO INC,WALMART PHARMACY #6240 (NC),NC,2,False,T1_REROUTE_EXISTING,MIAMI-LUKEN INC,JANSSEN PHARMACEUTICALS INC -> MIAMI-LUKEN INC -> WALMART PHARMACY #6240 (NC),0.9815,1.0,0.0471,0.2753,1.5,49.5,67.9,0.0
JANSSEN PHARMACEUTICALS INC,VALUEDRUGCO,WALGREENS #1562 (NH),NH,2,False,T1_REROUTE_EXISTING,MIAMI-LUKEN INC,JANSSEN PHARMACEUTICALS INC -> MIAMI-LUKEN INC -> WALGREENS #1562 (NH),0.9815,1.0,0.0032,0.2577,1.5,49.5,67.9,0.0
ABBOTT LABORATORIES,NATIONAL WHOLESALE DRUG CO INC,CORNER DRUG STORE #6747 (ID),ID,2,False,T1_REROUTE_EXISTING,MIAMI-LUKEN INC,ABBOTT LABORATORIES -> MIAMI-LUKEN INC -> CORNER DRUG STORE #6747 (ID),0.9815,1.0,0.0065,0.2591,1.5,49.5,67.9,0.0
MYLAN PHARMACEUTICALS INC,DIRECT RX,HOMETOWN PHARMACY #6387 (NC),NC,2,False,T1_REROUTE_EXISTING,MIAMI-LUKEN INC,MYLAN PHARMACEUTICALS INC -> MIAMI-LUKEN INC -> HOMETOWN PHARMACY #6387 (NC),0.9815,1.0,0.0471,0.2753,1.5,49.5,67.9,0.0
AMNEAL PHARMACEUTICALS LLC,DAKOTA DRUG INC,GOOD NEIGHBOR PHARMACY #9827 (AZ),AZ,1,False,T1_REROUTE_EXISTING,MIAMI-LUKEN INC,AMNEAL PHARMACEUTICALS LLC -> MIAMI-LUKEN INC -> GOOD NEIGHBOR PHARMACY #9827 (AZ),0.9815,1.0,0.0078,0.2596,1.5,24.7,34.1,0.0
PURDUE PHARMA LP,MCKESSON CORPORATION,COMMUNITY PHARMACY #3160 (TX),TX,1,False,T1_REROUTE_EXISTING,KINRAY LLC,PURDUE PHARMA LP -> KINRAY LLC -> COMMUNITY PHARMACY #3160 (TX),0.8683,0.1632,0.0351,0.1009,1.5,24.7,34.1,0.0
SANDOZ INC,HENRY SCHEIN INC,FAMILY CARE PHARMACY #3405 (WA),WA,1,False,T1_REROUTE_EXISTING,DIRECT RX,SANDOZ INC -> DIRECT RX -> FAMILY CARE PHARMACY #3405 (WA),0.8585,0.1504,0.0048,0.089,1.5,24.7,34.1,0.0
ENDO PHARMACEUTICALS INC,DAKOTA DRUG INC,WALMART PHARMACY #2320 (VA),VA,1,False,T1_REROUTE_EXISTING,MIAMI-LUKEN INC,ENDO PHARMACEUTICALS INC -> MIAMI-LUKEN INC -> WALMART PHARMACY #2320 (VA),0.9815,1.0,0.0162,0.2629,1.5,24.7,34.1,0.0
ENDO PHARMACEUTICALS INC,CARDINAL HEALTH INC,HARRIS TEETER PHARMACY #3473 (WV),WV,3,False,T1_REROUTE_EXISTING,MIAMI-LUKEN INC,ENDO PHARMACEUTICALS INC -> MIAMI-LUKEN INC -> HARRIS TEETER PHARMACY #3473 (WV),0.9815,1.0,0.5743,0.4862,1.5,74.3,102.0,0.0
ENDO PHARMACEUTICALS INC,PENN PHARMACEUTICAL SERVICES INC,HEALTH MART PHARMACY #8816 (AR),AR,2,False,T1_REROUTE_EXISTING,KINRAY LLC,ENDO PHARMACEUTICALS INC -> KINRAY LLC -> HEALTH MART PHARMACY #8816 (AR),0.8683,0.1632,0.0129,0.0921,1.5,49.5,67.9,0.0
LANNETT COMPANY INC,KINRAY LLC,GOOD NEIGHBOR PHARMACY #6452 (TX),TX,1,False,T1_REROUTE_EXISTING,ANDA INC,LANNETT COMPANY INC -> ANDA INC -> GOOD NEIGHBOR PHARMACY #6452 (TX),0.8679,0.1459,0.0086,0.0862,1.5,24.7,34.1,0.0
RHODES TECHNOLOGIES,CARDINAL HEALTH INC,HOMETOWN PHARMACY #8152 (WV),WV,2,False,T1_REROUTE_EXISTING,MIAMI-LUKEN INC,RHODES TECHNOLOGIES -> MIAMI-LUKEN INC -> HOMETOWN PHARMACY #8152 (WV),0.9815,1.0,0.5743,0.4862,1.5,49.5,67.9,0.0
QUALITEST PHARMACEUTICALS,GULF COAST MEDICAL SUPPLY,FAMILY CARE PHARMACY #8450 (CO),CO,2,False,T1_REROUTE_EXISTING,CARDINAL HEALTH INC,QUALITEST PHARMACEUTICALS -> CARDINAL HEALTH INC -> FAMILY CARE PHARMACY #8450 (CO),0.8652,0.1959,0.0207,0.1044,1.5,49.5,67.9,0.0
TEVA PHARMACEUTICALS USA INC,AMERISOURCEBERGEN DRUG CORP,PEOPLES PHARMACY #2660 (NC),NC,2,False,T1_REROUTE_EXISTING,MIAMI-LUKEN INC,TEVA PHARMACEUTICALS USA INC -> MIAMI-LUKEN INC -> PEOPLES PHARMACY #2660 (NC),0.9815,1.0,0.0471,0.2753,1.5,49.5,67.9,0.0
RHODES TECHNOLOGIES,VALUEDRUGCO,WALGREENS #4408 (TN),TN,1,False,T1_REROUTE_EXISTING,MIAMI-LUKEN INC,RHODES TECHNOLOGIES -> MIAMI-LUKEN INC -> WALGREENS #4408 (TN),0.9815,1.0,0.0288,0.268,1.5,24.7,34.1,0.0
SANDOZ INC,PRESCRIPTION SUPPLY INC,WINN-DIXIE PHARMACY #9226 (CT),CT,1,False,T1_REROUTE_EXISTING,CARDINAL HEALTH INC,SANDOZ INC -> CARDINAL HEALTH INC -> WINN-DIXIE PHARMACY #9226 (CT),0.8652,0.1959,0.0133,0.1015,1.5,24.7,34.1,0.0
VINTAGE PHARMACEUTICALS LLC,DIRECT RX,PUBLIX PHARMACY #6736 (TN),TN,1,False,T1_REROUTE_EXISTING,MIAMI-LUKEN INC,VINTAGE PHARMACEUTICALS LLC -> MIAMI-LUKEN INC -> PUBLIX PHARMACY #6736 (TN),0.9815,1.0,0.0288,0.268,1.5,24.7,34.1,0.0
RHODES TECHNOLOGIES,DIRECT RX,COMMUNITY PHARMACY #9371 (TX),TX,2,False,T1_REROUTE_EXISTING,KINRAY LLC,RHODES TECHNOLOGIES -> KINRAY LLC -> COMMUNITY PHARMACY #9371 (TX),0.8683,0.1632,0.0351,0.1009,1.5,49.5,67.9,0.0
PAR PHARMACEUTICAL INC,DAKOTA DRUG INC,FAMILY CARE PHARMACY #6977 (NC),NC,3,False,T1_REROUTE_EXISTING,MIAMI-LUKEN INC,PAR PHARMACEUTICAL INC -> MIAMI-LUKEN INC -> FAMILY CARE PHARMACY #6977 (NC),0.9815,1.0,0.0471,0.2753,1.5,74.3,102.0,0.0
ENDO PHARMACEUTICALS INC,BURLINGTON DRUG COMPANY INC,HARRIS TEETER PHARMACY #3473 (WV),WV,3,False,T1_REROUTE_EXISTING,MIAMI-LUKEN INC,ENDO PHARMACEUTICALS INC -> MIAMI-LUKEN INC -> HARRIS TEETER PHARMACY #3473 (WV),0.9815,1.0,0.5743,0.4862,1.5,74.3,102.0,0.0
WATSON LABORATORIES INC,GULF COAST MEDICAL SUPPLY,COMMUNITY PHARMACY #3567 (CT),CT,1,False,T1_REROUTE_EXISTING,DAKOTA DRUG INC,WATSON LABORATORIES INC -> DAKOTA DRUG INC -> COMMUNITY PHARMACY #3567 (CT),0.8719,0.1818,0.0105,0.0945,1.5,24.7,34.1,0.0
MALLINCKRODT LLC,ANDA INC,HARRIS TEETER PHARMACY #3473 (WV),WV,2,False,T1_REROUTE_EXISTING,MIAMI-LUKEN INC,MALLINCKRODT LLC -> MIAMI-LUKEN INC -> HARRIS TEETER PHARMACY #3473 (WV),0.9815,1.0,0.5743,0.4862,1.5,49.5,67.9,0.0
ACTAVIS PHARMA INC,HENRY SCHEIN INC,COMMUNITY PHARMACY #8157 (GA),GA,3,False,T1_REROUTE_EXISTING,CARDINAL HEALTH INC,ACTAVIS PHARMA INC -> CARDINAL HEALTH INC -> COMMUNITY PHARMACY #8157 (GA),0.8652,0.1959,0.0031,0.0974,1.5,74.3,102.0,0.0
JANSSEN PHARMACEUTICALS INC,PENN PHARMACEUTICAL SERVICES INC,VILLAGE PHARMACY #9397 (NC),NC,2,False,T1_REROUTE_EXISTING,MIAMI-LUKEN INC,JANSSEN PHARMACEUTICALS INC -> MIAMI-LUKEN INC -> VILLAGE PHARMACY #9397 (NC),0.9815,1.0,0.0471,0.2753,1.5,49.5,67.9,0.0
SUN PHARMA GLOBAL INC,GULF COAST MEDICAL SUPPLY,PEOPLES PHARMACY #2912 (WV),WV,2,False,T1_REROUTE_EXISTING,MIAMI-LUKEN INC,SUN PHARMA GLOBAL INC -> MIAMI-LUKEN INC -> PEOPLES PHARMACY #2912 (WV),0.9815,1.0,0.5743,0.4862,1.5,49.5,67.9,0.0
JANSSEN PHARMACEUTICALS INC,SMITH DRUG COMPANY,QUALITY CARE PHARMACY #8199 (WV),WV,2,False,T1_REROUTE_EXISTING,MIAMI-LUKEN INC,JANSSEN PHARMACEUTICALS INC -> MIAMI-LUKEN INC -> QUALITY CARE PHARMACY #8199 (WV),0.9815,1.0,0.5743,0.4862,1.5,49.5,67.9,0.0
SANDOZ INC,MORRIS & DICKSON CO LLC,MAIN STREET PHARMACY #2094 (KY),KY,1,False,T1_REROUTE_EXISTING,MIAMI-LUKEN INC,SANDOZ INC -> MIAMI-LUKEN INC -> MAIN STREET PHARMACY #2094 (KY),0.9815,1.0,0.0243,0.2662,1.5,24.7,34.1,0.0
MYLAN PHARMACEUTICALS INC,MCKESSON CORPORATION,HEALTH MART PHARMACY #9034 (AR),AR,2,False,T1_REROUTE_EXISTING,MIAMI-LUKEN INC,MYLAN PHARMACEUTICALS INC -> MIAMI-LUKEN INC -> HEALTH MART PHARMACY #9034 (AR),0.9815,1.0,0.0064,0.259,1.5,49.5,67.9,0.0
AMNEAL PHARMACEUTICALS LLC,NATIONAL WHOLESALE DRUG CO INC,QUALITY CARE PHARMACY #3860 (VA),VA,2,False,T1_REROUTE_EXISTING,MIAMI-LUKEN INC,AMNEAL PHARMACEUTICALS LLC -> MIAMI-LUKEN INC -> QUALITY CARE PHARMACY #3860 (VA),0.9815,1.0,0.0162,0.2629,1.5,49.5,67.9,0.0
RHODES TECHNOLOGIES,HENRY SCHEIN INC,HOMETOWN PHARMACY #8152 (WV),WV,2,False,T1_REROUTE_EXISTING,MIAMI-LUKEN INC,RHODES TECHNOLOGIES -> MIAMI-LUKEN INC -> HOMETOWN PHARMACY #8152 (WV),0.9815,1.0,0.5743,0.4862,1.5,49.5,67.9,0.0
SUN PHARMA GLOBAL INC,MIAMI-LUKEN INC,PEOPLES PHARMACY #2912 (WV),WV,2,False,T1_REROUTE_EXISTING,CARDINAL HEALTH INC,SUN PHARMA GLOBAL INC -> CARDINAL HEALTH INC -> PEOPLES PHARMACY #2912 (WV),0.8652,0.1959,0.0846,0.13,1.5,49.5,67.9,0.0
ENDO PHARMACEUTICALS INC,DAKOTA DRUG INC,HEALTH MART PHARMACY #4740 (VA),VA,2,False,T1_REROUTE_EXISTING,MIAMI-LUKEN INC,ENDO PHARMACEUTICALS INC -> MIAMI-LUKEN INC -> HEALTH MART PHARMACY #4740 (VA),0.9815,1.0,0.0162,0.2629,1.5,49.5,67.9,0.0
PAR PHARMACEUTICAL INC,MORRIS & DICKSON CO LLC,RITE AID #1732 (OR),OR,2,False,T1_REROUTE_EXISTING,CARDINAL HEALTH INC,PAR PHARMACEUTICAL INC -> CARDINAL HEALTH INC -> RITE AID #1732 (OR),0.8652,0.1959,0.0121,0.101,1.5,49.5,67.9,0.0
PAR PHARMACEUTICAL INC,KINRAY LLC,CVS PHARMACY #2808 (IN),IN,1,False,T1_REROUTE_EXISTING,MIAMI-LUKEN INC,PAR PHARMACEUTICAL INC -> MIAMI-LUKEN INC -> CVS PHARMACY #2808 (IN),0.9815,1.0,0.0312,0.269,1.5,24.7,34.1,0.0
AMNEAL PHARMACEUTICALS LLC,DIRECT RX,PUBLIX PHARMACY #8639 (OH),OH,3,False,T1_REROUTE_EXISTING,MIAMI-LUKEN INC,AMNEAL PHARMACEUTICALS LLC -> MIAMI-LUKEN INC -> PUBLIX PHARMACY #8639 (OH),0.9815,1.0,0.0308,0.2688,1.5,74.3,102.0,0.0
TEVA PHARMACEUTICALS USA INC,NATIONAL WHOLESALE DRUG CO INC,HARRIS TEETER PHARMACY #6063 (NC),NC,3,False,T1_REROUTE_EXISTING,MIAMI-LUKEN INC,TEVA PHARMACEUTICALS USA INC -> MIAMI-LUKEN INC -> HARRIS TEETER PHARMACY #6063 (NC),0.9815,1.0,0.0471,0.2753,1.5,74.3,102.0,0.0
MALLINCKRODT LLC,MORRIS & DICKSON CO LLC,PUBLIX PHARMACY #2055 (NC),NC,2,False,T1_REROUTE_EXISTING,MIAMI-LUKEN INC,MALLINCKRODT LLC -> MIAMI-LUKEN INC -> PUBLIX PHARMACY #2055 (NC),0.9815,1.0,0.0471,0.2753,1.5,49.5,67.9,0.0
ENDO PHARMACEUTICALS INC,DAKOTA DRUG INC,PUBLIX PHARMACY #9681 (MD),MD,2,False,T1_REROUTE_EXISTING,MIAMI-LUKEN INC,ENDO PHARMACEUTICALS INC -> MIAMI-LUKEN INC -> PUBLIX PHARMACY #9681 (MD),0.9815,1.0,0.0063,0.259,1.5,49.5,67.9,0.0
QUALITEST PHARMACEUTICALS,AMERISOURCEBERGEN DRUG CORP,PEOPLES PHARMACY #2660 (NC),NC,2,False,T1_REROUTE_EXISTING,MIAMI-LUKEN INC,QUALITEST PHARMACEUTICALS -> MIAMI-LUKEN INC -> PEOPLES PHARMACY #2660 (NC),0.9815,1.0,0.0471,0.2753,1.5,49.5,67.9,0.0
WATSON LABORATORIES INC,KINRAY LLC,WINN-DIXIE PHARMACY #7409 (MO),MO,2,False,T1_REROUTE_EXISTING,ANDA INC,WATSON LABORATORIES INC -> ANDA INC -> WINN-DIXIE PHARMACY #7409 (MO),0.8679,0.1459,0.0163,0.0892,1.5,49.5,67.9,0.0
ACTAVIS PHARMA INC,MIAMI-LUKEN INC,WALMART PHARMACY #6240 (NC),NC,1,False,T1_REROUTE_EXISTING,DIRECT RX,ACTAVIS PHARMA INC -> DIRECT RX -> WALMART PHARMACY #6240 (NC),0.8585,0.1504,0.1003,0.1273,1.5,24.7,34.1,0.0
TEVA PHARMACEUTICALS USA INC,BELLCO DRUG CORP,MAIN STREET PHARMACY #4010 (LA),LA,2,False,T1_REROUTE_EXISTING,MIAMI-LUKEN INC,TEVA PHARMACEUTICALS USA INC -> MIAMI-LUKEN INC -> MAIN STREET PHARMACY #4010 (LA),0.9815,1.0,0.0497,0.2764,1.5,49.5,67.9,0.0
TEVA PHARMACEUTICALS USA INC,HD SMITH WHOLESALE DRUG CO,MAIN STREET PHARMACY #7935 (KY),KY,2,False,T1_REROUTE_EXISTING,MIAMI-LUKEN INC,TEVA PHARMACEUTICALS USA INC -> MIAMI-LUKEN INC -> MAIN STREET PHARMACY #7935 (KY),0.9815,1.0,0.0243,0.2662,1.5,49.5,67.9,0.0
RHODES TECHNOLOGIES,MIAMI-LUKEN INC,PEOPLES PHARMACY #9674 (KS),KS,2,False,T1_REROUTE_EXISTING,CARDINAL HEALTH INC,RHODES TECHNOLOGIES -> CARDINAL HEALTH INC -> PEOPLES PHARMACY #9674 (KS),0.8652,0.1959,0.0047,0.098,1.5,49.5,67.9,0.0
VINTAGE PHARMACEUTICALS LLC,CARDINAL HEALTH INC,HEALTH MART PHARMACY #6716 (UT),UT,2,False,T1_REROUTE_EXISTING,MIAMI-LUKEN INC,VINTAGE PHARMACEUTICALS LLC -> MIAMI-LUKEN INC -> HEALTH MART PHARMACY #6716 (UT),0.9815,1.0,0.0026,0.2575,1.5,49.5,67.9,0.0
ABBOTT LABORATORIES,MORRIS & DICKSON CO LLC,PEOPLES PHARMACY #7683 (AK),AK,2,False,T1_REROUTE_EXISTING,ANDA INC,ABBOTT LABORATORIES -> ANDA INC -> PEOPLES PHARMACY #7683 (AK),0.8679,0.1459,0.0145,0.0885,1.5,49.5,67.9,0.0
VINTAGE PHARMACEUTICALS LLC,GULF COAST MEDICAL SUPPLY,MEDICO PHARMACY #9907 (CT),CT,2,False,T1_REROUTE_EXISTING,MIAMI-LUKEN INC,VINTAGE PHARMACEUTICALS LLC -> MIAMI-LUKEN INC -> MEDICO PHARMACY #9907 (CT),0.9815,1.0,0.0017,0.2572,1.5,49.5,67.9,0.0
QUALITEST PHARMACEUTICALS,DIRECT RX,PUBLIX PHARMACY #1973 (TN),TN,3,False,T1_REROUTE_EXISTING,MIAMI-LUKEN INC,QUALITEST PHARMACEUTICALS -> MIAMI-LUKEN INC -> PUBLIX PHARMACY #1973 (TN),0.9815,1.0,0.0288,0.268,1.5,74.3,102.0,0.0
TEVA PHARMACEUTICALS USA INC,CARDINAL HEALTH INC,PEOPLES PHARMACY #2660 (NC),NC,2,False,T1_REROUTE_EXISTING,MIAMI-LUKEN INC,TEVA PHARMACEUTICALS USA INC -> MIAMI-LUKEN INC -> PEOPLES PHARMACY #2660 (NC),0.9815,1.0,0.0471,0.2753,1.5,49.5,67.9,0.0
CADISTA PHARMACEUTICALS INC,MCKESSON CORPORATION,VILLAGE PHARMACY #9397 (NC),NC,2,False,T1_REROUTE_EXISTING,MIAMI-LUKEN INC,CADISTA PHARMACEUTICALS INC -> MIAMI-LUKEN INC -> VILLAGE PHARMACY #9397 (NC),0.9815,1.0,0.0471,0.2753,1.5,49.5,67.9,0.0
IMPAX LABORATORIES INC,HENRY SCHEIN INC,PUBLIX PHARMACY #2397 (LA),LA,1,False,T1_REROUTE_EXISTING,MIAMI-LUKEN INC,IMPAX LABORATORIES INC -> MIAMI-LUKEN INC -> PUBLIX PHARMACY #2397 (LA),0.9815,1.0,0.0497,0.2764,1.5,24.7,34.1,0.0
TEVA PHARMACEUTICALS USA INC,BURLINGTON DRUG COMPANY INC,CVS PHARMACY #6466 (KY),KY,3,False,T1_REROUTE_EXISTING,MIAMI-LUKEN INC,TEVA PHARMACEUTICALS USA INC -> MIAMI-LUKEN INC -> CVS PHARMACY #6466 (KY),0.9815,1.0,0.0243,0.2662,1.5,74.3,102.0,0.0
SUN PHARMA GLOBAL INC,DIRECT RX,WALMART PHARMACY #5027 (SD),SD,1,False,T1_REROUTE_EXISTING,DAKOTA DRUG INC,SUN PHARMA GLOBAL INC -> DAKOTA DRUG INC -> WALMART PHARMACY #5027 (SD),0.8719,0.1818,0.022,0.0991,1.5,24.7,34.1,0.0
ACTAVIS PHARMA INC,AMERISOURCEBERGEN DRUG CORP,WALMART PHARMACY #7653 (PA),PA,1,False,T1_REROUTE_EXISTING,MIAMI-LUKEN INC,ACTAVIS PHARMA INC -> MIAMI-LUKEN INC -> WALMART PHARMACY #7653 (PA),0.9815,1.0,0.0219,0.2652,1.5,24.7,34.1,0.0
HIKMA PHARMACEUTICALS,DIRECT RX,HEALTH MART PHARMACY #5260 (PA),PA,2,False,T1_REROUTE_EXISTING,MIAMI-LUKEN INC,HIKMA PHARMACEUTICALS -> MIAMI-LUKEN INC -> HEALTH MART PHARMACY #5260 (PA),0.9815,1.0,0.0219,0.2652,1.5,49.5,67.9,0.0
PAR PHARMACEUTICAL INC,PRESCRIPTION SUPPLY INC,CVS PHARMACY #6803 (KY),KY,3,False,T1_REROUTE_EXISTING,MIAMI-LUKEN INC,PAR PHARMACEUTICAL INC -> MIAMI-LUKEN INC -> CVS PHARMACY #6803 (KY),0.9815,1.0,0.0243,0.2662,1.5,74.3,102.0,0.0
CADISTA PHARMACEUTICALS INC,MCKESSON CORPORATION,SUNRISE PHARMACY #7243 (WV),WV,3,False,T1_REROUTE_EXISTING,MIAMI-LUKEN INC,CADISTA PHARMACEUTICALS INC -> MIAMI-LUKEN INC -> SUNRISE PHARMACY #7243 (WV),0.9815,1.0,0.5743,0.4862,1.5,74.3,102.0,0.0
CADISTA PHARMACEUTICALS INC,MIAMI-LUKEN INC,KROGER PHARMACY #9652 (OH),OH,2,False,T1_REROUTE_EXISTING,CARDINAL HEALTH INC,CADISTA PHARMACEUTICALS INC -> CARDINAL HEALTH INC -> KROGER PHARMACY #9652 (OH),0.8652,0.1959,0.0552,0.1182,1.5,49.5,67.9,0.0
JANSSEN PHARMACEUTICALS INC,DIRECT RX,MEDICO PHARMACY #6767 (NC),NC,3,False,T1_REROUTE_EXISTING,MIAMI-LUKEN INC,JANSSEN PHARMACEUTICALS INC -> MIAMI-LUKEN INC -> MEDICO PHARMACY #6767 (NC),0.9815,1.0,0.0471,0.2753,1.5,74.3,102.0,0.0
ACTAVIS PHARMA INC,SMITH DRUG COMPANY,MAIN STREET PHARMACY #9148 (LA),LA,3,False,T1_REROUTE_EXISTING,MIAMI-LUKEN INC,ACTAVIS PHARMA INC -> MIAMI-LUKEN INC -> MAIN STREET PHARMACY #9148 (LA),0.9815,1.0,0.0497,0.2764,1.5,74.3,102.0,0.0
VINTAGE PHARMACEUTICALS LLC,DAKOTA DRUG INC,FAMILY CARE PHARMACY #4281 (RI),RI,2,False,T1_REROUTE_EXISTING,MIAMI-LUKEN INC,VINTAGE PHARMACEUTICALS LLC -> MIAMI-LUKEN INC -> FAMILY CARE PHARMACY #4281 (RI),0.9815,1.0,0.0019,0.2572,1.5,49.5,67.9,0.0
MYLAN PHARMACEUTICALS INC,GULF COAST MEDICAL SUPPLY,SUNRISE PHARMACY #8999 (NC),NC,3,False,T1_REROUTE_EXISTING,MIAMI-LUKEN INC,MYLAN PHARMACEUTICALS INC -> MIAMI-LUKEN INC -> SUNRISE PHARMACY #8999 (NC),0.9815,1.0,0.0471,0.2753,1.5,74.3,102.0,0.0
CADISTA PHARMACEUTICALS INC,MORRIS & DICKSON CO LLC,COMMUNITY PHARMACY #9436 (WV),WV,2,False,T1_REROUTE_EXISTING,MIAMI-LUKEN INC,CADISTA PHARMACEUTICALS INC -> MIAMI-LUKEN INC -> COMMUNITY PHARMACY #9436 (WV),0.9815,1.0,0.5743,0.4862,1.5,49.5,67.9,0.0
PAR PHARMACEUTICAL INC,VALUEDRUGCO,GOOD NEIGHBOR PHARMACY #6272 (NC),NC,3,False,T1_REROUTE_EXISTING,MIAMI-LUKEN INC,PAR PHARMACEUTICAL INC -> MIAMI-LUKEN INC -> GOOD NEIGHBOR PHARMACY #6272 (NC),0.9815,1.0,0.0471,0.2753,1.5,74.3,102.0,0.0
ENDO PHARMACEUTICALS INC,MIAMI-LUKEN INC,MEDICO PHARMACY #1628 (FL),FL,2,False,T1_REROUTE_EXISTING,CARDINAL HEALTH INC,ENDO PHARMACEUTICALS INC -> CARDINAL HEALTH INC -> MEDICO PHARMACY #1628 (FL),0.8652,0.1959,0.0024,0.0971,1.5,49.5,67.9,0.0
JANSSEN PHARMACEUTICALS INC,KINRAY LLC,MAIN STREET PHARMACY #8342 (MI),MI,2,False,T1_REROUTE_EXISTING,MIAMI-LUKEN INC,JANSSEN PHARMACEUTICALS INC -> MIAMI-LUKEN INC -> MAIN STREET PHARMACY #8342 (MI),0.9815,1.0,0.0252,0.2666,1.5,49.5,67.9,0.0
JANSSEN PHARMACEUTICALS INC,NATIONAL WHOLESALE DRUG CO INC,FAMILY CARE PHARMACY #6977 (NC),NC,3,False,T1_REROUTE_EXISTING,MIAMI-LUKEN INC,JANSSEN PHARMACEUTICALS INC -> MIAMI-LUKEN INC -> FAMILY CARE PHARMACY #6977 (NC),0.9815,1.0,0.0471,0.2753,1.5,74.3,102.0,0.0
HIKMA PHARMACEUTICALS,MCKESSON CORPORATION,HOMETOWN PHARMACY #5854 (NH),NH,2,False,T1_REROUTE_EXISTING,KINRAY LLC,HIKMA PHARMACEUTICALS -> KINRAY LLC -> HOMETOWN PHARMACY #5854 (NH),0.8683,0.1632,0.0122,0.0918,1.5,49.5,67.9,0.0
PAR PHARMACEUTICAL INC,VALUEDRUGCO,PUBLIX PHARMACY #7101 (VA),VA,1,False,T1_REROUTE_EXISTING,MIAMI-LUKEN INC,PAR PHARMACEUTICAL INC -> MIAMI-LUKEN INC -> PUBLIX PHARMACY #7101 (VA),0.9815,1.0,0.0162,0.2629,1.5,24.7,34.1,0.0
ENDO PHARMACEUTICALS INC,PENN PHARMACEUTICAL SERVICES INC,MEDICO PHARMACY #3471 (AK),AK,2,False,T1_REROUTE_EXISTING,MIAMI-LUKEN INC,ENDO PHARMACEUTICALS INC -> MIAMI-LUKEN INC -> MEDICO PHARMACY #3471 (AK),0.9815,1.0,0.0026,0.2575,1.5,49.5,67.9,0.0
LANNETT COMPANY INC,MCKESSON CORPORATION,WALGREENS #8038 (IN),IN,2,False,T1_REROUTE_EXISTING,MIAMI-LUKEN INC,LANNETT COMPANY INC -> MIAMI-LUKEN INC -> WALGREENS #8038 (IN),0.9815,1.0,0.0312,0.269,1.5,49.5,67.9,0.0
MYLAN PHARMACEUTICALS INC,GULF COAST MEDICAL SUPPLY,HEALTH MART PHARMACY #5407 (IA),IA,1,False,T1_REROUTE_EXISTING,CARDINAL HEALTH INC,MYLAN PHARMACEUTICALS INC -> CARDINAL HEALTH INC -> HEALTH MART PHARMACY #5407 (IA),0.8652,0.1959,0.0139,0.1017,1.5,24.7,34.1,0.0
MYLAN PHARMACEUTICALS INC,BELLCO DRUG CORP,HOMETOWN PHARMACY #6387 (NC),NC,3,False,T1_REROUTE_EXISTING,MIAMI-LUKEN INC,MYLAN PHARMACEUTICALS INC -> MIAMI-LUKEN INC -> HOMETOWN PHARMACY #6387 (NC),0.9815,1.0,0.0471,0.2753,1.5,74.3,102.0,0.0
HIKMA PHARMACEUTICALS,HD SMITH WHOLESALE DRUG CO,VILLAGE PHARMACY #3378 (MN),MN,2,False,T1_REROUTE_EXISTING,DIRECT RX,HIKMA PHARMACEUTICALS -> DIRECT RX -> VILLAGE PHARMACY #3378 (MN),0.8585,0.1504,0.0094,0.0909,1.5,49.5,67.9,0.0
SUN PHARMA GLOBAL INC,GULF COAST MEDICAL SUPPLY,GOOD NEIGHBOR PHARMACY #8540 (OH),OH,1,False,T1_REROUTE_EXISTING,MIAMI-LUKEN INC,SUN PHARMA GLOBAL INC -> MIAMI-LUKEN INC -> GOOD NEIGHBOR PHARMACY #8540 (OH),0.9815,1.0,0.0308,0.2688,1.5,24.7,34.1,0.0
SANDOZ INC,PENN PHARMACEUTICAL SERVICES INC,VILLAGE PHARMACY #1037 (MI),MI,3,False,T1_REROUTE_EXISTING,MIAMI-LUKEN INC,SANDOZ INC -> MIAMI-LUKEN INC -> VILLAGE PHARMACY #1037 (MI),0.9815,1.0,0.0252,0.2666,1.5,74.3,102.0,0.0
SANDOZ INC,AMERISOURCEBERGEN DRUG CORP,SUNRISE PHARMACY #6286 (AZ),AZ,2,False,T1_REROUTE_EXISTING,CARDINAL HEALTH INC,SANDOZ INC -> CARDINAL HEALTH INC -> SUNRISE PHARMACY #6286 (AZ),0.8652,0.1959,0.0068,0.0988,1.5,49.5,67.9,0.0
SANDOZ INC,CARDINAL HEALTH INC,RITE AID #2593 (ID),ID,1,False,T1_REROUTE_EXISTING,MIAMI-LUKEN INC,SANDOZ INC -> MIAMI-LUKEN INC -> RITE AID #2593 (ID),0.9815,1.0,0.0065,0.2591,1.5,24.7,34.1,0.0
TEVA PHARMACEUTICALS USA INC,KEYSOURCE MEDICAL INC,CVS PHARMACY #6466 (KY),KY,2,False,T1_REROUTE_EXISTING,MIAMI-LUKEN INC,TEVA PHARMACEUTICALS USA INC -> MIAMI-LUKEN INC -> CVS PHARMACY #6466 (KY),0.9815,1.0,0.0243,0.2662,1.5,49.5,67.9,0.0
SUN PHARMA GLOBAL INC,DIRECT RX,CVS PHARMACY #2048 (GA),GA,2,False,T1_REROUTE_EXISTING,MIAMI-LUKEN INC,SUN PHARMA GLOBAL INC -> MIAMI-LUKEN INC -> CVS PHARMACY #2048 (GA),0.9815,1.0,0.0042,0.2581,1.5,49.5,67.9,0.0
SUN PHARMA GLOBAL INC,ANDA INC,QUALITY CARE PHARMACY #1509 (MO),MO,2,False,T1_REROUTE_EXISTING,MIAMI-LUKEN INC,SUN PHARMA GLOBAL INC -> MIAMI-LUKEN INC -> QUALITY CARE PHARMACY #1509 (MO),0.9815,1.0,0.0026,0.2575,1.5,49.5,67.9,0.0
QUALITEST PHARMACEUTICALS,SMITH DRUG COMPANY,CVS PHARMACY #5523 (NC),NC,2,False,T1_REROUTE_EXISTING,MIAMI-LUKEN INC,QUALITEST PHARMACEUTICALS -> MIAMI-LUKEN INC -> CVS PHARMACY #5523 (NC),0.9815,1.0,0.0471,0.2753,1.5,49.5,67.9,0.0
MALLINCKRODT LLC,AMERISOURCEBERGEN DRUG CORP,VILLAGE PHARMACY #2822 (WV),WV,2,False,T1_REROUTE_EXISTING,MIAMI-LUKEN INC,MALLINCKRODT LLC -> MIAMI-LUKEN INC -> VILLAGE PHARMACY #2822 (WV),0.9815,1.0,0.5743,0.4862,1.5,49.5,67.9,0.0
ABBOTT LABORATORIES,MIAMI-LUKEN INC,PEOPLES PHARMACY #6526 (WA),WA,2,False,T1_REROUTE_EXISTING,DIRECT RX,ABBOTT LABORATORIES -> DIRECT RX -> PEOPLES PHARMACY #6526 (WA),0.8585,0.1504,0.0048,0.089,1.5,49.5,67.9,0.0
MALLINCKRODT LLC,ANDA INC,PUBLIX PHARMACY #2055 (NC),NC,2,False,T1_REROUTE_EXISTING,MIAMI-LUKEN INC,MALLINCKRODT LLC -> MIAMI-LUKEN INC -> PUBLIX PHARMACY #2055 (NC),0.9815,1.0,0.0471,0.2753,1.5,49.5,67.9,0.0
SUN PHARMA GLOBAL INC,MIAMI-LUKEN INC,WALGREENS #6166 (CA),CA,3,False,T1_REROUTE_EXISTING,CARDINAL HEALTH INC,SUN PHARMA GLOBAL INC -> CARDINAL HEALTH INC -> WALGREENS #6166 (CA),0.8652,0.1959,0.0065,0.0988,1.5,74.3,102.0,0.0
HIKMA PHARMACEUTICALS,HENRY SCHEIN INC,PUBLIX PHARMACY #1949 (PA),PA,3,False,T1_REROUTE_EXISTING,MIAMI-LUKEN INC,HIKMA PHARMACEUTICALS -> MIAMI-LUKEN INC -> PUBLIX PHARMACY #1949 (PA),0.9815,1.0,0.0219,0.2652,1.5,74.3,102.0,0.0
ABBOTT LABORATORIES,MORRIS & DICKSON CO LLC,PUBLIX PHARMACY #2055 (NC),NC,2,False,T1_REROUTE_EXISTING,MIAMI-LUKEN INC,ABBOTT LABORATORIES -> MIAMI-LUKEN INC -> PUBLIX PHARMACY #2055 (NC),0.9815,1.0,0.0471,0.2753,1.5,49.5,67.9,0.0
JANSSEN PHARMACEUTICALS INC,GULF COAST MEDICAL SUPPLY,HARRIS TEETER PHARMACY #2529 (HI),HI,2,False,T1_REROUTE_EXISTING,DAKOTA DRUG INC,JANSSEN PHARMACEUTICALS INC -> DAKOTA DRUG INC -> HARRIS TEETER PHARMACY #2529 (HI),0.8719,0.1818,0.0048,0.0922,1.5,49.5,67.9,0.0
RHODES TECHNOLOGIES,MCKESSON CORPORATION,HOMETOWN PHARMACY #2172 (WV),WV,1,False,T1_REROUTE_EXISTING,MIAMI-LUKEN INC,RHODES TECHNOLOGIES -> MIAMI-LUKEN INC -> HOMETOWN PHARMACY #2172 (WV),0.9815,1.0,0.5743,0.4862,1.5,24.7,34.1,0.0
ACTAVIS PHARMA INC,ANDA INC,PEOPLES PHARMACY #6007 (WV),WV,3,False,T1_REROUTE_EXISTING,MIAMI-LUKEN INC,ACTAVIS PHARMA INC -> MIAMI-LUKEN INC -> PEOPLES PHARMACY #6007 (WV),0.9815,1.0,0.5743,0.4862,1.5,74.3,102.0,0.0
RHODES TECHNOLOGIES,KEYSOURCE MEDICAL INC,WALGREENS #4047 (WI),WI,2,False,T1_REROUTE_EXISTING,MIAMI-LUKEN INC,RHODES TECHNOLOGIES -> MIAMI-LUKEN INC -> WALGREENS #4047 (WI),0.9815,1.0,0.0014,0.257,1.5,49.5,67.9,0.0
MALLINCKRODT LLC,SMITH DRUG COMPANY,PUBLIX PHARMACY #2055 (NC),NC,2,False,T1_REROUTE_EXISTING,MIAMI-LUKEN INC,MALLINCKRODT LLC -> MIAMI-LUKEN INC -> PUBLIX PHARMACY #2055 (NC),0.9815,1.0,0.0471,0.2753,1.5,49.5,67.9,0.0
ABBOTT LABORATORIES,DAKOTA DRUG INC,MAIN STREET PHARMACY #1103 (AK),AK,1,False,T1_REROUTE_EXISTING,ANDA INC,ABBOTT LABORATORIES -> ANDA INC -> MAIN STREET PHARMACY #1103 (AK),0.8679,0.1459,0.0145,0.0885,1.5,24.7,34.1,0.0
ENDO PHARMACEUTICALS INC,NATIONAL WHOLESALE DRUG CO INC,RITE AID #3418 (WV),WV,2,False,T1_REROUTE_EXISTING,MIAMI-LUKEN INC,ENDO PHARMACEUTICALS INC -> MIAMI-LUKEN INC -> RITE AID #3418 (WV),0.9815,1.0,0.5743,0.4862,1.5,49.5,67.9,0.0
JANSSEN PHARMACEUTICALS INC,VALUEDRUGCO,HEALTH MART PHARMACY #6078 (KY),KY,2,False,T1_REROUTE_EXISTING,MIAMI-LUKEN INC,JANSSEN PHARMACEUTICALS INC -> MIAMI-LUKEN INC -> HEALTH MART PHARMACY #6078 (KY),0.9815,1.0,0.0243,0.2662,1.5,49.5,67.9,0.0
TEVA PHARMACEUTICALS USA INC,NATIONAL WHOLESALE DRUG CO INC,CVS PHARMACY #6466 (KY),KY,2,False,T1_REROUTE_EXISTING,MIAMI-LUKEN INC,TEVA PHARMACEUTICALS USA INC -> MIAMI-LUKEN INC -> CVS PHARMACY #6466 (KY),0.9815,1.0,0.0243,0.2662,1.5,49.5,67.9,0.0
MALLINCKRODT LLC,SMITH DRUG COMPANY,HARRIS TEETER PHARMACY #6758 (NC),NC,2,False,T1_REROUTE_EXISTING,MIAMI-LUKEN INC,MALLINCKRODT LLC -> MIAMI-LUKEN INC -> HARRIS TEETER PHARMACY #6758 (NC),0.9815,1.0,0.0471,0.2753,1.5,49.5,67.9,0.0
JANSSEN PHARMACEUTICALS INC,BELLCO DRUG CORP,HOMETOWN PHARMACY #3142 (FL),FL,1,False,T1_REROUTE_EXISTING,MIAMI-LUKEN INC,JANSSEN PHARMACEUTICALS INC -> MIAMI-LUKEN INC -> HOMETOWN PHARMACY #3142 (FL),0.9815,1.0,0.0082,0.2598,1.5,24.7,34.1,0.0
HIKMA PHARMACEUTICALS,ANDA INC,HARRIS TEETER PHARMACY #5699 (AZ),AZ,1,False,T1_REROUTE_EXISTING,MIAMI-LUKEN INC,HIKMA PHARMACEUTICALS -> MIAMI-LUKEN INC -> HARRIS TEETER PHARMACY #5699 (AZ),0.9815,1.0,0.0078,0.2596,1.5,24.7,34.1,0.0
SUN PHARMA GLOBAL INC,SMITH DRUG COMPANY,PEOPLES PHARMACY #2912 (WV),WV,2,False,T1_REROUTE_EXISTING,MIAMI-LUKEN INC,SUN PHARMA GLOBAL INC -> MIAMI-LUKEN INC -> PEOPLES PHARMACY #2912 (WV),0.9815,1.0,0.5743,0.4862,1.5,49.5,67.9,0.0
PAR PHARMACEUTICAL INC,SMITH DRUG COMPANY,KROGER PHARMACY #9348 (RI),RI,1,False,T1_REROUTE_EXISTING,CARDINAL HEALTH INC,PAR PHARMACEUTICAL INC -> CARDINAL HEALTH INC -> KROGER PHARMACY #9348 (RI),0.8652,0.1959,0.0043,0.0979,1.5,24.7,34.1,0.0
ACTAVIS PHARMA INC,NATIONAL WHOLESALE DRUG CO INC,PEOPLES PHARMACY #6007 (WV),WV,2,False,T1_REROUTE_EXISTING,MIAMI-LUKEN INC,ACTAVIS PHARMA INC -> MIAMI-LUKEN INC -> PEOPLES PHARMACY #6007 (WV),0.9815,1.0,0.5743,0.4862,1.5,49.5,67.9,0.0
MYLAN PHARMACEUTICALS INC,MIAMI-LUKEN INC,RITE AID #9980 (ME),ME,2,False,T1_REROUTE_EXISTING,KINRAY LLC,MYLAN PHARMACEUTICALS INC -> KINRAY LLC -> RITE AID #9980 (ME),0.8683,0.1632,0.022,0.0957,1.5,49.5,67.9,0.0
TEVA PHARMACEUTICALS USA INC,AMERISOURCEBERGEN DRUG CORP,PEOPLES PHARMACY #2660 (NC),NC,3,False,T1_REROUTE_EXISTING,MIAMI-LUKEN INC,TEVA PHARMACEUTICALS USA INC -> MIAMI-LUKEN INC -> PEOPLES PHARMACY #2660 (NC),0.9815,1.0,0.0471,0.2753,1.5,74.3,102.0,0.0
ACTAVIS PHARMA INC,MIAMI-LUKEN INC,WALMART PHARMACY #6240 (NC),NC,1,False,T1_REROUTE_EXISTING,DIRECT RX,ACTAVIS PHARMA INC -> DIRECT RX -> WALMART PHARMACY #6240 (NC),0.8585,0.1504,0.1003,0.1273,1.5,24.7,34.1,0.0
JANSSEN PHARMACEUTICALS INC,HENRY SCHEIN INC,MEDICO PHARMACY #6767 (NC),NC,2,False,T1_REROUTE_EXISTING,MIAMI-LUKEN INC,JANSSEN PHARMACEUTICALS INC -> MIAMI-LUKEN INC -> MEDICO PHARMACY #6767 (NC),0.9815,1.0,0.0471,0.2753,1.5,49.5,67.9,0.0
SUN PHARMA GLOBAL INC,CARDINAL HEALTH INC,QUALITY CARE PHARMACY #7081 (NJ),NJ,1,False,T1_REROUTE_EXISTING,DAKOTA DRUG INC,SUN PHARMA GLOBAL INC -> DAKOTA DRUG INC -> QUALITY CARE PHARMACY #7081 (NJ),0.8719,0.1818,0.0161,0.0967,1.5,24.7,34.1,0.0
RHODES TECHNOLOGIES,NATIONAL WHOLESALE DRUG CO INC,WINN-DIXIE PHARMACY #3112 (LA),LA,1,False,T1_REROUTE_EXISTING,MIAMI-LUKEN INC,RHODES TECHNOLOGIES -> MIAMI-LUKEN INC -> WINN-DIXIE PHARMACY #3112 (LA),0.9815,1.0,0.0497,0.2764,1.5,24.7,34.1,0.0
ACTAVIS PHARMA INC,ANDA INC,WALMART PHARMACY #1339 (NC),NC,2,False,T1_REROUTE_EXISTING,MIAMI-LUKEN INC,ACTAVIS PHARMA INC -> MIAMI-LUKEN INC -> WALMART PHARMACY #1339 (NC),0.9815,1.0,0.0471,0.2753,1.5,49.5,67.9,0.0
MYLAN PHARMACEUTICALS INC,SMITH DRUG COMPANY,WALGREENS #6014 (MI),MI,3,False,T1_REROUTE_EXISTING,MIAMI-LUKEN INC,MYLAN PHARMACEUTICALS INC -> MIAMI-LUKEN INC -> WALGREENS #6014 (MI),0.9815,1.0,0.0252,0.2666,1.5,74.3,102.0,0.0
PAR PHARMACEUTICAL INC,CARDINAL HEALTH INC,GOOD NEIGHBOR PHARMACY #6272 (NC),NC,3,False,T1_REROUTE_EXISTING,MIAMI-LUKEN INC,PAR PHARMACEUTICAL INC -> MIAMI-LUKEN INC -> GOOD NEIGHBOR PHARMACY #6272 (NC),0.9815,1.0,0.0471,0.2753,1.5,74.3,102.0,0.0
SANDOZ INC,MORRIS & DICKSON CO LLC,MAIN STREET PHARMACY #2094 (KY),KY,1,False,T1_REROUTE_EXISTING,MIAMI-LUKEN INC,SANDOZ INC -> MIAMI-LUKEN INC -> MAIN STREET PHARMACY #2094 (KY),0.9815,1.0,0.0243,0.2662,1.5,24.7,34.1,0.0
MALLINCKRODT LLC,PRESCRIPTION SUPPLY INC,HARRIS TEETER PHARMACY #3473 (WV),WV,3,False,T1_REROUTE_EXISTING,MIAMI-LUKEN INC,MALLINCKRODT LLC -> MIAMI-LUKEN INC -> HARRIS TEETER PHARMACY #3473 (WV),0.9815,1.0,0.5743,0.4862,1.5,74.3,102.0,0.0
SANDOZ INC,MORRIS & DICKSON CO LLC,HARRIS TEETER PHARMACY #7234 (WV),WV,2,False,T1_REROUTE_EXISTING,MIAMI-LUKEN INC,SANDOZ INC -> MIAMI-LUKEN INC -> HARRIS TEETER PHARMACY #7234 (WV),0.9815,1.0,0.5743,0.4862,1.5,49.5,67.9,0.0
IMPAX LABORATORIES INC,BELLCO DRUG CORP,WALGREENS #3305 (IA),IA,2,False,T1_REROUTE_EXISTING,MIAMI-LUKEN INC,IMPAX LABORATORIES INC -> MIAMI-LUKEN INC -> WALGREENS #3305 (IA),0.9815,1.0,0.0077,0.2596,1.5,49.5,67.9,0.0
VINTAGE PHARMACEUTICALS LLC,ANDA INC,FAMILY CARE PHARMACY #6977 (NC),NC,3,False,T1_REROUTE_EXISTING,MIAMI-LUKEN INC,VINTAGE PHARMACEUTICALS LLC -> MIAMI-LUKEN INC -> FAMILY CARE PHARMACY #6977 (NC),0.9815,1.0,0.0471,0.2753,1.5,74.3,102.0,0.0
MYLAN PHARMACEUTICALS INC,NATIONAL WHOLESALE DRUG CO INC,SUNRISE PHARMACY #8999 (NC),NC,2,False,T1_REROUTE_EXISTING,MIAMI-LUKEN INC,MYLAN PHARMACEUTICALS INC -> MIAMI-LUKEN INC -> SUNRISE PHARMACY #8999 (NC),0.9815,1.0,0.0471,0.2753,1.5,49.5,67.9,0.0
AMNEAL PHARMACEUTICALS LLC,ANDA INC,MEDICO PHARMACY #1407 (IL),IL,2,False,T1_REROUTE_EXISTING,CARDINAL HEALTH INC,AMNEAL PHARMACEUTICALS LLC -> CARDINAL HEALTH INC -> MEDICO PHARMACY #1407 (IL),0.8652,0.1959,0.012,0.1009,1.5,49.5,67.9,0.0
ACTAVIS PHARMA INC,ANDA INC,GOOD NEIGHBOR PHARMACY #6549 (CO),CO,2,False,T1_REROUTE_EXISTING,MIAMI-LUKEN INC,ACTAVIS PHARMA INC -> MIAMI-LUKEN INC -> GOOD NEIGHBOR PHARMACY #6549 (CO),0.9815,1.0,0.001,0.2569,1.5,49.5,67.9,0.0
ACTAVIS PHARMA INC,KEYSOURCE MEDICAL INC,PUBLIX PHARMACY #1697 (MI),MI,2,False,T1_REROUTE_EXISTING,MIAMI-LUKEN INC,ACTAVIS PHARMA INC -> MIAMI-LUKEN INC -> PUBLIX PHARMACY #1697 (MI),0.9815,1.0,0.0252,0.2666,1.5,49.5,67.9,0.0
MALLINCKRODT LLC,HENRY SCHEIN INC,GOOD NEIGHBOR PHARMACY #5019 (OR),OR,2,False,T1_REROUTE_EXISTING,KINRAY LLC,MALLINCKRODT LLC -> KINRAY LLC -> GOOD NEIGHBOR PHARMACY #5019 (OR),0.8683,0.1632,0.0175,0.0939,1.5,49.5,67.9,0.0
WATSON LABORATORIES INC,BURLINGTON DRUG COMPANY INC,WALGREENS #4290 (MD),MD,1,False,T1_REROUTE_EXISTING,DIRECT RX,WATSON LABORATORIES INC -> DIRECT RX -> WALGREENS #4290 (MD),0.8585,0.1504,0.0075,0.0901,1.5,24.7,34.1,0.0
SUN PHARMA GLOBAL INC,BURLINGTON DRUG COMPANY INC,PEOPLES PHARMACY #2912 (WV),WV,2,False,T1_REROUTE_EXISTING,MIAMI-LUKEN INC,SUN PHARMA GLOBAL INC -> MIAMI-LUKEN INC -> PEOPLES PHARMACY #2912 (WV),0.9815,1.0,0.5743,0.4862,1.5,49.5,67.9,0.0
HIKMA PHARMACEUTICALS,MIAMI-LUKEN INC,WALMART PHARMACY #6240 (NC),NC,1,False,T1_REROUTE_EXISTING,DIRECT RX,HIKMA PHARMACEUTICALS -> DIRECT RX -> WALMART PHARMACY #6240 (NC),0.8585,0.1504,0.1003,0.1273,1.5,24.7,34.1,0.0
ABBOTT LABORATORIES,NATIONAL WHOLESALE DRUG CO INC,HARRIS TEETER PHARMACY #6758 (NC),NC,3,False,T1_REROUTE_EXISTING,MIAMI-LUKEN INC,ABBOTT LABORATORIES -> MIAMI-LUKEN INC -> HARRIS TEETER PHARMACY #6758 (NC),0.9815,1.0,0.0471,0.2753,1.5,74.3,102.0,0.0
AMNEAL PHARMACEUTICALS LLC,DIRECT RX,KROGER PHARMACY #1887 (KY),KY,2,False,T1_REROUTE_EXISTING,MIAMI-LUKEN INC,AMNEAL PHARMACEUTICALS LLC -> MIAMI-LUKEN INC -> KROGER PHARMACY #1887 (KY),0.9815,1.0,0.0243,0.2662,1.5,49.5,67.9,0.0
ACTAVIS PHARMA INC,HD SMITH WHOLESALE DRUG CO,CVS PHARMACY #6838 (TN),TN,3,False,T1_REROUTE_EXISTING,MIAMI-LUKEN INC,ACTAVIS PHARMA INC -> MIAMI-LUKEN INC -> CVS PHARMACY #6838 (TN),0.9815,1.0,0.0288,0.268,1.5,74.3,102.0,0.0
MALLINCKRODT LLC,CARDINAL HEALTH INC,PUBLIX PHARMACY #2055 (NC),NC,2,False,T1_REROUTE_EXISTING,MIAMI-LUKEN INC,MALLINCKRODT LLC -> MIAMI-LUKEN INC -> PUBLIX PHARMACY #2055 (NC),0.9815,1.0,0.0471,0.2753,1.5,49.5,67.9,0.0
PAR PHARMACEUTICAL INC,AMERISOURCEBERGEN DRUG CORP,QUALITY CARE PHARMACY #4445 (LA),LA,3,False,T1_REROUTE_EXISTING,MIAMI-LUKEN INC,PAR PHARMACEUTICAL INC -> MIAMI-LUKEN INC -> QUALITY CARE PHARMACY #4445 (LA),0.9815,1.0,0.0497,0.2764,1.5,74.3,102.0,0.0
LANNETT COMPANY INC,BURLINGTON DRUG COMPANY INC,CORNER DRUG STORE #5404 (NE),NE,2,False,T1_REROUTE_EXISTING,MIAMI-LUKEN INC,LANNETT COMPANY INC -> MIAMI-LUKEN INC -> CORNER DRUG STORE #5404 (NE),0.9815,1.0,0.004,0.2581,1.5,49.5,67.9,0.0
PAR PHARMACEUTICAL INC,AMERISOURCEBERGEN DRUG CORP,MAIN STREET PHARMACY #8869 (AL),AL,2,False,T1_REROUTE_EXISTING,MIAMI-LUKEN INC,PAR PHARMACEUTICAL INC -> MIAMI-LUKEN INC -> MAIN STREET PHARMACY #8869 (AL),0.9815,1.0,0.0012,0.2569,1.5,49.5,67.9,0.0
ENDO PHARMACEUTICALS INC,AMERISOURCEBERGEN DRUG CORP,MEDICO PHARMACY #5392 (NC),NC,2,False,T1_REROUTE_EXISTING,MIAMI-LUKEN INC,ENDO PHARMACEUTICALS INC -> MIAMI-LUKEN INC -> MEDICO PHARMACY #5392 (NC),0.9815,1.0,0.0471,0.2753,1.5,49.5,67.9,0.0
ACTAVIS PHARMA INC,HENRY SCHEIN INC,GOOD NEIGHBOR PHARMACY #6129 (NC),NC,2,False,T1_REROUTE_EXISTING,MIAMI-LUKEN INC,ACTAVIS PHARMA INC -> MIAMI-LUKEN INC -> GOOD NEIGHBOR PHARMACY #6129 (NC),0.9815,1.0,0.0471,0.2753,1.5,49.5,67.9,0.0
MALLINCKRODT LLC,ANDA INC,HARRIS TEETER PHARMACY #3473 (WV),WV,2,False,T1_REROUTE_EXISTING,MIAMI-LUKEN INC,MALLINCKRODT LLC -> MIAMI-LUKEN INC -> HARRIS TEETER PHARMACY #3473 (WV),0.9815,1.0,0.5743,0.4862,1.5,49.5,67.9,0.0
PURDUE PHARMA LP,ANDA INC,RITE AID #9223 (WV),WV,1,False,T1_REROUTE_EXISTING,MIAMI-LUKEN INC,PURDUE PHARMA LP -> MIAMI-LUKEN INC -> RITE AID #9223 (WV),0.9815,1.0,0.5743,0.4862,1.5,24.7,34.1,0.0
RHODES TECHNOLOGIES,VALUEDRUGCO,KROGER PHARMACY #5322 (OH),OH,2,False,T1_REROUTE_EXISTING,MIAMI-LUKEN INC,RHODES TECHNOLOGIES -> MIAMI-LUKEN INC -> KROGER PHARMACY #5322 (OH),0.9815,1.0,0.0308,0.2688,1.5,49.5,67.9,0.0
AMNEAL PHARMACEUTICALS LLC,PRESCRIPTION SUPPLY INC,KROGER PHARMACY #1887 (KY),KY,2,False,T1_REROUTE_EXISTING,MIAMI-LUKEN INC,AMNEAL PHARMACEUTICALS LLC -> MIAMI-LUKEN INC -> KROGER PHARMACY #1887 (KY),0.9815,1.0,0.0243,0.2662,1.5,49.5,67.9,0.0
IMPAX LABORATORIES INC,BURLINGTON DRUG COMPANY INC,QUALITY CARE PHARMACY #7711 (IA),IA,2,False,T1_REROUTE_EXISTING,CARDINAL HEALTH INC,IMPAX LABORATORIES INC -> CARDINAL HEALTH INC -> QUALITY CARE PHARMACY #7711 (IA),0.8652,0.1959,0.0139,0.1017,1.5,49.5,67.9,0.0
IMPAX LABORATORIES INC,GULF COAST MEDICAL SUPPLY,CORNER DRUG STORE #6481 (MD),MD,2,False,T1_REROUTE_EXISTING,DIRECT RX,IMPAX LABORATORIES INC -> DIRECT RX -> CORNER DRUG STORE #6481 (MD),0.8585,0.1504,0.0075,0.0901,1.5,49.5,67.9,0.0
ENDO PHARMACEUTICALS INC,BURLINGTON DRUG COMPANY INC,RITE AID #9491 (IN),IN,2,False,T1_REROUTE_EXISTING,MIAMI-LUKEN INC,ENDO PHARMACEUTICALS INC -> MIAMI-LUKEN INC -> RITE AID #9491 (IN),0.9815,1.0,0.0312,0.269,1.5,49.5,67.9,0.0
CADISTA PHARMACEUTICALS INC,MORRIS & DICKSON CO LLC,HARRIS TEETER PHARMACY #7528 (IN),IN,2,False,T1_REROUTE_EXISTING,MIAMI-LUKEN INC,CADISTA PHARMACEUTICALS INC -> MIAMI-LUKEN INC -> HARRIS TEETER PHARMACY #7528 (IN),0.9815,1.0,0.0312,0.269,1.5,49.5,67.9,0.0
AMNEAL PHARMACEUTICALS LLC,BELLCO DRUG CORP,GOOD NEIGHBOR PHARMACY #8896 (PA),PA,1,False,T1_REROUTE_EXISTING,MIAMI-LUKEN INC,AMNEAL PHARMACEUTICALS LLC -> MIAMI-LUKEN INC -> GOOD NEIGHBOR PHARMACY #8896 (PA),0.9815,1.0,0.0219,0.2652,1.5,24.7,34.1,0.0
LANNETT COMPANY INC,DAKOTA DRUG INC,HOMETOWN PHARMACY #6387 (NC),NC,2,False,T1_REROUTE_EXISTING,MIAMI-LUKEN INC,LANNETT COMPANY INC -> MIAMI-LUKEN INC -> HOMETOWN PHARMACY #6387 (NC),0.9815,1.0,0.0471,0.2753,1.5,49.5,67.9,0.0
CADISTA PHARMACEUTICALS INC,ANDA INC,WALMART PHARMACY #8931 (VA),VA,1,False,T1_REROUTE_EXISTING,MIAMI-LUKEN INC,CADISTA PHARMACEUTICALS INC -> MIAMI-LUKEN INC -> WALMART PHARMACY #8931 (VA),0.9815,1.0,0.0162,0.2629,1.5,24.7,34.1,0.0
JANSSEN PHARMACEUTICALS INC,SMITH DRUG COMPANY,QUALITY CARE PHARMACY #8199 (WV),WV,2,False,T1_REROUTE_EXISTING,MIAMI-LUKEN INC,JANSSEN PHARMACEUTICALS INC -> MIAMI-LUKEN INC -> QUALITY CARE PHARMACY #8199 (WV),0.9815,1.0,0.5743,0.4862,1.5,49.5,67.9,0.0
SUN PHARMA GLOBAL INC,HD SMITH WHOLESALE DRUG CO,PEOPLES PHARMACY #2912 (WV),WV,2,False,T1_REROUTE_EXISTING,MIAMI-LUKEN INC,SUN PHARMA GLOBAL INC -> MIAMI-LUKEN INC -> PEOPLES PHARMACY #2912 (WV),0.9815,1.0,0.5743,0.4862,1.5,49.5,67.9,0.0
SUN PHARMA GLOBAL INC,HD SMITH WHOLESALE DRUG CO,HARRIS TEETER PHARMACY #7261 (KY),KY,1,False,T1_REROUTE_EXISTING,MIAMI-LUKEN INC,SUN PHARMA GLOBAL INC -> MIAMI-LUKEN INC -> HARRIS TEETER PHARMACY #7261 (KY),0.9815,1.0,0.0243,0.2662,1.5,24.7,34.1,0.0
JANSSEN PHARMACEUTICALS INC,KINRAY LLC,VILLAGE PHARMACY #9397 (NC),NC,2,False,T1_REROUTE_EXISTING,MIAMI-LUKEN INC,JANSSEN PHARMACEUTICALS INC -> MIAMI-LUKEN INC -> VILLAGE PHARMACY #9397 (NC),0.9815,1.0,0.0471,0.2753,1.5,49.5,67.9,0.0
ABBOTT LABORATORIES,HENRY SCHEIN INC,SUNRISE PHARMACY #5169 (MA),MA,2,False,T1_REROUTE_EXISTING,MCKESSON CORPORATION,ABBOTT LABORATORIES -> MCKESSON CORPORATION -> SUNRISE PHARMACY #5169 (MA),0.8788,0.1815,0.0156,0.094,1.5,49.5,67.9,0.0
ACTAVIS PHARMA INC,PRESCRIPTION SUPPLY INC,GOOD NEIGHBOR PHARMACY #6129 (NC),NC,3,False,T1_REROUTE_EXISTING,MIAMI-LUKEN INC,ACTAVIS PHARMA INC -> MIAMI-LUKEN INC -> GOOD NEIGHBOR PHARMACY #6129 (NC),0.9815,1.0,0.0471,0.2753,1.5,74.3,102.0,0.0
MALLINCKRODT LLC,DAKOTA DRUG INC,WALGREENS #3121 (SC),SC,2,False,T1_REROUTE_EXISTING,CARDINAL HEALTH INC,MALLINCKRODT LLC -> CARDINAL HEALTH INC -> WALGREENS #3121 (SC),0.8652,0.1959,0.0079,0.0993,1.5,49.5,67.9,0.0
ENDO PHARMACEUTICALS INC,GULF COAST MEDICAL SUPPLY,WINN-DIXIE PHARMACY #2880 (MI),MI,1,False,T1_REROUTE_EXISTING,MIAMI-LUKEN INC,ENDO PHARMACEUTICALS INC -> MIAMI-LUKEN INC -> WINN-DIXIE PHARMACY #2880 (MI),0.9815,1.0,0.0252,0.2666,1.5,24.7,34.1,0.0
JANSSEN PHARMACEUTICALS INC,MIAMI-LUKEN INC,WALMART PHARMACY #1339 (NC),NC,2,False,T1_REROUTE_EXISTING,DIRECT RX,JANSSEN PHARMACEUTICALS INC -> DIRECT RX -> WALMART PHARMACY #1339 (NC),0.8585,0.1504,0.1003,0.1273,1.5,49.5,67.9,0.0
TEVA PHARMACEUTICALS USA INC,MIAMI-LUKEN INC,HARRIS TEETER PHARMACY #6063 (NC),NC,2,False,T1_REROUTE_EXISTING,DIRECT RX,TEVA PHARMACEUTICALS USA INC -> DIRECT RX -> HARRIS TEETER PHARMACY #6063 (NC),0.8585,0.1504,0.1003,0.1273,1.5,49.5,67.9,0.0
TEVA PHARMACEUTICALS USA INC,HENRY SCHEIN INC,HARRIS TEETER PHARMACY #6063 (NC),NC,2,False,T1_REROUTE_EXISTING,MIAMI-LUKEN INC,TEVA PHARMACEUTICALS USA INC -> MIAMI-LUKEN INC -> HARRIS TEETER PHARMACY #6063 (NC),0.9815,1.0,0.0471,0.2753,1.5,49.5,67.9,0.0
AMNEAL PHARMACEUTICALS LLC,BELLCO DRUG CORP,GOOD NEIGHBOR PHARMACY #8896 (PA),PA,1,False,T1_REROUTE_EXISTING,MIAMI-LUKEN INC,AMNEAL PHARMACEUTICALS LLC -> MIAMI-LUKEN INC -> GOOD NEIGHBOR PHARMACY #8896 (PA),0.9815,1.0,0.0219,0.2652,1.5,24.7,34.1,0.0
TEVA PHARMACEUTICALS USA INC,PENN PHARMACEUTICAL SERVICES INC,VILLAGE PHARMACY #4087 (DE),DE,1,False,T1_REROUTE_EXISTING,MIAMI-LUKEN INC,TEVA PHARMACEUTICALS USA INC -> MIAMI-LUKEN INC -> VILLAGE PHARMACY #4087 (DE),0.9815,1.0,0.0066,0.2591,1.5,24.7,34.1,0.0
IMPAX LABORATORIES INC,KINRAY LLC,VILLAGE PHARMACY #5077 (CT),CT,2,False,T1_REROUTE_EXISTING,CARDINAL HEALTH INC,IMPAX LABORATORIES INC -> CARDINAL HEALTH INC -> VILLAGE PHARMACY #5077 (CT),0.8652,0.1959,0.0133,0.1015,1.5,49.5,67.9,0.0
ABBOTT LABORATORIES,HENRY SCHEIN INC,PUBLIX PHARMACY #2397 (LA),LA,1,False,T1_REROUTE_EXISTING,MIAMI-LUKEN INC,ABBOTT LABORATORIES -> MIAMI-LUKEN INC -> PUBLIX PHARMACY #2397 (LA),0.9815,1.0,0.0497,0.2764,1.5,24.7,34.1,0.0
JANSSEN PHARMACEUTICALS INC,GULF COAST MEDICAL SUPPLY,MEDICO PHARMACY #6767 (NC),NC,2,False,T1_REROUTE_EXISTING,MIAMI-LUKEN INC,JANSSEN PHARMACEUTICALS INC -> MIAMI-LUKEN INC -> MEDICO PHARMACY #6767 (NC),0.9815,1.0,0.0471,0.2753,1.5,49.5,67.9,0.0
MYLAN PHARMACEUTICALS INC,VALUEDRUGCO,HOMETOWN PHARMACY #6387 (NC),NC,2,False,T1_REROUTE_EXISTING,MIAMI-LUKEN INC,MYLAN PHARMACEUTICALS INC -> MIAMI-LUKEN INC -> HOMETOWN PHARMACY #6387 (NC),0.9815,1.0,0.0471,0.2753,1.5,49.5,67.9,0.0
TEVA PHARMACEUTICALS USA INC,HENRY SCHEIN INC,COMMUNITY PHARMACY #3782 (NC),NC,2,False,T1_REROUTE_EXISTING,MIAMI-LUKEN INC,TEVA PHARMACEUTICALS USA INC -> MIAMI-LUKEN INC -> COMMUNITY PHARMACY #3782 (NC),0.9815,1.0,0.0471,0.2753,1.5,49.5,67.9,0.0
WATSON LABORATORIES INC,SMITH DRUG COMPANY,QUALITY CARE PHARMACY #3035 (NY),NY,1,False,T1_REROUTE_EXISTING,CARDINAL HEALTH INC,WATSON LABORATORIES INC -> CARDINAL HEALTH INC -> QUALITY CARE PHARMACY #3035 (NY),0.8652,0.1959,0.0032,0.0974,1.5,24.7,34.1,0.0
HIKMA PHARMACEUTICALS,MCKESSON CORPORATION,PEOPLES PHARMACY #8932 (PA),PA,1,False,T1_REROUTE_EXISTING,MIAMI-LUKEN INC,HIKMA PHARMACEUTICALS -> MIAMI-LUKEN INC -> PEOPLES PHARMACY #8932 (PA),0.9815,1.0,0.0219,0.2652,1.5,24.7,34.1,0.0
WATSON LABORATORIES INC,PRESCRIPTION SUPPLY INC,RITE AID #9491 (IN),IN,2,False,T1_REROUTE_EXISTING,MIAMI-LUKEN INC,WATSON LABORATORIES INC -> MIAMI-LUKEN INC -> RITE AID #9491 (IN),0.9815,1.0,0.0312,0.269,1.5,49.5,67.9,0.0
RHODES TECHNOLOGIES,CARDINAL HEALTH INC,HOMETOWN PHARMACY #8152 (WV),WV,2,False,T1_REROUTE_EXISTING,MIAMI-LUKEN INC,RHODES TECHNOLOGIES -> MIAMI-LUKEN INC -> HOMETOWN PHARMACY #8152 (WV),0.9815,1.0,0.5743,0.4862,1.5,49.5,67.9,0.0
LANNETT COMPANY INC,KEYSOURCE MEDICAL INC,SUNRISE PHARMACY #4061 (MN),MN,2,False,T1_REROUTE_EXISTING,HENRY SCHEIN INC,LANNETT COMPANY INC -> HENRY SCHEIN INC -> SUNRISE PHARMACY #4061 (MN),0.8776,0.1299,0.0066,0.0779,1.5,49.5,67.9,0.0
ACTAVIS PHARMA INC,KEYSOURCE MEDICAL INC,PUBLIX PHARMACY #1697 (MI),MI,2,False,T1_REROUTE_EXISTING,MIAMI-LUKEN INC,ACTAVIS PHARMA INC -> MIAMI-LUKEN INC -> PUBLIX PHARMACY #1697 (MI),0.9815,1.0,0.0252,0.2666,1.5,49.5,67.9,0.0
PURDUE PHARMA LP,HD SMITH WHOLESALE DRUG CO,MAIN STREET PHARMACY #3156 (NE),NE,2,False,T1_REROUTE_EXISTING,MIAMI-LUKEN INC,PURDUE PHARMA LP -> MIAMI-LUKEN INC -> MAIN STREET PHARMACY #3156 (NE),0.9815,1.0,0.004,0.2581,1.5,49.5,67.9,0.0
TEVA PHARMACEUTICALS USA INC,KINRAY LLC,COMMUNITY PHARMACY #3782 (NC),NC,2,False,T1_REROUTE_EXISTING,MIAMI-LUKEN INC,TEVA PHARMACEUTICALS USA INC -> MIAMI-LUKEN INC -> COMMUNITY PHARMACY #3782 (NC),0.9815,1.0,0.0471,0.2753,1.5,49.5,67.9,0.0
HIKMA PHARMACEUTICALS,PRESCRIPTION SUPPLY INC,KROGER PHARMACY #8280 (OH),OH,2,False,T1_REROUTE_EXISTING,MIAMI-LUKEN INC,HIKMA PHARMACEUTICALS -> MIAMI-LUKEN INC -> KROGER PHARMACY #8280 (OH),0.9815,1.0,0.0308,0.2688,1.5,49.5,67.9,0.0
VINTAGE PHARMACEUTICALS LLC,KEYSOURCE MEDICAL INC,WALGREENS #3078 (MA),MA,1,False,T1_REROUTE_EXISTING,CARDINAL HEALTH INC,VINTAGE PHARMACEUTICALS LLC -> CARDINAL HEALTH INC -> WALGREENS #3078 (MA),0.8652,0.1959,0.0121,0.101,1.5,24.7,34.1,0.0
VINTAGE PHARMACEUTICALS LLC,DAKOTA DRUG INC,HOMETOWN PHARMACY #6305 (MN),MN,2,False,T1_REROUTE_EXISTING,MIAMI-LUKEN INC,VINTAGE PHARMACEUTICALS LLC -> MIAMI-LUKEN INC -> HOMETOWN PHARMACY #6305 (MN),0.9815,1.0,0.0013,0.257,1.5,49.5,67.9,0.0
SANDOZ INC,CARDINAL HEALTH INC,SUNRISE PHARMACY #7243 (WV),WV,2,False,T1_REROUTE_EXISTING,MIAMI-LUKEN INC,SANDOZ INC -> MIAMI-LUKEN INC -> SUNRISE PHARMACY #7243 (WV),0.9815,1.0,0.5743,0.4862,1.5,49.5,67.9,0.0
VINTAGE PHARMACEUTICALS LLC,DAKOTA DRUG INC,QUALITY CARE PHARMACY #5369 (AK),AK,2,False,T1_REROUTE_EXISTING,MIAMI-LUKEN INC,VINTAGE PHARMACEUTICALS LLC -> MIAMI-LUKEN INC -> QUALITY CARE PHARMACY #5369 (AK),0.9815,1.0,0.0026,0.2575,1.5,49.5,67.9,0.0
CADISTA PHARMACEUTICALS INC,HD SMITH WHOLESALE DRUG CO,COMMUNITY PHARMACY #4144 (GA),GA,2,False,T1_REROUTE_EXISTING,MORRIS & DICKSON CO LLC,CADISTA PHARMACEUTICALS INC -> MORRIS & DICKSON CO LLC -> COMMUNITY PHARMACY #4144 (GA),0.872,0.1241,0.0053,0.0779,1.5,49.5,67.9,0.0
MYLAN PHARMACEUTICALS INC,DAKOTA DRUG INC,CVS PHARMACY #5523 (NC),NC,2,False,T1_REROUTE_EXISTING,MIAMI-LUKEN INC,MYLAN PHARMACEUTICALS INC -> MIAMI-LUKEN INC -> CVS PHARMACY #5523 (NC),0.9815,1.0,0.0471,0.2753,1.5,49.5,67.9,0.0
SUN PHARMA GLOBAL INC,PRESCRIPTION SUPPLY INC,FAMILY CARE PHARMACY #7793 (MO),MO,2,False,T1_REROUTE_EXISTING,MIAMI-LUKEN INC,SUN PHARMA GLOBAL INC -> MIAMI-LUKEN INC -> FAMILY CARE PHARMACY #7793 (MO),0.9815,1.0,0.0026,0.2575,1.5,49.5,67.9,0.0
TEVA PHARMACEUTICALS USA INC,HD SMITH WHOLESALE DRUG CO,HARRIS TEETER PHARMACY #6063 (NC),NC,2,False,T1_REROUTE_EXISTING,MIAMI-LUKEN INC,TEVA PHARMACEUTICALS USA INC -> MIAMI-LUKEN INC -> HARRIS TEETER PHARMACY #6063 (NC),0.9815,1.0,0.0471,0.2753,1.5,49.5,67.9,0.0
HIKMA PHARMACEUTICALS,HD SMITH WHOLESALE DRUG CO,SUNRISE PHARMACY #9849 (CO),CO,2,False,T1_REROUTE_EXISTING,MIAMI-LUKEN INC,HIKMA PHARMACEUTICALS -> MIAMI-LUKEN INC -> SUNRISE PHARMACY #9849 (CO),0.9815,1.0,0.001,0.2569,1.5,49.5,67.9,0.0
MALLINCKRODT LLC,PRESCRIPTION SUPPLY INC,HARRIS TEETER PHARMACY #6063 (NC),NC,3,False,T1_REROUTE_EXISTING,MIAMI-LUKEN INC,MALLINCKRODT LLC -> MIAMI-LUKEN INC -> HARRIS TEETER PHARMACY #6063 (NC),0.9815,1.0,0.0471,0.2753,1.5,74.3,102.0,0.0
CADISTA PHARMACEUTICALS INC,NATIONAL WHOLESALE DRUG CO INC,CVS PHARMACY #4698 (OH),OH,2,False,T1_REROUTE_EXISTING,MIAMI-LUKEN INC,CADISTA PHARMACEUTICALS INC -> MIAMI-LUKEN INC -> CVS PHARMACY #4698 (OH),0.9815,1.0,0.0308,0.2688,1.5,49.5,67.9,0.0
SUN PHARMA GLOBAL INC,ANDA INC,GOOD NEIGHBOR PHARMACY #8685 (FL),FL,2,False,T1_REROUTE_EXISTING,MIAMI-LUKEN INC,SUN PHARMA GLOBAL INC -> MIAMI-LUKEN INC -> GOOD NEIGHBOR PHARMACY #8685 (FL),0.9815,1.0,0.0082,0.2598,1.5,49.5,67.9,0.0
ENDO PHARMACEUTICALS INC,VALUEDRUGCO,QUALITY CARE PHARMACY #5940 (HI),HI,2,False,T1_REROUTE_EXISTING,MCKESSON CORPORATION,ENDO PHARMACEUTICALS INC -> MCKESSON CORPORATION -> QUALITY CARE PHARMACY #5940 (HI),0.8788,0.1815,0.0143,0.0935,1.5,49.5,67.9,0.0
ACTAVIS PHARMA INC,MCKESSON CORPORATION,HOMETOWN PHARMACY #2658 (AL),AL,2,False,T1_REROUTE_EXISTING,DIRECT RX,ACTAVIS PHARMA INC -> DIRECT RX -> HOMETOWN PHARMACY #2658 (AL),0.8585,0.1504,0.0069,0.0899,1.5,49.5,67.9,0.0
ACTAVIS PHARMA INC,HENRY SCHEIN INC,GOOD NEIGHBOR PHARMACY #6129 (NC),NC,2,False,T1_REROUTE_EXISTING,MIAMI-LUKEN INC,ACTAVIS PHARMA INC -> MIAMI-LUKEN INC -> GOOD NEIGHBOR PHARMACY #6129 (NC),0.9815,1.0,0.0471,0.2753,1.5,49.5,67.9,0.0
TEVA PHARMACEUTICALS USA INC,HD SMITH WHOLESALE DRUG CO,HOMETOWN PHARMACY #3673 (VA),VA,2,False,T1_REROUTE_EXISTING,MIAMI-LUKEN INC,TEVA PHARMACEUTICALS USA INC -> MIAMI-LUKEN INC -> HOMETOWN PHARMACY #3673 (VA),0.9815,1.0,0.0162,0.2629,1.5,49.5,67.9,0.0
ENDO PHARMACEUTICALS INC,GULF COAST MEDICAL SUPPLY,WINN-DIXIE PHARMACY #2880 (MI),MI,2,False,T1_REROUTE_EXISTING,MIAMI-LUKEN INC,ENDO PHARMACEUTICALS INC -> MIAMI-LUKEN INC -> WINN-DIXIE PHARMACY #2880 (MI),0.9815,1.0,0.0252,0.2666,1.5,49.5,67.9,0.0
RHODES TECHNOLOGIES,CARDINAL HEALTH INC,HOMETOWN PHARMACY #8152 (WV),WV,2,False,T1_REROUTE_EXISTING,MIAMI-LUKEN INC,RHODES TECHNOLOGIES -> MIAMI-LUKEN INC -> HOMETOWN PHARMACY #8152 (WV),0.9815,1.0,0.5743,0.4862,1.5,49.5,67.9,0.0
SANDOZ INC,SMITH DRUG COMPANY,WALMART PHARMACY #2988 (IA),IA,2,False,T1_REROUTE_EXISTING,CARDINAL HEALTH INC,SANDOZ INC -> CARDINAL HEALTH INC -> WALMART PHARMACY #2988 (IA),0.8652,0.1959,0.0139,0.1017,1.5,49.5,67.9,0.0
LANNETT COMPANY INC,NATIONAL WHOLESALE DRUG CO INC,QUALITY CARE PHARMACY #3338 (WV),WV,2,False,T1_REROUTE_EXISTING,MIAMI-LUKEN INC,LANNETT COMPANY INC -> MIAMI-LUKEN INC -> QUALITY CARE PHARMACY #3338 (WV),0.9815,1.0,0.5743,0.4862,1.5,49.5,67.9,0.0
LANNETT COMPANY INC,VALUEDRUGCO,QUALITY CARE PHARMACY #8443 (AZ),AZ,2,False,T1_REROUTE_EXISTING,ANDA INC,LANNETT COMPANY INC -> ANDA INC -> QUALITY CARE PHARMACY #8443 (AZ),0.8679,0.1459,0.0121,0.0876,1.5,49.5,67.9,0.0
PAR PHARMACEUTICAL INC,CARDINAL HEALTH INC,WALMART PHARMACY #9392 (NM),NM,1,False,T1_REROUTE_EXISTING,MIAMI-LUKEN INC,PAR PHARMACEUTICAL INC -> MIAMI-LUKEN INC -> WALMART PHARMACY #9392 (NM),0.9815,1.0,0.0023,0.2574,1.5,24.7,34.1,0.0
ENDO PHARMACEUTICALS INC,AMERISOURCEBERGEN DRUG CORP,MEDICO PHARMACY #5392 (NC),NC,2,False,T1_REROUTE_EXISTING,MIAMI-LUKEN INC,ENDO PHARMACEUTICALS INC -> MIAMI-LUKEN INC -> MEDICO PHARMACY #5392 (NC),0.9815,1.0,0.0471,0.2753,1.5,49.5,67.9,0.0
MYLAN PHARMACEUTICALS INC,ANDA INC,HOMETOWN PHARMACY #6387 (NC),NC,2,False,T1_REROUTE_EXISTING,MIAMI-LUKEN INC,MYLAN PHARMACEUTICALS INC -> MIAMI-LUKEN INC -> HOMETOWN PHARMACY #6387 (NC),0.9815,1.0,0.0471,0.2753,1.5,49.5,67.9,0.0
SUN PHARMA GLOBAL INC,HENRY SCHEIN INC,PEOPLES PHARMACY #3960 (WY),WY,2,False,T1_REROUTE_EXISTING,MIAMI-LUKEN INC,SUN PHARMA GLOBAL INC -> MIAMI-LUKEN INC -> PEOPLES PHARMACY #3960 (WY),0.9815,1.0,0.0038,0.258,1.5,49.5,67.9,0.0
TEVA PHARMACEUTICALS USA INC,HD SMITH WHOLESALE DRUG CO,HARRIS TEETER PHARMACY #6063 (NC),NC,2,False,T1_REROUTE_EXISTING,MIAMI-LUKEN INC,TEVA PHARMACEUTICALS USA INC -> MIAMI-LUKEN INC -> HARRIS TEETER PHARMACY #6063 (NC),0.9815,1.0,0.0471,0.2753,1.5,49.5,67.9,0.0
RHODES TECHNOLOGIES,BURLINGTON DRUG COMPANY INC,HOMETOWN PHARMACY #5569 (NC),NC,2,False,T1_REROUTE_EXISTING,MIAMI-LUKEN INC,RHODES TECHNOLOGIES -> MIAMI-LUKEN INC -> HOMETOWN PHARMACY #5569 (NC),0.9815,1.0,0.0471,0.2753,1.5,49.5,67.9,0.0
JANSSEN PHARMACEUTICALS INC,NATIONAL WHOLESALE DRUG CO INC,QUALITY CARE PHARMACY #8199 (WV),WV,2,False,T1_REROUTE_EXISTING,MIAMI-LUKEN INC,JANSSEN PHARMACEUTICALS INC -> MIAMI-LUKEN INC -> QUALITY CARE PHARMACY #8199 (WV),0.9815,1.0,0.5743,0.4862,1.5,49.5,67.9,0.0
MYLAN PHARMACEUTICALS INC,GULF COAST MEDICAL SUPPLY,SUNRISE PHARMACY #8999 (NC),NC,2,False,T1_REROUTE_EXISTING,MIAMI-LUKEN INC,MYLAN PHARMACEUTICALS INC -> MIAMI-LUKEN INC -> SUNRISE PHARMACY #8999 (NC),0.9815,1.0,0.0471,0.2753,1.5,49.5,67.9,0.0
WATSON LABORATORIES INC,DAKOTA DRUG INC,RITE AID #8888 (NY),NY,1,False,T1_REROUTE_EXISTING,CARDINAL HEALTH INC,WATSON LABORATORIES INC -> CARDINAL HEALTH INC -> RITE AID #8888 (NY),0.8652,0.1959,0.0032,0.0974,1.5,24.7,34.1,0.0
AMNEAL PHARMACEUTICALS LLC,HENRY SCHEIN INC,MAIN STREET PHARMACY #1922 (VT),VT,3,False,T1_REROUTE_EXISTING,BURLINGTON DRUG COMPANY INC,AMNEAL PHARMACEUTICALS LLC -> BURLINGTON DRUG COMPANY INC -> MAIN STREET PHARMACY #1922 (VT),0.8768,0.1637,0.0151,0.0901,1.5,74.3,102.0,0.0
TEVA PHARMACEUTICALS USA INC,CARDINAL HEALTH INC,PUBLIX PHARMACY #2769 (WV),WV,2,False,T1_REROUTE_EXISTING,MIAMI-LUKEN INC,TEVA PHARMACEUTICALS USA INC -> MIAMI-LUKEN INC -> PUBLIX PHARMACY #2769 (WV),0.9815,1.0,0.5743,0.4862,1.5,49.5,67.9,0.0
AMNEAL PHARMACEUTICALS LLC,BELLCO DRUG CORP,KROGER PHARMACY #1887 (KY),KY,2,False,T1_REROUTE_EXISTING,MIAMI-LUKEN INC,AMNEAL PHARMACEUTICALS LLC -> MIAMI-LUKEN INC -> KROGER PHARMACY #1887 (KY),0.9815,1.0,0.0243,0.2662,1.5,49.5,67.9,0.0
WATSON LABORATORIES INC,DAKOTA DRUG INC,SUNRISE PHARMACY #1845 (LA),LA,3,False,T1_REROUTE_EXISTING,MIAMI-LUKEN INC,WATSON LABORATORIES INC -> MIAMI-LUKEN INC -> SUNRISE PHARMACY #1845 (LA),0.9815,1.0,0.0497,0.2764,1.5,74.3,102.0,0.0
TEVA PHARMACEUTICALS USA INC,MORRIS & DICKSON CO LLC,PEOPLES PHARMACY #4637 (MA),MA,2,False,T1_REROUTE_EXISTING,ANDA INC,TEVA PHARMACEUTICALS USA INC -> ANDA INC -> PEOPLES PHARMACY #4637 (MA),0.8679,0.1459,0.0048,0.0846,1.5,49.5,67.9,0.0
MALLINCKRODT LLC,AMERISOURCEBERGEN DRUG CORP,QUALITY CARE PHARMACY #5232 (TN),TN,2,False,T1_REROUTE_EXISTING,MIAMI-LUKEN INC,MALLINCKRODT LLC -> MIAMI-LUKEN INC -> QUALITY CARE PHARMACY #5232 (TN),0.9815,1.0,0.0288,0.268,1.5,49.5,67.9,0.0
CADISTA PHARMACEUTICALS INC,DIRECT RX,MAIN STREET PHARMACY #6506 (GA),GA,2,False,T1_REROUTE_EXISTING,CARDINAL HEALTH INC,CADISTA PHARMACEUTICALS INC -> CARDINAL HEALTH INC -> MAIN STREET PHARMACY #6506 (GA),0.8652,0.1959,0.0031,0.0974,1.5,49.5,67.9,0.0
AMNEAL PHARMACEUTICALS LLC,VALUEDRUGCO,KROGER PHARMACY #6824 (NE),NE,2,False,T1_REROUTE_EXISTING,MIAMI-LUKEN INC,AMNEAL PHARMACEUTICALS LLC -> MIAMI-LUKEN INC -> KROGER PHARMACY #6824 (NE),0.9815,1.0,0.004,0.2581,1.5,49.5,67.9,0.0
TEVA PHARMACEUTICALS USA INC,DAKOTA DRUG INC,COMMUNITY PHARMACY #3782 (NC),NC,2,False,T1_REROUTE_EXISTING,MIAMI-LUKEN INC,TEVA PHARMACEUTICALS USA INC -> MIAMI-LUKEN INC -> COMMUNITY PHARMACY #3782 (NC),0.9815,1.0,0.0471,0.2753,1.5,49.5,67.9,0.0
MALLINCKRODT LLC,PRESCRIPTION SUPPLY INC,PUBLIX PHARMACY #2055 (NC),NC,2,False,T1_REROUTE_EXISTING,MIAMI-LUKEN INC,MALLINCKRODT LLC -> MIAMI-LUKEN INC -> PUBLIX PHARMACY #2055 (NC),0.9815,1.0,0.0471,0.2753,1.5,49.5,67.9,0.0
ABBOTT LABORATORIES,PENN PHARMACEUTICAL SERVICES INC,SUNRISE PHARMACY #7702 (NC),NC,3,False,T1_REROUTE_EXISTING,MIAMI-LUKEN INC,ABBOTT LABORATORIES -> MIAMI-LUKEN INC -> SUNRISE PHARMACY #7702 (NC),0.9815,1.0,0.0471,0.2753,1.5,74.3,102.0,0.0
PAR PHARMACEUTICAL INC,PENN PHARMACEUTICAL SERVICES INC,PEOPLES PHARMACY #4297 (TN),TN,1,False,T1_REROUTE_EXISTING,MIAMI-LUKEN INC,PAR PHARMACEUTICAL INC -> MIAMI-LUKEN INC -> PEOPLES PHARMACY #4297 (TN),0.9815,1.0,0.0288,0.268,1.5,24.7,34.1,0.0
RHODES TECHNOLOGIES,MIAMI-LUKEN INC,WALMART PHARMACY #3253 (WY),WY,2,False,T1_REROUTE_EXISTING,CARDINAL HEALTH INC,RHODES TECHNOLOGIES -> CARDINAL HEALTH INC -> WALMART PHARMACY #3253 (WY),0.8652,0.1959,0.0048,0.0981,1.5,49.5,67.9,0.0
RHODES TECHNOLOGIES,NATIONAL WHOLESALE DRUG CO INC,WINN-DIXIE PHARMACY #3112 (LA),LA,1,False,T1_REROUTE_EXISTING,MIAMI-LUKEN INC,RHODES TECHNOLOGIES -> MIAMI-LUKEN INC -> WINN-DIXIE PHARMACY #3112 (LA),0.9815,1.0,0.0497,0.2764,1.5,24.7,34.1,0.0
JANSSEN PHARMACEUTICALS INC,DAKOTA DRUG INC,WALMART PHARMACY #6240 (NC),NC,2,False,T1_REROUTE_EXISTING,MIAMI-LUKEN INC,JANSSEN PHARMACEUTICALS INC -> MIAMI-LUKEN INC -> WALMART PHARMACY #6240 (NC),0.9815,1.0,0.0471,0.2753,1.5,49.5,67.9,0.0
MALLINCKRODT LLC,MIAMI-LUKEN INC,PUBLIX PHARMACY #2055 (NC),NC,2,False,T1_REROUTE_EXISTING,DIRECT RX,MALLINCKRODT LLC -> DIRECT RX -> PUBLIX PHARMACY #2055 (NC),0.8585,0.1504,0.1003,0.1273,1.5,49.5,67.9,0.0
JANSSEN PHARMACEUTICALS INC,DAKOTA DRUG INC,HOMETOWN PHARMACY #8469 (NC),NC,3,False,T1_REROUTE_EXISTING,MIAMI-LUKEN INC,JANSSEN PHARMACEUTICALS INC -> MIAMI-LUKEN INC -> HOMETOWN PHARMACY #8469 (NC),0.9815,1.0,0.0471,0.2753,1.5,74.3,102.0,0.0
SANDOZ INC,DAKOTA DRUG INC,GOOD NEIGHBOR PHARMACY #2150 (CA),CA,1,False,T1_REROUTE_EXISTING,CARDINAL HEALTH INC,SANDOZ INC -> CARDINAL HEALTH INC -> GOOD NEIGHBOR PHARMACY #2150 (CA),0.8652,0.1959,0.0065,0.0988,1.5,24.7,34.1,0.0
TEVA PHARMACEUTICALS USA INC,CARDINAL HEALTH INC,COMMUNITY PHARMACY #3782 (NC),NC,2,False,T1_REROUTE_EXISTING,MIAMI-LUKEN INC,TEVA PHARMACEUTICALS USA INC -> MIAMI-LUKEN INC -> COMMUNITY PHARMACY #3782 (NC),0.9815,1.0,0.0471,0.2753,1.5,49.5,67.9,0.0
ABBOTT LABORATORIES,BURLINGTON DRUG COMPANY INC,CORNER DRUG STORE #5404 (NE),NE,1,False,T1_REROUTE_EXISTING,MIAMI-LUKEN INC,ABBOTT LABORATORIES -> MIAMI-LUKEN INC -> CORNER DRUG STORE #5404 (NE),0.9815,1.0,0.004,0.2581,1.5,24.7,34.1,0.0
RHODES TECHNOLOGIES,PRESCRIPTION SUPPLY INC,VILLAGE PHARMACY #2361 (VT),VT,2,False,T1_REROUTE_EXISTING,BURLINGTON DRUG COMPANY INC,RHODES TECHNOLOGIES -> BURLINGTON DRUG COMPANY INC -> VILLAGE PHARMACY #2361 (VT),0.8768,0.1637,0.0151,0.0901,1.5,49.5,67.9,0.0
ENDO PHARMACEUTICALS INC,KEYSOURCE MEDICAL INC,HOMETOWN PHARMACY #8469 (NC),NC,2,False,T1_REROUTE_EXISTING,MIAMI-LUKEN INC,ENDO PHARMACEUTICALS INC -> MIAMI-LUKEN INC -> HOMETOWN PHARMACY #8469 (NC),0.9815,1.0,0.0471,0.2753,1.5,49.5,67.9,0.0
ABBOTT LABORATORIES,MIAMI-LUKEN INC,WALGREENS #2651 (GA),GA,2,False,T1_REROUTE_EXISTING,DAKOTA DRUG INC,ABBOTT LABORATORIES -> DAKOTA DRUG INC -> WALGREENS #2651 (GA),0.8719,0.1818,0.0119,0.095,1.5,49.5,67.9,0.0
WATSON LABORATORIES INC,KEYSOURCE MEDICAL INC,WALGREENS #8194 (VT),VT,2,False,T1_REROUTE_EXISTING,KINRAY LLC,WATSON LABORATORIES INC -> KINRAY LLC -> WALGREENS #8194 (VT),0.8683,0.1632,0.028,0.0981,1.5,49.5,67.9,0.0
PURDUE PHARMA LP,PRESCRIPTION SUPPLY INC,WALGREENS #7353 (OK),OK,1,False,T1_REROUTE_EXISTING,MIAMI-LUKEN INC,PURDUE PHARMA LP -> MIAMI-LUKEN INC -> WALGREENS #7353 (OK),0.9815,1.0,0.0072,0.2594,1.5,24.7,34.1,0.0
PAR PHARMACEUTICAL INC,BURLINGTON DRUG COMPANY INC,GOOD NEIGHBOR PHARMACY #6272 (NC),NC,3,False,T1_REROUTE_EXISTING,MIAMI-LUKEN INC,PAR PHARMACEUTICAL INC -> MIAMI-LUKEN INC -> GOOD NEIGHBOR PHARMACY #6272 (NC),0.9815,1.0,0.0471,0.2753,1.5,74.3,102.0,0.0
JANSSEN PHARMACEUTICALS INC,MIAMI-LUKEN INC,CVS PHARMACY #6846 (NH),NH,2,False,T1_REROUTE_EXISTING,HENRY SCHEIN INC,JANSSEN PHARMACEUTICALS INC -> HENRY SCHEIN INC -> CVS PHARMACY #6846 (NH),0.8776,0.1299,0.0121,0.0801,1.5,49.5,67.9,0.0
ABBOTT LABORATORIES,PENN PHARMACEUTICAL SERVICES INC,HARRIS TEETER PHARMACY #6758 (NC),NC,2,False,T1_REROUTE_EXISTING,MIAMI-LUKEN INC,ABBOTT LABORATORIES -> MIAMI-LUKEN INC -> HARRIS TEETER PHARMACY #6758 (NC),0.9815,1.0,0.0471,0.2753,1.5,49.5,67.9,0.0
MALLINCKRODT LLC,CARDINAL HEALTH INC,PUBLIX PHARMACY #2055 (NC),NC,2,False,T1_REROUTE_EXISTING,MIAMI-LUKEN INC,MALLINCKRODT LLC -> MIAMI-LUKEN INC -> PUBLIX PHARMACY #2055 (NC),0.9815,1.0,0.0471,0.2753,1.5,49.5,67.9,0.0
MYLAN PHARMACEUTICALS INC,PENN PHARMACEUTICAL SERVICES INC,HOMETOWN PHARMACY #6387 (NC),NC,2,False,T1_REROUTE_EXISTING,MIAMI-LUKEN INC,MYLAN PHARMACEUTICALS INC -> MIAMI-LUKEN INC -> HOMETOWN PHARMACY #6387 (NC),0.9815,1.0,0.0471,0.2753,1.5,49.5,67.9,0.0
ENDO PHARMACEUTICALS INC,DIRECT RX,PUBLIX PHARMACY #6736 (TN),TN,1,False,T1_REROUTE_EXISTING,MIAMI-LUKEN INC,ENDO PHARMACEUTICALS INC -> MIAMI-LUKEN INC -> PUBLIX PHARMACY #6736 (TN),0.9815,1.0,0.0288,0.268,1.5,24.7,34.1,0.0
RHODES TECHNOLOGIES,KINRAY LLC,HOMETOWN PHARMACY #8152 (WV),WV,2,False,T1_REROUTE_EXISTING,MIAMI-LUKEN INC,RHODES TECHNOLOGIES -> MIAMI-LUKEN INC -> HOMETOWN PHARMACY #8152 (WV),0.9815,1.0,0.5743,0.4862,1.5,49.5,67.9,0.0
SANDOZ INC,BURLINGTON DRUG COMPANY INC,SUNRISE PHARMACY #7243 (WV),WV,2,False,T1_REROUTE_EXISTING,MIAMI-LUKEN INC,SANDOZ INC -> MIAMI-LUKEN INC -> SUNRISE PHARMACY #7243 (WV),0.9815,1.0,0.5743,0.4862,1.5,49.5,67.9,0.0
HIKMA PHARMACEUTICALS,PRESCRIPTION SUPPLY INC,WALMART PHARMACY #6240 (NC),NC,2,False,T1_REROUTE_EXISTING,MIAMI-LUKEN INC,HIKMA PHARMACEUTICALS -> MIAMI-LUKEN INC -> WALMART PHARMACY #6240 (NC),0.9815,1.0,0.0471,0.2753,1.5,49.5,67.9,0.0
WATSON LABORATORIES INC,DIRECT RX,PUBLIX PHARMACY #2769 (WV),WV,4,False,T1_REROUTE_EXISTING,MIAMI-LUKEN INC,WATSON LABORATORIES INC -> MIAMI-LUKEN INC -> PUBLIX PHARMACY #2769 (WV),0.9815,1.0,0.5743,0.4862,1.5,99.4,132.0,0.0
JANSSEN PHARMACEUTICALS INC,GULF COAST MEDICAL SUPPLY,MEDICO PHARMACY #6767 (NC),NC,2,False,T1_REROUTE_EXISTING,MIAMI-LUKEN INC,JANSSEN PHARMACEUTICALS INC -> MIAMI-LUKEN INC -> MEDICO PHARMACY #6767 (NC),0.9815,1.0,0.0471,0.2753,1.5,49.5,67.9,0.0
AMNEAL PHARMACEUTICALS LLC,BELLCO DRUG CORP,KROGER PHARMACY #9499 (WI),WI,1,False,T1_REROUTE_EXISTING,MIAMI-LUKEN INC,AMNEAL PHARMACEUTICALS LLC -> MIAMI-LUKEN INC -> KROGER PHARMACY #9499 (WI),0.9815,1.0,0.0014,0.257,1.5,24.7,34.1,0.0
ACTAVIS PHARMA INC,PENN PHARMACEUTICAL SERVICES INC,HEALTH MART PHARMACY #8816 (AR),AR,1,False,T1_REROUTE_EXISTING,KINRAY LLC,ACTAVIS PHARMA INC -> KINRAY LLC -> HEALTH MART PHARMACY #8816 (AR),0.8683,0.1632,0.0129,0.0921,1.5,24.7,34.1,0.0
JANSSEN PHARMACEUTICALS INC,AMERISOURCEBERGEN DRUG CORP,HOMETOWN PHARMACY #8469 (NC),NC,2,False,T1_REROUTE_EXISTING,MIAMI-LUKEN INC,JANSSEN PHARMACEUTICALS INC -> MIAMI-LUKEN INC -> HOMETOWN PHARMACY #8469 (NC),0.9815,1.0,0.0471,0.2753,1.5,49.5,67.9,0.0
JANSSEN PHARMACEUTICALS INC,BELLCO DRUG CORP,QUALITY CARE PHARMACY #8199 (WV),WV,2,False,T1_REROUTE_EXISTING,MIAMI-LUKEN INC,JANSSEN PHARMACEUTICALS INC -> MIAMI-LUKEN INC -> QUALITY CARE PHARMACY #8199 (WV),0.9815,1.0,0.5743,0.4862,1.5,49.5,67.9,0.0
SUN PHARMA GLOBAL INC,MORRIS & DICKSON CO LLC,CVS PHARMACY #8013 (MD),MD,2,False,T1_REROUTE_EXISTING,CARDINAL HEALTH INC,SUN PHARMA GLOBAL INC -> CARDINAL HEALTH INC -> CVS PHARMACY #8013 (MD),0.8652,0.1959,0.0087,0.0996,1.5,49.5,67.9,0.0
SUN PHARMA GLOBAL INC,VALUEDRUGCO,PEOPLES PHARMACY #2912 (WV),WV,2,False,T1_REROUTE_EXISTING,MIAMI-LUKEN INC,SUN PHARMA GLOBAL INC -> MIAMI-LUKEN INC -> PEOPLES PHARMACY #2912 (WV),0.9815,1.0,0.5743,0.4862,1.5,49.5,67.9,0.0
ACTAVIS PHARMA INC,SMITH DRUG COMPANY,PEOPLES PHARMACY #6007 (WV),WV,2,False,T1_REROUTE_EXISTING,MIAMI-LUKEN INC,ACTAVIS PHARMA INC -> MIAMI-LUKEN INC -> PEOPLES PHARMACY #6007 (WV),0.9815,1.0,0.5743,0.4862,1.5,49.5,67.9,0.0
ENDO PHARMACEUTICALS INC,HENRY SCHEIN INC,WALMART PHARMACY #1339 (NC),NC,2,False,T1_REROUTE_EXISTING,MIAMI-LUKEN INC,ENDO PHARMACEUTICALS INC -> MIAMI-LUKEN INC -> WALMART PHARMACY #1339 (NC),0.9815,1.0,0.0471,0.2753,1.5,49.5,67.9,0.0
ACTAVIS PHARMA INC,PENN PHARMACEUTICAL SERVICES INC,WALGREENS #6346 (OH),OH,2,False,T1_REROUTE_EXISTING,MIAMI-LUKEN INC,ACTAVIS PHARMA INC -> MIAMI-LUKEN INC -> WALGREENS #6346 (OH),0.9815,1.0,0.0308,0.2688,1.5,49.5,67.9,0.0
ENDO PHARMACEUTICALS INC,AMERISOURCEBERGEN DRUG CORP,KROGER PHARMACY #4300 (VA),VA,2,False,T1_REROUTE_EXISTING,MIAMI-LUKEN INC,ENDO PHARMACEUTICALS INC -> MIAMI-LUKEN INC -> KROGER PHARMACY #4300 (VA),0.9815,1.0,0.0162,0.2629,1.5,49.5,67.9,0.0
ACTAVIS PHARMA INC,AMERISOURCEBERGEN DRUG CORP,WALMART PHARMACY #7653 (PA),PA,1,False,T1_REROUTE_EXISTING,MIAMI-LUKEN INC,ACTAVIS PHARMA INC -> MIAMI-LUKEN INC -> WALMART PHARMACY #7653 (PA),0.9815,1.0,0.0219,0.2652,1.5,24.7,34.1,0.0
WATSON LABORATORIES INC,KEYSOURCE MEDICAL INC,RITE AID #9322 (LA),LA,2,False,T1_REROUTE_EXISTING,MIAMI-LUKEN INC,WATSON LABORATORIES INC -> MIAMI-LUKEN INC -> RITE AID #9322 (LA),0.9815,1.0,0.0497,0.2764,1.5,49.5,67.9,0.0
JANSSEN PHARMACEUTICALS INC,HD SMITH WHOLESALE DRUG CO,WALMART PHARMACY #6240 (NC),NC,2,False,T1_REROUTE_EXISTING,MIAMI-LUKEN INC,JANSSEN PHARMACEUTICALS INC -> MIAMI-LUKEN INC -> WALMART PHARMACY #6240 (NC),0.9815,1.0,0.0471,0.2753,1.5,49.5,67.9,0.0
PURDUE PHARMA LP,KINRAY LLC,CVS PHARMACY #2485 (OH),OH,2,False,T1_REROUTE_EXISTING,MIAMI-LUKEN INC,PURDUE PHARMA LP -> MIAMI-LUKEN INC -> CVS PHARMACY #2485 (OH),0.9815,1.0,0.0308,0.2688,1.5,49.5,67.9,0.0
HIKMA PHARMACEUTICALS,HENRY SCHEIN INC,FAMILY CARE PHARMACY #5152 (MI),MI,2,False,T1_REROUTE_EXISTING,MIAMI-LUKEN INC,HIKMA PHARMACEUTICALS -> MIAMI-LUKEN INC -> FAMILY CARE PHARMACY #5152 (MI),0.9815,1.0,0.0252,0.2666,1.5,49.5,67.9,0.0
JANSSEN PHARMACEUTICALS INC,HENRY SCHEIN INC,WALGREENS #8132 (IL),IL,3,False,T1_REROUTE_EXISTING,MIAMI-LUKEN INC,JANSSEN PHARMACEUTICALS INC -> MIAMI-LUKEN INC -> WALGREENS #8132 (IL),0.9815,1.0,0.0012,0.2569,1.5,74.3,102.0,0.0
JANSSEN PHARMACEUTICALS INC,VALUEDRUGCO,WALMART PHARMACY #6240 (NC),NC,2,False,T1_REROUTE_EXISTING,MIAMI-LUKEN INC,JANSSEN PHARMACEUTICALS INC -> MIAMI-LUKEN INC -> WALMART PHARMACY #6240 (NC),0.9815,1.0,0.0471,0.2753,1.5,49.5,67.9,0.0
IMPAX LABORATORIES INC,DAKOTA DRUG INC,CVS PHARMACY #5523 (NC),NC,2,False,T1_REROUTE_EXISTING,MIAMI-LUKEN INC,IMPAX LABORATORIES INC -> MIAMI-LUKEN INC -> CVS PHARMACY #5523 (NC),0.9815,1.0,0.0471,0.2753,1.5,49.5,67.9,0.0
ABBOTT LABORATORIES,DAKOTA DRUG INC,HARRIS TEETER PHARMACY #6758 (NC),NC,2,False,T1_REROUTE_EXISTING,MIAMI-LUKEN INC,ABBOTT LABORATORIES -> MIAMI-LUKEN INC -> HARRIS TEETER PHARMACY #6758 (NC),0.9815,1.0,0.0471,0.2753,1.5,49.5,67.9,0.0
JANSSEN PHARMACEUTICALS INC,AMERISOURCEBERGEN DRUG CORP,VILLAGE PHARMACY #9397 (NC),NC,2,False,T1_REROUTE_EXISTING,MIAMI-LUKEN INC,JANSSEN PHARMACEUTICALS INC -> MIAMI-LUKEN INC -> VILLAGE PHARMACY #9397 (NC),0.9815,1.0,0.0471,0.2753,1.5,49.5,67.9,0.0
ENDO PHARMACEUTICALS INC,KINRAY LLC,HARRIS TEETER PHARMACY #3473 (WV),WV,2,False,T1_REROUTE_EXISTING,MIAMI-LUKEN INC,ENDO PHARMACEUTICALS INC -> MIAMI-LUKEN INC -> HARRIS TEETER PHARMACY #3473 (WV),0.9815,1.0,0.5743,0.4862,1.5,49.5,67.9,0.0
SUN PHARMA GLOBAL INC,BURLINGTON DRUG COMPANY INC,WALGREENS #4290 (MD),MD,2,False,T1_REROUTE_EXISTING,DIRECT RX,SUN PHARMA GLOBAL INC -> DIRECT RX -> WALGREENS #4290 (MD),0.8585,0.1504,0.0075,0.0901,1.5,49.5,67.9,0.0
VINTAGE PHARMACEUTICALS LLC,HD SMITH WHOLESALE DRUG CO,QUALITY CARE PHARMACY #6507 (NC),NC,2,False,T1_REROUTE_EXISTING,MIAMI-LUKEN INC,VINTAGE PHARMACEUTICALS LLC -> MIAMI-LUKEN INC -> QUALITY CARE PHARMACY #6507 (NC),0.9815,1.0,0.0471,0.2753,1.5,49.5,67.9,0.0
WATSON LABORATORIES INC,MCKESSON CORPORATION,HOMETOWN PHARMACY #5099 (MD),MD,1,False,T1_REROUTE_EXISTING,DAKOTA DRUG INC,WATSON LABORATORIES INC -> DAKOTA DRUG INC -> HOMETOWN PHARMACY #5099 (MD),0.8719,0.1818,0.0076,0.0933,1.5,24.7,34.1,0.0
QUALITEST PHARMACEUTICALS,CARDINAL HEALTH INC,QUALITY CARE PHARMACY #3071 (KY),KY,2,False,T1_REROUTE_EXISTING,MIAMI-LUKEN INC,QUALITEST PHARMACEUTICALS -> MIAMI-LUKEN INC -> QUALITY CARE PHARMACY #3071 (KY),0.9815,1.0,0.0243,0.2662,1.5,49.5,67.9,0.0
HIKMA PHARMACEUTICALS,KEYSOURCE MEDICAL INC,WALGREENS #1607 (WY),WY,2,False,T1_REROUTE_EXISTING,MIAMI-LUKEN INC,HIKMA PHARMACEUTICALS -> MIAMI-LUKEN INC -> WALGREENS #1607 (WY),0.9815,1.0,0.0038,0.258,1.5,49.5,67.9,0.0
CADISTA PHARMACEUTICALS INC,MCKESSON CORPORATION,FAMILY CARE PHARMACY #6977 (NC),NC,3,False,T1_REROUTE_EXISTING,MIAMI-LUKEN INC,CADISTA PHARMACEUTICALS INC -> MIAMI-LUKEN INC -> FAMILY CARE PHARMACY #6977 (NC),0.9815,1.0,0.0471,0.2753,1.5,74.3,102.0,0.0
VINTAGE PHARMACEUTICALS LLC,SMITH DRUG COMPANY,RITE AID #5178 (ND),ND,2,False,T1_REROUTE_EXISTING,MIAMI-LUKEN INC,VINTAGE PHARMACEUTICALS LLC -> MIAMI-LUKEN INC -> RITE AID #5178 (ND),0.9815,1.0,0.0037,0.2579,1.5,49.5,67.9,0.0
SUN PHARMA GLOBAL INC,AMERISOURCEBERGEN DRUG CORP,PEOPLES PHARMACY #2912 (WV),WV,2,False,T1_REROUTE_EXISTING,MIAMI-LUKEN INC,SUN PHARMA GLOBAL INC -> MIAMI-LUKEN INC -> PEOPLES PHARMACY #2912 (WV),0.9815,1.0,0.5743,0.4862,1.5,49.5,67.9,0.0
MALLINCKRODT LLC,ANDA INC,VILLAGE PHARMACY #3411 (VT),VT,2,False,T1_REROUTE_EXISTING,MIAMI-LUKEN INC,MALLINCKRODT LLC -> MIAMI-LUKEN INC -> VILLAGE PHARMACY #3411 (VT),0.9815,1.0,0.0021,0.2573,1.5,49.5,67.9,0.0
SANDOZ INC,BURLINGTON DRUG COMPANY INC,WALGREENS #3635 (NC),NC,2,False,T1_REROUTE_EXISTING,MIAMI-LUKEN INC,SANDOZ INC -> MIAMI-LUKEN INC -> WALGREENS #3635 (NC),0.9815,1.0,0.0471,0.2753,1.5,49.5,67.9,0.0
JANSSEN PHARMACEUTICALS INC,MCKESSON CORPORATION,PEOPLES PHARMACY #2912 (WV),WV,1,False,T1_REROUTE_EXISTING,MIAMI-LUKEN INC,JANSSEN PHARMACEUTICALS INC -> MIAMI-LUKEN INC -> PEOPLES PHARMACY #2912 (WV),0.9815,1.0,0.5743,0.4862,1.5,24.7,34.1,0.0
TEVA PHARMACEUTICALS USA INC,KEYSOURCE MEDICAL INC,COMMUNITY PHARMACY #3782 (NC),NC,2,False,T1_REROUTE_EXISTING,MIAMI-LUKEN INC,TEVA PHARMACEUTICALS USA INC -> MIAMI-LUKEN INC -> COMMUNITY PHARMACY #3782 (NC),0.9815,1.0,0.0471,0.2753,1.5,49.5,67.9,0.0
TEVA PHARMACEUTICALS USA INC,NATIONAL WHOLESALE DRUG CO INC,CVS PHARMACY #6466 (KY),KY,2,False,T1_REROUTE_EXISTING,MIAMI-LUKEN INC,TEVA PHARMACEUTICALS USA INC -> MIAMI-LUKEN INC -> CVS PHARMACY #6466 (KY),0.9815,1.0,0.0243,0.2662,1.5,49.5,67.9,0.0
SUN PHARMA GLOBAL INC,DAKOTA DRUG INC,MAIN STREET PHARMACY #1903 (WA),WA,3,False,T1_REROUTE_EXISTING,MCKESSON CORPORATION,SUN PHARMA GLOBAL INC -> MCKESSON CORPORATION -> MAIN STREET PHARMACY #1903 (WA),0.8788,0.1815,0.0064,0.0903,1.5,74.3,102.0,0.0
LANNETT COMPANY INC,NATIONAL WHOLESALE DRUG CO INC,WINN-DIXIE PHARMACY #2251 (AK),AK,3,False,T1_REROUTE_EXISTING,KINRAY LLC,LANNETT COMPANY INC -> KINRAY LLC -> WINN-DIXIE PHARMACY #2251 (AK),0.8683,0.1632,0.0148,0.0928,1.5,74.3,102.0,0.0
MYLAN PHARMACEUTICALS INC,CARDINAL HEALTH INC,SUNRISE PHARMACY #8999 (NC),NC,2,False,T1_REROUTE_EXISTING,MIAMI-LUKEN INC,MYLAN PHARMACEUTICALS INC -> MIAMI-LUKEN INC -> SUNRISE PHARMACY #8999 (NC),0.9815,1.0,0.0471,0.2753,1.5,49.5,67.9,0.0
ACTAVIS PHARMA INC,NATIONAL WHOLESALE DRUG CO INC,GOOD NEIGHBOR PHARMACY #6129 (NC),NC,2,False,T1_REROUTE_EXISTING,MIAMI-LUKEN INC,ACTAVIS PHARMA INC -> MIAMI-LUKEN INC -> GOOD NEIGHBOR PHARMACY #6129 (NC),0.9815,1.0,0.0471,0.2753,1.5,49.5,67.9,0.0
IMPAX LABORATORIES INC,KINRAY LLC,PEOPLES PHARMACY #6007 (WV),WV,3,False,T1_REROUTE_EXISTING,MIAMI-LUKEN INC,IMPAX LABORATORIES INC -> MIAMI-LUKEN INC -> PEOPLES PHARMACY #6007 (WV),0.9815,1.0,0.5743,0.4862,1.5,74.3,102.0,0.0
ABBOTT LABORATORIES,PRESCRIPTION SUPPLY INC,HARRIS TEETER PHARMACY #6758 (NC),NC,2,False,T1_REROUTE_EXISTING,MIAMI-LUKEN INC,ABBOTT LABORATORIES -> MIAMI-LUKEN INC -> HARRIS TEETER PHARMACY #6758 (NC),0.9815,1.0,0.0471,0.2753,1.5,49.5,67.9,0.0
SUN PHARMA GLOBAL INC,HENRY SCHEIN INC,WINN-DIXIE PHARMACY #5889 (PA),PA,1,False,T1_REROUTE_EXISTING,MIAMI-LUKEN INC,SUN PHARMA GLOBAL INC -> MIAMI-LUKEN INC -> WINN-DIXIE PHARMACY #5889 (PA),0.9815,1.0,0.0219,0.2652,1.5,24.7,34.1,0.0
TEVA PHARMACEUTICALS USA INC,SMITH DRUG COMPANY,CVS PHARMACY #6466 (KY),KY,2,False,T1_REROUTE_EXISTING,MIAMI-LUKEN INC,TEVA PHARMACEUTICALS USA INC -> MIAMI-LUKEN INC -> CVS PHARMACY #6466 (KY),0.9815,1.0,0.0243,0.2662,1.5,49.5,67.9,0.0
JANSSEN PHARMACEUTICALS INC,KINRAY LLC,QUALITY CARE PHARMACY #8199 (WV),WV,2,False,T1_REROUTE_EXISTING,MIAMI-LUKEN INC,JANSSEN PHARMACEUTICALS INC -> MIAMI-LUKEN INC -> QUALITY CARE PHARMACY #8199 (WV),0.9815,1.0,0.5743,0.4862,1.5,49.5,67.9,0.0
JANSSEN PHARMACEUTICALS INC,DIRECT RX,WALMART PHARMACY #1339 (NC),NC,2,False,T1_REROUTE_EXISTING,MIAMI-LUKEN INC,JANSSEN PHARMACEUTICALS INC -> MIAMI-LUKEN INC -> WALMART PHARMACY #1339 (NC),0.9815,1.0,0.0471,0.2753,1.5,49.5,67.9,0.0
PAR PHARMACEUTICAL INC,VALUEDRUGCO,WALGREENS #5297 (MT),MT,2,False,T1_REROUTE_EXISTING,MCKESSON CORPORATION,PAR PHARMACEUTICAL INC -> MCKESSON CORPORATION -> WALGREENS #5297 (MT),0.8788,0.1815,0.013,0.093,1.5,49.5,67.9,0.0
JANSSEN PHARMACEUTICALS INC,VALUEDRUGCO,WALMART PHARMACY #6240 (NC),NC,2,False,T1_REROUTE_EXISTING,MIAMI-LUKEN INC,JANSSEN PHARMACEUTICALS INC -> MIAMI-LUKEN INC -> WALMART PHARMACY #6240 (NC),0.9815,1.0,0.0471,0.2753,1.5,49.5,67.9,0.0
ABBOTT LABORATORIES,MIAMI-LUKEN INC,RITE AID #2280 (MD),MD,1,False,T1_REROUTE_EXISTING,KINRAY LLC,ABBOTT LABORATORIES -> KINRAY LLC -> RITE AID #2280 (MD),0.8683,0.1632,0.0144,0.0926,1.5,24.7,34.1,0.0
HIKMA PHARMACEUTICALS,GULF COAST MEDICAL SUPPLY,PEOPLES PHARMACY #6853 (ND),ND,1,False,T1_REROUTE_EXISTING,CARDINAL HEALTH INC,HIKMA PHARMACEUTICALS -> CARDINAL HEALTH INC -> PEOPLES PHARMACY #6853 (ND),0.8652,0.1959,0.0034,0.0975,1.5,24.7,34.1,0.0
ACTAVIS PHARMA INC,KINRAY LLC,RITE AID #4372 (LA),LA,2,False,T1_REROUTE_EXISTING,MIAMI-LUKEN INC,ACTAVIS PHARMA INC -> MIAMI-LUKEN INC -> RITE AID #4372 (LA),0.9815,1.0,0.0497,0.2764,1.5,49.5,67.9,0.0
LANNETT COMPANY INC,GULF COAST MEDICAL SUPPLY,QUALITY CARE PHARMACY #3338 (WV),WV,3,False,T1_REROUTE_EXISTING,MIAMI-LUKEN INC,LANNETT COMPANY INC -> MIAMI-LUKEN INC -> QUALITY CARE PHARMACY #3338 (WV),0.9815,1.0,0.5743,0.4862,1.5,74.3,102.0,0.0
ENDO PHARMACEUTICALS INC,CARDINAL HEALTH INC,HARRIS TEETER PHARMACY #3473 (WV),WV,2,False,T1_REROUTE_EXISTING,MIAMI-LUKEN INC,ENDO PHARMACEUTICALS INC -> MIAMI-LUKEN INC -> HARRIS TEETER PHARMACY #3473 (WV),0.9815,1.0,0.5743,0.4862,1.5,49.5,67.9,0.0
AMNEAL PHARMACEUTICALS LLC,PRESCRIPTION SUPPLY INC,SUNRISE PHARMACY #8999 (NC),NC,2,False,T1_REROUTE_EXISTING,MIAMI-LUKEN INC,AMNEAL PHARMACEUTICALS LLC -> MIAMI-LUKEN INC -> SUNRISE PHARMACY #8999 (NC),0.9815,1.0,0.0471,0.2753,1.5,49.5,67.9,0.0
PURDUE PHARMA LP,DAKOTA DRUG INC,QUALITY CARE PHARMACY #6507 (NC),NC,2,False,T1_REROUTE_EXISTING,MIAMI-LUKEN INC,PURDUE PHARMA LP -> MIAMI-LUKEN INC -> QUALITY CARE PHARMACY #6507 (NC),0.9815,1.0,0.0471,0.2753,1.5,49.5,67.9,0.0
PAR PHARMACEUTICAL INC,KEYSOURCE MEDICAL INC,CVS PHARMACY #2808 (IN),IN,2,False,T1_REROUTE_EXISTING,MIAMI-LUKEN INC,PAR PHARMACEUTICAL INC -> MIAMI-LUKEN INC -> CVS PHARMACY #2808 (IN),0.9815,1.0,0.0312,0.269,1.5,49.5,67.9,0.0
PAR PHARMACEUTICAL INC,HENRY SCHEIN INC,WALMART PHARMACY #6240 (NC),NC,2,False,T1_REROUTE_EXISTING,MIAMI-LUKEN INC,PAR PHARMACEUTICAL INC -> MIAMI-LUKEN INC -> WALMART PHARMACY #6240 (NC),0.9815,1.0,0.0471,0.2753,1.5,49.5,67.9,0.0
ACTAVIS PHARMA INC,HENRY SCHEIN INC,PUBLIX PHARMACY #1697 (MI),MI,3,False,T1_REROUTE_EXISTING,MIAMI-LUKEN INC,ACTAVIS PHARMA INC -> MIAMI-LUKEN INC -> PUBLIX PHARMACY #1697 (MI),0.9815,1.0,0.0252,0.2666,1.5,74.3,102.0,0.0
PAR PHARMACEUTICAL INC,KEYSOURCE MEDICAL INC,RITE AID #1901 (TN),TN,3,False,T1_REROUTE_EXISTING,MIAMI-LUKEN INC,PAR PHARMACEUTICAL INC -> MIAMI-LUKEN INC -> RITE AID #1901 (TN),0.9815,1.0,0.0288,0.268,1.5,74.3,102.0,0.0
MYLAN PHARMACEUTICALS INC,BURLINGTON DRUG COMPANY INC,HOMETOWN PHARMACY #6387 (NC),NC,2,False,T1_REROUTE_EXISTING,MIAMI-LUKEN INC,MYLAN PHARMACEUTICALS INC -> MIAMI-LUKEN INC -> HOMETOWN PHARMACY #6387 (NC),0.9815,1.0,0.0471,0.2753,1.5,49.5,67.9,0.0
RHODES TECHNOLOGIES,MIAMI-LUKEN INC,HOMETOWN PHARMACY #8152 (WV),WV,2,False,T1_REROUTE_EXISTING,CARDINAL HEALTH INC,RHODES TECHNOLOGIES -> CARDINAL HEALTH INC -> HOMETOWN PHARMACY #8152 (WV),0.8652,0.1959,0.0846,0.13,1.5,49.5,67.9,0.0
SANDOZ INC,PRESCRIPTION SUPPLY INC,SUNRISE PHARMACY #7243 (WV),WV,2,False,T1_REROUTE_EXISTING,MIAMI-LUKEN INC,SANDOZ INC -> MIAMI-LUKEN INC -> SUNRISE PHARMACY #7243 (WV),0.9815,1.0,0.5743,0.4862,1.5,49.5,67.9,0.0
HIKMA PHARMACEUTICALS,ANDA INC,WALGREENS #1336 (ID),ID,2,False,T1_REROUTE_EXISTING,KINRAY LLC,HIKMA PHARMACEUTICALS -> KINRAY LLC -> WALGREENS #1336 (ID),0.8683,0.1632,0.0046,0.0887,1.5,49.5,67.9,0.0
TEVA PHARMACEUTICALS USA INC,GULF COAST MEDICAL SUPPLY,GOOD NEIGHBOR PHARMACY #6129 (NC),NC,2,False,T1_REROUTE_EXISTING,MIAMI-LUKEN INC,TEVA PHARMACEUTICALS USA INC -> MIAMI-LUKEN INC -> GOOD NEIGHBOR PHARMACY #6129 (NC),0.9815,1.0,0.0471,0.2753,1.5,49.5,67.9,0.0
MYLAN PHARMACEUTICALS INC,BELLCO DRUG CORP,HOMETOWN PHARMACY #6387 (NC),NC,2,False,T1_REROUTE_EXISTING,MIAMI-LUKEN INC,MYLAN PHARMACEUTICALS INC -> MIAMI-LUKEN INC -> HOMETOWN PHARMACY #6387 (NC),0.9815,1.0,0.0471,0.2753,1.5,49.5,67.9,0.0
AMNEAL PHARMACEUTICALS LLC,PRESCRIPTION SUPPLY INC,WALGREENS #7353 (OK),OK,1,False,T1_REROUTE_EXISTING,MIAMI-LUKEN INC,AMNEAL PHARMACEUTICALS LLC -> MIAMI-LUKEN INC -> WALGREENS #7353 (OK),0.9815,1.0,0.0072,0.2594,1.5,24.7,34.1,0.0
RHODES TECHNOLOGIES,HENRY SCHEIN INC,HOMETOWN PHARMACY #4342 (MI),MI,1,False,T1_REROUTE_EXISTING,DIRECT RX,RHODES TECHNOLOGIES -> DIRECT RX -> HOMETOWN PHARMACY #4342 (MI),0.8585,0.1504,0.087,0.122,1.5,24.7,34.1,0.0
ACTAVIS PHARMA INC,GULF COAST MEDICAL SUPPLY,PUBLIX PHARMACY #1697 (MI),MI,2,False,T1_REROUTE_EXISTING,MIAMI-LUKEN INC,ACTAVIS PHARMA INC -> MIAMI-LUKEN INC -> PUBLIX PHARMACY #1697 (MI),0.9815,1.0,0.0252,0.2666,1.5,49.5,67.9,0.0
MYLAN PHARMACEUTICALS INC,VALUEDRUGCO,HOMETOWN PHARMACY #6387 (NC),NC,2,False,T1_REROUTE_EXISTING,MIAMI-LUKEN INC,MYLAN PHARMACEUTICALS INC -> MIAMI-LUKEN INC -> HOMETOWN PHARMACY #6387 (NC),0.9815,1.0,0.0471,0.2753,1.5,49.5,67.9,0.0
MYLAN PHARMACEUTICALS INC,CARDINAL HEALTH INC,HOMETOWN PHARMACY #8919 (KY),KY,2,False,T1_REROUTE_EXISTING,MIAMI-LUKEN INC,MYLAN PHARMACEUTICALS INC -> MIAMI-LUKEN INC -> HOMETOWN PHARMACY #8919 (KY),0.9815,1.0,0.0243,0.2662,1.5,49.5,67.9,0.0
MALLINCKRODT LLC,CARDINAL HEALTH INC,COMMUNITY PHARMACY #9436 (WV),WV,1,False,T1_REROUTE_EXISTING,MIAMI-LUKEN INC,MALLINCKRODT LLC -> MIAMI-LUKEN INC -> COMMUNITY PHARMACY #9436 (WV),0.9815,1.0,0.5743,0.4862,1.5,24.7,34.1,0.0
AMNEAL PHARMACEUTICALS LLC,MIAMI-LUKEN INC,HARRIS TEETER PHARMACY #6758 (NC),NC,3,False,T1_REROUTE_EXISTING,DIRECT RX,AMNEAL PHARMACEUTICALS LLC -> DIRECT RX -> HARRIS TEETER PHARMACY #6758 (NC),0.8585,0.1504,0.1003,0.1273,1.5,74.3,102.0,0.0
MYLAN PHARMACEUTICALS INC,GULF COAST MEDICAL SUPPLY,MAIN STREET PHARMACY #4501 (WV),WV,4,False,T1_REROUTE_EXISTING,MIAMI-LUKEN INC,MYLAN PHARMACEUTICALS INC -> MIAMI-LUKEN INC -> MAIN STREET PHARMACY #4501 (WV),0.9815,1.0,0.5743,0.4862,1.5,99.4,132.0,0.0
SUN PHARMA GLOBAL INC,BELLCO DRUG CORP,PEOPLES PHARMACY #2912 (WV),WV,2,False,T1_REROUTE_EXISTING,MIAMI-LUKEN INC,SUN PHARMA GLOBAL INC -> MIAMI-LUKEN INC -> PEOPLES PHARMACY #2912 (WV),0.9815,1.0,0.5743,0.4862,1.5,49.5,67.9,0.0
PAR PHARMACEUTICAL INC,BURLINGTON DRUG COMPANY INC,VILLAGE PHARMACY #4543 (IL),IL,2,False,T1_REROUTE_EXISTING,ANDA INC,PAR PHARMACEUTICAL INC -> ANDA INC -> VILLAGE PHARMACY #4543 (IL),0.8679,0.1459,0.0397,0.0986,1.5,49.5,67.9,0.0
IMPAX LABORATORIES INC,MCKESSON CORPORATION,HARRIS TEETER PHARMACY #6063 (NC),NC,3,False,T1_REROUTE_EXISTING,MIAMI-LUKEN INC,IMPAX LABORATORIES INC -> MIAMI-LUKEN INC -> HARRIS TEETER PHARMACY #6063 (NC),0.9815,1.0,0.0471,0.2753,1.5,74.3,102.0,0.0
RHODES TECHNOLOGIES,HD SMITH WHOLESALE DRUG CO,HARRIS TEETER PHARMACY #7261 (KY),KY,1,False,T1_REROUTE_EXISTING,MIAMI-LUKEN INC,RHODES TECHNOLOGIES -> MIAMI-LUKEN INC -> HARRIS TEETER PHARMACY #7261 (KY),0.9815,1.0,0.0243,0.2662,1.5,24.7,34.1,0.0
MALLINCKRODT LLC,PRESCRIPTION SUPPLY INC,COMMUNITY PHARMACY #9436 (WV),WV,2,False,T1_REROUTE_EXISTING,MIAMI-LUKEN INC,MALLINCKRODT LLC -> MIAMI-LUKEN INC -> COMMUNITY PHARMACY #9436 (WV),0.9815,1.0,0.5743,0.4862,1.5,49.5,67.9,0.0
QUALITEST PHARMACEUTICALS,VALUEDRUGCO,PEOPLES PHARMACY #4809 (WV),WV,2,False,T1_REROUTE_EXISTING,MIAMI-LUKEN INC,QUALITEST PHARMACEUTICALS -> MIAMI-LUKEN INC -> PEOPLES PHARMACY #4809 (WV),0.9815,1.0,0.5743,0.4862,1.5,49.5,67.9,0.0
ACTAVIS PHARMA INC,GULF COAST MEDICAL SUPPLY,HOMETOWN PHARMACY #8469 (NC),NC,1,False,T1_REROUTE_EXISTING,MIAMI-LUKEN INC,ACTAVIS PHARMA INC -> MIAMI-LUKEN INC -> HOMETOWN PHARMACY #8469 (NC),0.9815,1.0,0.0471,0.2753,1.5,24.7,34.1,0.0
MYLAN PHARMACEUTICALS INC,PENN PHARMACEUTICAL SERVICES INC,HOMETOWN PHARMACY #6387 (NC),NC,2,False,T1_REROUTE_EXISTING,MIAMI-LUKEN INC,MYLAN PHARMACEUTICALS INC -> MIAMI-LUKEN INC -> HOMETOWN PHARMACY #6387 (NC),0.9815,1.0,0.0471,0.2753,1.5,49.5,67.9,0.0
IMPAX LABORATORIES INC,KEYSOURCE MEDICAL INC,FAMILY CARE PHARMACY #5370 (RI),RI,2,False,T1_REROUTE_EXISTING,MIAMI-LUKEN INC,IMPAX LABORATORIES INC -> MIAMI-LUKEN INC -> FAMILY CARE PHARMACY #5370 (RI),0.9815,1.0,0.0019,0.2572,1.5,49.5,67.9,0.0
QUALITEST PHARMACEUTICALS,HENRY SCHEIN INC,VILLAGE PHARMACY #9720 (VA),VA,1,False,T1_REROUTE_EXISTING,MIAMI-LUKEN INC,QUALITEST PHARMACEUTICALS -> MIAMI-LUKEN INC -> VILLAGE PHARMACY #9720 (VA),0.9815,1.0,0.0162,0.2629,1.5,24.7,34.1,0.0
ENDO PHARMACEUTICALS INC,MCKESSON CORPORATION,VILLAGE PHARMACY #6277 (OH),OH,2,False,T1_REROUTE_EXISTING,MIAMI-LUKEN INC,ENDO PHARMACEUTICALS INC -> MIAMI-LUKEN INC -> VILLAGE PHARMACY #6277 (OH),0.9815,1.0,0.0308,0.2688,1.5,49.5,67.9,0.0
IMPAX LABORATORIES INC,GULF COAST MEDICAL SUPPLY,GOOD NEIGHBOR PHARMACY #8540 (OH),OH,1,False,T1_REROUTE_EXISTING,MIAMI-LUKEN INC,IMPAX LABORATORIES INC -> MIAMI-LUKEN INC -> GOOD NEIGHBOR PHARMACY #8540 (OH),0.9815,1.0,0.0308,0.2688,1.5,24.7,34.1,0.0
WATSON LABORATORIES INC,HD SMITH WHOLESALE DRUG CO,WALGREENS #8617 (GA),GA,2,False,T1_REROUTE_EXISTING,BURLINGTON DRUG COMPANY INC,WATSON LABORATORIES INC -> BURLINGTON DRUG COMPANY INC -> WALGREENS #8617 (GA),0.8768,0.1637,0.004,0.0857,1.5,49.5,67.9,0.0
SUN PHARMA GLOBAL INC,MIAMI-LUKEN INC,PEOPLES PHARMACY #2912 (WV),WV,2,False,T1_REROUTE_EXISTING,CARDINAL HEALTH INC,SUN PHARMA GLOBAL INC -> CARDINAL HEALTH INC -> PEOPLES PHARMACY #2912 (WV),0.8652,0.1959,0.0846,0.13,1.5,49.5,67.9,0.0
ABBOTT LABORATORIES,BURLINGTON DRUG COMPANY INC,MEDICO PHARMACY #5873 (MI),MI,2,False,T1_REROUTE_EXISTING,MIAMI-LUKEN INC,ABBOTT LABORATORIES -> MIAMI-LUKEN INC -> MEDICO PHARMACY #5873 (MI),0.9815,1.0,0.0252,0.2666,1.5,49.5,67.9,0.0
TEVA PHARMACEUTICALS USA INC,VALUEDRUGCO,GOOD NEIGHBOR PHARMACY #6661 (MS),MS,2,False,T1_REROUTE_EXISTING,BURLINGTON DRUG COMPANY INC,TEVA PHARMACEUTICALS USA INC -> BURLINGTON DRUG COMPANY INC -> GOOD NEIGHBOR PHARMACY #6661 (MS),0.8768,0.1637,0.0078,0.0872,1.5,49.5,67.9,0.0
JANSSEN PHARMACEUTICALS INC,KINRAY LLC,PUBLIX PHARMACY #2055 (NC),NC,2,False,T1_REROUTE_EXISTING,MIAMI-LUKEN INC,JANSSEN PHARMACEUTICALS INC -> MIAMI-LUKEN INC -> PUBLIX PHARMACY #2055 (NC),0.9815,1.0,0.0471,0.2753,1.5,49.5,67.9,0.0
PURDUE PHARMA LP,MIAMI-LUKEN INC,COMMUNITY PHARMACY #9436 (WV),WV,3,False,T1_REROUTE_EXISTING,CARDINAL HEALTH INC,PURDUE PHARMA LP -> CARDINAL HEALTH INC -> COMMUNITY PHARMACY #9436 (WV),0.8652,0.1959,0.0846,0.13,1.5,74.3,102.0,0.0
MALLINCKRODT LLC,MORRIS & DICKSON CO LLC,GOOD NEIGHBOR PHARMACY #6272 (NC),NC,2,False,T1_REROUTE_EXISTING,MIAMI-LUKEN INC,MALLINCKRODT LLC -> MIAMI-LUKEN INC -> GOOD NEIGHBOR PHARMACY #6272 (NC),0.9815,1.0,0.0471,0.2753,1.5,49.5,67.9,0.0
MYLAN PHARMACEUTICALS INC,SMITH DRUG COMPANY,RITE AID #5178 (ND),ND,2,False,T1_REROUTE_EXISTING,MIAMI-LUKEN INC,MYLAN PHARMACEUTICALS INC -> MIAMI-LUKEN INC -> RITE AID #5178 (ND),0.9815,1.0,0.0037,0.2579,1.5,49.5,67.9,0.0
AMNEAL PHARMACEUTICALS LLC,BELLCO DRUG CORP,HOMETOWN PHARMACY #8919 (KY),KY,2,False,T1_REROUTE_EXISTING,MIAMI-LUKEN INC,AMNEAL PHARMACEUTICALS LLC -> MIAMI-LUKEN INC -> HOMETOWN PHARMACY #8919 (KY),0.9815,1.0,0.0243,0.2662,1.5,49.5,67.9,0.0
WATSON LABORATORIES INC,PENN PHARMACEUTICAL SERVICES INC,QUALITY CARE PHARMACY #4645 (VA),VA,1,False,T1_REROUTE_EXISTING,MIAMI-LUKEN INC,WATSON LABORATORIES INC -> MIAMI-LUKEN INC -> QUALITY CARE PHARMACY #4645 (VA),0.9815,1.0,0.0162,0.2629,1.5,24.7,34.1,0.0
RHODES TECHNOLOGIES,DAKOTA DRUG INC,MEDICO PHARMACY #1698 (IN),IN,2,False,T1_REROUTE_EXISTING,MIAMI-LUKEN INC,RHODES TECHNOLOGIES -> MIAMI-LUKEN INC -> MEDICO PHARMACY #1698 (IN),0.9815,1.0,0.0312,0.269,1.5,49.5,67.9,0.0
JANSSEN PHARMACEUTICALS INC,BURLINGTON DRUG COMPANY INC,WALMART PHARMACY #6240 (NC),NC,1,False,T1_REROUTE_EXISTING,MIAMI-LUKEN INC,JANSSEN PHARMACEUTICALS INC -> MIAMI-LUKEN INC -> WALMART PHARMACY #6240 (NC),0.9815,1.0,0.0471,0.2753,1.5,24.7,34.1,0.0
PURDUE PHARMA LP,BURLINGTON DRUG COMPANY INC,WALGREENS #4290 (MD),MD,1,False,T1_REROUTE_EXISTING,DIRECT RX,PURDUE PHARMA LP -> DIRECT RX -> WALGREENS #4290 (MD),0.8585,0.1504,0.0075,0.0901,1.5,24.7,34.1,0.0
LANNETT COMPANY INC,HENRY SCHEIN INC,FAMILY CARE PHARMACY #9324 (MD),MD,2,False,T1_REROUTE_EXISTING,BURLINGTON DRUG COMPANY INC,LANNETT COMPANY INC -> BURLINGTON DRUG COMPANY INC -> FAMILY CARE PHARMACY #9324 (MD),0.8768,0.1637,0.0127,0.0891,1.5,49.5,67.9,0.0
MYLAN PHARMACEUTICALS INC,BELLCO DRUG CORP,WALGREENS #1285 (WI),WI,2,False,T1_REROUTE_EXISTING,CARDINAL HEALTH INC,MYLAN PHARMACEUTICALS INC -> CARDINAL HEALTH INC -> WALGREENS #1285 (WI),0.8652,0.1959,0.0024,0.0971,1.5,49.5,67.9,0.0
WATSON LABORATORIES INC,BELLCO DRUG CORP,QUALITY CARE PHARMACY #4645 (VA),VA,2,False,T1_REROUTE_EXISTING,MIAMI-LUKEN INC,WATSON LABORATORIES INC -> MIAMI-LUKEN INC -> QUALITY CARE PHARMACY #4645 (VA),0.9815,1.0,0.0162,0.2629,1.5,49.5,67.9,0.0
JANSSEN PHARMACEUTICALS INC,DAKOTA DRUG INC,WALMART PHARMACY #6240 (NC),NC,2,False,T1_REROUTE_EXISTING,MIAMI-LUKEN INC,JANSSEN PHARMACEUTICALS INC -> MIAMI-LUKEN INC -> WALMART PHARMACY #6240 (NC),0.9815,1.0,0.0471,0.2753,1.5,49.5,67.9,0.0
ACTAVIS PHARMA INC,GULF COAST MEDICAL SUPPLY,VILLAGE PHARMACY #1707 (KY),KY,2,False,T1_REROUTE_EXISTING,MIAMI-LUKEN INC,ACTAVIS PHARMA INC -> MIAMI-LUKEN INC -> VILLAGE PHARMACY #1707 (KY),0.9815,1.0,0.0243,0.2662,1.5,49.5,67.9,0.0
RHODES TECHNOLOGIES,PRESCRIPTION SUPPLY INC,RITE AID #9223 (WV),WV,2,False,T1_REROUTE_EXISTING,MIAMI-LUKEN INC,RHODES TECHNOLOGIES -> MIAMI-LUKEN INC -> RITE AID #9223 (WV),0.9815,1.0,0.5743,0.4862,1.5,49.5,67.9,0.0
CADISTA PHARMACEUTICALS INC,HD SMITH WHOLESALE DRUG CO,VILLAGE PHARMACY #9397 (NC),NC,3,False,T1_REROUTE_EXISTING,MIAMI-LUKEN INC,CADISTA PHARMACEUTICALS INC -> MIAMI-LUKEN INC -> VILLAGE PHARMACY #9397 (NC),0.9815,1.0,0.0471,0.2753,1.5,74.3,102.0,0.0
AMNEAL PHARMACEUTICALS LLC,PENN PHARMACEUTICAL SERVICES INC,CVS PHARMACY #5479 (WA),WA,2,False,T1_REROUTE_EXISTING,BURLINGTON DRUG COMPANY INC,AMNEAL PHARMACEUTICALS LLC -> BURLINGTON DRUG COMPANY INC -> CVS PHARMACY #5479 (WA),0.8768,0.1637,0.0292,0.0957,1.5,49.5,67.9,0.0
IMPAX LABORATORIES INC,DAKOTA DRUG INC,WALGREENS #7469 (WV),WV,2,False,T1_REROUTE_EXISTING,MIAMI-LUKEN INC,IMPAX LABORATORIES INC -> MIAMI-LUKEN INC -> WALGREENS #7469 (WV),0.9815,1.0,0.5743,0.4862,1.5,49.5,67.9,0.0
JANSSEN PHARMACEUTICALS INC,BURLINGTON DRUG COMPANY INC,WALGREENS #4290 (MD),MD,1,False,T1_REROUTE_EXISTING,DIRECT RX,JANSSEN PHARMACEUTICALS INC -> DIRECT RX -> WALGREENS #4290 (MD),0.8585,0.1504,0.0075,0.0901,1.5,24.7,34.1,0.0
JANSSEN PHARMACEUTICALS INC,CARDINAL HEALTH INC,MEDICO PHARMACY #6767 (NC),NC,2,False,T1_REROUTE_EXISTING,MIAMI-LUKEN INC,JANSSEN PHARMACEUTICALS INC -> MIAMI-LUKEN INC -> MEDICO PHARMACY #6767 (NC),0.9815,1.0,0.0471,0.2753,1.5,49.5,67.9,0.0
ENDO PHARMACEUTICALS INC,AMERISOURCEBERGEN DRUG CORP,HARRIS TEETER PHARMACY #3473 (WV),WV,2,False,T1_REROUTE_EXISTING,MIAMI-LUKEN INC,ENDO PHARMACEUTICALS INC -> MIAMI-LUKEN INC -> HARRIS TEETER PHARMACY #3473 (WV),0.9815,1.0,0.5743,0.4862,1.5,49.5,67.9,0.0
JANSSEN PHARMACEUTICALS INC,MORRIS & DICKSON CO LLC,VILLAGE PHARMACY #9397 (NC),NC,3,False,T1_REROUTE_EXISTING,MIAMI-LUKEN INC,JANSSEN PHARMACEUTICALS INC -> MIAMI-LUKEN INC -> VILLAGE PHARMACY #9397 (NC),0.9815,1.0,0.0471,0.2753,1.5,74.3,102.0,0.0
PURDUE PHARMA LP,VALUEDRUGCO,HARRIS TEETER PHARMACY #6758 (NC),NC,2,False,T1_REROUTE_EXISTING,MIAMI-LUKEN INC,PURDUE PHARMA LP -> MIAMI-LUKEN INC -> HARRIS TEETER PHARMACY #6758 (NC),0.9815,1.0,0.0471,0.2753,1.5,49.5,67.9,0.0
HIKMA PHARMACEUTICALS,PRESCRIPTION SUPPLY INC,QUALITY CARE PHARMACY #3657 (CO),CO,2,False,T1_REROUTE_EXISTING,DAKOTA DRUG INC,HIKMA PHARMACEUTICALS -> DAKOTA DRUG INC -> QUALITY CARE PHARMACY #3657 (CO),0.8719,0.1818,0.0071,0.0931,1.5,49.5,67.9,0.0
TEVA PHARMACEUTICALS USA INC,DIRECT RX,GOOD NEIGHBOR PHARMACY #6129 (NC),NC,2,False,T1_REROUTE_EXISTING,MIAMI-LUKEN INC,TEVA PHARMACEUTICALS USA INC -> MIAMI-LUKEN INC -> GOOD NEIGHBOR PHARMACY #6129 (NC),0.9815,1.0,0.0471,0.2753,1.5,49.5,67.9,0.0
PAR PHARMACEUTICAL INC,SMITH DRUG COMPANY,KROGER PHARMACY #2900 (MI),MI,2,False,T1_REROUTE_EXISTING,MIAMI-LUKEN INC,PAR PHARMACEUTICAL INC -> MIAMI-LUKEN INC -> KROGER PHARMACY #2900 (MI),0.9815,1.0,0.0252,0.2666,1.5,49.5,67.9,0.0
JANSSEN PHARMACEUTICALS INC,KINRAY LLC,WALMART PHARMACY #6240 (NC),NC,1,False,T1_REROUTE_EXISTING,MIAMI-LUKEN INC,JANSSEN PHARMACEUTICALS INC -> MIAMI-LUKEN INC -> WALMART PHARMACY #6240 (NC),0.9815,1.0,0.0471,0.2753,1.5,24.7,34.1,0.0
HIKMA PHARMACEUTICALS,NATIONAL WHOLESALE DRUG CO INC,COMMUNITY PHARMACY #9405 (MN),MN,3,False,T1_REROUTE_EXISTING,MCKESSON CORPORATION,HIKMA PHARMACEUTICALS -> MCKESSON CORPORATION -> COMMUNITY PHARMACY #9405 (MN),0.8788,0.1815,0.0275,0.0988,1.5,74.3,102.0,0.0
PAR PHARMACEUTICAL INC,HENRY SCHEIN INC,GOOD NEIGHBOR PHARMACY #6272 (NC),NC,2,False,T1_REROUTE_EXISTING,MIAMI-LUKEN INC,PAR PHARMACEUTICAL INC -> MIAMI-LUKEN INC -> GOOD NEIGHBOR PHARMACY #6272 (NC),0.9815,1.0,0.0471,0.2753,1.5,49.5,67.9,0.0
CADISTA PHARMACEUTICALS INC,PENN PHARMACEUTICAL SERVICES INC,COMMUNITY PHARMACY #8090 (LA),LA,2,False,T1_REROUTE_EXISTING,MIAMI-LUKEN INC,CADISTA PHARMACEUTICALS INC -> MIAMI-LUKEN INC -> COMMUNITY PHARMACY #8090 (LA),0.9815,1.0,0.0497,0.2764,1.5,49.5,67.9,0.0
TEVA PHARMACEUTICALS USA INC,KEYSOURCE MEDICAL INC,HARRIS TEETER PHARMACY #1096 (WV),WV,2,False,T1_REROUTE_EXISTING,MIAMI-LUKEN INC,TEVA PHARMACEUTICALS USA INC -> MIAMI-LUKEN INC -> HARRIS TEETER PHARMACY #1096 (WV),0.9815,1.0,0.5743,0.4862,1.5,49.5,67.9,0.0
ENDO PHARMACEUTICALS INC,BURLINGTON DRUG COMPANY INC,CVS PHARMACY #1614 (NM),NM,2,False,T1_REROUTE_EXISTING,MIAMI-LUKEN INC,ENDO PHARMACEUTICALS INC -> MIAMI-LUKEN INC -> CVS PHARMACY #1614 (NM),0.9815,1.0,0.0023,0.2574,1.5,49.5,67.9,0.0
MALLINCKRODT LLC,CARDINAL HEALTH INC,WALMART PHARMACY #9392 (NM),NM,2,False,T1_REROUTE_EXISTING,MIAMI-LUKEN INC,MALLINCKRODT LLC -> MIAMI-LUKEN INC -> WALMART PHARMACY #9392 (NM),0.9815,1.0,0.0023,0.2574,1.5,49.5,67.9,0.0
MYLAN PHARMACEUTICALS INC,GULF COAST MEDICAL SUPPLY,SUNRISE PHARMACY #8999 (NC),NC,2,False,T1_REROUTE_EXISTING,MIAMI-LUKEN INC,MYLAN PHARMACEUTICALS INC -> MIAMI-LUKEN INC -> SUNRISE PHARMACY #8999 (NC),0.9815,1.0,0.0471,0.2753,1.5,49.5,67.9,0.0
AMNEAL PHARMACEUTICALS LLC,DAKOTA DRUG INC,KROGER PHARMACY #1887 (KY),KY,2,False,T1_REROUTE_EXISTING,MIAMI-LUKEN INC,AMNEAL PHARMACEUTICALS LLC -> MIAMI-LUKEN INC -> KROGER PHARMACY #1887 (KY),0.9815,1.0,0.0243,0.2662,1.5,49.5,67.9,0.0
JANSSEN PHARMACEUTICALS INC,DAKOTA DRUG INC,WALMART PHARMACY #6240 (NC),NC,2,False,T1_REROUTE_EXISTING,MIAMI-LUKEN INC,JANSSEN PHARMACEUTICALS INC -> MIAMI-LUKEN INC -> WALMART PHARMACY #6240 (NC),0.9815,1.0,0.0471,0.2753,1.5,49.5,67.9,0.0
PAR PHARMACEUTICAL INC,VALUEDRUGCO,GOOD NEIGHBOR PHARMACY #6272 (NC),NC,2,False,T1_REROUTE_EXISTING,MIAMI-LUKEN INC,PAR PHARMACEUTICAL INC -> MIAMI-LUKEN INC -> GOOD NEIGHBOR PHARMACY #6272 (NC),0.9815,1.0,0.0471,0.2753,1.5,49.5,67.9,0.0
VINTAGE PHARMACEUTICALS LLC,ANDA INC,FAMILY CARE PHARMACY #6977 (NC),NC,3,False,T1_REROUTE_EXISTING,MIAMI-LUKEN INC,VINTAGE PHARMACEUTICALS LLC -> MIAMI-LUKEN INC -> FAMILY CARE PHARMACY #6977 (NC),0.9815,1.0,0.0471,0.2753,1.5,74.3,102.0,0.0
TEVA PHARMACEUTICALS USA INC,BELLCO DRUG CORP,GOOD NEIGHBOR PHARMACY #6129 (NC),NC,3,False,T1_REROUTE_EXISTING,MIAMI-LUKEN INC,TEVA PHARMACEUTICALS USA INC -> MIAMI-LUKEN INC -> GOOD NEIGHBOR PHARMACY #6129 (NC),0.9815,1.0,0.0471,0.2753,1.5,74.3,102.0,0.0
SUN PHARMA GLOBAL INC,ANDA INC,VILLAGE PHARMACY #3562 (IA),IA,2,False,T1_REROUTE_EXISTING,MIAMI-LUKEN INC,SUN PHARMA GLOBAL INC -> MIAMI-LUKEN INC -> VILLAGE PHARMACY #3562 (IA),0.9815,1.0,0.0077,0.2596,1.5,49.5,67.9,0.0
CADISTA PHARMACEUTICALS INC,GULF COAST MEDICAL SUPPLY,CVS PHARMACY #1417 (IA),IA,2,False,T1_REROUTE_EXISTING,MIAMI-LUKEN INC,CADISTA PHARMACEUTICALS INC -> MIAMI-LUKEN INC -> CVS PHARMACY #1417 (IA),0.9815,1.0,0.0077,0.2596,1.5,49.5,67.9,0.0
MALLINCKRODT LLC,MCKESSON CORPORATION,PUBLIX PHARMACY #2055 (NC),NC,2,False,T1_REROUTE_EXISTING,MIAMI-LUKEN INC,MALLINCKRODT LLC -> MIAMI-LUKEN INC -> PUBLIX PHARMACY #2055 (NC),0.9815,1.0,0.0471,0.2753,1.5,49.5,67.9,0.0
MALLINCKRODT LLC,PENN PHARMACEUTICAL SERVICES INC,MAIN STREET PHARMACY #9550 (WV),WV,2,False,T1_REROUTE_EXISTING,MIAMI-LUKEN INC,MALLINCKRODT LLC -> MIAMI-LUKEN INC -> MAIN STREET PHARMACY #9550 (WV),0.9815,1.0,0.5743,0.4862,1.5,49.5,67.9,0.0
PAR PHARMACEUTICAL INC,CARDINAL HEALTH INC,GOOD NEIGHBOR PHARMACY #6272 (NC),NC,2,False,T1_REROUTE_EXISTING,MIAMI-LUKEN INC,PAR PHARMACEUTICAL INC -> MIAMI-LUKEN INC -> GOOD NEIGHBOR PHARMACY #6272 (NC),0.9815,1.0,0.0471,0.2753,1.5,49.5,67.9,0.0
TEVA PHARMACEUTICALS USA INC,NATIONAL WHOLESALE DRUG CO INC,WALMART PHARMACY #1998 (VT),VT,2,False,T1_REROUTE_EXISTING,MIAMI-LUKEN INC,TEVA PHARMACEUTICALS USA INC -> MIAMI-LUKEN INC -> WALMART PHARMACY #1998 (VT),0.9815,1.0,0.0021,0.2573,1.5,49.5,67.9,0.0
AMNEAL PHARMACEUTICALS LLC,GULF COAST MEDICAL SUPPLY,KROGER PHARMACY #1887 (KY),KY,2,False,T1_REROUTE_EXISTING,MIAMI-LUKEN INC,AMNEAL PHARMACEUTICALS LLC -> MIAMI-LUKEN INC -> KROGER PHARMACY #1887 (KY),0.9815,1.0,0.0243,0.2662,1.5,49.5,67.9,0.0
SUN PHARMA GLOBAL INC,GULF COAST MEDICAL SUPPLY,HOMETOWN PHARMACY #8469 (NC),NC,2,False,T1_REROUTE_EXISTING,MIAMI-LUKEN INC,SUN PHARMA GLOBAL INC -> MIAMI-LUKEN INC -> HOMETOWN PHARMACY #8469 (NC),0.9815,1.0,0.0471,0.2753,1.5,49.5,67.9,0.0
JANSSEN PHARMACEUTICALS INC,HD SMITH WHOLESALE DRUG CO,MEDICO PHARMACY #6767 (NC),NC,2,False,T1_REROUTE_EXISTING,MIAMI-LUKEN INC,JANSSEN PHARMACEUTICALS INC -> MIAMI-LUKEN INC -> MEDICO PHARMACY #6767 (NC),0.9815,1.0,0.0471,0.2753,1.5,49.5,67.9,0.0
CADISTA PHARMACEUTICALS INC,DAKOTA DRUG INC,WINN-DIXIE PHARMACY #6720 (AR),AR,2,False,T1_REROUTE_EXISTING,ANDA INC,CADISTA PHARMACEUTICALS INC -> ANDA INC -> WINN-DIXIE PHARMACY #6720 (AR),0.8679,0.1459,0.0033,0.0841,1.5,49.5,67.9,0.0
TEVA PHARMACEUTICALS USA INC,MCKESSON CORPORATION,HARRIS TEETER PHARMACY #6063 (NC),NC,3,False,T1_REROUTE_EXISTING,MIAMI-LUKEN INC,TEVA PHARMACEUTICALS USA INC -> MIAMI-LUKEN INC -> HARRIS TEETER PHARMACY #6063 (NC),0.9815,1.0,0.0471,0.2753,1.5,74.3,102.0,0.0
SUN PHARMA GLOBAL INC,GULF COAST MEDICAL SUPPLY,HOMETOWN PHARMACY #8469 (NC),NC,2,False,T1_REROUTE_EXISTING,MIAMI-LUKEN INC,SUN PHARMA GLOBAL INC -> MIAMI-LUKEN INC -> HOMETOWN PHARMACY #8469 (NC),0.9815,1.0,0.0471,0.2753,1.5,49.5,67.9,0.0
MYLAN PHARMACEUTICALS INC,HD SMITH WHOLESALE DRUG CO,SUNRISE PHARMACY #8999 (NC),NC,1,False,T1_REROUTE_EXISTING,MIAMI-LUKEN INC,MYLAN PHARMACEUTICALS INC -> MIAMI-LUKEN INC -> SUNRISE PHARMACY #8999 (NC),0.9815,1.0,0.0471,0.2753,1.5,24.7,34.1,0.0
WATSON LABORATORIES INC,PENN PHARMACEUTICAL SERVICES INC,QUALITY CARE PHARMACY #4645 (VA),VA,1,False,T1_REROUTE_EXISTING,MIAMI-LUKEN INC,WATSON LABORATORIES INC -> MIAMI-LUKEN INC -> QUALITY CARE PHARMACY #4645 (VA),0.9815,1.0,0.0162,0.2629,1.5,24.7,34.1,0.0
AMNEAL PHARMACEUTICALS LLC,CARDINAL HEALTH INC,WALMART PHARMACY #4463 (AK),AK,2,False,T1_REROUTE_EXISTING,MIAMI-LUKEN INC,AMNEAL PHARMACEUTICALS LLC -> MIAMI-LUKEN INC -> WALMART PHARMACY #4463 (AK),0.9815,1.0,0.0026,0.2575,1.5,49.5,67.9,0.0
JANSSEN PHARMACEUTICALS INC,VALUEDRUGCO,QUALITY CARE PHARMACY #8199 (WV),WV,2,False,T1_REROUTE_EXISTING,MIAMI-LUKEN INC,JANSSEN PHARMACEUTICALS INC -> MIAMI-LUKEN INC -> QUALITY CARE PHARMACY #8199 (WV),0.9815,1.0,0.5743,0.4862,1.5,49.5,67.9,0.0
JANSSEN PHARMACEUTICALS INC,HENRY SCHEIN INC,VILLAGE PHARMACY #9397 (NC),NC,2,False,T1_REROUTE_EXISTING,MIAMI-LUKEN INC,JANSSEN PHARMACEUTICALS INC -> MIAMI-LUKEN INC -> VILLAGE PHARMACY #9397 (NC),0.9815,1.0,0.0471,0.2753,1.5,49.5,67.9,0.0
PAR PHARMACEUTICAL INC,KEYSOURCE MEDICAL INC,HOMETOWN PHARMACY #3982 (MO),MO,2,False,T1_REROUTE_EXISTING,MIAMI-LUKEN INC,PAR PHARMACEUTICAL INC -> MIAMI-LUKEN INC -> HOMETOWN PHARMACY #3982 (MO),0.9815,1.0,0.0026,0.2575,1.5,49.5,67.9,0.0
WATSON LABORATORIES INC,BURLINGTON DRUG COMPANY INC,COMMUNITY PHARMACY #2590 (PA),PA,2,False,T1_REROUTE_EXISTING,MIAMI-LUKEN INC,WATSON LABORATORIES INC -> MIAMI-LUKEN INC -> COMMUNITY PHARMACY #2590 (PA),0.9815,1.0,0.0219,0.2652,1.5,49.5,67.9,0.0
ACTAVIS PHARMA INC,VALUEDRUGCO,PEOPLES PHARMACY #6007 (WV),WV,1,False,T1_REROUTE_EXISTING,MIAMI-LUKEN INC,ACTAVIS PHARMA INC -> MIAMI-LUKEN INC -> PEOPLES PHARMACY #6007 (WV),0.9815,1.0,0.5743,0.4862,1.5,24.7,34.1,0.0
ABBOTT LABORATORIES,NATIONAL WHOLESALE DRUG CO INC,HARRIS TEETER PHARMACY #6758 (NC),NC,2,False,T1_REROUTE_EXISTING,MIAMI-LUKEN INC,ABBOTT LABORATORIES -> MIAMI-LUKEN INC -> HARRIS TEETER PHARMACY #6758 (NC),0.9815,1.0,0.0471,0.2753,1.5,49.5,67.9,0.0
AMNEAL PHARMACEUTICALS LLC,BELLCO DRUG CORP,GOOD NEIGHBOR PHARMACY #8896 (PA),PA,1,False,T1_REROUTE_EXISTING,MIAMI-LUKEN INC,AMNEAL PHARMACEUTICALS LLC -> MIAMI-LUKEN INC -> GOOD NEIGHBOR PHARMACY #8896 (PA),0.9815,1.0,0.0219,0.2652,1.5,24.7,34.1,0.0
QUALITEST PHARMACEUTICALS,MIAMI-LUKEN INC,CVS PHARMACY #1577 (AR),AR,2,False,T1_REROUTE_EXISTING,BURLINGTON DRUG COMPANY INC,QUALITEST PHARMACEUTICALS -> BURLINGTON DRUG COMPANY INC -> CVS PHARMACY #1577 (AR),0.8768,0.1637,0.0034,0.0854,1.5,49.5,67.9,0.0
CADISTA PHARMACEUTICALS INC,CARDINAL HEALTH INC,QUALITY CARE PHARMACY #4985 (TN),TN,1,False,T1_REROUTE_EXISTING,MIAMI-LUKEN INC,CADISTA PHARMACEUTICALS INC -> MIAMI-LUKEN INC -> QUALITY CARE PHARMACY #4985 (TN),0.9815,1.0,0.0288,0.268,1.5,24.7,34.1,0.0
ACTAVIS PHARMA INC,CARDINAL HEALTH INC,PEOPLES PHARMACY #6007 (WV),WV,1,False,T1_REROUTE_EXISTING,MIAMI-LUKEN INC,ACTAVIS PHARMA INC -> MIAMI-LUKEN INC -> PEOPLES PHARMACY #6007 (WV),0.9815,1.0,0.5743,0.4862,1.5,24.7,34.1,0.0
CADISTA PHARMACEUTICALS INC,BELLCO DRUG CORP,VILLAGE PHARMACY #1707 (KY),KY,2,False,T1_REROUTE_EXISTING,MIAMI-LUKEN INC,CADISTA PHARMACEUTICALS INC -> MIAMI-LUKEN INC -> VILLAGE PHARMACY #1707 (KY),0.9815,1.0,0.0243,0.2662,1.5,49.5,67.9,0.0
AMNEAL PHARMACEUTICALS LLC,KINRAY LLC,CORNER DRUG STORE #7018 (MO),MO,2,False,T1_REROUTE_EXISTING,MIAMI-LUKEN INC,AMNEAL PHARMACEUTICALS LLC -> MIAMI-LUKEN INC -> CORNER DRUG STORE #7018 (MO),0.9815,1.0,0.0026,0.2575,1.5,49.5,67.9,0.0
MALLINCKRODT LLC,DAKOTA DRUG INC,PUBLIX PHARMACY #2055 (NC),NC,2,False,T1_REROUTE_EXISTING,MIAMI-LUKEN INC,MALLINCKRODT LLC -> MIAMI-LUKEN INC -> PUBLIX PHARMACY #2055 (NC),0.9815,1.0,0.0471,0.2753,1.5,49.5,67.9,0.0
HIKMA PHARMACEUTICALS,MORRIS & DICKSON CO LLC,QUALITY CARE PHARMACY #6507 (NC),NC,3,False,T1_REROUTE_EXISTING,MIAMI-LUKEN INC,HIKMA PHARMACEUTICALS -> MIAMI-LUKEN INC -> QUALITY CARE PHARMACY #6507 (NC),0.9815,1.0,0.0471,0.2753,1.5,74.3,102.0,0.0
RHODES TECHNOLOGIES,DAKOTA DRUG INC,HOMETOWN PHARMACY #8152 (WV),WV,2,False,T1_REROUTE_EXISTING,MIAMI-LUKEN INC,RHODES TECHNOLOGIES -> MIAMI-LUKEN INC -> HOMETOWN PHARMACY #8152 (WV),0.9815,1.0,0.5743,0.4862,1.5,49.5,67.9,0.0
TEVA PHARMACEUTICALS USA INC,KEYSOURCE MEDICAL INC,HARRIS TEETER PHARMACY #6063 (NC),NC,2,False,T1_REROUTE_EXISTING,MIAMI-LUKEN INC,TEVA PHARMACEUTICALS USA INC -> MIAMI-LUKEN INC -> HARRIS TEETER PHARMACY #6063 (NC),0.9815,1.0,0.0471,0.2753,1.5,49.5,67.9,0.0
ENDO PHARMACEUTICALS INC,MORRIS & DICKSON CO LLC,HARRIS TEETER PHARMACY #3473 (WV),WV,2,False,T1_REROUTE_EXISTING,MIAMI-LUKEN INC,ENDO PHARMACEUTICALS INC -> MIAMI-LUKEN INC -> HARRIS TEETER PHARMACY #3473 (WV),0.9815,1.0,0.5743,0.4862,1.5,49.5,67.9,0.0
ABBOTT LABORATORIES,HENRY SCHEIN INC,RITE AID #7348 (UT),UT,2,False,T1_REROUTE_EXISTING,CARDINAL HEALTH INC,ABBOTT LABORATORIES -> CARDINAL HEALTH INC -> RITE AID #7348 (UT),0.8652,0.1959,0.012,0.1009,1.5,49.5,67.9,0.0
TEVA PHARMACEUTICALS USA INC,MORRIS & DICKSON CO LLC,COMMUNITY PHARMACY #3782 (NC),NC,2,False,T1_REROUTE_EXISTING,MIAMI-LUKEN INC,TEVA PHARMACEUTICALS USA INC -> MIAMI-LUKEN INC -> COMMUNITY PHARMACY #3782 (NC),0.9815,1.0,0.0471,0.2753,1.5,49.5,67.9,0.0
SUN PHARMA GLOBAL INC,BELLCO DRUG CORP,PEOPLES PHARMACY #2912 (WV),WV,2,False,T1_REROUTE_EXISTING,MIAMI-LUKEN INC,SUN PHARMA GLOBAL INC -> MIAMI-LUKEN INC -> PEOPLES PHARMACY #2912 (WV),0.9815,1.0,0.5743,0.4862,1.5,49.5,67.9,0.0
ABBOTT LABORATORIES,MIAMI-LUKEN INC,PUBLIX PHARMACY #8639 (OH),OH,2,False,T1_REROUTE_EXISTING,CARDINAL HEALTH INC,ABBOTT LABORATORIES -> CARDINAL HEALTH INC -> PUBLIX PHARMACY #8639 (OH),0.8652,0.1959,0.0552,0.1182,1.5,49.5,67.9,0.0
IMPAX LABORATORIES INC,PENN PHARMACEUTICAL SERVICES INC,WINN-DIXIE PHARMACY #2866 (PA),PA,3,False,T1_REROUTE_EXISTING,MIAMI-LUKEN INC,IMPAX LABORATORIES INC -> MIAMI-LUKEN INC -> WINN-DIXIE PHARMACY #2866 (PA),0.9815,1.0,0.0219,0.2652,1.5,74.3,102.0,0.0
JANSSEN PHARMACEUTICALS INC,MORRIS & DICKSON CO LLC,VILLAGE PHARMACY #9397 (NC),NC,2,False,T1_REROUTE_EXISTING,MIAMI-LUKEN INC,JANSSEN PHARMACEUTICALS INC -> MIAMI-LUKEN INC -> VILLAGE PHARMACY #9397 (NC),0.9815,1.0,0.0471,0.2753,1.5,49.5,67.9,0.0
JANSSEN PHARMACEUTICALS INC,NATIONAL WHOLESALE DRUG CO INC,WALMART PHARMACY #1339 (NC),NC,2,False,T1_REROUTE_EXISTING,MIAMI-LUKEN INC,JANSSEN PHARMACEUTICALS INC -> MIAMI-LUKEN INC -> WALMART PHARMACY #1339 (NC),0.9815,1.0,0.0471,0.2753,1.5,49.5,67.9,0.0
HIKMA PHARMACEUTICALS,DIRECT RX,KROGER PHARMACY #1010 (TX),TX,1,False,T1_REROUTE_EXISTING,MIAMI-LUKEN INC,HIKMA PHARMACEUTICALS -> MIAMI-LUKEN INC -> KROGER PHARMACY #1010 (TX),0.9815,1.0,0.0019,0.2572,1.5,24.7,34.1,0.0
RHODES TECHNOLOGIES,DIRECT RX,WINN-DIXIE PHARMACY #6849 (MD),MD,2,False,T1_REROUTE_EXISTING,CARDINAL HEALTH INC,RHODES TECHNOLOGIES -> CARDINAL HEALTH INC -> WINN-DIXIE PHARMACY #6849 (MD),0.8652,0.1959,0.0087,0.0996,1.5,49.5,67.9,0.0
ABBOTT LABORATORIES,MIAMI-LUKEN INC,PEOPLES PHARMACY #6990 (OH),OH,2,False,T1_REROUTE_EXISTING,CARDINAL HEALTH INC,ABBOTT LABORATORIES -> CARDINAL HEALTH INC -> PEOPLES PHARMACY #6990 (OH),0.8652,0.1959,0.0552,0.1182,1.5,49.5,67.9,0.0
IMPAX LABORATORIES INC,PENN PHARMACEUTICAL SERVICES INC,GOOD NEIGHBOR PHARMACY #6129 (NC),NC,2,False,T1_REROUTE_EXISTING,MIAMI-LUKEN INC,IMPAX LABORATORIES INC -> MIAMI-LUKEN INC -> GOOD NEIGHBOR PHARMACY #6129 (NC),0.9815,1.0,0.0471,0.2753,1.5,49.5,67.9,0.0
MALLINCKRODT LLC,KEYSOURCE MEDICAL INC,PUBLIX PHARMACY #2055 (NC),NC,1,False,T1_REROUTE_EXISTING,MIAMI-LUKEN INC,MALLINCKRODT LLC -> MIAMI-LUKEN INC -> PUBLIX PHARMACY #2055 (NC),0.9815,1.0,0.0471,0.2753,1.5,24.7,34.1,0.0
ABBOTT LABORATORIES,HD SMITH WHOLESALE DRUG CO,HOMETOWN PHARMACY #6387 (NC),NC,1,False,T1_REROUTE_EXISTING,MIAMI-LUKEN INC,ABBOTT LABORATORIES -> MIAMI-LUKEN INC -> HOMETOWN PHARMACY #6387 (NC),0.9815,1.0,0.0471,0.2753,1.5,24.7,34.1,0.0
MYLAN PHARMACEUTICALS INC,PENN PHARMACEUTICAL SERVICES INC,HEALTH MART PHARMACY #6466 (NM),NM,2,False,T1_REROUTE_EXISTING,AMERISOURCEBERGEN DRUG CORP,MYLAN PHARMACEUTICALS INC -> AMERISOURCEBERGEN DRUG CORP -> HEALTH MART PHARMACY #6466 (NM),0.8802,0.1309,0.0029,0.0758,1.5,49.5,67.9,0.0
TEVA PHARMACEUTICALS USA INC,PENN PHARMACEUTICAL SERVICES INC,QUALITY CARE PHARMACY #3338 (WV),WV,2,False,T1_REROUTE_EXISTING,MIAMI-LUKEN INC,TEVA PHARMACEUTICALS USA INC -> MIAMI-LUKEN INC -> QUALITY CARE PHARMACY #3338 (WV),0.9815,1.0,0.5743,0.4862,1.5,49.5,67.9,0.0
MALLINCKRODT LLC,DIRECT RX,PUBLIX PHARMACY #2055 (NC),NC,1,False,T1_REROUTE_EXISTING,MIAMI-LUKEN INC,MALLINCKRODT LLC -> MIAMI-LUKEN INC -> PUBLIX PHARMACY #2055 (NC),0.9815,1.0,0.0471,0.2753,1.5,24.7,34.1,0.0
MYLAN PHARMACEUTICALS INC,KINRAY LLC,HOMETOWN PHARMACY #6387 (NC),NC,2,False,T1_REROUTE_EXISTING,MIAMI-LUKEN INC,MYLAN PHARMACEUTICALS INC -> MIAMI-LUKEN INC -> HOMETOWN PHARMACY #6387 (NC),0.9815,1.0,0.0471,0.2753,1.5,49.5,67.9,0.0
SUN PHARMA GLOBAL INC,KEYSOURCE MEDICAL INC,WALMART PHARMACY #1339 (NC),NC,2,False,T1_REROUTE_EXISTING,MIAMI-LUKEN INC,SUN PHARMA GLOBAL INC -> MIAMI-LUKEN INC -> WALMART PHARMACY #1339 (NC),0.9815,1.0,0.0471,0.2753,1.5,49.5,67.9,0.0
MALLINCKRODT LLC,MIAMI-LUKEN INC,PEOPLES PHARMACY #6398 (AR),AR,1,False,T1_REROUTE_EXISTING,DIRECT RX,MALLINCKRODT LLC -> DIRECT RX -> PEOPLES PHARMACY #6398 (AR),0.8585,0.1504,0.0216,0.0958,1.5,24.7,34.1,0.0
PAR PHARMACEUTICAL INC,MCKESSON CORPORATION,HOMETOWN PHARMACY #5099 (MD),MD,1,False,T1_REROUTE_EXISTING,DAKOTA DRUG INC,PAR PHARMACEUTICAL INC -> DAKOTA DRUG INC -> HOMETOWN PHARMACY #5099 (MD),0.8719,0.1818,0.0076,0.0933,1.5,24.7,34.1,0.0
ACTAVIS PHARMA INC,AMERISOURCEBERGEN DRUG CORP,CVS PHARMACY #3742 (SD),SD,1,False,T1_REROUTE_EXISTING,DAKOTA DRUG INC,ACTAVIS PHARMA INC -> DAKOTA DRUG INC -> CVS PHARMACY #3742 (SD),0.8719,0.1818,0.022,0.0991,1.5,24.7,34.1,0.0
ENDO PHARMACEUTICALS INC,VALUEDRUGCO,KROGER PHARMACY #5322 (OH),OH,1,False,T1_REROUTE_EXISTING,MIAMI-LUKEN INC,ENDO PHARMACEUTICALS INC -> MIAMI-LUKEN INC -> KROGER PHARMACY #5322 (OH),0.9815,1.0,0.0308,0.2688,1.5,24.7,34.1,0.0
JANSSEN PHARMACEUTICALS INC,KEYSOURCE MEDICAL INC,WINN-DIXIE PHARMACY #4694 (OH),OH,1,False,T1_REROUTE_EXISTING,MIAMI-LUKEN INC,JANSSEN PHARMACEUTICALS INC -> MIAMI-LUKEN INC -> WINN-DIXIE PHARMACY #4694 (OH),0.9815,1.0,0.0308,0.2688,1.5,24.7,34.1,0.0
RHODES TECHNOLOGIES,PRESCRIPTION SUPPLY INC,HOMETOWN PHARMACY #8152 (WV),WV,2,False,T1_REROUTE_EXISTING,MIAMI-LUKEN INC,RHODES TECHNOLOGIES -> MIAMI-LUKEN INC -> HOMETOWN PHARMACY #8152 (WV),0.9815,1.0,0.5743,0.4862,1.5,49.5,67.9,0.0
AMNEAL PHARMACEUTICALS LLC,PENN PHARMACEUTICAL SERVICES INC,KROGER PHARMACY #1887 (KY),KY,2,False,T1_REROUTE_EXISTING,MIAMI-LUKEN INC,AMNEAL PHARMACEUTICALS LLC -> MIAMI-LUKEN INC -> KROGER PHARMACY #1887 (KY),0.9815,1.0,0.0243,0.2662,1.5,49.5,67.9,0.0
MALLINCKRODT LLC,BURLINGTON DRUG COMPANY INC,PUBLIX PHARMACY #1528 (VA),VA,2,False,T1_REROUTE_EXISTING,MIAMI-LUKEN INC,MALLINCKRODT LLC -> MIAMI-LUKEN INC -> PUBLIX PHARMACY #1528 (VA),0.9815,1.0,0.0162,0.2629,1.5,49.5,67.9,0.0
JANSSEN PHARMACEUTICALS INC,NATIONAL WHOLESALE DRUG CO INC,WALMART PHARMACY #6240 (NC),NC,1,False,T1_REROUTE_EXISTING,MIAMI-LUKEN INC,JANSSEN PHARMACEUTICALS INC -> MIAMI-LUKEN INC -> WALMART PHARMACY #6240 (NC),0.9815,1.0,0.0471,0.2753,1.5,24.7,34.1,0.0
TEVA PHARMACEUTICALS USA INC,MORRIS & DICKSON CO LLC,CVS PHARMACY #8062 (AR),AR,2,False,T1_REROUTE_EXISTING,MIAMI-LUKEN INC,TEVA PHARMACEUTICALS USA INC -> MIAMI-LUKEN INC -> CVS PHARMACY #8062 (AR),0.9815,1.0,0.0064,0.259,1.5,49.5,67.9,0.0
ENDO PHARMACEUTICALS INC,AMERISOURCEBERGEN DRUG CORP,MEDICO PHARMACY #5392 (NC),NC,2,False,T1_REROUTE_EXISTING,MIAMI-LUKEN INC,ENDO PHARMACEUTICALS INC -> MIAMI-LUKEN INC -> MEDICO PHARMACY #5392 (NC),0.9815,1.0,0.0471,0.2753,1.5,49.5,67.9,0.0
MYLAN PHARMACEUTICALS INC,MORRIS & DICKSON CO LLC,HARRIS TEETER PHARMACY #7528 (IN),IN,2,False,T1_REROUTE_EXISTING,MIAMI-LUKEN INC,MYLAN PHARMACEUTICALS INC -> MIAMI-LUKEN INC -> HARRIS TEETER PHARMACY #7528 (IN),0.9815,1.0,0.0312,0.269,1.5,49.5,67.9,0.0
TEVA PHARMACEUTICALS USA INC,ANDA INC,CORNER DRUG STORE #4406 (KY),KY,3,False,T1_REROUTE_EXISTING,MIAMI-LUKEN INC,TEVA PHARMACEUTICALS USA INC -> MIAMI-LUKEN INC -> CORNER DRUG STORE #4406 (KY),0.9815,1.0,0.0243,0.2662,1.5,74.3,102.0,0.0
ACTAVIS PHARMA INC,HD SMITH WHOLESALE DRUG CO,QUALITY CARE PHARMACY #3338 (WV),WV,2,False,T1_REROUTE_EXISTING,MIAMI-LUKEN INC,ACTAVIS PHARMA INC -> MIAMI-LUKEN INC -> QUALITY CARE PHARMACY #3338 (WV),0.9815,1.0,0.5743,0.4862,1.5,49.5,67.9,0.0
PURDUE PHARMA LP,DIRECT RX,PUBLIX PHARMACY #6736 (TN),TN,2,False,T1_REROUTE_EXISTING,MIAMI-LUKEN INC,PURDUE PHARMA LP -> MIAMI-LUKEN INC -> PUBLIX PHARMACY #6736 (TN),0.9815,1.0,0.0288,0.268,1.5,49.5,67.9,0.0
TEVA PHARMACEUTICALS USA INC,MCKESSON CORPORATION,FAMILY CARE PHARMACY #3398 (KY),KY,1,False,T1_REROUTE_EXISTING,MIAMI-LUKEN INC,TEVA PHARMACEUTICALS USA INC -> MIAMI-LUKEN INC -> FAMILY CARE PHARMACY #3398 (KY),0.9815,1.0,0.0243,0.2662,1.5,24.7,34.1,0.0
PAR PHARMACEUTICAL INC,BURLINGTON DRUG COMPANY INC,WALGREENS #3635 (NC),NC,2,False,T1_REROUTE_EXISTING,MIAMI-LUKEN INC,PAR PHARMACEUTICAL INC -> MIAMI-LUKEN INC -> WALGREENS #3635 (NC),0.9815,1.0,0.0471,0.2753,1.5,49.5,67.9,0.0
ABBOTT LABORATORIES,PENN PHARMACEUTICAL SERVICES INC,HARRIS TEETER PHARMACY #6758 (NC),NC,2,False,T1_REROUTE_EXISTING,MIAMI-LUKEN INC,ABBOTT LABORATORIES -> MIAMI-LUKEN INC -> HARRIS TEETER PHARMACY #6758 (NC),0.9815,1.0,0.0471,0.2753,1.5,49.5,67.9,0.0
ACTAVIS PHARMA INC,HENRY SCHEIN INC,PUBLIX PHARMACY #1697 (MI),MI,2,False,T1_REROUTE_EXISTING,MIAMI-LUKEN INC,ACTAVIS PHARMA INC -> MIAMI-LUKEN INC -> PUBLIX PHARMACY #1697 (MI),0.9815,1.0,0.0252,0.2666,1.5,49.5,67.9,0.0
MALLINCKRODT LLC,GULF COAST MEDICAL SUPPLY,GOOD NEIGHBOR PHARMACY #6272 (NC),NC,3,False,T1_REROUTE_EXISTING,MIAMI-LUKEN INC,MALLINCKRODT LLC -> MIAMI-LUKEN INC -> GOOD NEIGHBOR PHARMACY #6272 (NC),0.9815,1.0,0.0471,0.2753,1.5,74.3,102.0,0.0
MALLINCKRODT LLC,ANDA INC,PUBLIX PHARMACY #2055 (NC),NC,2,False,T1_REROUTE_EXISTING,MIAMI-LUKEN INC,MALLINCKRODT LLC -> MIAMI-LUKEN INC -> PUBLIX PHARMACY #2055 (NC),0.9815,1.0,0.0471,0.2753,1.5,49.5,67.9,0.0
MYLAN PHARMACEUTICALS INC,GULF COAST MEDICAL SUPPLY,HOMETOWN PHARMACY #6387 (NC),NC,1,False,T1_REROUTE_EXISTING,MIAMI-LUKEN INC,MYLAN PHARMACEUTICALS INC -> MIAMI-LUKEN INC -> HOMETOWN PHARMACY #6387 (NC),0.9815,1.0,0.0471,0.2753,1.5,24.7,34.1,0.0
MYLAN PHARMACEUTICALS INC,PRESCRIPTION SUPPLY INC,HARRIS TEETER PHARMACY #9121 (AK),AK,2,False,T1_REROUTE_EXISTING,ANDA INC,MYLAN PHARMACEUTICALS INC -> ANDA INC -> HARRIS TEETER PHARMACY #9121 (AK),0.8679,0.1459,0.0145,0.0885,1.5,49.5,67.9,0.0
JANSSEN PHARMACEUTICALS INC,BURLINGTON DRUG COMPANY INC,MEDICO PHARMACY #6767 (NC),NC,2,False,T1_REROUTE_EXISTING,MIAMI-LUKEN INC,JANSSEN PHARMACEUTICALS INC -> MIAMI-LUKEN INC -> MEDICO PHARMACY #6767 (NC),0.9815,1.0,0.0471,0.2753,1.5,49.5,67.9,0.0
SUN PHARMA GLOBAL INC,MIAMI-LUKEN INC,PEOPLES PHARMACY #2912 (WV),WV,2,False,T1_REROUTE_EXISTING,CARDINAL HEALTH INC,SUN PHARMA GLOBAL INC -> CARDINAL HEALTH INC -> PEOPLES PHARMACY #2912 (WV),0.8652,0.1959,0.0846,0.13,1.5,49.5,67.9,0.0
MALLINCKRODT LLC,DAKOTA DRUG INC,HARRIS TEETER PHARMACY #3473 (WV),WV,3,False,T1_REROUTE_EXISTING,MIAMI-LUKEN INC,MALLINCKRODT LLC -> MIAMI-LUKEN INC -> HARRIS TEETER PHARMACY #3473 (WV),0.9815,1.0,0.5743,0.4862,1.5,74.3,102.0,0.0
ENDO PHARMACEUTICALS INC,BURLINGTON DRUG COMPANY INC,HARRIS TEETER PHARMACY #3473 (WV),WV,2,False,T1_REROUTE_EXISTING,MIAMI-LUKEN INC,ENDO PHARMACEUTICALS INC -> MIAMI-LUKEN INC -> HARRIS TEETER PHARMACY #3473 (WV),0.9815,1.0,0.5743,0.4862,1.5,49.5,67.9,0.0
TEVA PHARMACEUTICALS USA INC,HENRY SCHEIN INC,PEOPLES PHARMACY #2660 (NC),NC,2,False,T1_REROUTE_EXISTING,MIAMI-LUKEN INC,TEVA PHARMACEUTICALS USA INC -> MIAMI-LUKEN INC -> PEOPLES PHARMACY #2660 (NC),0.9815,1.0,0.0471,0.2753,1.5,49.5,67.9,0.0
JANSSEN PHARMACEUTICALS INC,GULF COAST MEDICAL SUPPLY,QUALITY CARE PHARMACY #8199 (WV),WV,2,False,T1_REROUTE_EXISTING,MIAMI-LUKEN INC,JANSSEN PHARMACEUTICALS INC -> MIAMI-LUKEN INC -> QUALITY CARE PHARMACY #8199 (WV),0.9815,1.0,0.5743,0.4862,1.5,49.5,67.9,0.0
RHODES TECHNOLOGIES,AMERISOURCEBERGEN DRUG CORP,PEOPLES PHARMACY #1608 (RI),RI,2,False,T1_REROUTE_EXISTING,MCKESSON CORPORATION,RHODES TECHNOLOGIES -> MCKESSON CORPORATION -> PEOPLES PHARMACY #1608 (RI),0.8788,0.1815,0.0283,0.0991,1.5,49.5,67.9,0.0
RHODES TECHNOLOGIES,PENN PHARMACEUTICAL SERVICES INC,GOOD NEIGHBOR PHARMACY #5417 (HI),HI,3,False,T1_REROUTE_EXISTING,MIAMI-LUKEN INC,RHODES TECHNOLOGIES -> MIAMI-LUKEN INC -> GOOD NEIGHBOR PHARMACY #5417 (HI),0.9815,1.0,0.0022,0.2573,1.5,74.3,102.0,0.0
CADISTA PHARMACEUTICALS INC,MIAMI-LUKEN INC,HOMETOWN PHARMACY #7488 (TN),TN,1,False,T1_REROUTE_EXISTING,CARDINAL HEALTH INC,CADISTA PHARMACEUTICALS INC -> CARDINAL HEALTH INC -> HOMETOWN PHARMACY #7488 (TN),0.8652,0.1959,0.1,0.1362,1.5,24.7,34.1,0.0
HIKMA PHARMACEUTICALS,HD SMITH WHOLESALE DRUG CO,CVS PHARMACY #9580 (KS),KS,3,False,T1_REROUTE_EXISTING,MIAMI-LUKEN INC,HIKMA PHARMACEUTICALS -> MIAMI-LUKEN INC -> CVS PHARMACY #9580 (KS),0.9815,1.0,0.0031,0.2577,1.5,74.3,102.0,0.0
MYLAN PHARMACEUTICALS INC,MORRIS & DICKSON CO LLC,CORNER DRUG STORE #3580 (SD),SD,2,False,T1_REROUTE_EXISTING,KEYSOURCE MEDICAL INC,MYLAN PHARMACEUTICALS INC -> KEYSOURCE MEDICAL INC -> CORNER DRUG STORE #3580 (SD),0.8905,0.145,0.0141,0.0802,1.5,49.5,67.9,0.0
TEVA PHARMACEUTICALS USA INC,MORRIS & DICKSON CO LLC,PEOPLES PHARMACY #2660 (NC),NC,2,False,T1_REROUTE_EXISTING,MIAMI-LUKEN INC,TEVA PHARMACEUTICALS USA INC -> MIAMI-LUKEN INC -> PEOPLES PHARMACY #2660 (NC),0.9815,1.0,0.0471,0.2753,1.5,49.5,67.9,0.0
VINTAGE PHARMACEUTICALS LLC,DAKOTA DRUG INC,VILLAGE PHARMACY #7951 (SC),SC,2,False,T1_REROUTE_EXISTING,CARDINAL HEALTH INC,VINTAGE PHARMACEUTICALS LLC -> CARDINAL HEALTH INC -> VILLAGE PHARMACY #7951 (SC),0.8652,0.1959,0.0079,0.0993,1.5,49.5,67.9,0.0
MALLINCKRODT LLC,DIRECT RX,VILLAGE PHARMACY #4138 (MN),MN,2,False,T1_REROUTE_EXISTING,ANDA INC,MALLINCKRODT LLC -> ANDA INC -> VILLAGE PHARMACY #4138 (MN),0.8679,0.1459,0.0135,0.0881,1.5,49.5,67.9,0.0
PURDUE PHARMA LP,GULF COAST MEDICAL SUPPLY,HARRIS TEETER PHARMACY #6352 (IA),IA,1,False,T1_REROUTE_EXISTING,AMERISOURCEBERGEN DRUG CORP,PURDUE PHARMA LP -> AMERISOURCEBERGEN DRUG CORP -> HARRIS TEETER PHARMACY #6352 (IA),0.8802,0.1309,0.0137,0.0801,1.5,24.7,34.1,0.0
SUN PHARMA GLOBAL INC,NATIONAL WHOLESALE DRUG CO INC,CVS PHARMACY #9932 (PA),PA,2,False,T1_REROUTE_EXISTING,MIAMI-LUKEN INC,SUN PHARMA GLOBAL INC -> MIAMI-LUKEN INC -> CVS PHARMACY #9932 (PA),0.9815,1.0,0.0219,0.2652,1.5,49.5,67.9,0.0
TEVA PHARMACEUTICALS USA INC,SMITH DRUG COMPANY,HARRIS TEETER PHARMACY #6063 (NC),NC,3,False,T1_REROUTE_EXISTING,MIAMI-LUKEN INC,TEVA PHARMACEUTICALS USA INC -> MIAMI-LUKEN INC -> HARRIS TEETER PHARMACY #6063 (NC),0.9815,1.0,0.0471,0.2753,1.5,74.3,102.0,0.0
TEVA PHARMACEUTICALS USA INC,PRESCRIPTION SUPPLY INC,COMMUNITY PHARMACY #3782 (NC),NC,1,False,T1_REROUTE_EXISTING,MIAMI-LUKEN INC,TEVA PHARMACEUTICALS USA INC -> MIAMI-LUKEN INC -> COMMUNITY PHARMACY #3782 (NC),0.9815,1.0,0.0471,0.2753,1.5,24.7,34.1,0.0
WATSON LABORATORIES INC,AMERISOURCEBERGEN DRUG CORP,VILLAGE PHARMACY #1377 (VA),VA,1,False,T1_REROUTE_EXISTING,MIAMI-LUKEN INC,WATSON LABORATORIES INC -> MIAMI-LUKEN INC -> VILLAGE PHARMACY #1377 (VA),0.9815,1.0,0.0162,0.2629,1.5,24.7,34.1,0.0
ENDO PHARMACEUTICALS INC,KEYSOURCE MEDICAL INC,HARRIS TEETER PHARMACY #3473 (WV),WV,1,False,T1_REROUTE_EXISTING,MIAMI-LUKEN INC,ENDO PHARMACEUTICALS INC -> MIAMI-LUKEN INC -> HARRIS TEETER PHARMACY #3473 (WV),0.9815,1.0,0.5743,0.4862,1.5,24.7,34.1,0.0
AMNEAL PHARMACEUTICALS LLC,PENN PHARMACEUTICAL SERVICES INC,RITE AID #9075 (AR),AR,2,False,T1_REROUTE_EXISTING,DIRECT RX,AMNEAL PHARMACEUTICALS LLC -> DIRECT RX -> RITE AID #9075 (AR),0.8585,0.1504,0.0216,0.0958,1.5,49.5,67.9,0.0
QUALITEST PHARMACEUTICALS,DIRECT RX,PEOPLES PHARMACY #2912 (WV),WV,3,False,T1_REROUTE_EXISTING,MIAMI-LUKEN INC,QUALITEST PHARMACEUTICALS -> MIAMI-LUKEN INC -> PEOPLES PHARMACY #2912 (WV),0.9815,1.0,0.5743,0.4862,1.5,74.3,102.0,0.0
IMPAX LABORATORIES INC,KEYSOURCE MEDICAL INC,WALGREENS #8041 (NY),NY,3,False,T1_REROUTE_EXISTING,MIAMI-LUKEN INC,IMPAX LABORATORIES INC -> MIAMI-LUKEN INC -> WALGREENS #8041 (NY),0.9815,1.0,0.0014,0.257,1.5,74.3,102.0,0.0
LANNETT COMPANY INC,DAKOTA DRUG INC,SUNRISE PHARMACY #5914 (NJ),NJ,1,False,T1_REROUTE_EXISTING,MIAMI-LUKEN INC,LANNETT COMPANY INC -> MIAMI-LUKEN INC -> SUNRISE PHARMACY #5914 (NJ),0.9815,1.0,0.0028,0.2576,1.5,24.7,34.1,0.0
SANDOZ INC,PRESCRIPTION SUPPLY INC,WALGREENS #3635 (NC),NC,2,False,T1_REROUTE_EXISTING,MIAMI-LUKEN INC,SANDOZ INC -> MIAMI-LUKEN INC -> WALGREENS #3635 (NC),0.9815,1.0,0.0471,0.2753,1.5,49.5,67.9,0.0
PAR PHARMACEUTICAL INC,HD SMITH WHOLESALE DRUG CO,FAMILY CARE PHARMACY #6977 (NC),NC,3,False,T1_REROUTE_EXISTING,MIAMI-LUKEN INC,PAR PHARMACEUTICAL INC -> MIAMI-LUKEN INC -> FAMILY CARE PHARMACY #6977 (NC),0.9815,1.0,0.0471,0.2753,1.5,74.3,102.0,0.0
SANDOZ INC,KEYSOURCE MEDICAL INC,SUNRISE PHARMACY #7243 (WV),WV,2,False,T1_REROUTE_EXISTING,MIAMI-LUKEN INC,SANDOZ INC -> MIAMI-LUKEN INC -> SUNRISE PHARMACY #7243 (WV),0.9815,1.0,0.5743,0.4862,1.5,49.5,67.9,0.0
