risk_rank,entity,node_type,risk_score,betweenness,in_degree,pagerank
1,MIAMI-LUKEN INC,distributor,0.9815177944994624,0.00046241982090927333,0.009389671361502348,0.001274165367690975
2,KEYSOURCE MEDICAL INC,distributor,0.9290782785255542,0.0004778745465729835,0.009389671361502348,0.0008375565310031456
3,PENN PHARMACEUTICAL SERVICES INC,distributor,0.9287405646568108,0.00047723819962080074,0.009389671361502348,0.0008396265034954757
4,BELLCO DRUG CORP,distributor,0.9237851193404242,0.00048016898460622685,0.009389671361502348,0.0007886135604953138
5,AMERISOURCEBERGEN DRUG CORP,distributor,0.9193431208905889,0.00046943581551676944,0.009389671361502348,0.0008315175838031553
6,MCKESSON CORPORATION,distributor,0.9166812003710733,0.00046486627793627906,0.009389671361502348,0.0008448729985340374
7,HENRY SCHEIN INC,distributor,0.9162402269063166,0.0004656150420297401,0.009389671361502348,0.000837096375030921
8,BURLINGTON DRUG COMPANY INC,distributor,0.9141295075253126,0.00046149286507587555,0.009389671361502348,0.0008509956321085336
9,HD SMITH WHOLESALE DRUG CO,distributor,0.9135902102410629,0.0004656540152711665,0.009389671361502348,0.0008199550314961208
10,MORRIS & DICKSON CO LLC,distributor,0.9119989496992513,0.00046385520121200853,0.009389671361502348,0.0008217506151100749
11,DAKOTA DRUG INC,distributor,0.9084773097074981,0.0004546753206300327,0.009389671361502348,0.0008602136561874287
12,ANDA INC,distributor,0.9082244424597441,0.00046087959258275037,0.009389671361502348,0.0008174438995431377
13,KINRAY LLC,distributor,0.9069856822982963,0.00045680502854009494,0.009389671361502348,0.0008365823965049998
14,GULF COAST MEDICAL SUPPLY,distributor,0.905069859079606,0.00045843496127490686,0.009389671361502348,0.0008135641385347146
15,PRESCRIPTION SUPPLY INC,distributor,0.9029468021135505,0.00045817107131913566,0.009389671361502348,0.0008017891410205064
16,CARDINAL HEALTH INC,distributor,0.9011688783122442,0.00044656853027621795,0.009389671361502348,0.0008674328861221737
17,DIRECT RX,distributor,0.8979032533813451,0.000449348255098672,0.009389671361502348,0.0008281876206165433
18,SMITH DRUG COMPANY,distributor,0.8966035089400168,0.0004516109056082824,0.009389671361502348,0.0008048968805386163
19,VALUEDRUGCO,distributor,0.8940557145698755,0.0004484337788809161,0.009389671361502348,0.0008097421997122049
20,NATIONAL WHOLESALE DRUG CO INC,distributor,0.8908041638013907,0.00044852920220997254,0.009389671361502348,0.0007883940999345923
21,COMMUNITY PHARMACY #2490 (KY),retailer,0.38413227640565684,0.0,0.009389671361502348,0.0005359921645054623
22,RITE AID #9223 (WV),retailer,0.38304332323892776,0.0,0.009389671361502348,0.0005290546324450442
23,FAMILY CARE PHARMACY #6977 (NC),retailer,0.3827239464463096,0.0,0.009389671361502348,0.0005270199382030528
24,MAIN STREET PHARMACY #8342 (MI),retailer,0.3818384664611123,0.0,0.009389671361502348,0.0005213786985484433
25,PEOPLES PHARMACY #2912 (WV),retailer,0.3817655502422809,0.0,0.009389671361502348,0.0005209141619445539
26,WALMART PHARMACY #6240 (NC),retailer,0.38166785865897435,0.0,0.009389671361502348,0.000520291785783733
27,HARRIS TEETER PHARMACY #6063 (NC),retailer,0.3812486618646531,0.0,0.009389671361502348,0.0005176211555958773
28,PEOPLES PHARMACY #6594 (KY),retailer,0.3809090772890298,0.0,0.009389671361502348,0.0005154577210675709
29,CVS PHARMACY #5523 (NC),retailer,0.3807785907737003,0.0,0.009389671361502348,0.0005146264140736533
30,MAIN STREET PHARMACY #2094 (KY),retailer,0.38075174847606524,0.0,0.009389671361502348,0.000514455406443474
31,HOMETOWN PHARMACY #8919 (KY),retailer,0.3806797826234217,0.0,0.009389671361502348,0.0005139969244580003
32,HOMETOWN PHARMACY #8469 (NC),retailer,0.3802928991089588,0.0,0.009389671361502348,0.0005115321565807042
33,MAIN STREET PHARMACY #1667 (MI),retailer,0.38028195267458814,0.0,0.009389671361502348,0.0005114624187428304
34,PEOPLES PHARMACY #9504 (KY),retailer,0.37945382684594264,0.0,0.009389671361502348,0.0005061865724880779
35,QUALITY CARE PHARMACY #6847 (WV),retailer,0.379295441473678,0.0,0.009389671361502348,0.0005051775267076355
36,MEDICO PHARMACY #4938 (TN),retailer,0.37918396166454105,0.0,0.009389671361502348,0.00050446730814764
37,SUNRISE PHARMACY #7702 (NC),retailer,0.37899745769851917,0.0,0.009389671361502348,0.0005032791236754297
38,PUBLIX PHARMACY #6736 (TN),retailer,0.37872488015188915,0.0,0.009389671361502348,0.0005015425793257989
39,GOOD NEIGHBOR PHARMACY #6129 (NC),retailer,0.3785954849386869,0.0,0.009389671361502348,0.0005007182248287623
40,CVS PHARMACY #6803 (KY),retailer,0.37839232775130316,0.0,0.009389671361502348,0.0004994239455669532
41,PEOPLES PHARMACY #2660 (NC),retailer,0.3783562248606694,0.0,0.009389671361502348,0.0004991939403023576
42,MAIN STREET PHARMACY #7456 (MI),retailer,0.3783309880965709,0.0,0.009389671361502348,0.0004990331612483233
43,WALGREENS #3635 (NC),retailer,0.3782676109600771,0.0,0.009389671361502348,0.0004986293964862041
44,HARRIS TEETER PHARMACY #6758 (NC),retailer,0.37825607437699926,0.0,0.009389671361502348,0.0004985558989131079
45,HOMETOWN PHARMACY #6513 (WV),retailer,0.37818741128107264,0.0,0.009389671361502348,0.0004981184582187669
46,COMMUNITY PHARMACY #5731 (WV),retailer,0.3780010439235958,0.0,0.009389671361502348,0.0004969311440559416
47,WINN-DIXIE PHARMACY #2880 (MI),retailer,0.37783819463163587,0.0,0.009389671361502348,0.0004958936594161
48,HARRIS TEETER PHARMACY #3473 (WV),retailer,0.3777578687594082,0.0,0.009389671361502348,0.0004953819171934895
49,PEOPLES PHARMACY #4297 (TN),retailer,0.37775214913340943,0.0,0.009389671361502348,0.0004953454784466707
50,SUNRISE PHARMACY #2784 (IN),retailer,0.37774344014881633,0.0,0.009389671361502348,0.0004952899950138894
51,CVS PHARMACY #3187 (KY),retailer,0.37768727028392757,0.0,0.009389671361502348,0.0004949321465311438
52,WALMART PHARMACY #1339 (NC),retailer,0.37767524680718123,0.0,0.009389671361502348,0.0004948555470427965
53,SUNRISE PHARMACY #7243 (WV),retailer,0.37765989619372514,0.0,0.009389671361502348,0.0004947577509426036
54,GOOD NEIGHBOR PHARMACY #6272 (NC),retailer,0.377642031262851,0.0,0.009389671361502348,0.0004946439365615236
55,PUBLIX PHARMACY #1697 (MI),retailer,0.3776407121898471,0.0,0.009389671361502348,0.0004946355329758286
56,RITE AID #3418 (WV),retailer,0.37762993388042515,0.0,0.009389671361502348,0.0004945668662328899
57,CORNER DRUG STORE #4406 (KY),retailer,0.37756967832159216,0.0,0.009389671361502348,0.0004941829885015107
58,WALGREENS #6014 (MI),retailer,0.3775299372747273,0.0,0.009389671361502348,0.0004939298051735557
59,HOMETOWN PHARMACY #6387 (NC),retailer,0.3775104934216348,0.0,0.009389671361502348,0.0004938059317524311
60,MAIN STREET PHARMACY #8902 (TN),retailer,0.3774695440341089,0.0,0.009389671361502348,0.0004935450502953625
61,MEDICO PHARMACY #9378 (TN),retailer,0.37744656083201233,0.0,0.009389671361502348,0.0004933986282946122
62,CORNER DRUG STORE #1473 (PA),retailer,0.377427399311393,0.0,0.009389671361502348,0.0004932765535647851
63,PUBLIX PHARMACY #2055 (NC),retailer,0.3773579278579462,0.0,0.009389671361502348,0.0004928339629646595
64,WALGREENS #3100 (IN),retailer,0.37733369789250826,0.0,0.009389671361502348,0.0004926795980505526
65,KROGER PHARMACY #5322 (OH),retailer,0.3773329525923726,0.0,0.009389671361502348,0.0004926748498724458
66,MAIN STREET PHARMACY #9550 (WV),retailer,0.37722110561692734,0.0,0.009389671361502348,0.0004919622921594794
67,VILLAGE PHARMACY #9397 (NC),retailer,0.37720810039104036,0.0,0.009389671361502348,0.0004918794381173582
68,GOOD NEIGHBOR PHARMACY #2494 (WV),retailer,0.3772013423331027,0.0,0.009389671361502348,0.0004918363837004734
69,MEDICO PHARMACY #6767 (NC),retailer,0.377161464288897,0.0,0.009389671361502348,0.0004915823275861826
70,HARRIS TEETER PHARMACY #1096 (WV),retailer,0.3771610978329065,0.0,0.009389671361502348,0.0004915799929585231
71,PUBLIX PHARMACY #2769 (WV),retailer,0.3770139714725558,0.0,0.009389671361502348,0.0004906426763933565
72,WALMART PHARMACY #1108 (WV),retailer,0.37684766365560635,0.0,0.009389671361502348,0.0004895831580896901
73,QUALITY CARE PHARMACY #3338 (WV),retailer,0.37684216479292987,0.0,0.009389671361502348,0.0004895481257877701
74,SUNRISE PHARMACY #8999 (NC),retailer,0.37683506386615034,0.0,0.009389671361502348,0.0004895028870128649
75,CORNER DRUG STORE #6200 (PA),retailer,0.3767192042160209,0.0,0.009389671361502348,0.0004887647652443262
76,SUNRISE PHARMACY #9094 (PA),retailer,0.3767120754962494,0.0,0.009389671361502348,0.0004887193494050824
77,MAIN STREET PHARMACY #1358 (IN),retailer,0.37667860049590746,0.0,0.009389671361502348,0.0004885060859744864
78,HOMETOWN PHARMACY #8707 (WV),retailer,0.37663772255207817,0.0,0.009389671361502348,0.00048824565967283816
79,QUALITY CARE PHARMACY #6507 (NC),retailer,0.3766163555682869,0.0,0.009389671361502348,0.00048810953431904357
80,WALGREENS #4642 (PA),retailer,0.3766141620964023,0.0,0.009389671361502348,0.0004880955600894919
81,GOOD NEIGHBOR PHARMACY #5339 (PA),retailer,0.37654964978624095,0.0,0.009389671361502348,0.0004876845633325052
82,HOMETOWN PHARMACY #5569 (NC),retailer,0.3765079453473137,0.0,0.009389671361502348,0.0004874188715737047
83,PUBLIX PHARMACY #2234 (VA),retailer,0.37650688688526995,0.0,0.009389671361502348,0.0004874121282953091
84,MAIN STREET PHARMACY #7935 (KY),retailer,0.37649244513936597,0.0,0.009389671361502348,0.00048732012243291007
85,SUNRISE PHARMACY #1937 (TN),retailer,0.3764818122707121,0.0,0.009389671361502348,0.00048725238226791993
86,COMMUNITY PHARMACY #3782 (NC),retailer,0.3764040859703577,0.0,0.009389671361502348,0.00048675720146756853
87,MAIN STREET PHARMACY #4930 (VA),retailer,0.37637184199976603,0.0,0.009389671361502348,0.00048655178071434457
88,HARRIS TEETER PHARMACY #7528 (IN),retailer,0.37636179504930334,0.0,0.009389671361502348,0.0004864877733326924
89,MAIN STREET PHARMACY #4501 (WV),retailer,0.37635139131723294,0.0,0.009389671361502348,0.00048642149295719813
90,CVS PHARMACY #6466 (KY),retailer,0.3763483677718448,0.0,0.009389671361502348,0.00048640223047309214
91,CORNER DRUG STORE #1213 (TN),retailer,0.37625504786879416,0.0,0.009389671361502348,0.0004858077055301749
92,MEDICO PHARMACY #1621 (MI),retailer,0.3762222130637366,0.0,0.009389671361502348,0.00048559852067287874
93,COMMUNITY PHARMACY #9436 (WV),retailer,0.3761759329308047,0.0,0.009389671361502348,0.0004853036779599091
94,QUALITY CARE PHARMACY #3905 (TN),retailer,0.37615008096554925,0.0,0.009389671361502348,0.0004851389795658327
95,CVS PHARMACY #6838 (TN),retailer,0.3761346478355942,0.0,0.009389671361502348,0.000485040657767314
96,HEALTH MART PHARMACY #6078 (KY),retailer,0.3760289010645831,0.0,0.009389671361502348,0.0004843669634004763
97,HOMETOWN PHARMACY #3804 (KY),retailer,0.37597756002504096,0.0,0.009389671361502348,0.00048403987852784717
98,PEOPLES PHARMACY #4809 (WV),retailer,0.3759121000582134,0.0,0.009389671361502348,0.00048362284441433773
99,CORNER DRUG STORE #6232 (MI),retailer,0.37590979622665655,0.0,0.009389671361502348,0.0004836081671024241
100,KROGER PHARMACY #3100 (MI),retailer,0.375885312256587,0.0,0.009389671361502348,0.00048345218396879305
101,WALMART PHARMACY #8931 (VA),retailer,0.37583935420911607,0.0,0.009389671361502348,0.0004831593932065224
102,HEALTH MART PHARMACY #5260 (PA),retailer,0.37579509612195267,0.0,0.009389671361502348,0.000482877432597003
103,CORNER DRUG STORE #2236 (KY),retailer,0.37575456202649493,0.0,0.009389671361502348,0.0004826191968937885
104,HOMETOWN PHARMACY #4482 (KY),retailer,0.3757264847262056,0.0,0.009389671361502348,0.0004824403212755541
105,MEDICO PHARMACY #5392 (NC),retailer,0.3757171382079203,0.0,0.009389671361502348,0.0004823807762260156
106,PEOPLES PHARMACY #2021 (TN),retailer,0.3757046730552655,0.0,0.009389671361502348,0.0004823013628969371
107,QUALITY CARE PHARMACY #4985 (TN),retailer,0.37567369626441255,0.0,0.009389671361502348,0.00048210401512640194
108,HOMETOWN PHARMACY #2172 (WV),retailer,0.3756624302437854,0.0,0.009389671361502348,0.00048203224125982757
109,QUALITY CARE PHARMACY #3071 (KY),retailer,0.37561951007746514,0.0,0.009389671361502348,0.00048175880431232377
110,FAMILY CARE PHARMACY #2731 (OH),retailer,0.37561668060935405,0.0,0.009389671361502348,0.0004817407782609433
111,VILLAGE PHARMACY #2822 (WV),retailer,0.3755880893468076,0.0,0.009389671361502348,0.0004815586282781669
112,KROGER PHARMACY #1497 (PA),retailer,0.37554604692231514,0.0,0.009389671361502348,0.00048129078327185666
113,WALGREENS #6656 (TN),retailer,0.3755434634041669,0.0,0.009389671361502348,0.0004812743241251003
114,SUNRISE PHARMACY #2882 (KY),retailer,0.3755346004434421,0.0,0.009389671361502348,0.0004812178597370466
115,PUBLIX PHARMACY #7101 (VA),retailer,0.37553353748138163,0.0,0.009389671361502348,0.00048121108778982337
116,GOOD NEIGHBOR PHARMACY #4375 (OH),retailer,0.37550954858138486,0.0,0.009389671361502348,0.00048105825866189895
117,WINN-DIXIE PHARMACY #3112 (LA),retailer,0.3754819364216721,0.0,0.009389671361502348,0.0004808823463737332
118,MAIN STREET PHARMACY #2855 (IN),retailer,0.37546971219925596,0.0,0.009389671361502348,0.00048080446796948503
119,PEOPLES PHARMACY #6564 (IN),retailer,0.3754567433675584,0.0,0.009389671361502348,0.0004807218457884432
120,KROGER PHARMACY #2038 (MI),retailer,0.37544158003749,0.0,0.009389671361502348,0.000480625242838283
121,CVS PHARMACY #6755 (TN),retailer,0.37541172562935976,0.0,0.009389671361502348,0.00048043504557372056
122,COMMUNITY PHARMACY #9334 (IN),retailer,0.3753892098418439,0.0,0.009389671361502348,0.00048029160139032517
123,WINN-DIXIE PHARMACY #9193 (KY),retailer,0.3753679824501694,0.0,0.009389671361502348,0.00048015636535373525
124,HEALTH MART PHARMACY #5593 (KY),retailer,0.3753413898089071,0.0,0.009389671361502348,0.000479986948241076
125,CVS PHARMACY #9326 (KY),retailer,0.3753077733760347,0.0,0.009389671361502348,0.0004797727837683193
126,HOMETOWN PHARMACY #2766 (WV),retailer,0.3752896495350288,0.0,0.009389671361502348,0.00047965731991562305
127,VILLAGE PHARMACY #9720 (VA),retailer,0.37526535888854307,0.0,0.009389671361502348,0.0004795025684130684
128,VILLAGE PHARMACY #3873 (PA),retailer,0.3752489069870254,0.0,0.009389671361502348,0.00047939775619733593
129,HARRIS TEETER PHARMACY #7234 (WV),retailer,0.3752243484218769,0.0,0.009389671361502348,0.0004792412978313739
130,MEDICO PHARMACY #2927 (MI),retailer,0.3752095941892257,0.0,0.009389671361502348,0.0004791473011700189
131,PEOPLES PHARMACY #3759 (TN),retailer,0.3752037604363402,0.0,0.009389671361502348,0.0004791101353405669
132,PUBLIX PHARMACY #9833 (MI),retailer,0.3751922777850205,0.0,0.009389671361502348,0.00047903698135736317
133,WALGREENS #4571 (VA),retailer,0.37510215770890304,0.0,0.009389671361502348,0.0004784628419577501
134,PUBLIX PHARMACY #8639 (OH),retailer,0.37507469447790764,0.0,0.009389671361502348,0.00047828787846865414
135,QUALITY CARE PHARMACY #9242 (KY),retailer,0.3750512169756949,0.0,0.009389671361502348,0.00047813830736745703
136,PEOPLES PHARMACY #6007 (WV),retailer,0.3750130914005416,0.0,0.009389671361502348,0.00047789541593003926
137,COMMUNITY PHARMACY #1898 (TN),retailer,0.3749338037652361,0.0,0.009389671361502348,0.0004773902881350773
138,GOOD NEIGHBOR PHARMACY #7994 (IN),retailer,0.37491898179134364,0.0,0.009389671361502348,0.0004772958599060043
139,COMMUNITY PHARMACY #8090 (LA),retailer,0.3749045514344158,0.0,0.009389671361502348,0.00047720392660079977
140,HOMETOWN PHARMACY #9385 (MI),retailer,0.3748888000837337,0.0,0.009389671361502348,0.0004771035774731325
141,COMMUNITY PHARMACY #8229 (IN),retailer,0.3748818676852834,0.0,0.009389671361502348,0.00047705941236303044
142,SUNRISE PHARMACY #9537 (KY),retailer,0.37486257335405176,0.0,0.009389671361502348,0.0004769364915197899
143,HEALTH MART PHARMACY #4740 (VA),retailer,0.37479740403707135,0.0,0.009389671361502348,0.00047652130908612723
144,WALGREENS #8595 (PA),retailer,0.3747663940663144,0.0,0.009389671361502348,0.00047632374993216895
145,PEOPLES PHARMACY #8932 (PA),retailer,0.37475943953282487,0.0,0.009389671361502348,0.0004762794438035651
146,FAMILY CARE PHARMACY #2951 (LA),retailer,0.37475014217343866,0.0,0.009389671361502348,0.00047622021193686066
147,KROGER PHARMACY #2900 (MI),retailer,0.3747372610068737,0.0,0.009389671361502348,0.0004761381482551981
148,QUALITY CARE PHARMACY #7561 (KY),retailer,0.37473157339824403,0.0,0.009389671361502348,0.00047610191348549356
149,FAMILY CARE PHARMACY #3203 (KY),retailer,0.37471363132087826,0.0,0.009389671361502348,0.0004759876076174739
150,WALGREENS #4408 (TN),retailer,0.3746368461527769,0.0,0.009389671361502348,0.00047549842260773855
151,MEDICO PHARMACY #5822 (TN),retailer,0.37462874256678214,0.0,0.009389671361502348,0.00047544679606459556
152,PUBLIX PHARMACY #1973 (TN),retailer,0.3745927733527485,0.0,0.009389671361502348,0.0004752176424304717
153,WALMART PHARMACY #2083 (MI),retailer,0.3745806507971736,0.0,0.009389671361502348,0.00047514041172806455
154,RITE AID #8791 (VA),retailer,0.3745630787737731,0.0,0.009389671361502348,0.00047502846340977866
155,FAMILY CARE PHARMACY #9932 (MI),retailer,0.37455019843608467,0.0,0.009389671361502348,0.000474946405008745
156,WINN-DIXIE PHARMACY #5889 (PA),retailer,0.37453047689909164,0.0,0.009389671361502348,0.000474820762511574
157,SUNRISE PHARMACY #2009 (VA),retailer,0.3745146921612758,0.0,0.009389671361502348,0.000474720200680259
158,MEDICO PHARMACY #1464 (KY),retailer,0.374477601552667,0.0,0.009389671361502348,0.0004744839028354794
159,HOMETOWN PHARMACY #6061 (MI),retailer,0.37447229416871847,0.0,0.009389671361502348,0.0004744500904113782
160,GOOD NEIGHBOR PHARMACY #7697 (PA),retailer,0.3744650572636892,0.0,0.009389671361502348,0.0004744039853425904
161,HARRIS TEETER PHARMACY #6061 (MI),retailer,0.37445283926415707,0.0,0.009389671361502348,0.0004743261465832588
162,QUALITY CARE PHARMACY #6874 (MI),retailer,0.3744398927540682,0.0,0.009389671361502348,0.00047424366660932005
163,PEOPLES PHARMACY #8476 (PA),retailer,0.37442220835043916,0.0,0.009389671361502348,0.00047413100233605846
164,MAIN STREET PHARMACY #4198 (PA),retailer,0.3743714815026702,0.0,0.009389671361502348,0.0004738078303728617
165,GOOD NEIGHBOR PHARMACY #9442 (VA),retailer,0.3743463941611435,0.0,0.009389671361502348,0.00047364800326415784
166,COMMUNITY PHARMACY #2313 (LA),retailer,0.37434068666447495,0.0,0.009389671361502348,0.00047361164179120127
167,WALGREENS #7469 (WV),retailer,0.3743385722203411,0.0,0.009389671361502348,0.0004735981710337653
168,HOMETOWN PHARMACY #8152 (WV),retailer,0.3742870683473629,0.0,0.009389671361502348,0.0004732700487775112
169,PUBLIX PHARMACY #8653 (MI),retailer,0.37428296071657785,0.0,0.009389671361502348,0.0004732438797730632
170,FAMILY CARE PHARMACY #3467 (KY),retailer,0.37427674992177073,0.0,0.009389671361502348,0.00047320431187481825
171,WALMART PHARMACY #7653 (PA),retailer,0.37427490584729567,0.0,0.009389671361502348,0.00047319256359566015
172,GOOD NEIGHBOR PHARMACY #5677 (LA),retailer,0.3742651292584546,0.0,0.009389671361502348,0.0004731302786410831
173,COMMUNITY PHARMACY #4205 (PA),retailer,0.3742540742639484,0.0,0.009389671361502348,0.00047305984918538386
174,GOOD NEIGHBOR PHARMACY #3282 (LA),retailer,0.37423094481568053,0.0,0.009389671361502348,0.0004729124954756002
175,RITE AID #1901 (TN),retailer,0.3742291291990372,0.0,0.009389671361502348,0.00047290092849636085
176,VILLAGE PHARMACY #4294 (PA),retailer,0.3742285256744462,0.0,0.009389671361502348,0.0004728970835456987
177,FAMILY CARE PHARMACY #1847 (OH),retailer,0.37422790278870455,0.0,0.009389671361502348,0.00047289311524849846
178,CORNER DRUG STORE #1453 (OH),retailer,0.3741693158283873,0.0,0.009389671361502348,0.00047251986786932574
179,HARRIS TEETER PHARMACY #7348 (TN),retailer,0.3741644360878512,0.0,0.009389671361502348,0.0004724887798873536
180,MAIN STREET PHARMACY #8777 (MI),retailer,0.37413536718829593,0.0,0.009389671361502348,0.0004723035869619028
181,HEALTH MART PHARMACY #5181 (MI),retailer,0.37406122057883195,0.0,0.009389671361502348,0.00047183121175234903
182,PEOPLES PHARMACY #8170 (VA),retailer,0.37405115140312645,0.0,0.009389671361502348,0.0004717670627775233
183,HOMETOWN PHARMACY #3746 (TN),retailer,0.37404026312800176,0.0,0.009389671361502348,0.00047169769546213453
184,VILLAGE PHARMACY #8857 (VA),retailer,0.37403863493704825,0.0,0.009389671361502348,0.0004716873225395099
185,HEALTH MART PHARMACY #9547 (VA),retailer,0.3740144580909154,0.0,0.009389671361502348,0.00047153329603929746
186,WINN-DIXIE PHARMACY #1883 (IN),retailer,0.37400078738927356,0.0,0.009389671361502348,0.000471446202366377
187,QUALITY CARE PHARMACY #3729 (OH),retailer,0.37397922479802514,0.0,0.009389671361502348,0.000471308830831345
188,HOMETOWN PHARMACY #4939 (MI),retailer,0.3738021130789825,0.0,0.009389671361502348,0.00047018048273826294
189,SUNRISE PHARMACY #8440 (TN),retailer,0.3737964468670921,0.0,0.009389671361502348,0.00047014438428347963
190,WINN-DIXIE PHARMACY #2902 (IN),retailer,0.37378723179088447,0.0,0.009389671361502348,0.00047008567662865775
191,HOMETOWN PHARMACY #7685 (TN),retailer,0.37368349999642175,0.0,0.009389671361502348,0.0004694248193284933
192,HEALTH MART PHARMACY #4409 (OH),retailer,0.37367590658983296,0.0,0.009389671361502348,0.00046937644305000237
193,HEALTH MART PHARMACY #4585 (MI),retailer,0.3736282425626156,0.0,0.009389671361502348,0.0004690727837861773
194,COMMUNITY PHARMACY #7241 (LA),retailer,0.37350816659219666,0.0,0.009389671361502348,0.0004683078005711784
195,COMMUNITY PHARMACY #6858 (LA),retailer,0.3734984592018099,0.0,0.009389671361502348,0.00046824595646797134
196,MAIN STREET PHARMACY #4010 (LA),retailer,0.37348378185702297,0.0,0.009389671361502348,0.0004681524496458854
197,KROGER PHARMACY #8019 (KY),retailer,0.37347452211237786,0.0,0.009389671361502348,0.00046809345741618316
198,HOMETOWN PHARMACY #2097 (OH),retailer,0.3734667110782971,0.0,0.009389671361502348,0.00046804369467062535
199,RITE AID #1243 (IN),retailer,0.37337198464682086,0.0,0.009389671361502348,0.00046744020897866533
200,HEALTH MART PHARMACY #7087 (VA),retailer,0.37336843240659373,0.0,0.009389671361502348,0.0004674175782712899
201,SUNRISE PHARMACY #1684 (LA),retailer,0.37336506364221034,0.0,0.009389671361502348,0.0004673961164567436
202,VILLAGE PHARMACY #4915 (OH),retailer,0.37327768530021416,0.0,0.009389671361502348,0.00046683944417045463
203,FAMILY CARE PHARMACY #7438 (PA),retailer,0.3732690385904604,0.0,0.009389671361502348,0.0004667843574798911
204,CORNER DRUG STORE #2273 (LA),retailer,0.3731787984708724,0.0,0.009389671361502348,0.0004662094533041143
205,WALMART PHARMACY #5079 (LA),retailer,0.37316303944504536,0.0,0.009389671361502348,0.00046610905527942755
206,HOMETOWN PHARMACY #3315 (LA),retailer,0.37314688893180425,0.0,0.009389671361502348,0.0004660061631562163
207,WINN-DIXIE PHARMACY #2041 (MI),retailer,0.3731055415032793,0.0,0.009389671361502348,0.0004657427458488684
208,WALGREENS #4349 (IN),retailer,0.3730557303724148,0.0,0.009389671361502348,0.0004654254077595033
209,WINN-DIXIE PHARMACY #1222 (LA),retailer,0.3730556744548733,0.0,0.009389671361502348,0.000465425051518529
210,FAMILY CARE PHARMACY #4130 (TN),retailer,0.3729882796552965,0.0,0.009389671361502348,0.00046499569092061293
211,HARRIS TEETER PHARMACY #9862 (LA),retailer,0.3728825753943156,0.0,0.009389671361502348,0.0004643222673778166
212,CVS PHARMACY #5105 (TN),retailer,0.3645982399914808,0.0,0.00892018779342723,0.0005071066036314981
213,GOOD NEIGHBOR PHARMACY #8896 (PA),retailer,0.364295624858223,0.0,0.00892018779342723,0.0005051786950188166
214,WINN-DIXIE PHARMACY #4694 (OH),retailer,0.3632578759357563,0.0,0.00892018779342723,0.0004985673763319882
215,HOMETOWN PHARMACY #4342 (MI),retailer,0.3630672017128659,0.0,0.00892018779342723,0.0004973526238753965
216,KROGER PHARMACY #4300 (VA),retailer,0.36300333028762344,0.0,0.00892018779342723,0.0004969457100852517
217,FAMILY CARE PHARMACY #2595 (OH),retailer,0.3627781085876188,0.0,0.00892018779342723,0.0004955108616342595
218,MAIN STREET PHARMACY #2256 (IN),retailer,0.362693056882866,0.0,0.00892018779342723,0.000494969011950964
219,RITE AID #3349 (TN),retailer,0.3625258168257006,0.0,0.00892018779342723,0.0004939035545063103
220,MEDICO PHARMACY #8978 (MI),retailer,0.36220867528706746,0.0,0.00892018779342723,0.000491883100680397
221,CVS PHARMACY #2504 (VA),retailer,0.362187376864225,0.0,0.00892018779342723,0.0004917474121165354
222,PUBLIX PHARMACY #2397 (LA),retailer,0.3620348925165212,0.0,0.00892018779342723,0.00049077596074174
223,VILLAGE PHARMACY #2028 (TN),retailer,0.36201105015039436,0.0,0.00892018779342723,0.0004906240651557269
224,PUBLIX PHARMACY #1528 (VA),retailer,0.3619052749561629,0.0,0.00892018779342723,0.0004899501897094744
225,CVS PHARMACY #2408 (IN),retailer,0.3618781506213252,0.0,0.00892018779342723,0.000489777385269115
226,WINN-DIXIE PHARMACY #5962 (PA),retailer,0.361874165065739,0.0,0.00892018779342723,0.0004897519939846203
227,CORNER DRUG STORE #4480 (IN),retailer,0.3615244770423194,0.0,0.00892018779342723,0.00048752419213993247
228,VILLAGE PHARMACY #7158 (OH),retailer,0.36147872979072415,0.0,0.00892018779342723,0.0004872327443216838
229,PEOPLES PHARMACY #1397 (OH),retailer,0.3614472538511056,0.0,0.00892018779342723,0.0004870322165607965
230,WINN-DIXIE PHARMACY #8378 (VA),retailer,0.36138826654904654,0.0,0.00892018779342723,0.0004866564186737105
231,HOMETOWN PHARMACY #7311 (LA),retailer,0.3613621743268698,0.0,0.00892018779342723,0.0004864901896443918
232,CVS PHARMACY #9746 (TN),retailer,0.3612624226853615,0.0,0.00892018779342723,0.00048585468920949126
233,CVS PHARMACY #4109 (IN),retailer,0.36122320075770187,0.0,0.00892018779342723,0.00048560481310010113
234,QUALITY CARE PHARMACY #8199 (WV),retailer,0.3611830836715332,0.0,0.00892018779342723,0.00048534923409085715
235,VILLAGE PHARMACY #1707 (KY),retailer,0.3610528106732913,0.0,0.00892018779342723,0.00048451928737733166
236,GOOD NEIGHBOR PHARMACY #8085 (OH),retailer,0.36094948970904017,0.0,0.00892018779342723,0.0004838610474053054
237,KROGER PHARMACY #8012 (VA),retailer,0.36088690644830557,0.0,0.00892018779342723,0.0004834623402881797
238,PEOPLES PHARMACY #5108 (MI),retailer,0.360869179838699,0.0,0.00892018779342723,0.0004833494071279431
239,PUBLIX PHARMACY #9278 (VA),retailer,0.3607756917501375,0.0,0.00892018779342723,0.00048275381070425995
240,HARRIS TEETER PHARMACY #4474 (IN),retailer,0.36076619517968483,0.0,0.00892018779342723,0.00048269330969834674
241,HARRIS TEETER PHARMACY #7261 (KY),retailer,0.36076078448035187,0.0,0.00892018779342723,0.00048265883906982134
242,SUNRISE PHARMACY #1845 (LA),retailer,0.3607605594740895,0.0,0.00892018779342723,0.00048265740559388633
243,SUNRISE PHARMACY #8787 (TN),retailer,0.3607327962487964,0.0,0.00892018779342723,0.000482480530893067
244,KROGER PHARMACY #3523 (OH),retailer,0.36069603534157146,0.0,0.00892018779342723,0.00048224633351871235
245,SUNRISE PHARMACY #4402 (PA),retailer,0.36069546231260585,0.0,0.00892018779342723,0.0004822426828503992
246,KROGER PHARMACY #6683 (OH),retailer,0.3605515815185155,0.0,0.00892018779342723,0.00048132604322587017
247,SUNRISE PHARMACY #6637 (LA),retailer,0.3604716552228674,0.0,0.00892018779342723,0.0004808168466364566
248,WALGREENS #9211 (LA),retailer,0.36046151785432995,0.0,0.00892018779342723,0.000480752263216907
249,SUNRISE PHARMACY #7649 (PA),retailer,0.3604428127175385,0.0,0.00892018779342723,0.000480633096029419
250,MEDICO PHARMACY #9307 (VA),retailer,0.3603571976466813,0.0,0.00892018779342723,0.0004800876572382259
251,VILLAGE PHARMACY #9964 (OH),retailer,0.3602650782001636,0.0,0.00892018779342723,0.0004795007801960073
252,FAMILY CARE PHARMACY #9427 (IN),retailer,0.3601645922636696,0.0,0.00892018779342723,0.0004788606016949038
253,WINN-DIXIE PHARMACY #3643 (MI),retailer,0.3601183341796756,0.0,0.00892018779342723,0.00047856589945189943
254,CORNER DRUG STORE #3385 (IN),retailer,0.36008358614454855,0.0,0.00892018779342723,0.0004783445257371285
255,SUNRISE PHARMACY #8451 (IN),retailer,0.3600708341471816,0.0,0.00892018779342723,0.0004782632849700594
256,SUNRISE PHARMACY #9538 (OH),retailer,0.3600441086673637,0.0,0.00892018779342723,0.0004780930215659648
257,MAIN STREET PHARMACY #7581 (LA),retailer,0.35999463616178295,0.0,0.00892018779342723,0.00047777784079964543
258,CVS PHARMACY #1671 (OH),retailer,0.3599808300145485,0.0,0.00892018779342723,0.0004776898842263085
259,COMMUNITY PHARMACY #2294 (TN),retailer,0.3599541701299561,0.0,0.00892018779342723,0.00047752003871803734
260,MEDICO PHARMACY #5873 (MI),retailer,0.3598198984548925,0.0,0.00892018779342723,0.0004766646171268978
261,VILLAGE PHARMACY #1377 (VA),retailer,0.35980748911919297,0.0,0.00892018779342723,0.00047658555939797577
262,PEOPLES PHARMACY #3668 (MI),retailer,0.3597926218208705,0.0,0.00892018779342723,0.0004764908424148077
263,SUNRISE PHARMACY #5581 (TN),retailer,0.35973921819857124,0.0,0.00892018779342723,0.0004761506171845929
264,WALMART PHARMACY #3043 (PA),retailer,0.359720609482777,0.0,0.00892018779342723,0.0004760320642785817
265,CVS PHARMACY #6965 (LA),retailer,0.35971399676742744,0.0,0.00892018779342723,0.00047598993581415746
266,QUALITY CARE PHARMACY #6823 (IN),retailer,0.3596940028892554,0.0,0.00892018779342723,0.0004758625582784944
267,MEDICO PHARMACY #3176 (VA),retailer,0.35968223457674725,0.0,0.00892018779342723,0.00047578758439732424
268,RITE AID #6549 (IN),retailer,0.35966562266156277,0.0,0.00892018779342723,0.00047568175276222857
269,CVS PHARMACY #3954 (OH),retailer,0.3596390949058144,0.0,0.00892018779342723,0.0004755127490239431
270,HARRIS TEETER PHARMACY #4306 (PA),retailer,0.35963048870920494,0.0,0.00892018779342723,0.0004754579204356064
271,FAMILY CARE PHARMACY #3398 (KY),retailer,0.359587038679257,0.0,0.00892018779342723,0.00047518110781868234
272,MAIN STREET PHARMACY #6528 (OH),retailer,0.35954622220127946,0.0,0.00892018779342723,0.00047492107310533207
273,HARRIS TEETER PHARMACY #8060 (MI),retailer,0.35953565228086853,0.0,0.00892018779342723,0.00047485373397269774
274,WALMART PHARMACY #6376 (OH),retailer,0.35951046725231384,0.0,0.00892018779342723,0.00047469328451685413
275,HARRIS TEETER PHARMACY #8108 (VA),retailer,0.35947123847734647,0.0,0.00892018779342723,0.00047444336478445233
276,GOOD NEIGHBOR PHARMACY #7746 (TN),retailer,0.35945730498201967,0.0,0.00892018779342723,0.00047435459689847094
277,HOMETOWN PHARMACY #7488 (TN),retailer,0.3594476273685757,0.0,0.00892018779342723,0.00047429294249901017
278,HARRIS TEETER PHARMACY #9191 (IN),retailer,0.35944526780061825,0.0,0.00892018779342723,0.0004742779101001393
279,CVS PHARMACY #2808 (IN),retailer,0.35944278661178025,0.0,0.00892018779342723,0.0004742621028756989
280,CVS PHARMACY #4509 (LA),retailer,0.3594282813291627,0.0,0.00892018779342723,0.0004741696922319
281,CVS PHARMACY #5473 (MI),retailer,0.3594253473341332,0.0,0.00892018779342723,0.00047415100025762185
282,QUALITY CARE PHARMACY #4445 (LA),retailer,0.35942050901594075,0.0,0.00892018779342723,0.00047412017617022833
283,QUALITY CARE PHARMACY #3860 (VA),retailer,0.35940368310755527,0.0,0.00892018779342723,0.00047401298122150476
284,QUALITY CARE PHARMACY #4665 (OH),retailer,0.3594009263827439,0.0,0.00892018779342723,0.0004739954186050903
285,KROGER PHARMACY #1887 (KY),retailer,0.3593418216653032,0.0,0.00892018779342723,0.00047361887268493975
286,FAMILY CARE PHARMACY #5612 (LA),retailer,0.3593396388531931,0.0,0.00892018779342723,0.00047360496636696554
287,CORNER DRUG STORE #9561 (PA),retailer,0.3593395221904029,0.0,0.00892018779342723,0.00047360422312853065
288,VILLAGE PHARMACY #8618 (LA),retailer,0.359322698358215,0.0,0.00892018779342723,0.00047349704140690234
289,MAIN STREET PHARMACY #9148 (LA),retailer,0.3593108140755919,0.0,0.00892018779342723,0.0004734213287002112
290,VILLAGE PHARMACY #8234 (IN),retailer,0.3592482245936031,0.0,0.00892018779342723,0.0004730225819485522
291,RITE AID #8167 (LA),retailer,0.35924428150991977,0.0,0.00892018779342723,0.0004729974612451959
292,CORNER DRUG STORE #8237 (VA),retailer,0.3592231059263304,0.0,0.00892018779342723,0.0004728625552689447
293,MEDICO PHARMACY #8971 (LA),retailer,0.3592025597602255,0.0,0.00892018779342723,0.0004727316592024964
294,COMMUNITY PHARMACY #2590 (PA),retailer,0.3591991538121301,0.0,0.00892018779342723,0.0004727099604969597
295,RITE AID #4372 (LA),retailer,0.359185412931415,0.0,0.00892018779342723,0.0004726224197253159
296,PUBLIX PHARMACY #1949 (PA),retailer,0.35917818901690973,0.0,0.00892018779342723,0.0004725763974169072
297,VILLAGE PHARMACY #1845 (LA),retailer,0.35917712275086844,0.0,0.00892018779342723,0.00047256960442059424
298,MAIN STREET PHARMACY #8644 (MI),retailer,0.35916259092119734,0.0,0.00892018779342723,0.0004724770246501139
299,CORNER DRUG STORE #2997 (IN),retailer,0.3591502526352806,0.0,0.00892018779342723,0.0004723984195670551
300,KROGER PHARMACY #9142 (OH),retailer,0.3591400036499346,0.0,0.00892018779342723,0.0004723331250561457
301,HEALTH MART PHARMACY #9612 (IN),retailer,0.35912467529672587,0.0,0.00892018779342723,0.00047223547077213416
302,WALGREENS #5846 (PA),retailer,0.3590934747368722,0.0,0.00892018779342723,0.0004720366974080437
303,KROGER PHARMACY #8280 (OH),retailer,0.3590863348210459,0.0,0.00892018779342723,0.0004719912102406732
304,KROGER PHARMACY #5686 (VA),retailer,0.35907659802298547,0.0,0.00892018779342723,0.0004719291787862694
305,CORNER DRUG STORE #5842 (PA),retailer,0.35905727569311086,0.0,0.00892018779342723,0.00047180607956852247
306,WINN-DIXIE PHARMACY #8561 (LA),retailer,0.35904007081065037,0.0,0.00892018779342723,0.0004716964702415907
307,MAIN STREET PHARMACY #2208 (PA),retailer,0.3590213630739133,0.0,0.00892018779342723,0.0004715772864902997
308,PUBLIX PHARMACY #8283 (OH),retailer,0.35899212113381684,0.0,0.00892018779342723,0.0004713909911535246
309,WINN-DIXIE PHARMACY #7583 (TN),retailer,0.3589904852321616,0.0,0.00892018779342723,0.0004713805691073544
310,HOMETOWN PHARMACY #3673 (VA),retailer,0.35897736697128135,0.0,0.00892018779342723,0.00047129699493886443
311,COMMUNITY PHARMACY #8260 (MI),retailer,0.35895916123603894,0.0,0.00892018779342723,0.0004711810093521685
312,WALGREENS #5306 (TN),retailer,0.3589328775823778,0.0,0.00892018779342723,0.0004710135607460114
313,CVS PHARMACY #6085 (IN),retailer,0.35892296202107055,0.0,0.00892018779342723,0.0004709503904219169
314,HARRIS TEETER PHARMACY #7275 (IN),retailer,0.3588419684773756,0.0,0.00892018779342723,0.00047043439458000326
315,MAIN STREET PHARMACY #9832 (OH),retailer,0.35881248645248454,0.0,0.00892018779342723,0.00047024656970457525
316,WINN-DIXIE PHARMACY #1912 (OH),retailer,0.3588022623721188,0.0,0.00892018779342723,0.0004701814338589831
317,GOOD NEIGHBOR PHARMACY #3396 (IN),retailer,0.3587904111641855,0.0,0.00892018779342723,0.000470105931865413
318,HARRIS TEETER PHARMACY #1893 (LA),retailer,0.3587733544016704,0.0,0.00892018779342723,0.0004699972661850049
319,RITE AID #9491 (IN),retailer,0.35876862166844053,0.0,0.00892018779342723,0.00046996711476112504
320,MEDICO PHARMACY #1698 (IN),retailer,0.35872577652626036,0.0,0.00892018779342723,0.0004696941557794261
321,FAMILY CARE PHARMACY #5152 (MI),retailer,0.3587204866070375,0.0,0.00892018779342723,0.0004696604546200678
322,KROGER PHARMACY #6580 (OH),retailer,0.3586857024576124,0.0,0.00892018779342723,0.0004694388508273573
323,WINN-DIXIE PHARMACY #2866 (PA),retailer,0.358598579858794,0.0,0.00892018779342723,0.00046888380783656947
324,FAMILY CARE PHARMACY #4012 (VA),retailer,0.35858474715060695,0.0,0.00892018779342723,0.0004687956820480029
325,RITE AID #2643 (LA),retailer,0.3585287782194441,0.0,0.00892018779342723,0.0004684391136792309
326,SUNRISE PHARMACY #6784 (TN),retailer,0.35852111975820794,0.0,0.00892018779342723,0.0004683903229488463
327,FAMILY CARE PHARMACY #5331 (IN),retailer,0.3585161499809038,0.0,0.00892018779342723,0.00046835866135821585
328,MEDICO PHARMACY #3617 (VA),retailer,0.35848408742779037,0.0,0.00892018779342723,0.0004681543963843316
329,MEDICO PHARMACY #9833 (TN),retailer,0.35846315961958136,0.0,0.00892018779342723,0.0004680210689421236
330,CVS PHARMACY #5635 (IN),retailer,0.3583833633465623,0.0,0.00892018779342723,0.0004675127007043647
331,CVS PHARMACY #7218 (LA),retailer,0.3583585734351782,0.0,0.00892018779342723,0.00046735476847159626
332,HOMETOWN PHARMACY #3657 (IN),retailer,0.3583541918916733,0.0,0.00892018779342723,0.00046732685441664134
333,MAIN STREET PHARMACY #3572 (TN),retailer,0.3583317724714411,0.0,0.00892018779342723,0.00046718402417252324
334,GOOD NEIGHBOR PHARMACY #1784 (PA),retailer,0.35832347081454585,0.0,0.00892018779342723,0.00046713113575397156
335,HOMETOWN PHARMACY #9646 (TN),retailer,0.3582715475852187,0.0,0.00892018779342723,0.00046680034185103464
336,RITE AID #3210 (VA),retailer,0.35823256454928704,0.0,0.00892018779342723,0.000466551987679477
337,COMMUNITY PHARMACY #9734 (IN),retailer,0.3582135256905551,0.0,0.00892018779342723,0.00046643069440729403
338,KROGER PHARMACY #9284 (VA),retailer,0.35819470969077943,0.0,0.00892018779342723,0.0004663108209309307
339,HEALTH MART PHARMACY #8974 (OH),retailer,0.35818751716517105,0.0,0.00892018779342723,0.0004662649985957488
340,SUNRISE PHARMACY #6542 (PA),retailer,0.35817527546794165,0.0,0.00892018779342723,0.00046618700886249127
341,MEDICO PHARMACY #8538 (LA),retailer,0.3581719375435402,0.0,0.00892018779342723,0.00046616574352412984
342,HEALTH MART PHARMACY #7378 (OH),retailer,0.3581326752086647,0.0,0.00892018779342723,0.0004659156099873648
343,CORNER DRUG STORE #4739 (MI),retailer,0.3581141338954333,0.0,0.00892018779342723,0.00046579748649140966
344,MEDICO PHARMACY #9532 (OH),retailer,0.3580746412848692,0.0,0.00892018779342723,0.00046554588590810755
345,WALGREENS #7900 (VA),retailer,0.35801976501612703,0.0,0.00892018779342723,0.00046519627870241057
346,WALMART PHARMACY #9405 (VA),retailer,0.35800728796659087,0.0,0.00892018779342723,0.0004651167895803608
347,MEDICO PHARMACY #9453 (TN),retailer,0.3579855924164509,0.0,0.00892018779342723,0.00046497857098725407
348,VILLAGE PHARMACY #7334 (PA),retailer,0.3579701963116144,0.0,0.00892018779342723,0.0004648804850693543
349,COMMUNITY PHARMACY #8220 (VA),retailer,0.3579138965637374,0.0,0.00892018779342723,0.0004645218091245812
350,KROGER PHARMACY #2636 (VA),retailer,0.35787489295825425,0.0,0.00892018779342723,0.0004642733239079726
351,MEDICO PHARMACY #4307 (LA),retailer,0.35779592721203674,0.0,0.00892018779342723,0.0004637702468126513
352,HARRIS TEETER PHARMACY #9396 (VA),retailer,0.35771888510414873,0.0,0.00892018779342723,0.00046327942488402725
353,WALGREENS #8038 (IN),retailer,0.34981547670524343,0.0,0.008450704225352112,0.000508490581117835
354,VILLAGE PHARMACY #1037 (MI),retailer,0.34873107072871834,0.0,0.008450704225352112,0.000501582018418808
355,WALMART PHARMACY #9312 (PA),retailer,0.34870778998033297,0.0,0.008450704225352112,0.0005014337008021752
356,WALGREENS #9697 (VA),retailer,0.3474298663836219,0.0,0.008450704225352112,0.0004932922708547535
357,CORNER DRUG STORE #9661 (KY),retailer,0.34650821205930793,0.0,0.008450704225352112,0.00048742057074963627
358,VILLAGE PHARMACY #7086 (IN),retailer,0.34638134353611283,0.0,0.008450704225352112,0.0004866123133571096
359,CORNER DRUG STORE #5731 (IN),retailer,0.34636892800904706,0.0,0.008450704225352112,0.0004865332161840653
360,WALGREENS #3575 (OH),retailer,0.3463262507553353,0.0,0.008450704225352112,0.000486261326790727
361,WINN-DIXIE PHARMACY #5077 (VA),retailer,0.3462390016236048,0.0,0.008450704225352112,0.00048570547768066674
362,MEDICO PHARMACY #6550 (VA),retailer,0.3458557962076423,0.0,0.008450704225352112,0.00048326414233201115
363,PUBLIX PHARMACY #6343 (IN),retailer,0.34571954971308694,0.0,0.008450704225352112,0.0004823961395078524
364,KROGER PHARMACY #6614 (PA),retailer,0.34534666682659754,0.0,0.008450704225352112,0.0004800205672070056
365,QUALITY CARE PHARMACY #3706 (PA),retailer,0.3453373412403664,0.0,0.008450704225352112,0.00047996115551195964
366,GOOD NEIGHBOR PHARMACY #2790 (PA),retailer,0.3452875788662931,0.0,0.008450704225352112,0.00047964412804366816
367,CORNER DRUG STORE #3604 (VA),retailer,0.34528283663048676,0.0,0.008450704225352112,0.0004796139160805189
368,GOOD NEIGHBOR PHARMACY #8533 (OH),retailer,0.34516835284976827,0.0,0.008450704225352112,0.0004788845597377499
369,WALGREENS #1373 (PA),retailer,0.3449843793007936,0.0,0.008450704225352112,0.00047771249611437645
370,WALGREENS #5175 (PA),retailer,0.3447989724719709,0.0,0.008450704225352112,0.0004765313013132799
371,GOOD NEIGHBOR PHARMACY #5650 (PA),retailer,0.3445594264205667,0.0,0.008450704225352112,0.000475005194899948
372,HEALTH MART PHARMACY #4338 (LA),retailer,0.34447402392070003,0.0,0.008450704225352112,0.0004744611103617262
373,COMMUNITY PHARMACY #7647 (MI),retailer,0.3444509007796071,0.0,0.008450704225352112,0.0004743137968338621
374,MEDICO PHARMACY #6745 (VA),retailer,0.3444086486836108,0.0,0.008450704225352112,0.0004740446160467079
375,CVS PHARMACY #9932 (PA),retailer,0.3443675566059462,0.0,0.008450704225352112,0.0004737828255354746
376,WALGREENS #1949 (IN),retailer,0.3443276797518766,0.0,0.008450704225352112,0.0004735287770033346
377,WINN-DIXIE PHARMACY #1509 (PA),retailer,0.3442982829048336,0.0,0.008450704225352112,0.00047334149478122706
378,PEOPLES PHARMACY #7557 (OH),retailer,0.3442970564707851,0.0,0.008450704225352112,0.0004733336813822757
379,RITE AID #9322 (LA),retailer,0.34428633578918255,0.0,0.008450704225352112,0.00047326538177619513
380,VILLAGE PHARMACY #5883 (VA),retailer,0.34421431154483756,0.0,0.008450704225352112,0.0004728065277873027
381,QUALITY CARE PHARMACY #5232 (TN),retailer,0.3441479095276067,0.0,0.008450704225352112,0.00047238349203380107
382,WALMART PHARMACY #4084 (VA),retailer,0.34409249676690085,0.0,0.008450704225352112,0.00047203046693070305
383,CORNER DRUG STORE #2639 (VA),retailer,0.3440797489508658,0.0,0.008450704225352112,0.0004719492528021753
384,SUNRISE PHARMACY #8405 (VA),retailer,0.3440043444862456,0.0,0.008450704225352112,0.0004714688640152338
385,VILLAGE PHARMACY #7454 (PA),retailer,0.34400288448448857,0.0,0.008450704225352112,0.00047145956259685574
386,QUALITY CARE PHARMACY #6294 (VA),retailer,0.34398991120050765,0.0,0.008450704225352112,0.0004713769120510873
387,WINN-DIXIE PHARMACY #4833 (LA),retailer,0.3439200825252445,0.0,0.008450704225352112,0.000470932045652627
388,MAIN STREET PHARMACY #6973 (LA),retailer,0.34390503994376875,0.0,0.008450704225352112,0.0004708362119708417
389,COMMUNITY PHARMACY #4052 (OH),retailer,0.34388614224692865,0.0,0.008450704225352112,0.0004707158180166277
390,HOMETOWN PHARMACY #7506 (IN),retailer,0.34373664537866966,0.0,0.008450704225352112,0.0004697633993560585
391,PEOPLES PHARMACY #3390 (LA),retailer,0.3437285467643171,0.0,0.008450704225352112,0.00046971180448638695
392,SUNRISE PHARMACY #7390 (IN),retailer,0.3435583455678226,0.0,0.008450704225352112,0.0004686274821358225
393,MEDICO PHARMACY #9698 (PA),retailer,0.3435350627244855,0.0,0.008450704225352112,0.00046847915117261484
394,KROGER PHARMACY #9652 (OH),retailer,0.34349257047428045,0.0,0.008450704225352112,0.00046820844040458234
395,PUBLIX PHARMACY #5454 (LA),retailer,0.3434876215313667,0.0,0.008450704225352112,0.0004681769115462455
396,WALGREENS #5346 (IN),retailer,0.34342301010394055,0.0,0.008450704225352112,0.00046776528333032825
397,VILLAGE PHARMACY #6277 (OH),retailer,0.34341950738804167,0.0,0.008450704225352112,0.00046774296813387206
398,PUBLIX PHARMACY #1221 (MI),retailer,0.3433419694431431,0.0,0.008450704225352112,0.00046724898731351374
399,PEOPLES PHARMACY #3726 (IN),retailer,0.34333743852843035,0.0,0.008450704225352112,0.00046722012164045874
400,WINN-DIXIE PHARMACY #6027 (IN),retailer,0.3432974511838887,0.0,0.008450704225352112,0.00046696536919265443
401,WALMART PHARMACY #9266 (IN),retailer,0.34329466790948526,0.0,0.008450704225352112,0.0004669476374333863
402,WALGREENS #2082 (LA),retailer,0.3432663487012184,0.0,0.008450704225352112,0.0004667672206613159
403,WALMART PHARMACY #7025 (OH),retailer,0.34326050598836655,0.0,0.008450704225352112,0.0004667299977494698
404,HOMETOWN PHARMACY #8516 (LA),retailer,0.34317989891928463,0.0,0.008450704225352112,0.00046621646407039353
405,QUALITY CARE PHARMACY #1825 (OH),retailer,0.3431747585120534,0.0,0.008450704225352112,0.0004661837154260444
406,CVS PHARMACY #7287 (MI),retailer,0.34312843435160084,0.0,0.008450704225352112,0.0004658885922213643
407,SUNRISE PHARMACY #8028 (LA),retailer,0.3431189965445324,0.0,0.008450704225352112,0.00046582846558679633
408,GOOD NEIGHBOR PHARMACY #5688 (MI),retailer,0.343115316961365,0.0,0.008450704225352112,0.0004658050235995993
409,CORNER DRUG STORE #4123 (OH),retailer,0.3430901959467215,0.0,0.008450704225352112,0.0004656449819652995
410,COMMUNITY PHARMACY #4979 (LA),retailer,0.34308645756866013,0.0,0.008450704225352112,0.00046562116540601364
411,QUALITY CARE PHARMACY #5716 (LA),retailer,0.34306184302588083,0.0,0.008450704225352112,0.0004654643504162591
412,FAMILY CARE PHARMACY #4742 (OH),retailer,0.3430221438241358,0.0,0.008450704225352112,0.0004652114336763167
413,MAIN STREET PHARMACY #6927 (OH),retailer,0.3429735795694548,0.0,0.008450704225352112,0.0004649020392192052
414,KROGER PHARMACY #1393 (OH),retailer,0.3429465620888735,0.0,0.008450704225352112,0.00046472991552881036
415,MAIN STREET PHARMACY #6319 (OH),retailer,0.34291965475762204,0.0,0.008450704225352112,0.00046455849358072225
416,HEALTH MART PHARMACY #2633 (VA),retailer,0.3428532956320259,0.0,0.008450704225352112,0.000464135731082398
417,CVS PHARMACY #7538 (LA),retailer,0.34258219255537825,0.0,0.008450704225352112,0.0004624085803257037
418,COMMUNITY PHARMACY #6047 (VA),retailer,0.3323228025325833,0.0,0.007981220657276996,0.0004926101855991282
419,WALMART PHARMACY #2320 (VA),retailer,0.33159539087977213,0.0,0.007981220657276996,0.00048797597191879385
420,FAMILY CARE PHARMACY #5952 (MI),retailer,0.33059626535502534,0.0,0.007981220657276996,0.0004816107162107517
421,MAIN STREET PHARMACY #5473 (OH),retailer,0.33051941057219564,0.0,0.007981220657276996,0.0004811210876976368
422,PEOPLES PHARMACY #6990 (OH),retailer,0.32939830578545226,0.0,0.007981220657276996,0.0004739787232335318
423,WALMART PHARMACY #2539 (MI),retailer,0.3292111746320975,0.0,0.007981220657276996,0.00047278654305942826
424,CVS PHARMACY #5446 (LA),retailer,0.32915980562795694,0.0,0.007981220657276996,0.00047245928002918484
425,RITE AID #9320 (LA),retailer,0.32914969709484737,0.0,0.007981220657276996,0.0004723948803151531
426,WALGREENS #6125 (VA),retailer,0.32862221902151945,0.0,0.007981220657276996,0.000469034408848899
427,CVS PHARMACY #6761 (LA),retailer,0.32856156818093396,0.0,0.007981220657276996,0.0004686480128459221
428,COMMUNITY PHARMACY #9245 (IN),retailer,0.32852903946762657,0.0,0.007981220657276996,0.00046844077804616296
429,KROGER PHARMACY #9499 (WI),retailer,0.32852477095328214,0.0,0.007981220657276996,0.0004684135840804172
430,KROGER PHARMACY #7855 (MI),retailer,0.3285203604645489,0.0,0.007981220657276996,0.000468385485620425
431,QUALITY CARE PHARMACY #4645 (VA),retailer,0.3285040695199901,0.0,0.007981220657276996,0.00046828169883360575
432,PEOPLES PHARMACY #1839 (PA),retailer,0.3283581645944622,0.0,0.007981220657276996,0.00046735216381818973
433,COMMUNITY PHARMACY #5408 (OH),retailer,0.32797558913248387,0.0,0.007981220657276996,0.000464914841797284
434,WALMART PHARMACY #5920 (FL),retailer,0.32782277641796664,0.0,0.007981220657276996,0.00046394129845438067
435,GOOD NEIGHBOR PHARMACY #7031 (IL),retailer,0.32778926711958617,0.0,0.007981220657276996,0.0004637278165169204
436,HOMETOWN PHARMACY #4421 (IL),retailer,0.32767395643991704,0.0,0.007981220657276996,0.00046299319214412394
437,MEDICO PHARMACY #7163 (WI),retailer,0.32765027304250105,0.0,0.007981220657276996,0.0004628423093202403
438,MAIN STREET PHARMACY #5646 (FL),retailer,0.32753127458667974,0.0,0.007981220657276996,0.00046208419076415944
439,GOOD NEIGHBOR PHARMACY #9772 (VA),retailer,0.31676606917494704,0.0,0.007511737089201878,0.0004890633337824362
440,GOOD NEIGHBOR PHARMACY #8540 (OH),retailer,0.31565192686349147,0.0,0.007511737089201878,0.000481965326042757
441,COMMUNITY PHARMACY #7046 (MI),retailer,0.31494359061916666,0.0,0.007511737089201878,0.0004774526384867623
442,PUBLIX PHARMACY #2014 (PA),retailer,0.3148930148060358,0.0,0.007511737089201878,0.0004771304287390915
443,HEALTH MART PHARMACY #8815 (OH),retailer,0.3141238045056809,0.0,0.007511737089201878,0.00047222992311317456
444,CVS PHARMACY #4698 (OH),retailer,0.3137704283084095,0.0,0.007511737089201878,0.0004699786245515267
445,COMMUNITY PHARMACY #7344 (LA),retailer,0.31360718235858737,0.0,0.007511737089201878,0.00046893861287313073
446,HEALTH MART PHARMACY #9088 (AL),retailer,0.3135735812163549,0.0,0.007511737089201878,0.00046872454581439363
447,WINN-DIXIE PHARMACY #2844 (IL),retailer,0.31351280625613837,0.0,0.007511737089201878,0.00046833735906673987
448,CVS PHARMACY #2485 (OH),retailer,0.31350202585145487,0.0,0.007511737089201878,0.000468268678975253
449,CVS PHARMACY #2076 (VA),retailer,0.31341355665219145,0.0,0.007511737089201878,0.0004677050570262088
450,QUALITY CARE PHARMACY #9274 (CT),retailer,0.31337955308891113,0.0,0.007511737089201878,0.0004674884262126596
451,WALGREENS #6346 (OH),retailer,0.3132223629763257,0.0,0.007511737089201878,0.00046648699522466066
452,MEDICO PHARMACY #9557 (OH),retailer,0.31308887624874593,0.0,0.007511737089201878,0.0004656365743980177
453,VILLAGE PHARMACY #5217 (NV),retailer,0.3128675538235057,0.0,0.007511737089201878,0.00046422656755134526
454,GOOD NEIGHBOR PHARMACY #8685 (FL),retailer,0.3128601337464624,0.0,0.007511737089201878,0.0004641792955253743
455,KROGER PHARMACY #4811 (WI),retailer,0.3127915454630746,0.0,0.007511737089201878,0.0004637423314487639
456,HEALTH MART PHARMACY #8894 (WI),retailer,0.31274922226570173,0.0,0.007511737089201878,0.0004634726976870517
457,FAMILY CARE PHARMACY #4962 (FL),retailer,0.31272884364162196,0.0,0.007511737089201878,0.0004633428690018336
458,KROGER PHARMACY #7901 (WI),retailer,0.31269417283898593,0.0,0.007511737089201878,0.00046312198732188927
459,WALGREENS #5645 (ND),retailer,0.3126421110823936,0.0,0.007511737089201878,0.00046279031088573353
460,HEALTH MART PHARMACY #8159 (AL),retailer,0.312591614427789,0.0,0.007511737089201878,0.00046246860544332655
461,RITE AID #5178 (ND),retailer,0.29887090188308213,0.0,0.007042253521126761,0.0004706187242976064
462,FAMILY CARE PHARMACY #5200 (UT),retailer,0.298829577366868,0.0,0.007042253521126761,0.00047035545296062316
463,KROGER PHARMACY #6824 (NE),retailer,0.29882683261471576,0.0,0.007042253521126761,0.0004703379666199471
464,PEOPLES PHARMACY #1274 (IL),retailer,0.29878916884069273,0.0,0.007042253521126761,0.0004700980172375636
465,GOOD NEIGHBOR PHARMACY #2904 (CT),retailer,0.2986701288847001,0.0,0.007042253521126761,0.00046933963429107717
466,MAIN STREET PHARMACY #2472 (ND),retailer,0.2986342800949844,0.0,0.007042253521126761,0.0004691112478594303
467,PEOPLES PHARMACY #5942 (WI),retailer,0.29861985627573295,0.0,0.007042253521126761,0.00046901935620462996
468,MEDICO PHARMACY #1628 (FL),retailer,0.2986144898705573,0.0,0.007042253521126761,0.000468985167766511
469,COMMUNITY PHARMACY #2700 (OK),retailer,0.2985604591186264,0.0,0.007042253521126761,0.00046864094720200757
470,QUALITY CARE PHARMACY #8930 (ID),retailer,0.2984871312627223,0.0,0.007042253521126761,0.0004681737881296074
471,FAMILY CARE PHARMACY #6923 (IL),retailer,0.2984347479480852,0.0,0.007042253521126761,0.00046784006310283044
472,COMMUNITY PHARMACY #7146 (NJ),retailer,0.29842192583591565,0.0,0.007042253521126761,0.0004677583756464948
473,QUALITY CARE PHARMACY #8165 (IL),retailer,0.2978956399973326,0.0,0.007042253521126761,0.0004644054997013511
474,CORNER DRUG STORE #6747 (ID),retailer,0.29788992265135184,0.0,0.007042253521126761,0.00046436907548013236
475,PEOPLES PHARMACY #9633 (ND),retailer,0.29784599115400245,0.0,0.007042253521126761,0.0004640891955177655
476,MAIN STREET PHARMACY #5015 (OK),retailer,0.29775181884513213,0.0,0.007042253521126761,0.00046348924004497514
477,GOOD NEIGHBOR PHARMACY #2984 (ME),retailer,0.2977504507403346,0.0,0.007042253521126761,0.0004634805240862134
478,MAIN STREET PHARMACY #6441 (AR),retailer,0.2976063702926071,0.0,0.007042253521126761,0.0004625626125029343
479,CVS PHARMACY #3850 (FL),retailer,0.29760143851996734,0.0,0.007042253521126761,0.0004625311930334394
480,GOOD NEIGHBOR PHARMACY #6030 (IL),retailer,0.2975671788671431,0.0,0.007042253521126761,0.00046231293071775107
481,CORNER DRUG STORE #9777 (WI),retailer,0.2975119132838741,0.0,0.007042253521126761,0.00046196084325661783
482,HARRIS TEETER PHARMACY #1357 (KS),retailer,0.2975004711328821,0.0,0.007042253521126761,0.0004618879472939882
483,RITE AID #1394 (FL),retailer,0.29748122872282207,0.0,0.007042253521126761,0.00046176535723154127
484,KROGER PHARMACY #2700 (FL),retailer,0.297468875680665,0.0,0.007042253521126761,0.0004616866581390304
485,HEALTH MART PHARMACY #5178 (NV),retailer,0.2974459624506596,0.0,0.007042253521126761,0.00046154068191835607
486,RITE AID #3495 (IL),retailer,0.2974026649381649,0.0,0.007042253521126761,0.000461264840963717
487,CVS PHARMACY #2791 (WI),retailer,0.2973088940312254,0.0,0.007042253521126761,0.0004606674427531202
488,FAMILY CARE PHARMACY #1947 (OK),retailer,0.2973064345132327,0.0,0.007042253521126761,0.0004606517735898826
489,FAMILY CARE PHARMACY #2985 (FL),retailer,0.2973037787008893,0.0,0.007042253521126761,0.00046063485386932753
490,PEOPLES PHARMACY #2093 (AR),retailer,0.2845929988330285,0.0,0.006572769953051643,0.0004752190789262912
491,KROGER PHARMACY #5892 (NJ),retailer,0.284573694624392,0.0,0.006572769953051643,0.0004750960951558148
492,WINN-DIXIE PHARMACY #8389 (RI),retailer,0.2845234031330871,0.0,0.006572769953051643,0.0004747756967732635
493,COMMUNITY PHARMACY #7816 (UT),retailer,0.2843739214050724,0.0,0.006572769953051643,0.0004738233745685689
494,HEALTH MART PHARMACY #5901 (NE),retailer,0.28393130468388633,0.0,0.006572769953051643,0.0004710035400820877
495,WALGREENS #8885 (WI),retailer,0.2837268099007595,0.0,0.006572769953051643,0.00046970073922941936
496,VILLAGE PHARMACY #2199 (KS),retailer,0.28361061049652625,0.0,0.006572769953051643,0.00046896045294631775
497,SUNRISE PHARMACY #9917 (KS),retailer,0.28354901403161575,0.0,0.006572769953051643,0.00046856803253451186
498,PEOPLES PHARMACY #5759 (KS),retailer,0.2833818512960723,0.0,0.006572769953051643,0.00046750306769252224
499,COMMUNITY PHARMACY #3567 (CT),retailer,0.2833788245458864,0.0,0.006572769953051643,0.00046748378479120455
500,PUBLIX PHARMACY #5267 (KS),retailer,0.2833753199286463,0.0,0.006572769953051643,0.00046746145748163267
501,HARRIS TEETER PHARMACY #5346 (KS),retailer,0.2833478013209076,0.0,0.006572769953051643,0.00046728614119689405
502,HARRIS TEETER PHARMACY #4455 (CT),retailer,0.2833298664006328,0.0,0.006572769953051643,0.0004671718809254619
503,CORNER DRUG STORE #2881 (AL),retailer,0.2828722780715455,0.0,0.006572769953051643,0.00046425666491754905
504,QUALITY CARE PHARMACY #8752 (CT),retailer,0.28286782241921465,0.0,0.006572769953051643,0.00046422827872809666
505,WINN-DIXIE PHARMACY #5194 (FL),retailer,0.2828365062569592,0.0,0.006572769953051643,0.00046402876888112246
506,MEDICO PHARMACY #7141 (ND),retailer,0.28277125172905704,0.0,0.006572769953051643,0.00046361304358343225
507,VILLAGE PHARMACY #4543 (IL),retailer,0.28267460182063225,0.0,0.006572769953051643,0.00046299730375290546
508,HEALTH MART PHARMACY #5250 (AL),retailer,0.2826502472867852,0.0,0.006572769953051643,0.0004628421452350345
509,COMMUNITY PHARMACY #3138 (NJ),retailer,0.2826356220535313,0.0,0.006572769953051643,0.0004627489704065022
510,PUBLIX PHARMACY #2932 (KS),retailer,0.2826245515194697,0.0,0.006572769953051643,0.0004626784419509864
511,HARRIS TEETER PHARMACY #4694 (CA),retailer,0.28261451150307487,0.0,0.006572769953051643,0.0004626144787450797
512,MEDICO PHARMACY #2099 (NJ),retailer,0.2826120656242781,0.0,0.006572769953051643,0.00046259889647479744
513,MEDICO PHARMACY #7770 (FL),retailer,0.2826065347015798,0.0,0.006572769953051643,0.00046256365992402985
514,FAMILY CARE PHARMACY #5370 (RI),retailer,0.2825794994013672,0.0,0.006572769953051643,0.0004623914227078495
515,RITE AID #5248 (NV),retailer,0.28256611126591713,0.0,0.006572769953051643,0.0004623061292152075
516,CVS PHARMACY #6802 (MT),retailer,0.2825545843435632,0.0,0.006572769953051643,0.0004622326931889104
517,VILLAGE PHARMACY #5786 (ME),retailer,0.2825486832863733,0.0,0.006572769953051643,0.00046219509857538976
518,RITE AID #6030 (NJ),retailer,0.2825446228309378,0.0,0.006572769953051643,0.0004621692301169247
519,RITE AID #9225 (ME),retailer,0.28253809257801354,0.0,0.006572769953051643,0.0004621276270063332
520,MEDICO PHARMACY #9056 (NY),retailer,0.28253305487136127,0.0,0.006572769953051643,0.00046209553264958843
521,CORNER DRUG STORE #7412 (CA),retailer,0.2825299517784851,0.0,0.006572769953051643,0.000462075763382211
522,MEDICO PHARMACY #9907 (CT),retailer,0.28252648140743736,0.0,0.006572769953051643,0.00046205365424920047
523,PEOPLES PHARMACY #4185 (KS),retailer,0.28252252831171554,0.0,0.006572769953051643,0.0004620284697608811
524,WINN-DIXIE PHARMACY #8492 (ID),retailer,0.28250916009117133,0.0,0.006572769953051643,0.00046194330314265554
525,FAMILY CARE PHARMACY #1936 (KS),retailer,0.28249049623570527,0.0,0.006572769953051643,0.00046182439895134326
526,QUALITY CARE PHARMACY #8690 (FL),retailer,0.2824716868351266,0.0,0.006572769953051643,0.00046170456751732107
527,QUALITY CARE PHARMACY #4482 (RI),retailer,0.282471599626388,0.0,0.006572769953051643,0.00046170401192554926
528,WALMART PHARMACY #5853 (IL),retailer,0.28246805734796154,0.0,0.006572769953051643,0.00046168144468308026
529,MEDICO PHARMACY #8303 (DE),retailer,0.2824493181822914,0.0,0.006572769953051643,0.0004615620607034989
530,FAMILY CARE PHARMACY #8358 (KS),retailer,0.2824412045938551,0.0,0.006572769953051643,0.0004615103704365324
531,HOMETOWN PHARMACY #8829 (MS),retailer,0.2824366641034848,0.0,0.006572769953051643,0.0004614814437586216
532,COMMUNITY PHARMACY #5066 (OK),retailer,0.28242301227139055,0.0,0.006572769953051643,0.00046139447030032175
533,COMMUNITY PHARMACY #2371 (KS),retailer,0.28241559210401984,0.0,0.006572769953051643,0.00046134719769889054
534,FAMILY CARE PHARMACY #3561 (FL),retailer,0.28240652418158707,0.0,0.006572769953051643,0.0004612894275352868
535,KROGER PHARMACY #5581 (NJ),retailer,0.2824046233621319,0.0,0.006572769953051643,0.0004612773177436867
536,GOOD NEIGHBOR PHARMACY #5599 (OK),retailer,0.28239792184069157,0.0,0.006572769953051643,0.0004612346235110362
537,WALMART PHARMACY #6298 (OK),retailer,0.28239648754602215,0.0,0.006572769953051643,0.000461225485868062
538,WINN-DIXIE PHARMACY #9056 (CA),retailer,0.2823819847108932,0.0,0.006572769953051643,0.0004611330908167888
539,COMMUNITY PHARMACY #1287 (NE),retailer,0.2823757721116405,0.0,0.006572769953051643,0.0004610935114227332
540,PUBLIX PHARMACY #4056 (DE),retailer,0.282373129095543,0.0,0.006572769953051643,0.000461076673224845
541,COMMUNITY PHARMACY #9332 (IL),retailer,0.28237189327136497,0.0,0.006572769953051643,0.00046106880000300365
542,PUBLIX PHARMACY #8281 (UT),retailer,0.2823583989634899,0.0,0.006572769953051643,0.00046098283010422703
543,VILLAGE PHARMACY #8894 (WI),retailer,0.2823565195101556,0.0,0.006572769953051643,0.0004609708564324833
544,COMMUNITY PHARMACY #7725 (ME),retailer,0.28235525778755755,0.0,0.006572769953051643,0.0004609628182162927
545,QUALITY CARE PHARMACY #2679 (MT),retailer,0.2823191386900972,0.0,0.006572769953051643,0.0004607327097008119
546,SUNRISE PHARMACY #8943 (KS),retailer,0.2822982711974369,0.0,0.006572769953051643,0.00046059976651851995
547,PUBLIX PHARMACY #3067 (WI),retailer,0.28221371223995884,0.0,0.006572769953051643,0.000460061056042787
548,MEDICO PHARMACY #1407 (IL),retailer,0.271448204950004,0.0,0.006103286384976526,0.0004870382758471841
549,SUNRISE PHARMACY #9264 (RI),retailer,0.270805294671426,0.0,0.006103286384976526,0.00048294240578970103
550,WALGREENS #6088 (NV),retailer,0.26994551184421034,0.0,0.006103286384976526,0.00047746487827883305
551,VILLAGE PHARMACY #2073 (WI),retailer,0.26988760475023676,0.0,0.006103286384976526,0.00047709596221040887
552,SUNRISE PHARMACY #6615 (LA),retailer,0.26897512249471767,0.0,0.006103286384976526,0.000471282695767334
553,GOOD NEIGHBOR PHARMACY #8844 (OK),retailer,0.26892492105348753,0.0,0.006103286384976526,0.000470962871078216
554,MAIN STREET PHARMACY #4656 (ME),retailer,0.26890143474390155,0.0,0.006103286384976526,0.0004708132438667694
555,HARRIS TEETER PHARMACY #6773 (OK),retailer,0.26873852437851486,0.0,0.006103286384976526,0.0004697753701387015
556,MAIN STREET PHARMACY #3220 (NV),retailer,0.2686886915703838,0.0,0.006103286384976526,0.0004694578939472244
557,HARRIS TEETER PHARMACY #2399 (ID),retailer,0.2686865794225732,0.0,0.006103286384976526,0.0004694444378192657
558,PEOPLES PHARMACY #9606 (WI),retailer,0.2686754349132807,0.0,0.006103286384976526,0.00046937343808036385
559,HOMETOWN PHARMACY #8558 (MA),retailer,0.2686729740301252,0.0,0.006103286384976526,0.00046935776021991046
560,CORNER DRUG STORE #3031 (NE),retailer,0.2686094698114607,0.0,0.006103286384976526,0.00046895318583928795
561,KROGER PHARMACY #2808 (ND),retailer,0.26860667381443876,0.0,0.006103286384976526,0.00046893537302642
562,HARRIS TEETER PHARMACY #4342 (ME),retailer,0.2685939915326233,0.0,0.006103286384976526,0.00046885457640505747
563,HOMETOWN PHARMACY #4303 (KS),retailer,0.2685403912236659,0.0,0.006103286384976526,0.00046851309811820203
564,WALGREENS #7353 (OK),retailer,0.26853246205141007,0.0,0.006103286384976526,0.0004684625827347877
565,CVS PHARMACY #7228 (FL),retailer,0.26845270589593373,0.0,0.006103286384976526,0.00046795447007894726
566,SUNRISE PHARMACY #5914 (NJ),retailer,0.26844793718651805,0.0,0.006103286384976526,0.0004679240894570168
567,FAMILY CARE PHARMACY #7468 (NE),retailer,0.2684427215094337,0.0,0.006103286384976526,0.00046789086128146747
568,COMMUNITY PHARMACY #3558 (DE),retailer,0.26838536588414535,0.0,0.006103286384976526,0.000467525458524544
569,PEOPLES PHARMACY #5739 (CO),retailer,0.2683730665200149,0.0,0.006103286384976526,0.00046744710140544563
570,MAIN STREET PHARMACY #4193 (KS),retailer,0.2683463902472391,0.0,0.006103286384976526,0.0004672771514908957
571,QUALITY CARE PHARMACY #4119 (IL),retailer,0.2683408476470416,0.0,0.006103286384976526,0.00046724184054480235
572,PUBLIX PHARMACY #3391 (SD),retailer,0.26826949800426625,0.0,0.006103286384976526,0.0004667872843256952
573,CVS PHARMACY #8436 (AZ),retailer,0.2682669349539058,0.0,0.006103286384976526,0.00046677095557567065
574,GOOD NEIGHBOR PHARMACY #6839 (WI),retailer,0.2682142706905664,0.0,0.006103286384976526,0.00046643544067336045
575,FAMILY CARE PHARMACY #5079 (SC),retailer,0.2681964350211492,0.0,0.006103286384976526,0.00046632181271195547
576,HEALTH MART PHARMACY #2396 (NY),retailer,0.2678259708616685,0.0,0.006103286384976526,0.0004639616497020503
577,MAIN STREET PHARMACY #3156 (NE),retailer,0.2677830768541145,0.0,0.006103286384976526,0.00046368837940751644
578,WALGREENS #4047 (WI),retailer,0.2677575640609247,0.0,0.006103286384976526,0.00046352584181993896
579,WALMART PHARMACY #8242 (NJ),retailer,0.26775509573641776,0.0,0.006103286384976526,0.00046351011655192397
580,WALGREENS #9921 (CT),retailer,0.2677046123025822,0.0,0.006103286384976526,0.00046318849533674695
581,HARRIS TEETER PHARMACY #2619 (RI),retailer,0.2676822034043582,0.0,0.006103286384976526,0.00046304573212652145
582,HOMETOWN PHARMACY #6271 (AR),retailer,0.2676766189813442,0.0,0.006103286384976526,0.0004630101547345065
583,MEDICO PHARMACY #8860 (ND),retailer,0.2676370283252938,0.0,0.006103286384976526,0.0004627579295203887
584,GOOD NEIGHBOR PHARMACY #6051 (NJ),retailer,0.2676358009457493,0.0,0.006103286384976526,0.00046275011009784555
585,CORNER DRUG STORE #1602 (ND),retailer,0.26760405382331126,0.0,0.006103286384976526,0.0004625478546781735
586,WALMART PHARMACY #7041 (OK),retailer,0.26759471011223324,0.0,0.006103286384976526,0.0004624883275128669
587,KROGER PHARMACY #7794 (MA),retailer,0.2675697651907574,0.0,0.006103286384976526,0.00046232940773764555
588,FAMILY CARE PHARMACY #3626 (OK),retailer,0.2675510188642112,0.0,0.006103286384976526,0.00046220997813736255
589,HEALTH MART PHARMACY #8078 (NY),retailer,0.2675499890594961,0.0,0.006103286384976526,0.0004622034174298454
590,VILLAGE PHARMACY #9084 (ME),retailer,0.2675181907383893,0.0,0.006103286384976526,0.00046200083583232003
591,WINN-DIXIE PHARMACY #2552 (RI),retailer,0.2674963173987148,0.0,0.006103286384976526,0.0004618614845728753
592,RITE AID #7142 (NJ),retailer,0.26748727232954705,0.0,0.006103286384976526,0.0004618038600034659
593,SUNRISE PHARMACY #3504 (AR),retailer,0.26748267460323677,0.0,0.006103286384976526,0.00046177456868529214
594,HEALTH MART PHARMACY #9020 (AL),retailer,0.26746193888028824,0.0,0.006103286384976526,0.00046164246498501686
595,GOOD NEIGHBOR PHARMACY #5849 (IL),retailer,0.2674460444669272,0.0,0.006103286384976526,0.0004615412044297952
596,HARRIS TEETER PHARMACY #9496 (ND),retailer,0.2674440626531475,0.0,0.006103286384976526,0.0004615285786373787
597,RITE AID #3370 (AR),retailer,0.2674434260125517,0.0,0.006103286384976526,0.0004615245227103844
598,MAIN STREET PHARMACY #2347 (OK),retailer,0.2674280382102431,0.0,0.006103286384976526,0.0004614264896864519
599,SUNRISE PHARMACY #1038 (NJ),retailer,0.2674223443686312,0.0,0.006103286384976526,0.00046139021520749695
600,VILLAGE PHARMACY #2656 (ME),retailer,0.2674209187190265,0.0,0.006103286384976526,0.00046138113264073294
601,MEDICO PHARMACY #2500 (UT),retailer,0.26741572021615145,0.0,0.006103286384976526,0.00046134801387909697
602,WINN-DIXIE PHARMACY #8056 (ND),retailer,0.2674141403092196,0.0,0.006103286384976526,0.0004613379485656132
603,HEALTH MART PHARMACY #2275 (DE),retailer,0.26740384190000444,0.0,0.006103286384976526,0.00046127233918379177
604,QUALITY CARE PHARMACY #4531 (MD),retailer,0.26739375324164205,0.0,0.006103286384976526,0.0004612080660883326
605,PUBLIX PHARMACY #5378 (OR),retailer,0.2673698097288881,0.0,0.006103286384976526,0.0004610555261146728
606,WINN-DIXIE PHARMACY #6542 (IL),retailer,0.2673697379147123,0.0,0.006103286384976526,0.00046105506859899447
607,CORNER DRUG STORE #4855 (RI),retailer,0.2673602486136737,0.0,0.006103286384976526,0.00046099461390525925
608,PEOPLES PHARMACY #5221 (KS),retailer,0.2673589634269661,0.0,0.006103286384976526,0.0004609864262032899
609,WINN-DIXIE PHARMACY #3694 (FL),retailer,0.267356890639219,0.0,0.006103286384976526,0.0004609732208314809
610,PEOPLES PHARMACY #4969 (CA),retailer,0.26735652375866464,0.0,0.006103286384976526,0.0004609708834989983
611,PEOPLES PHARMACY #6730 (CT),retailer,0.2673552048274651,0.0,0.006103286384976526,0.0004609624808167144
612,PEOPLES PHARMACY #9540 (HI),retailer,0.2673531519487267,0.0,0.006103286384976526,0.00046094940228175163
613,RITE AID #8476 (SD),retailer,0.2673494608871041,0.0,0.006103286384976526,0.0004609258871673041
614,MAIN STREET PHARMACY #8869 (AL),retailer,0.267345230166509,0.0,0.006103286384976526,0.00046089893397899094
615,WALGREENS #8041 (NY),retailer,0.26733972160450503,0.0,0.006103286384976526,0.00046086383988433466
616,HARRIS TEETER PHARMACY #5365 (FL),retailer,0.2673101490909554,0.0,0.006103286384976526,0.00046067543852133184
617,CORNER DRUG STORE #6277 (AR),retailer,0.2672847908222973,0.0,0.006103286384976526,0.000460513885382788
618,KROGER PHARMACY #5241 (NH),retailer,0.2672752644746495,0.0,0.006103286384976526,0.00046045319467152103
619,MEDICO PHARMACY #2001 (NE),retailer,0.26724973163102905,0.0,0.006103286384976526,0.0004602905293461217
620,RITE AID #5094 (NE),retailer,0.2672478872583054,0.0,0.006103286384976526,0.0004602787791668739
621,GOOD NEIGHBOR PHARMACY #5698 (NY),retailer,0.2672433655958884,0.0,0.006103286384976526,0.0004602499724385933
622,FAMILY CARE PHARMACY #2392 (OK),retailer,0.26721949220223484,0.0,0.006103286384976526,0.00046009787918158005
623,WINN-DIXIE PHARMACY #4022 (ND),retailer,0.26719849395406103,0.0,0.006103286384976526,0.000459964102978554
624,GOOD NEIGHBOR PHARMACY #6434 (CT),retailer,0.2671628117181589,0.0,0.006103286384976526,0.0004597367776324128
625,CVS PHARMACY #7422 (NE),retailer,0.25597364787461785,0.0,0.005633802816901408,0.00048401495489493537
626,KROGER PHARMACY #3779 (SC),retailer,0.25478397231853744,0.0,0.005633802816901408,0.0004764357379332046
627,QUALITY CARE PHARMACY #6849 (ID),retailer,0.2545385617665436,0.0,0.005633802816901408,0.00047487226980212226
628,GOOD NEIGHBOR PHARMACY #3769 (AL),retailer,0.2544581723431633,0.0,0.005633802816901408,0.0004743601227061232
629,KROGER PHARMACY #9348 (RI),retailer,0.2544102587500867,0.0,0.005633802816901408,0.00047405487350142425
630,KROGER PHARMACY #9531 (NJ),retailer,0.25440139206257956,0.0,0.005633802816901408,0.0004739983853706854
631,QUALITY CARE PHARMACY #5658 (KS),retailer,0.254362508298824,0.0,0.005633802816901408,0.0004737506636449712
632,WALMART PHARMACY #9460 (CT),retailer,0.25418405754078466,0.0,0.005633802816901408,0.0004726137847663117
633,WINN-DIXIE PHARMACY #6356 (UT),retailer,0.2541746134362448,0.0,0.005633802816901408,0.0004725536180116439
634,HARRIS TEETER PHARMACY #9689 (OK),retailer,0.2541653834199481,0.0,0.005633802816901408,0.00047249481517610165
635,HOMETOWN PHARMACY #9630 (AL),retailer,0.2538452069439532,0.0,0.005633802816901408,0.0004704550262897914
636,CVS PHARMACY #6414 (OK),retailer,0.25379810902399197,0.0,0.005633802816901408,0.0004701549735972668
637,WALGREENS #3121 (SC),retailer,0.2536904012655666,0.0,0.005633802816901408,0.00046946878611918067
638,HOMETOWN PHARMACY #5274 (NY),retailer,0.2536877224094483,0.0,0.005633802816901408,0.0004694517195907261
639,MEDICO PHARMACY #4635 (MT),retailer,0.25358436581699956,0.0,0.005633802816901408,0.0004687932526376222
640,GOOD NEIGHBOR PHARMACY #4363 (OK),retailer,0.2535495378577106,0.0,0.005633802816901408,0.0004685713697398557
641,FAMILY CARE PHARMACY #3097 (SC),retailer,0.25354808676500984,0.0,0.005633802816901408,0.00046856212507953256
642,HEALTH MART PHARMACY #7354 (RI),retailer,0.2534639817232147,0.0,0.005633802816901408,0.0004680263064220146
643,GOOD NEIGHBOR PHARMACY #6942 (ME),retailer,0.25343497115880526,0.0,0.005633802816901408,0.0004678414851396761
644,WINN-DIXIE PHARMACY #9341 (ND),retailer,0.25336100100532327,0.0,0.005633802816901408,0.00046737023410062847
645,VILLAGE PHARMACY #4526 (UT),retailer,0.2533558253995127,0.0,0.005633802816901408,0.00046733726121222526
646,WALGREENS #3078 (MA),retailer,0.25334032359328224,0.0,0.005633802816901408,0.00046723850188904766
647,QUALITY CARE PHARMACY #7081 (NJ),retailer,0.2533398973990571,0.0,0.005633802816901408,0.0004672357866794398
648,RITE AID #5521 (NE),retailer,0.25329452498708416,0.0,0.005633802816901408,0.000466946726899517
649,HARRIS TEETER PHARMACY #6283 (CA),retailer,0.2532539099555522,0.0,0.005633802816901408,0.0004666879755665885
650,HARRIS TEETER PHARMACY #6458 (CO),retailer,0.25324336941846426,0.0,0.005633802816901408,0.0004666208236300173
651,KROGER PHARMACY #8420 (MT),retailer,0.25322877898632123,0.0,0.005633802816901408,0.0004665278705133355
652,CORNER DRUG STORE #2632 (NV),retailer,0.25317180871890865,0.0,0.005633802816901408,0.0004661649228047097
653,HEALTH MART PHARMACY #6840 (FL),retailer,0.25312140027664093,0.0,0.005633802816901408,0.0004658437793478259
654,WINN-DIXIE PHARMACY #1109 (AL),retailer,0.2529445894287022,0.0,0.005633802816901408,0.00046471734805244766
655,QUALITY CARE PHARMACY #6470 (OK),retailer,0.25293080734365475,0.0,0.005633802816901408,0.0004646295447751376
656,MAIN STREET PHARMACY #1443 (ME),retailer,0.2528840597646765,0.0,0.005633802816901408,0.00046433172404435004
657,FAMILY CARE PHARMACY #1327 (ND),retailer,0.2528096229497412,0.0,0.005633802816901408,0.00046385749998599133
658,MEDICO PHARMACY #6633 (ID),retailer,0.25274012150253355,0.0,0.005633802816901408,0.00046341471830080945
659,FAMILY CARE PHARMACY #6668 (KS),retailer,0.25272062305056997,0.0,0.005633802816901408,0.00046329049703973147
660,RITE AID #3474 (IL),retailer,0.252675337736598,0.0,0.005633802816901408,0.0004630019921460909
661,GOOD NEIGHBOR PHARMACY #6888 (ME),retailer,0.25262612899124814,0.0,0.005633802816901408,0.00046268849175052946
662,MEDICO PHARMACY #7491 (NJ),retailer,0.25259282590524634,0.0,0.005633802816901408,0.00046247632355642576
663,HOMETOWN PHARMACY #2658 (AL),retailer,0.25256838077161187,0.0,0.005633802816901408,0.00046232058784299754
664,CORNER DRUG STORE #6921 (NE),retailer,0.25256093297505017,0.0,0.005633802816901408,0.0004622731392207748
665,SUNRISE PHARMACY #1914 (OR),retailer,0.2525520206810426,0.0,0.005633802816901408,0.00046221636053891946
666,FAMILY CARE PHARMACY #4281 (RI),retailer,0.2525490569991369,0.0,0.005633802816901408,0.0004621974794346935
667,PEOPLES PHARMACY #6646 (CA),retailer,0.25254627858977174,0.0,0.005633802816901408,0.000462179778669742
668,HARRIS TEETER PHARMACY #4789 (NJ),retailer,0.2525435027866112,0.0,0.005633802816901408,0.0004621620945084687
669,CORNER DRUG STORE #7541 (NE),retailer,0.2525300293953086,0.0,0.005633802816901408,0.0004620762578655532
670,HOMETOWN PHARMACY #6092 (RI),retailer,0.25251800847637057,0.0,0.005633802816901408,0.0004619996746725596
671,HEALTH MART PHARMACY #9760 (RI),retailer,0.25251090073048604,0.0,0.005633802816901408,0.00046195439245431773
672,VILLAGE PHARMACY #8147 (ME),retailer,0.2525064100933135,0.0,0.005633802816901408,0.0004619257833824971
673,MEDICO PHARMACY #4332 (ID),retailer,0.25249639719566325,0.0,0.005633802816901408,0.00046186199294541614
674,VILLAGE PHARMACY #1306 (NJ),retailer,0.2524943371538086,0.0,0.005633802816901408,0.00046184886877548016
675,HEALTH MART PHARMACY #9073 (NY),retailer,0.2524876635023947,0.0,0.005633802816901408,0.00046180635209794226
676,KROGER PHARMACY #7113 (RI),retailer,0.2524790794653826,0.0,0.005633802816901408,0.0004617516646845631
677,GOOD NEIGHBOR PHARMACY #5417 (HI),retailer,0.252475314850968,0.0,0.005633802816901408,0.00046172768097801426
678,CORNER DRUG STORE #7024 (MA),retailer,0.25246100965222346,0.0,0.005633802816901408,0.0004616365450339228
679,PUBLIX PHARMACY #2532 (AZ),retailer,0.25245868554835166,0.0,0.005633802816901408,0.0004616217385706012
680,HOMETOWN PHARMACY #4278 (NY),retailer,0.25244896425819474,0.0,0.005633802816901408,0.00046155980591436514
681,VILLAGE PHARMACY #6301 (WI),retailer,0.25244046457233305,0.0,0.005633802816901408,0.0004615056558875591
682,HEALTH MART PHARMACY #1579 (AR),retailer,0.2524293567610596,0.0,0.005633802816901408,0.00046143488994538164
683,HOMETOWN PHARMACY #9066 (SC),retailer,0.252424165299179,0.0,0.005633802816901408,0.0004614018160407016
684,FAMILY CARE PHARMACY #8944 (CA),retailer,0.252420094338703,0.0,0.005633802816901408,0.0004613758806564431
685,HEALTH MART PHARMACY #9121 (MD),retailer,0.25240845598513395,0.0,0.005633802816901408,0.00046130173472117003
686,QUALITY CARE PHARMACY #4508 (MS),retailer,0.2524005718795338,0.0,0.005633802816901408,0.00046125150644961535
687,VILLAGE PHARMACY #1737 (NV),retailer,0.2523957180925989,0.0,0.005633802816901408,0.0004612205838135424
688,PEOPLES PHARMACY #1608 (RI),retailer,0.25239367602498086,0.0,0.005633802816901408,0.00046120757415435545
689,CVS PHARMACY #9124 (OR),retailer,0.2523923836461272,0.0,0.005633802816901408,0.000461199340632469
690,MAIN STREET PHARMACY #1430 (ND),retailer,0.25238663586740323,0.0,0.005633802816901408,0.0004611627225295129
691,CVS PHARMACY #5216 (AK),retailer,0.2523866155591216,0.0,0.005633802816901408,0.0004611625931489671
692,PEOPLES PHARMACY #7922 (SC),retailer,0.2523853497358697,0.0,0.005633802816901408,0.0004611545288082212
693,HOMETOWN PHARMACY #7541 (SC),retailer,0.252383868355417,0.0,0.005633802816901408,0.0004611450911898749
694,WALGREENS #5490 (WA),retailer,0.2523747445100744,0.0,0.005633802816901408,0.00046108696475109676
695,MEDICO PHARMACY #9170 (VT),retailer,0.25237265270684306,0.0,0.005633802816901408,0.00046107363823492974
696,MAIN STREET PHARMACY #3283 (NV),retailer,0.25237221214642397,0.0,0.005633802816901408,0.0004610708315007878
697,HOMETOWN PHARMACY #5198 (UT),retailer,0.2523714723817616,0.0,0.005633802816901408,0.00046106611858822246
698,HARRIS TEETER PHARMACY #4867 (AZ),retailer,0.2523711090557575,0.0,0.005633802816901408,0.0004610638039011644
699,HARRIS TEETER PHARMACY #8735 (WI),retailer,0.25236865339514103,0.0,0.005633802816901408,0.00046104815931260313
700,MEDICO PHARMACY #9648 (MA),retailer,0.25234496853065197,0.0,0.005633802816901408,0.00046089726714225096
701,WALGREENS #6172 (CT),retailer,0.25234352024300516,0.0,0.005633802816901408,0.0004608880403524407
702,QUALITY CARE PHARMACY #5230 (NM),retailer,0.2523390495595972,0.0,0.005633802816901408,0.0004608595584025989
703,CORNER DRUG STORE #6667 (AL),retailer,0.2523350767754682,0.0,0.005633802816901408,0.00046083424848284647
704,QUALITY CARE PHARMACY #2379 (SD),retailer,0.2523314911873647,0.0,0.005633802816901408,0.00046081140532192537
705,PEOPLES PHARMACY #8504 (ND),retailer,0.25232768306207437,0.0,0.005633802816901408,0.00046078714441512145
706,CVS PHARMACY #5032 (RI),retailer,0.25232007852605426,0.0,0.005633802816901408,0.00046073869723295055
707,WALMART PHARMACY #2043 (NH),retailer,0.25231810735034943,0.0,0.005633802816901408,0.0004607261392138668
708,MAIN STREET PHARMACY #5515 (NV),retailer,0.25231621597095927,0.0,0.005633802816901408,0.0004607140895632863
709,PEOPLES PHARMACY #1405 (NE),retailer,0.25231474609454474,0.0,0.005633802816901408,0.0004607047252351756
710,MEDICO PHARMACY #6577 (CA),retailer,0.25231093476949495,0.0,0.005633802816901408,0.0004606804439432581
711,WINN-DIXIE PHARMACY #4645 (CA),retailer,0.25230352596741207,0.0,0.005633802816901408,0.00046063324374810786
712,CVS PHARMACY #7762 (OK),retailer,0.2522977450273649,0.0,0.005633802816901408,0.00046059641438010366
713,WINN-DIXIE PHARMACY #5659 (AR),retailer,0.252296212369512,0.0,0.005633802816901408,0.0004605866500823202
714,MAIN STREET PHARMACY #8987 (ME),retailer,0.25229561414164275,0.0,0.005633802816901408,0.00046058283887615535
715,KROGER PHARMACY #2176 (NV),retailer,0.25228964445844365,0.0,0.005633802816901408,0.0004605448070582136
716,WALGREENS #7193 (FL),retailer,0.25228719016884504,0.0,0.005633802816901408,0.00046052917120416954
717,CVS PHARMACY #7974 (MT),retailer,0.25228390801112527,0.0,0.005633802816901408,0.00046050826114568016
718,COMMUNITY PHARMACY #6388 (ME),retailer,0.25228240063378804,0.0,0.005633802816901408,0.0004604986579056845
719,HEALTH MART PHARMACY #3284 (CT),retailer,0.25227495744949335,0.0,0.005633802816901408,0.00046045123866741646
720,HARRIS TEETER PHARMACY #7186 (SC),retailer,0.25226904787636695,0.0,0.005633802816901408,0.000460413589800339
721,KROGER PHARMACY #5490 (AR),retailer,0.25226034570030403,0.0,0.005633802816901408,0.0004603581497435242
722,CORNER DRUG STORE #3522 (WI),retailer,0.2522570478291611,0.0,0.005633802816901408,0.00046033713957753704
723,HOMETOWN PHARMACY #4702 (OK),retailer,0.25224485784083045,0.0,0.005633802816901408,0.0004602594792727197
724,HEALTH MART PHARMACY #7699 (NY),retailer,0.2522309221924619,0.0,0.005633802816901408,0.0004601706976700821
725,WALMART PHARMACY #4015 (SC),retailer,0.2522306622374977,0.0,0.005633802816901408,0.0004601690415420194
726,FAMILY CARE PHARMACY #2827 (CO),retailer,0.25223051666545954,0.0,0.005633802816901408,0.0004601681141277718
727,GOOD NEIGHBOR PHARMACY #7534 (MS),retailer,0.2521979821739343,0.0,0.005633802816901408,0.0004599608425159874
728,HOMETOWN PHARMACY #1915 (DE),retailer,0.25219052722113655,0.0,0.005633802816901408,0.0004599133483026241
729,SUNRISE PHARMACY #3130 (NJ),retailer,0.2521860433173363,0.0,0.005633802816901408,0.0004598847821279521
730,HEALTH MART PHARMACY #5158 (AL),retailer,0.24029273580508964,0.0,0.005164319248826291,0.0004796769820077575
731,SUNRISE PHARMACY #6128 (IL),retailer,0.2399998492157267,0.0,0.005164319248826291,0.00047781105226362065
732,PEOPLES PHARMACY #8235 (MT),retailer,0.23924276645660725,0.0,0.005164319248826291,0.0004729878091028908
733,MAIN STREET PHARMACY #6380 (KS),retailer,0.238726296943645,0.0,0.005164319248826291,0.00046969747126846716
734,PEOPLES PHARMACY #6853 (ND),retailer,0.238550017973862,0.0,0.005164319248826291,0.00046857442847671865
735,MEDICO PHARMACY #7114 (NJ),retailer,0.23850153873148605,0.0,0.005164319248826291,0.0004682655756182818
736,FAMILY CARE PHARMACY #2655 (IL),retailer,0.23845640956348602,0.0,0.005164319248826291,0.00046797806550359015
737,MEDICO PHARMACY #2821 (FL),retailer,0.23845541751449903,0.0,0.005164319248826291,0.0004679717453312788
738,CVS PHARMACY #8273 (OR),retailer,0.23840018704110272,0.0,0.005164319248826291,0.00046761988154906504
739,GOOD NEIGHBOR PHARMACY #7171 (MA),retailer,0.23840017233137584,0.0,0.005164319248826291,0.00046761978783594206
740,KROGER PHARMACY #6996 (NM),retailer,0.23836120790257304,0.0,0.005164319248826291,0.00046737155220718016
741,RITE AID #8888 (NY),retailer,0.2383474236231835,0.0,0.005164319248826291,0.0004672837349500967
742,HARRIS TEETER PHARMACY #2468 (MN),retailer,0.23830619343251241,0.0,0.005164319248826291,0.0004670210645448147
743,QUALITY CARE PHARMACY #3409 (ND),retailer,0.23829121921914642,0.0,0.005164319248826291,0.00046692566642441796
744,KROGER PHARMACY #6212 (UT),retailer,0.2382875648045482,0.0,0.005164319248826291,0.00046690238478181687
745,GOOD NEIGHBOR PHARMACY #2150 (CA),retailer,0.23827957356945967,0.0,0.005164319248826291,0.0004668514740068422
746,WALMART PHARMACY #6837 (MN),retailer,0.23825837531895122,0.0,0.005164319248826291,0.00046671642362357474
747,CVS PHARMACY #6302 (ID),retailer,0.23823024968480178,0.0,0.005164319248826291,0.0004665372400786868
748,QUALITY CARE PHARMACY #8298 (CO),retailer,0.23822701502810806,0.0,0.005164319248826291,0.00046651663264100923
749,KROGER PHARMACY #4771 (NV),retailer,0.23822237822487868,0.0,0.005164319248826291,0.00046648709237055095
750,GOOD NEIGHBOR PHARMACY #6194 (NH),retailer,0.2382103804299006,0.0,0.005164319248826291,0.00046641065649630225
751,RITE AID #9980 (ME),retailer,0.23817334564158932,0.0,0.005164319248826291,0.00046617471427297223
752,MAIN STREET PHARMACY #2598 (NV),retailer,0.23814279246858094,0.0,0.005164319248826291,0.0004659800652983708
753,QUALITY CARE PHARMACY #2760 (MN),retailer,0.2381195741544943,0.0,0.005164319248826291,0.00046583214543984393
754,RITE AID #3893 (AZ),retailer,0.2380959777585797,0.0,0.005164319248826291,0.0004656818168874604
755,RITE AID #2280 (MD),retailer,0.23806036556662236,0.0,0.005164319248826291,0.0004654549377791623
756,WALGREENS #2585 (SD),retailer,0.2380048154937727,0.0,0.005164319248826291,0.0004651010378841735
757,MAIN STREET PHARMACY #4612 (MS),retailer,0.23798652284520025,0.0,0.005164319248826291,0.00046498449858770166
758,RITE AID #4103 (MS),retailer,0.23785813233219066,0.0,0.005164319248826291,0.0004641665448616171
759,WINN-DIXIE PHARMACY #6719 (NJ),retailer,0.2377025808136581,0.0,0.005164319248826291,0.0004631755530725876
760,GOOD NEIGHBOR PHARMACY #3644 (AR),retailer,0.23770126072928838,0.0,0.005164319248826291,0.00046316714304365586
761,VILLAGE PHARMACY #5077 (CT),retailer,0.237683599290958,0.0,0.005164319248826291,0.0004630546250783351
762,HARRIS TEETER PHARMACY #3878 (MO),retailer,0.2376701606417318,0.0,0.005164319248826291,0.00046296900977117224
763,MAIN STREET PHARMACY #2887 (NY),retailer,0.23765318806763625,0.0,0.005164319248826291,0.0004628608804406066
764,KROGER PHARMACY #3210 (CO),retailer,0.23765226970381353,0.0,0.005164319248826291,0.00046285502970371743
765,PUBLIX PHARMACY #4394 (MD),retailer,0.2376238217581563,0.0,0.005164319248826291,0.00046267379276802536
766,HOMETOWN PHARMACY #6305 (MN),retailer,0.23759806237775538,0.0,0.005164319248826291,0.00046250968421602515
767,GOOD NEIGHBOR PHARMACY #1775 (CT),retailer,0.23757365899266863,0.0,0.005164319248826291,0.0004623542144753653
768,HEALTH MART PHARMACY #7432 (NY),retailer,0.2375680852690463,0.0,0.005164319248826291,0.0004623187052473221
769,HARRIS TEETER PHARMACY #5659 (RI),retailer,0.23756618713163857,0.0,0.005164319248826291,0.0004623066125425818
770,MEDICO PHARMACY #7110 (HI),retailer,0.23755920234277028,0.0,0.005164319248826291,0.0004622621136621988
771,WALGREENS #2995 (TX),retailer,0.2375575843968049,0.0,0.005164319248826291,0.0004622518060086195
772,CORNER DRUG STORE #9790 (UT),retailer,0.23754815186418055,0.0,0.005164319248826291,0.0004621917129766217
773,SUNRISE PHARMACY #5631 (AR),retailer,0.2375394934960945,0.0,0.005164319248826291,0.0004621365520128418
774,VILLAGE PHARMACY #3387 (KS),retailer,0.23752029326877191,0.0,0.005164319248826291,0.0004620142306893106
775,HARRIS TEETER PHARMACY #9796 (UT),retailer,0.23751910119286468,0.0,0.005164319248826291,0.00046200663618012724
776,HARRIS TEETER PHARMACY #3820 (CA),retailer,0.23749702010393484,0.0,0.005164319248826291,0.00046186596138615075
777,MEDICO PHARMACY #2700 (ID),retailer,0.23748532512393455,0.0,0.005164319248826291,0.00046179145469368984
778,PUBLIX PHARMACY #5099 (NY),retailer,0.23748465246881684,0.0,0.005164319248826291,0.00046178716932441285
779,PEOPLES PHARMACY #1701 (SD),retailer,0.23748203772852827,0.0,0.005164319248826291,0.00046177051126680696
780,PEOPLES PHARMACY #8999 (NY),retailer,0.23748142923363616,0.0,0.005164319248826291,0.0004617666346512171
781,WALGREENS #8132 (IL),retailer,0.237480154816486,0.0,0.005164319248826291,0.00046175851556023344
782,SUNRISE PHARMACY #2335 (MN),retailer,0.237478758468799,0.0,0.005164319248826291,0.00046174961967091334
783,CORNER DRUG STORE #7018 (MO),retailer,0.23747634078512658,0.0,0.005164319248826291,0.00046173421702688626
784,MEDICO PHARMACY #3984 (MA),retailer,0.23747408563349154,0.0,0.005164319248826291,0.00046171984984632485
785,KROGER PHARMACY #4000 (NY),retailer,0.23747344081321325,0.0,0.005164319248826291,0.00046171574180798995
786,WALGREENS #9345 (FL),retailer,0.2374708013971431,0.0,0.005164319248826291,0.00046169892654525255
787,GOOD NEIGHBOR PHARMACY #6142 (MA),retailer,0.23746813301642014,0.0,0.005164319248826291,0.00046168192675372733
788,WINN-DIXIE PHARMACY #6720 (AR),retailer,0.2374650880454467,0.0,0.005164319248826291,0.0004616625277709275
789,HOMETOWN PHARMACY #9398 (ND),retailer,0.23746378503051518,0.0,0.005164319248826291,0.00046165422648843075
790,RITE AID #2754 (AZ),retailer,0.23745449169193678,0.0,0.005164319248826291,0.0004615950202375967
791,WALMART PHARMACY #2430 (NV),retailer,0.23745233540265692,0.0,0.005164319248826291,0.0004615812828919812
792,PEOPLES PHARMACY #4383 (NV),retailer,0.2374432433428578,0.0,0.005164319248826291,0.00046152335895339596
793,COMMUNITY PHARMACY #3905 (NV),retailer,0.23743737588204217,0.0,0.005164319248826291,0.0004614859783765583
794,FAMILY CARE PHARMACY #7018 (MT),retailer,0.23743336277614246,0.0,0.005164319248826291,0.0004614604115737867
795,CVS PHARMACY #8170 (MT),retailer,0.2374296881411363,0.0,0.005164319248826291,0.00046143700111046803
796,VILLAGE PHARMACY #3178 (GA),retailer,0.23742674220766696,0.0,0.005164319248826291,0.00046141823307845715
797,GOOD NEIGHBOR PHARMACY #8113 (WA),retailer,0.23742391215308356,0.0,0.005164319248826291,0.00046140020329076307
798,GOOD NEIGHBOR PHARMACY #9662 (CO),retailer,0.23741886996958528,0.0,0.005164319248826291,0.00046136808041280774
799,KROGER PHARMACY #3095 (DE),retailer,0.23741728727143796,0.0,0.005164319248826291,0.0004613579973169737
800,WALGREENS #9244 (NM),retailer,0.2374113132532189,0.0,0.005164319248826291,0.0004613199378813703
801,WALGREENS #9259 (NY),retailer,0.2374017020544934,0.0,0.005164319248826291,0.00046125870659858003
802,PUBLIX PHARMACY #2360 (UT),retailer,0.23739433509994268,0.0,0.005164319248826291,0.0004612117730068108
803,PEOPLES PHARMACY #1019 (FL),retailer,0.23739141465192118,0.0,0.005164319248826291,0.000461193167338175
804,COMMUNITY PHARMACY #4723 (MS),retailer,0.2373887817213009,0.0,0.005164319248826291,0.00046117639339311555
805,VILLAGE PHARMACY #2827 (MO),retailer,0.23738387379535292,0.0,0.005164319248826291,0.00046114512584676486
806,WALMART PHARMACY #8383 (UT),retailer,0.23737856511275862,0.0,0.005164319248826291,0.00046111130514921644
807,CVS PHARMACY #3927 (SD),retailer,0.23737454959272564,0.0,0.005164319248826291,0.00046108572296641993
808,COMMUNITY PHARMACY #4754 (ME),retailer,0.23737277510100485,0.0,0.005164319248826291,0.0004610744179869406
809,WALGREENS #6166 (CA),retailer,0.23737181512511119,0.0,0.005164319248826291,0.0004610683021467528
810,RITE AID #3607 (MN),retailer,0.23736916206931585,0.0,0.005164319248826291,0.0004610513999876882
811,MAIN STREET PHARMACY #3856 (AL),retailer,0.2373676013401696,0.0,0.005164319248826291,0.00046104145685255566
812,WALGREENS #8394 (IL),retailer,0.23736671643821167,0.0,0.005164319248826291,0.00046103581929541243
813,HEALTH MART PHARMACY #7100 (MD),retailer,0.23736511965817803,0.0,0.005164319248826291,0.00046102564648631907
814,RITE AID #2172 (AR),retailer,0.23736310946529365,0.0,0.005164319248826291,0.000461012839895541
815,KROGER PHARMACY #9538 (NE),retailer,0.2373583040926716,0.0,0.005164319248826291,0.0004609822256986715
816,KROGER PHARMACY #3075 (ID),retailer,0.23735591485850038,0.0,0.005164319248826291,0.0004609670043014903
817,HOMETOWN PHARMACY #9431 (CA),retailer,0.23735371125259103,0.0,0.005164319248826291,0.0004609529655098215
818,FAMILY CARE PHARMACY #4660 (NY),retailer,0.23735230214402514,0.0,0.005164319248826291,0.00046094398832315157
819,KROGER PHARMACY #4100 (MS),retailer,0.23735116952641125,0.0,0.005164319248826291,0.0004609367726124593
820,MAIN STREET PHARMACY #2285 (CA),retailer,0.2373475259743939,0.0,0.005164319248826291,0.00046091356017347984
821,MEDICO PHARMACY #9569 (ND),retailer,0.2373475008969428,0.0,0.005164319248826291,0.0004609134004093814
822,HOMETOWN PHARMACY #4004 (WA),retailer,0.23734211639138986,0.0,0.005164319248826291,0.0004608790966568928
823,WALMART PHARMACY #9127 (AL),retailer,0.23734166431723447,0.0,0.005164319248826291,0.0004608762165707307
824,HARRIS TEETER PHARMACY #7237 (KS),retailer,0.23734046336488374,0.0,0.005164319248826291,0.00046086856551126316
825,HARRIS TEETER PHARMACY #5801 (NM),retailer,0.2373381886623443,0.0,0.005164319248826291,0.00046085407377527535
826,HEALTH MART PHARMACY #5152 (RI),retailer,0.23733660183374605,0.0,0.005164319248826291,0.00046084396436505353
827,CVS PHARMACY #5523 (NY),retailer,0.23733542297986862,0.0,0.005164319248826291,0.0004608364540911326
828,MAIN STREET PHARMACY #1380 (SD),retailer,0.23733089616407943,0.0,0.005164319248826291,0.0004608076145316102
829,VILLAGE PHARMACY #9280 (NJ),retailer,0.2373293039106274,0.0,0.005164319248826291,0.00046079747056058425
830,GOOD NEIGHBOR PHARMACY #3820 (AK),retailer,0.23732384136722717,0.0,0.005164319248826291,0.00046076266964248396
831,PEOPLES PHARMACY #3698 (ME),retailer,0.23732081772816177,0.0,0.005164319248826291,0.0004607434065615762
832,VILLAGE PHARMACY #8189 (MD),retailer,0.23731502942445926,0.0,0.005164319248826291,0.000460706530280999
833,MAIN STREET PHARMACY #6718 (DE),retailer,0.23731282379369306,0.0,0.005164319248826291,0.00046069247858931815
834,WALGREENS #2363 (UT),retailer,0.2373119422925918,0.0,0.005164319248826291,0.0004606868626984441
835,HOMETOWN PHARMACY #2945 (RI),retailer,0.23731001347093117,0.0,0.005164319248826291,0.00046067457450964195
836,KROGER PHARMACY #6315 (AL),retailer,0.23730998966255334,0.0,0.005164319248826291,0.00046067442283058955
837,WALMART PHARMACY #1882 (DE),retailer,0.23730745289956212,0.0,0.005164319248826291,0.0004606582615528423
838,HARRIS TEETER PHARMACY #2079 (NH),retailer,0.23730653792476764,0.0,0.005164319248826291,0.000460652432406865
839,VILLAGE PHARMACY #3422 (SC),retailer,0.23729601104188908,0.0,0.005164319248826291,0.00046058536745889687
840,GOOD NEIGHBOR PHARMACY #8292 (NE),retailer,0.23729161275111657,0.0,0.005164319248826291,0.0004605573467100002
841,HARRIS TEETER PHARMACY #2941 (NH),retailer,0.2372907478762814,0.0,0.005164319248826291,0.0004605518367421883
842,WINN-DIXIE PHARMACY #6652 (VT),retailer,0.23728740217170072,0.0,0.005164319248826291,0.0004605305218376522
843,RITE AID #4432 (ID),retailer,0.23728709552631974,0.0,0.005164319248826291,0.0004605285682530292
844,CVS PHARMACY #1770 (OR),retailer,0.23728465207735966,0.0,0.005164319248826291,0.000460513001462816
845,COMMUNITY PHARMACY #6537 (MT),retailer,0.2372803625195778,0.0,0.005164319248826291,0.00046048567343297405
846,VILLAGE PHARMACY #9112 (RI),retailer,0.2372794801196519,0.0,0.005164319248826291,0.0004604800518158439
847,PUBLIX PHARMACY #9432 (NV),retailer,0.23727784102568755,0.0,0.005164319248826291,0.00046046960943202505
848,HEALTH MART PHARMACY #8655 (HI),retailer,0.23727752999260127,0.0,0.005164319248826291,0.00046046762789409153
849,RITE AID #3609 (ID),retailer,0.2372763956360675,0.0,0.005164319248826291,0.00046046040110504175
850,CVS PHARMACY #7788 (NE),retailer,0.23727551783817488,0.0,0.005164319248826291,0.0004604548088066687
851,KROGER PHARMACY #8228 (UT),retailer,0.2372754720003813,0.0,0.005164319248826291,0.00046045451678202316
852,HOMETOWN PHARMACY #9204 (AL),retailer,0.2372686037495116,0.0,0.005164319248826291,0.000460410760345049
853,MAIN STREET PHARMACY #7917 (CO),retailer,0.2372673168504602,0.0,0.005164319248826291,0.00046040256173403423
854,WINN-DIXIE PHARMACY #8598 (NE),retailer,0.23726558650235638,0.0,0.005164319248826291,0.00046039153798589443
855,COMMUNITY PHARMACY #6944 (CT),retailer,0.2372653268482428,0.0,0.005164319248826291,0.00046038988377449907
856,WINN-DIXIE PHARMACY #8462 (MO),retailer,0.2372652524740344,0.0,0.005164319248826291,0.0004603894099492959
857,WALGREENS #5199 (AK),retailer,0.2372556130593289,0.0,0.005164319248826291,0.0004603279989073832
858,COMMUNITY PHARMACY #8195 (OK),retailer,0.2372531430137393,0.0,0.005164319248826291,0.0004603122626746488
859,RITE AID #3713 (MT),retailer,0.23725241227488558,0.0,0.005164319248826291,0.00046030760726394754
860,WALGREENS #4909 (KS),retailer,0.23725188770450112,0.0,0.005164319248826291,0.0004603042653168637
861,FAMILY CARE PHARMACY #5991 (SC),retailer,0.23725066204998885,0.0,0.005164319248826291,0.00046029645688420203
862,HEALTH MART PHARMACY #7444 (AK),retailer,0.2372503345595107,0.0,0.005164319248826291,0.0004602943704990746
863,KROGER PHARMACY #7791 (CA),retailer,0.2372495133432273,0.0,0.005164319248826291,0.00046028913867233627
864,QUALITY CARE PHARMACY #4381 (CO),retailer,0.237248344179265,0.0,0.005164319248826291,0.00046028169013118657
865,CVS PHARMACY #3842 (ND),retailer,0.23724515197856444,0.0,0.005164319248826291,0.00046026135317328966
866,PEOPLES PHARMACY #8009 (NH),retailer,0.2372425140299691,0.0,0.005164319248826291,0.00046024454725958005
867,WINN-DIXIE PHARMACY #9889 (WA),retailer,0.23723847253700076,0.0,0.005164319248826291,0.00046021879960771005
868,WINN-DIXIE PHARMACY #9954 (NY),retailer,0.2372364095216436,0.0,0.005164319248826291,0.0004602056564941045
869,WALGREENS #9222 (OR),retailer,0.23723271030428655,0.0,0.005164319248826291,0.000460182089420885
870,HOMETOWN PHARMACY #1125 (MA),retailer,0.23722933188791723,0.0,0.005164319248826291,0.0004601605661152077
871,MEDICO PHARMACY #3356 (TX),retailer,0.2372257948376909,0.0,0.005164319248826291,0.0004601380321806968
872,FAMILY CARE PHARMACY #1694 (DE),retailer,0.23721804177895217,0.0,0.005164319248826291,0.00046008863878600406
873,WALMART PHARMACY #9182 (AZ),retailer,0.23721665902149514,0.0,0.005164319248826291,0.0004600798294776857
874,WALMART PHARMACY #1854 (KS),retailer,0.23721411132785847,0.0,0.005164319248826291,0.0004600635985626889
875,HOMETOWN PHARMACY #7249 (UT),retailer,0.23720522785031006,0.0,0.005164319248826291,0.00046000700346550486
876,PUBLIX PHARMACY #6448 (NE),retailer,0.2371998300037953,0.0,0.005164319248826291,0.00045997261472005877
877,QUALITY CARE PHARMACY #3676 (TX),retailer,0.23719761155533656,0.0,0.005164319248826291,0.000459958481369078
878,WALGREENS #1233 (SC),retailer,0.2371812654086338,0.0,0.005164319248826291,0.00045985434289895873
879,WINN-DIXIE PHARMACY #6694 (NV),retailer,0.2371769450596582,0.0,0.005164319248826291,0.00045982681870375354
880,WALMART PHARMACY #2368 (DE),retailer,0.23712812567941477,0.0,0.005164319248826291,0.000459515798885862
881,WALGREENS #4309 (VT),retailer,0.2248817584253516,0.0,0.004694835680751174,0.00047705871628692445
882,COMMUNITY PHARMACY #5405 (TX),retailer,0.22447801192909822,0.0,0.004694835680751174,0.00047448651727266116
883,KROGER PHARMACY #8403 (NV),retailer,0.2243985108394564,0.0,0.004694835680751174,0.0004739800295970848
884,VILLAGE PHARMACY #8587 (CT),retailer,0.22438661655458697,0.0,0.004694835680751174,0.0004739042531678144
885,WALMART PHARMACY #4214 (AR),retailer,0.22424571101524013,0.0,0.004694835680751174,0.00047300656837605655
886,PUBLIX PHARMACY #5706 (MT),retailer,0.22421030084249205,0.0,0.004694835680751174,0.0004727809762971589
887,COMMUNITY PHARMACY #9318 (AL),retailer,0.22369273713224902,0.0,0.004694835680751174,0.00046948366752133213
888,COMMUNITY PHARMACY #9484 (NV),retailer,0.22367702645613619,0.0,0.004694835680751174,0.0004693835775243023
889,PEOPLES PHARMACY #1524 (OK),retailer,0.22364177694098777,0.0,0.004694835680751174,0.00046915900896715224
890,CVS PHARMACY #9580 (KS),retailer,0.2236248171771619,0.0,0.004694835680751174,0.00046905096124859655
891,SUNRISE PHARMACY #5334 (AL),retailer,0.2235997628927333,0.0,0.004694835680751174,0.0004688913447409407
892,WINN-DIXIE PHARMACY #9226 (CT),retailer,0.22358303037729627,0.0,0.004694835680751174,0.0004687847447825193
893,COMMUNITY PHARMACY #4854 (WY),retailer,0.22350879791134612,0.0,0.004694835680751174,0.00046831182259615955
894,MEDICO PHARMACY #2352 (OK),retailer,0.2234893451907694,0.0,0.004694835680751174,0.0004681878926818286
895,CORNER DRUG STORE #6823 (NY),retailer,0.2234564349234633,0.0,0.004694835680751174,0.0004679782270676138
896,PUBLIX PHARMACY #9124 (DE),retailer,0.22344990146610777,0.0,0.004694835680751174,0.00046793660354214537
897,HARRIS TEETER PHARMACY #8332 (SD),retailer,0.22338821467084774,0.0,0.004694835680751174,0.0004675436076513247
898,CORNER DRUG STORE #4270 (SC),retailer,0.22334917772058022,0.0,0.004694835680751174,0.00046729491000086886
899,GOOD NEIGHBOR PHARMACY #5060 (NH),retailer,0.22334838961008618,0.0,0.004694835680751174,0.0004672898890853819
900,GOOD NEIGHBOR PHARMACY #1814 (OR),retailer,0.22334775069344143,0.0,0.004694835680751174,0.00046728581865807385
901,GOOD NEIGHBOR PHARMACY #2848 (MT),retailer,0.22334652427265766,0.0,0.004694835680751174,0.0004672780053436293
902,RITE AID #2593 (ID),retailer,0.22332286242201974,0.0,0.004694835680751174,0.0004671272597905378
903,VILLAGE PHARMACY #4087 (DE),retailer,0.22331781573444007,0.0,0.004694835680751174,0.0004670951082178599
904,MEDICO PHARMACY #4659 (ID),retailer,0.22325111975583978,0.0,0.004694835680751174,0.0004666701996873761
905,WALMART PHARMACY #5220 (ME),retailer,0.22324157045154785,0.0,0.004694835680751174,0.00046660936272330467
906,CORNER DRUG STORE #1763 (DE),retailer,0.2232284143587286,0.0,0.004694835680751174,0.00046652554753408244
907,VILLAGE PHARMACY #3051 (SD),retailer,0.22322384944550872,0.0,0.004694835680751174,0.0004664964652624259
908,CORNER DRUG STORE #1891 (MT),retailer,0.22322199871244108,0.0,0.004694835680751174,0.0004664846745625279
909,WALMART PHARMACY #4965 (SC),retailer,0.22322141080469945,0.0,0.004694835680751174,0.00046648092910410904
910,SUNRISE PHARMACY #7916 (MT),retailer,0.22322122451145282,0.0,0.004694835680751174,0.0004664797422620935
911,WALMART PHARMACY #2370 (MA),retailer,0.22321806245727893,0.0,0.004694835680751174,0.00046645959736249786
912,GOOD NEIGHBOR PHARMACY #4482 (NJ),retailer,0.22321692874910776,0.0,0.004694835680751174,0.00046645237470405415
913,VILLAGE PHARMACY #1009 (NE),retailer,0.22319072493421677,0.0,0.004694835680751174,0.00046628543473687653
914,CORNER DRUG STORE #8986 (WY),retailer,0.22317761376389017,0.0,0.004694835680751174,0.00046620190574107645
915,QUALITY CARE PHARMACY #1048 (SD),retailer,0.2231683513816573,0.0,0.004694835680751174,0.0004661428967077591
916,FAMILY CARE PHARMACY #6878 (OR),retailer,0.2231578513871385,0.0,0.004694835680751174,0.0004660760030608752
917,QUALITY CARE PHARMACY #3035 (NY),retailer,0.22305740767180404,0.0,0.004694835680751174,0.0004654360935434682
918,MEDICO PHARMACY #1437 (VT),retailer,0.22296659264474336,0.0,0.004694835680751174,0.0004648575267317351
919,HOMETOWN PHARMACY #2773 (SD),retailer,0.22281210543980917,0.0,0.004694835680751174,0.0004638733155003424
920,COMMUNITY PHARMACY #4270 (AR),retailer,0.22277652884302257,0.0,0.004694835680751174,0.00046364666316271345
921,PEOPLES PHARMACY #1737 (CA),retailer,0.22274841476994506,0.0,0.004694835680751174,0.000463467553271413
922,PUBLIX PHARMACY #6482 (ND),retailer,0.22270948472962349,0.0,0.004694835680751174,0.0004632195367257103
923,WALGREENS #4391 (MD),retailer,0.22265248655900816,0.0,0.004694835680751174,0.00046285641125061135
924,WALMART PHARMACY #4463 (AK),retailer,0.22264804439218872,0.0,0.004694835680751174,0.00046282811097501713
925,PEOPLES PHARMACY #3116 (WI),retailer,0.22264549720849325,0.0,0.004694835680751174,0.00046281188330876764
926,PEOPLES PHARMACY #9674 (KS),retailer,0.22264412202278372,0.0,0.004694835680751174,0.0004628031222387413
927,PUBLIX PHARMACY #4858 (OR),retailer,0.2226392104721186,0.0,0.004694835680751174,0.0004627718315999455
928,FAMILY CARE PHARMACY #1786 (OR),retailer,0.2226384236268196,0.0,0.004694835680751174,0.00046276681874479704
929,CVS PHARMACY #8062 (AR),retailer,0.22262679978548217,0.0,0.004694835680751174,0.00046269276526443863
930,PEOPLES PHARMACY #2825 (IA),retailer,0.22262185481968733,0.0,0.004694835680751174,0.0004626612617436377
931,HARRIS TEETER PHARMACY #2883 (ME),retailer,0.22259532250381087,0.0,0.004694835680751174,0.0004624922289535653
932,PEOPLES PHARMACY #4186 (SD),retailer,0.22256233789079452,0.0,0.004694835680751174,0.00046228208969570486
933,MEDICO PHARMACY #5913 (MO),retailer,0.22255917567756126,0.0,0.004694835680751174,0.00046226194378276944
934,PEOPLES PHARMACY #5481 (AK),retailer,0.2225526629295772,0.0,0.004694835680751174,0.00046222045219312046
935,HARRIS TEETER PHARMACY #3290 (NE),retailer,0.22254471553580457,0.0,0.004694835680751174,0.0004621698207235781
936,CORNER DRUG STORE #4372 (CT),retailer,0.22253961956244173,0.0,0.004694835680751174,0.0004621373551597102
937,SUNRISE PHARMACY #5169 (MA),retailer,0.22253750806657924,0.0,0.004694835680751174,0.0004621239031852
938,WINN-DIXIE PHARMACY #8011 (OR),retailer,0.222528159548889,0.0,0.004694835680751174,0.00046206434539779927
939,VILLAGE PHARMACY #3378 (MN),retailer,0.22252311419025733,0.0,0.004694835680751174,0.00046203220229161914
940,WALMART PHARMACY #8430 (SD),retailer,0.2225093811070739,0.0,0.004694835680751174,0.0004619447111966994
941,WALGREENS #1285 (WI),retailer,0.22250813062701416,0.0,0.004694835680751174,0.00046193674460477376
942,WALGREENS #9451 (NE),retailer,0.22249384390424443,0.0,0.004694835680751174,0.00046184572636791873
943,HEALTH MART PHARMACY #5939 (KS),retailer,0.22249289138293712,0.0,0.004694835680751174,0.00046183965801960996
944,MAIN STREET PHARMACY #8003 (OR),retailer,0.22248838729530152,0.0,0.004694835680751174,0.0004618109632572183
945,VILLAGE PHARMACY #2001 (NY),retailer,0.2224791181987128,0.0,0.004694835680751174,0.0004617519114479026
946,PUBLIX PHARMACY #4560 (NM),retailer,0.22247789774260707,0.0,0.004694835680751174,0.0004617441361333892
947,PUBLIX PHARMACY #2003 (NM),retailer,0.2224764822467153,0.0,0.004694835680751174,0.0004617351182541719
948,HARRIS TEETER PHARMACY #5008 (MA),retailer,0.22246728366907154,0.0,0.004694835680751174,0.0004616765157088437
949,WALGREENS #3924 (NV),retailer,0.22246470905017202,0.0,0.004694835680751174,0.00046166011325765984
950,SUNRISE PHARMACY #9849 (CO),retailer,0.2224612905336617,0.0,0.004694835680751174,0.0004616383344809283
951,SUNRISE PHARMACY #4355 (NH),retailer,0.22245308334489877,0.0,0.004694835680751174,0.0004615860479024891
952,HOMETOWN PHARMACY #4970 (CA),retailer,0.22245305678876343,0.0,0.004694835680751174,0.00046158587871794924
953,RITE AID #6947 (MT),retailer,0.22245300914666105,0.0,0.004694835680751174,0.00046158557519836483
954,SUNRISE PHARMACY #1077 (SC),retailer,0.22245000610551086,0.0,0.004694835680751174,0.0004615664433432081
955,FAMILY CARE PHARMACY #1129 (MS),retailer,0.22244374443142356,0.0,0.004694835680751174,0.000461526551301879
956,MEDICO PHARMACY #2698 (GA),retailer,0.222441972263356,0.0,0.004694835680751174,0.000461515261125992
957,WALGREENS #1607 (WY),retailer,0.22244049021568596,0.0,0.004694835680751174,0.0004615058192569199
958,VILLAGE PHARMACY #5653 (NH),retailer,0.22243532765310414,0.0,0.004694835680751174,0.0004614729294646686
959,KROGER PHARMACY #6846 (SC),retailer,0.22243244371089377,0.0,0.004694835680751174,0.0004614545563682341
960,PUBLIX PHARMACY #4667 (DE),retailer,0.22243084308189964,0.0,0.004694835680751174,0.00046144435903808
961,HOMETOWN PHARMACY #3088 (ID),retailer,0.2224300387789112,0.0,0.004694835680751174,0.00046143923496301493
962,FAMILY CARE PHARMACY #8561 (NM),retailer,0.22242798705047062,0.0,0.004694835680751174,0.00046142616375640034
963,HOMETOWN PHARMACY #1995 (NJ),retailer,0.22241944734429803,0.0,0.004694835680751174,0.0004613717587671235
964,RITE AID #9137 (GA),retailer,0.2224182228283577,0.0,0.004694835680751174,0.0004613639575881067
965,HARRIS TEETER PHARMACY #9591 (MS),retailer,0.22240772258827463,0.0,0.004694835680751174,0.00046129706237677524
966,RITE AID #6336 (NE),retailer,0.22240626547494718,0.0,0.004694835680751174,0.0004612877793600823
967,RITE AID #7013 (SD),retailer,0.22240592067729545,0.0,0.004694835680751174,0.0004612855827139486
968,CVS PHARMACY #9367 (CO),retailer,0.22240586029886006,0.0,0.004694835680751174,0.0004612851980533921
969,COMMUNITY PHARMACY #7046 (MA),retailer,0.222403523173131,0.0,0.004694835680751174,0.00046127030863007257
970,MEDICO PHARMACY #7663 (CA),retailer,0.2223962273804022,0.0,0.004694835680751174,0.00046122382839794803
971,RITE AID #7590 (MO),retailer,0.22239187702110175,0.0,0.004694835680751174,0.0004611961130121598
972,CORNER DRUG STORE #6774 (AK),retailer,0.22238945881453917,0.0,0.004694835680751174,0.00046118070703688997
973,WALMART PHARMACY #7668 (AL),retailer,0.2223894327437291,0.0,0.004694835680751174,0.00046118054094427353
974,MAIN STREET PHARMACY #3509 (ME),retailer,0.2223884804479055,0.0,0.004694835680751174,0.00046117447403248217
975,VILLAGE PHARMACY #8630 (CT),retailer,0.2223810027879501,0.0,0.004694835680751174,0.00046112683515574964
976,HEALTH MART PHARMACY #9034 (AR),retailer,0.22237992499005654,0.0,0.004694835680751174,0.00046111996869200304
977,HARRIS TEETER PHARMACY #4455 (NM),retailer,0.22237734685992827,0.0,0.004694835680751174,0.0004611035438713888
978,PEOPLES PHARMACY #4578 (MS),retailer,0.22237666196297745,0.0,0.004694835680751174,0.0004610991805115128
979,WALMART PHARMACY #2519 (SC),retailer,0.22237653828688758,0.0,0.004694835680751174,0.0004610983925925602
980,HARRIS TEETER PHARMACY #8821 (AL),retailer,0.22237250041369083,0.0,0.004694835680751174,0.000461072668001628
981,FAMILY CARE PHARMACY #7363 (RI),retailer,0.22237174074595967,0.0,0.004694835680751174,0.00046106782829005813
982,HOMETOWN PHARMACY #1997 (MS),retailer,0.2223706421674445,0.0,0.004694835680751174,0.0004610608294365695
983,HEALTH MART PHARMACY #7749 (AZ),retailer,0.2223683305270263,0.0,0.004694835680751174,0.0004610461023757523
984,HARRIS TEETER PHARMACY #3685 (MA),retailer,0.2223676993518654,0.0,0.004694835680751174,0.0004610420812680975
985,CVS PHARMACY #4075 (CA),retailer,0.22236759696111172,0.0,0.004694835680751174,0.000461041428954336
986,WALGREENS #4534 (NM),retailer,0.22236711334179374,0.0,0.004694835680751174,0.0004610383478994054
987,PEOPLES PHARMACY #3374 (CT),retailer,0.22236449784012471,0.0,0.004694835680751174,0.0004610216849911764
988,VILLAGE PHARMACY #7951 (SC),retailer,0.22236298590824785,0.0,0.004694835680751174,0.00046101205273499737
989,CVS PHARMACY #1614 (NM),retailer,0.22236142365131684,0.0,0.004694835680751174,0.00046100209986661266
990,WALMART PHARMACY #4290 (NM),retailer,0.22236137175012005,0.0,0.004694835680751174,0.00046100176921307534
991,GOOD NEIGHBOR PHARMACY #5652 (NV),retailer,0.2223589595721791,0.0,0.004694835680751174,0.00046098640164510984
992,WALGREENS #7567 (TX),retailer,0.2223584176845625,0.0,0.004694835680751174,0.0004609829493729387
993,KROGER PHARMACY #1191 (GA),retailer,0.22235320068715064,0.0,0.004694835680751174,0.000460949712785811
994,FAMILY CARE PHARMACY #2252 (IA),retailer,0.22235246861193758,0.0,0.004694835680751174,0.0004609450488613959
995,CVS PHARMACY #7782 (NM),retailer,0.2223514544994038,0.0,0.004694835680751174,0.00046093858812604855
996,GOOD NEIGHBOR PHARMACY #5066 (NV),retailer,0.22235082216768798,0.0,0.004694835680751174,0.0004609345596501824
997,MEDICO PHARMACY #7968 (WY),retailer,0.22234564093875725,0.0,0.004694835680751174,0.00046090155093785436
998,WALMART PHARMACY #8473 (RI),retailer,0.22234446907814406,0.0,0.004694835680751174,0.00046089408521680903
999,PEOPLES PHARMACY #6674 (NJ),retailer,0.2223433317300077,0.0,0.004694835680751174,0.00046088683936877715
1000,WINN-DIXIE PHARMACY #3668 (MS),retailer,0.22234300372308405,0.0,0.004694835680751174,0.0004608847496934648
1001,HEALTH MART PHARMACY #1058 (ME),retailer,0.22234198417649093,0.0,0.004694835680751174,0.00046087825433866625
1002,MAIN STREET PHARMACY #5125 (CO),retailer,0.22234070096635744,0.0,0.004694835680751174,0.0004608700792291084
1003,SUNRISE PHARMACY #4971 (SC),retailer,0.22233804021635942,0.0,0.004694835680751174,0.00046085312805161066
1004,CVS PHARMACY #1842 (CO),retailer,0.22233605982468177,0.0,0.004694835680751174,0.0004608405113191601
1005,PUBLIX PHARMACY #5415 (ND),retailer,0.22233548094292555,0.0,0.004694835680751174,0.0004608368233637312
1006,CVS PHARMACY #2361 (MN),retailer,0.22233166222267803,0.0,0.004694835680751174,0.0004608124949582897
1007,MEDICO PHARMACY #8845 (SD),retailer,0.22233023653956774,0.0,0.004694835680751174,0.0004608034121780676
1008,SUNRISE PHARMACY #9210 (IA),retailer,0.22232951549884572,0.0,0.004694835680751174,0.0004607988185524843
1009,WALMART PHARMACY #6304 (AR),retailer,0.2223280414060995,0.0,0.004694835680751174,0.0004607894273628541
1010,WINN-DIXIE PHARMACY #7007 (HI),retailer,0.22232397144443808,0.0,0.004694835680751174,0.0004607634983418701
1011,FAMILY CARE PHARMACY #5108 (OR),retailer,0.22232317716003136,0.0,0.004694835680751174,0.00046075843809345444
1012,HOMETOWN PHARMACY #3994 (DE),retailer,0.22232276029509124,0.0,0.004694835680751174,0.00046075578231910585
1013,WINN-DIXIE PHARMACY #8038 (SD),retailer,0.22232115723522405,0.0,0.004694835680751174,0.00046074556950228044
1014,CVS PHARMACY #8345 (MS),retailer,0.22231851363946106,0.0,0.004694835680751174,0.00046072872761144347
1015,MEDICO PHARMACY #7420 (NM),retailer,0.2223169364035873,0.0,0.004694835680751174,0.0004607186793148084
1016,COMMUNITY PHARMACY #2995 (MA),retailer,0.2223145801354316,0.0,0.004694835680751174,0.00046070366793840345
1017,RITE AID #1322 (NH),retailer,0.2223127279036714,0.0,0.004694835680751174,0.0004606918676905946
1018,HEALTH MART PHARMACY #6920 (CT),retailer,0.22231251963841014,0.0,0.004694835680751174,0.0004606905408686786
1019,COMMUNITY PHARMACY #4846 (MN),retailer,0.2223120620686606,0.0,0.004694835680751174,0.00046068762577103784
1020,WALGREENS #5348 (NE),retailer,0.2223059456450704,0.0,0.004694835680751174,0.00046064865909547397
1021,COMMUNITY PHARMACY #6231 (OR),retailer,0.22230048682366793,0.0,0.004694835680751174,0.00046061388188957684
1022,WINN-DIXIE PHARMACY #1254 (WY),retailer,0.2222988738558282,0.0,0.004694835680751174,0.0004606036059507739
1023,RITE AID #6777 (MS),retailer,0.222295603478777,0.0,0.004694835680751174,0.0004605827709448842
1024,RITE AID #1076 (RI),retailer,0.22229376181866103,0.0,0.004694835680751174,0.00046057103804719
1025,FAMILY CARE PHARMACY #2455 (AK),retailer,0.2222930969560376,0.0,0.004694835680751174,0.00046056680232254486
1026,MEDICO PHARMACY #6031 (OR),retailer,0.22229258743964314,0.0,0.004694835680751174,0.00046056355628182436
1027,WALGREENS #8369 (SC),retailer,0.22229183125724788,0.0,0.004694835680751174,0.000460558738774726
1028,PUBLIX PHARMACY #5701 (MA),retailer,0.22229125292447774,0.0,0.004694835680751174,0.0004605550543167923
1029,WALMART PHARMACY #7891 (MA),retailer,0.22229091561071146,0.0,0.004694835680751174,0.00046055290534919717
1030,RITE AID #1205 (SC),retailer,0.2222904672265939,0.0,0.004694835680751174,0.000460550048771627
1031,CVS PHARMACY #4541 (WY),retailer,0.2222901663464479,0.0,0.004694835680751174,0.00046054813191631774
1032,FAMILY CARE PHARMACY #4540 (UT),retailer,0.2222884780385112,0.0,0.004694835680751174,0.00046053737599880307
1033,FAMILY CARE PHARMACY #5522 (MS),retailer,0.22228672447563833,0.0,0.004694835680751174,0.00046052620435338957
1034,CORNER DRUG STORE #9547 (DE),retailer,0.2222843488878536,0.0,0.004694835680751174,0.0004605110698949735
1035,HARRIS TEETER PHARMACY #1833 (MN),retailer,0.22228392186134271,0.0,0.004694835680751174,0.00046050834938301724
1036,MAIN STREET PHARMACY #9116 (NJ),retailer,0.22227847033839976,0.0,0.004694835680751174,0.00046047361867434177
1037,FAMILY CARE PHARMACY #7659 (ME),retailer,0.2222774119294325,0.0,0.004694835680751174,0.0004604668757340872
1038,CVS PHARMACY #7478 (ID),retailer,0.2222751639616677,0.0,0.004694835680751174,0.0004604525543207191
1039,CVS PHARMACY #1006 (OR),retailer,0.22227407097807328,0.0,0.004694835680751174,0.00046044559111150173
1040,HOMETOWN PHARMACY #8463 (NY),retailer,0.22227364079773032,0.0,0.004694835680751174,0.0004604428505070275
1041,RITE AID #9844 (ID),retailer,0.22227348090703847,0.0,0.004694835680751174,0.0004604418318711167
1042,HARRIS TEETER PHARMACY #7897 (ID),retailer,0.22227181999607426,0.0,0.004694835680751174,0.00046043125049496973
1043,KROGER PHARMACY #2068 (MN),retailer,0.22226791019097886,0.0,0.004694835680751174,0.0004604063418037347
1044,HEALTH MART PHARMACY #6267 (ID),retailer,0.22226265875552575,0.0,0.004694835680751174,0.0004603728858178097
1045,PUBLIX PHARMACY #2770 (TX),retailer,0.22225950907517203,0.0,0.004694835680751174,0.00046035281974967957
1046,CVS PHARMACY #9218 (NH),retailer,0.2222594405640486,0.0,0.004694835680751174,0.00046035238327717565
1047,MEDICO PHARMACY #8186 (MO),retailer,0.22225716985092592,0.0,0.004694835680751174,0.00046033791695707126
1048,QUALITY CARE PHARMACY #9337 (MA),retailer,0.22225315191146322,0.0,0.004694835680751174,0.0004603123193605071
1049,QUALITY CARE PHARMACY #7699 (IA),retailer,0.22225291055085217,0.0,0.004694835680751174,0.0004603107816938485
1050,QUALITY CARE PHARMACY #5919 (ID),retailer,0.22224713719268374,0.0,0.004694835680751174,0.0004602740006286811
1051,FAMILY CARE PHARMACY #1789 (WA),retailer,0.2222471205133294,0.0,0.004694835680751174,0.0004602738943674026
1052,MEDICO PHARMACY #5021 (MT),retailer,0.2222464303206639,0.0,0.004694835680751174,0.0004602694972694457
1053,FAMILY CARE PHARMACY #4923 (AL),retailer,0.22224508221034778,0.0,0.004694835680751174,0.00046026090869206256
1054,WALGREENS #6789 (NH),retailer,0.22224463858400367,0.0,0.004694835680751174,0.00046025808242544316
1055,PEOPLES PHARMACY #1264 (WA),retailer,0.22224213134685145,0.0,0.004694835680751174,0.0004602421092517034
1056,KROGER PHARMACY #4123 (WY),retailer,0.22224057877965755,0.0,0.004694835680751174,0.0004602322181149561
1057,QUALITY CARE PHARMACY #7590 (MA),retailer,0.2222378080568599,0.0,0.004694835680751174,0.00046021456631979474
1058,WALMART PHARMACY #5800 (MT),retailer,0.22223671948152365,0.0,0.004694835680751174,0.00046020763119482706
1059,KROGER PHARMACY #4103 (MA),retailer,0.22223528456667868,0.0,0.004694835680751174,0.0004601984896008217
1060,SUNRISE PHARMACY #7972 (SD),retailer,0.22223422664588677,0.0,0.004694835680751174,0.0004601917497706476
1061,MEDICO PHARMACY #9596 (WI),retailer,0.22222937292477674,0.0,0.004694835680751174,0.0004601608275539336
1062,CORNER DRUG STORE #3431 (WY),retailer,0.2222276749779079,0.0,0.004694835680751174,0.0004601500102284514
1063,MEDICO PHARMACY #9075 (MT),retailer,0.22222688112779337,0.0,0.004694835680751174,0.0004601449527468361
1064,HARRIS TEETER PHARMACY #7134 (SC),retailer,0.22222475145188672,0.0,0.004694835680751174,0.00046013138495041265
1065,CORNER DRUG STORE #9971 (WY),retailer,0.22222380731375785,0.0,0.004694835680751174,0.0004601253700098819
1066,HEALTH MART PHARMACY #1614 (GA),retailer,0.2222216619781507,0.0,0.004694835680751174,0.0004601117024482184
1067,CVS PHARMACY #8890 (RI),retailer,0.22222152969694947,0.0,0.004694835680751174,0.00046011085970759137
1068,MEDICO PHARMACY #5567 (DE),retailer,0.22222128082313014,0.0,0.004694835680751174,0.00046010927417558403
1069,CORNER DRUG STORE #6054 (OR),retailer,0.22221456345273816,0.0,0.004694835680751174,0.0004600664789720067
1070,MAIN STREET PHARMACY #8577 (OR),retailer,0.2222042652041175,0.0,0.004694835680751174,0.0004600008706133052
1071,PEOPLES PHARMACY #6878 (MD),retailer,0.2222026277969576,0.0,0.004694835680751174,0.00045999043897582544
1072,CORNER DRUG STORE #8634 (AZ),retailer,0.22220260378099968,0.0,0.004694835680751174,0.00045999028597431624
1073,SUNRISE PHARMACY #1679 (NY),retailer,0.2222023082033447,0.0,0.004694835680751174,0.0004599884029002589
1074,QUALITY CARE PHARMACY #4182 (NV),retailer,0.2222021254514095,0.0,0.004694835680751174,0.00045998723861932555
1075,HOMETOWN PHARMACY #3267 (SD),retailer,0.2221966980729955,0.0,0.004694835680751174,0.00045995266173126306
1076,HOMETOWN PHARMACY #8719 (SD),retailer,0.22219644352235013,0.0,0.004694835680751174,0.0004599510400331798
1077,HEALTH MART PHARMACY #4286 (UT),retailer,0.22219310662978603,0.0,0.004694835680751174,0.0004599297812684753
1078,WINN-DIXIE PHARMACY #7277 (DE),retailer,0.22219276851638947,0.0,0.004694835680751174,0.00045992762720657433
1079,SUNRISE PHARMACY #8606 (MN),retailer,0.22219126940993966,0.0,0.004694835680751174,0.00045991807665896994
1080,VILLAGE PHARMACY #6654 (CA),retailer,0.2221861156289479,0.0,0.004694835680751174,0.00045988524281270835
1081,COMMUNITY PHARMACY #9946 (MO),retailer,0.22218408975873388,0.0,0.004694835680751174,0.0004598723363443776
1082,HEALTH MART PHARMACY #2360 (NY),retailer,0.2221836201419834,0.0,0.004694835680751174,0.00045986934449737974
1083,MAIN STREET PHARMACY #2581 (NE),retailer,0.22218018781909232,0.0,0.004694835680751174,0.0004598474777625871
1084,COMMUNITY PHARMACY #5242 (DE),retailer,0.22217994053661871,0.0,0.004694835680751174,0.0004598459023687676
1085,WALGREENS #9060 (IA),retailer,0.22217780655732705,0.0,0.004694835680751174,0.0004598323071562234
1086,WALMART PHARMACY #3071 (ID),retailer,0.22217526951986266,0.0,0.004694835680751174,0.00045981614412985507
1087,MEDICO PHARMACY #3698 (MS),retailer,0.22217408148269882,0.0,0.004694835680751174,0.0004598085753508067
1088,COMMUNITY PHARMACY #6619 (MT),retailer,0.2221738558980064,0.0,0.004694835680751174,0.0004598071381897938
1089,MEDICO PHARMACY #8138 (MD),retailer,0.22215777376615087,0.0,0.004694835680751174,0.00045970468171254906
1090,VILLAGE PHARMACY #2020 (KS),retailer,0.22214956455323834,0.0,0.004694835680751174,0.00045965238223860335
1091,GOOD NEIGHBOR PHARMACY #7174 (ND),retailer,0.22214953256311476,0.0,0.004694835680751174,0.00045965217843506556
1092,COMMUNITY PHARMACY #1901 (CA),retailer,0.22214142925714003,0.0,0.004694835680751174,0.0004596005536758815
1093,HEALTH MART PHARMACY #2714 (MS),retailer,0.2221403751086978,0.0,0.004694835680751174,0.000459593837878694
1094,WINN-DIXIE PHARMACY #1709 (WA),retailer,0.2221227937079078,0.0,0.004694835680751174,0.0004594818298186834
1095,HEALTH MART PHARMACY #4092 (AZ),retailer,0.22208869055706204,0.0,0.004694835680751174,0.00045926456454999944
1096,MAIN STREET PHARMACY #1903 (WA),retailer,0.21757153956183692,0.0,0.004225352112676056,0.0005260489803330892
1097,HEALTH MART PHARMACY #4784 (TX),retailer,0.21128868649276975,0.0,0.004225352112676056,0.0004860220113786075
1098,GOOD NEIGHBOR PHARMACY #7155 (GA),retailer,0.20996969458265757,0.0,0.004225352112676056,0.00047761894231796006
1099,HEALTH MART PHARMACY #8084 (WA),retailer,0.20938107869062217,0.0,0.004225352112676056,0.0004738689723954398
1100,FAMILY CARE PHARMACY #8739 (NM),retailer,0.20933194633813734,0.0,0.004225352112676056,0.00047355595868559306
1101,GOOD NEIGHBOR PHARMACY #5790 (MN),retailer,0.20883714128676178,0.0,0.004225352112676056,0.00047040364138448674
1102,SUNRISE PHARMACY #9718 (HI),retailer,0.20854930236222524,0.0,0.004225352112676056,0.0004685698694388972
1103,CORNER DRUG STORE #5404 (NE),retailer,0.20853821051881055,0.0,0.004225352112676056,0.00046849920522518286
1104,SUNRISE PHARMACY #9599 (CT),retailer,0.20853183528067626,0.0,0.004225352112676056,0.00046845858968697557
1105,HOMETOWN PHARMACY #3142 (FL),retailer,0.20843068847259782,0.0,0.004225352112676056,0.00046781420088744545
1106,PEOPLES PHARMACY #6284 (NH),retailer,0.20841866459320274,0.0,0.004225352112676056,0.00046773759883389287
1107,CORNER DRUG STORE #8437 (OK),retailer,0.20840069878799936,0.0,0.004225352112676056,0.0004676231417999286
1108,VILLAGE PHARMACY #2291 (AK),retailer,0.20839629252843767,0.0,0.004225352112676056,0.00046759507028325584
1109,COMMUNITY PHARMACY #9849 (AK),retailer,0.20837234301342272,0.0,0.004225352112676056,0.0004674424920702305
1110,WINN-DIXIE PHARMACY #4828 (HI),retailer,0.2083620130090254,0.0,0.004225352112676056,0.0004673766814009748
1111,HOMETOWN PHARMACY #8574 (OR),retailer,0.20835794021884996,0.0,0.004225352112676056,0.0004673507343600177
1112,RITE AID #1732 (OR),retailer,0.20835123179080473,0.0,0.004225352112676056,0.00046730799612658316
1113,WALGREENS #1013 (NH),retailer,0.20834898637329174,0.0,0.004225352112676056,0.00046729369096042817
1114,CORNER DRUG STORE #9113 (HI),retailer,0.2083392816134476,0.0,0.004225352112676056,0.0004672318636159522
1115,WALGREENS #2438 (VT),retailer,0.2083333017110801,0.0,0.004225352112676056,0.0004671937666934582
1116,WALGREENS #5730 (AR),retailer,0.2083326773313634,0.0,0.004225352112676056,0.0004671897888784016
1117,WINN-DIXIE PHARMACY #1281 (AZ),retailer,0.20832210811248314,0.0,0.004225352112676056,0.00046712245421509765
1118,HEALTH MART PHARMACY #6716 (UT),retailer,0.20831980800307043,0.0,0.004225352112676056,0.00046710780061631985
1119,MAIN STREET PHARMACY #6958 (DE),retailer,0.2083161620686672,0.0,0.004225352112676056,0.00046708457299957253
1120,HEALTH MART PHARMACY #8336 (NE),retailer,0.20828788676690896,0.0,0.004225352112676056,0.0004669044359482657
1121,QUALITY CARE PHARMACY #9990 (HI),retailer,0.20828594759408867,0.0,0.004225352112676056,0.00046689208181401764
1122,WALGREENS #7427 (WY),retailer,0.20826149240687952,0.0,0.004225352112676056,0.00046673628205100607
1123,VILLAGE PHARMACY #6515 (MT),retailer,0.20826069087803184,0.0,0.004225352112676056,0.00046673117564951155
1124,WALGREENS #9353 (NM),retailer,0.20825295076239342,0.0,0.004225352112676056,0.0004666818647130696
1125,WINN-DIXIE PHARMACY #4020 (CT),retailer,0.20825018843690152,0.0,0.004225352112676056,0.00046666426641568936
1126,HEALTH MART PHARMACY #1722 (WY),retailer,0.2082304165160423,0.0,0.004225352112676056,0.0004665383029316314
1127,CORNER DRUG STORE #1656 (DE),retailer,0.2082275525710528,0.0,0.004225352112676056,0.00046652005723402855
1128,HARRIS TEETER PHARMACY #5699 (AZ),retailer,0.208226968690834,0.0,0.004225352112676056,0.00046651633743426027
1129,VILLAGE PHARMACY #3997 (AL),retailer,0.20822549982018512,0.0,0.004225352112676056,0.0004665069795137081
1130,GOOD NEIGHBOR PHARMACY #7379 (WA),retailer,0.20817880152822354,0.0,0.004225352112676056,0.0004662094727819692
1131,HEALTH MART PHARMACY #8093 (UT),retailer,0.20815137432152664,0.0,0.004225352112676056,0.0004660347387974408
1132,QUALITY CARE PHARMACY #7383 (VT),retailer,0.2081378510162707,0.0,0.004225352112676056,0.0004659485841613716
1133,COMMUNITY PHARMACY #3160 (TX),retailer,0.20813667971662986,0.0,0.004225352112676056,0.0004659411220141839
1134,MAIN STREET PHARMACY #6902 (ID),retailer,0.20812816678243418,0.0,0.004225352112676056,0.000465886887584536
1135,PUBLIX PHARMACY #1993 (CO),retailer,0.20808943150974304,0.0,0.004225352112676056,0.0004656401118696805
1136,WINN-DIXIE PHARMACY #5416 (AL),retailer,0.20804932440579924,0.0,0.004225352112676056,0.0004653845964554626
1137,MEDICO PHARMACY #4770 (MT),retailer,0.20797160207345386,0.0,0.004225352112676056,0.00046488944093460937
1138,MAIN STREET PHARMACY #7377 (IA),retailer,0.20796619245864542,0.0,0.004225352112676056,0.0004648549772154021
1139,GOOD NEIGHBOR PHARMACY #5811 (MT),retailer,0.20791465338939258,0.0,0.004225352112676056,0.00046452663072977694
1140,HARRIS TEETER PHARMACY #8566 (DE),retailer,0.20791283705974536,0.0,0.004225352112676056,0.0004645150592081131
1141,VILLAGE PHARMACY #2361 (VT),retailer,0.2077729737150925,0.0,0.004225352112676056,0.00046362401405828263
1142,MAIN STREET PHARMACY #8201 (MO),retailer,0.20777263101533305,0.0,0.004225352112676056,0.0004636218307774575
1143,HEALTH MART PHARMACY #6354 (SC),retailer,0.20775962739835463,0.0,0.004225352112676056,0.0004635389869854144
1144,CVS PHARMACY #2897 (TX),retailer,0.20775665027231183,0.0,0.004225352112676056,0.00046352002023091957
1145,HARRIS TEETER PHARMACY #4512 (NV),retailer,0.2077425200601979,0.0,0.004225352112676056,0.00046342999909635086
1146,GOOD NEIGHBOR PHARMACY #2153 (ND),retailer,0.20771453541099127,0.0,0.004225352112676056,0.0004632517137421208
1147,HARRIS TEETER PHARMACY #8439 (MD),retailer,0.20763581212960852,0.0,0.004225352112676056,0.0004627501813482762
1148,FAMILY CARE PHARMACY #8225 (OR),retailer,0.20763552384583267,0.0,0.004225352112676056,0.0004627483447422599
1149,WALGREENS #5297 (MT),retailer,0.20762485944011666,0.0,0.004225352112676056,0.00046268040366010825
1150,GOOD NEIGHBOR PHARMACY #6549 (CO),retailer,0.20760572778707892,0.0,0.004225352112676056,0.00046255851921147136
1151,WINN-DIXIE PHARMACY #6602 (OR),retailer,0.20759714952439134,0.0,0.004225352112676056,0.00046250386858531404
1152,HOMETOWN PHARMACY #7981 (TX),retailer,0.2075854469299439,0.0,0.004225352112676056,0.0004624293133825288
1153,COMMUNITY PHARMACY #2272 (ND),retailer,0.20758276476944654,0.0,0.004225352112676056,0.00046241222580244715
1154,COMMUNITY PHARMACY #3234 (AK),retailer,0.20758133560656836,0.0,0.004225352112676056,0.00046240312085322625
1155,HARRIS TEETER PHARMACY #5904 (ID),retailer,0.20757135162683427,0.0,0.004225352112676056,0.00046233951464718184
1156,FAMILY CARE PHARMACY #5938 (AK),retailer,0.20756740155355435,0.0,0.004225352112676056,0.0004623143494143162
1157,FAMILY CARE PHARMACY #5139 (NM),retailer,0.20756287304414583,0.0,0.004225352112676056,0.00046228549906503804
1158,WINN-DIXIE PHARMACY #3576 (NM),retailer,0.20755959139989205,0.0,0.004225352112676056,0.0004622645922777519
1159,KROGER PHARMACY #7669 (MO),retailer,0.20753925062715123,0.0,0.004225352112676056,0.00046213500473685974
1160,PEOPLES PHARMACY #5096 (IA),retailer,0.20753375758041562,0.0,0.004225352112676056,0.00046210000948729166
1161,FAMILY CARE PHARMACY #5054 (CO),retailer,0.2075085589719653,0.0,0.004225352112676056,0.0004619394735162847
1162,FAMILY CARE PHARMACY #8450 (CO),retailer,0.20749474365219234,0.0,0.004225352112676056,0.00046185145850629315
1163,QUALITY CARE PHARMACY #6071 (NY),retailer,0.2074823013706374,0.0,0.004225352112676056,0.0004617721908850314
1164,WINN-DIXIE PHARMACY #2264 (WI),retailer,0.20747464691117218,0.0,0.004225352112676056,0.00046172342564923654
1165,HARRIS TEETER PHARMACY #1257 (MS),retailer,0.20747250176351556,0.0,0.004225352112676056,0.0004617097592849732
1166,WINN-DIXIE PHARMACY #7875 (TX),retailer,0.20746140838698637,0.0,0.004225352112676056,0.0004616390853040521
1167,MAIN STREET PHARMACY #7155 (VT),retailer,0.20745990339955805,0.0,0.004225352112676056,0.0004616294972897521
1168,WINN-DIXIE PHARMACY #9978 (OR),retailer,0.20745979719691782,0.0,0.004225352112676056,0.00046162882069112146
1169,HOMETOWN PHARMACY #3545 (SD),retailer,0.20745140272080947,0.0,0.004225352112676056,0.00046157534093743577
1170,MEDICO PHARMACY #3597 (MD),retailer,0.20744133203612602,0.0,0.004225352112676056,0.00046151118234917277
1171,QUALITY CARE PHARMACY #7550 (KS),retailer,0.20744072719080858,0.0,0.004225352112676056,0.00046150732898439116
1172,QUALITY CARE PHARMACY #8428 (ID),retailer,0.2074348201958637,0.0,0.004225352112676056,0.00046146969654246183
1173,WINN-DIXIE PHARMACY #2438 (MT),retailer,0.20743256166227245,0.0,0.004225352112676056,0.00046145530781604305
1174,PUBLIX PHARMACY #2993 (RI),retailer,0.2074319056889154,0.0,0.004225352112676056,0.00046145112872337466
1175,COMMUNITY PHARMACY #1716 (UT),retailer,0.20742219676845708,0.0,0.004225352112676056,0.00046138927487234633
1176,MAIN STREET PHARMACY #9827 (NH),retailer,0.20741254339462722,0.0,0.004225352112676056,0.0004613277748992696
1177,RITE AID #2572 (MD),retailer,0.2074092280001052,0.0,0.004225352112676056,0.00046130665309486853
1178,PEOPLES PHARMACY #7736 (HI),retailer,0.20740429683872003,0.0,0.004225352112676056,0.0004612752375195711
1179,HARRIS TEETER PHARMACY #4161 (CA),retailer,0.20739728736157226,0.0,0.004225352112676056,0.0004612305813544345
1180,WINN-DIXIE PHARMACY #3033 (TX),retailer,0.20739031369149002,0.0,0.004225352112676056,0.00046118615330991206
1181,HEALTH MART PHARMACY #9773 (SD),retailer,0.20738964120811837,0.0,0.004225352112676056,0.00046118186903479954
1182,RITE AID #9117 (NY),retailer,0.20738780268681403,0.0,0.004225352112676056,0.0004611701561339308
1183,PUBLIX PHARMACY #6713 (MA),retailer,0.20738509517442383,0.0,0.004225352112676056,0.00046115290704133
1184,CVS PHARMACY #5284 (WA),retailer,0.20738139148553691,0.0,0.004225352112676056,0.0004611293114807678
1185,PEOPLES PHARMACY #8239 (WY),retailer,0.20737496015576146,0.0,0.004225352112676056,0.0004610883385924273
1186,SUNRISE PHARMACY #8545 (UT),retailer,0.20736849764270265,0.0,0.004225352112676056,0.00046104716704078856
1187,COMMUNITY PHARMACY #9384 (NH),retailer,0.20736470992245634,0.0,0.004225352112676056,0.00046102303613098673
1188,WALMART PHARMACY #9631 (NE),retailer,0.2073639373821871,0.0,0.004225352112676056,0.00046101811441070573
1189,MAIN STREET PHARMACY #3121 (MN),retailer,0.20735899712526717,0.0,0.004225352112676056,0.0004609866408893315
1190,CVS PHARMACY #5669 (TX),retailer,0.20735715589232573,0.0,0.004225352112676056,0.0004609749107130922
1191,WALGREENS #5783 (DE),retailer,0.20735659612149315,0.0,0.004225352112676056,0.00046097134451004854
1192,CORNER DRUG STORE #7216 (CO),retailer,0.20735409845043454,0.0,0.004225352112676056,0.00046095543228023475
1193,PEOPLES PHARMACY #8598 (TX),retailer,0.20734116080365947,0.0,0.004225352112676056,0.0004608730087729337
1194,WALMART PHARMACY #2030 (GA),retailer,0.20733803724554406,0.0,0.004225352112676056,0.00046085310912506066
1195,SUNRISE PHARMACY #8868 (TX),retailer,0.20733581172478593,0.0,0.004225352112676056,0.00046083893071768525
1196,PUBLIX PHARMACY #9486 (MT),retailer,0.20733373075223283,0.0,0.004225352112676056,0.00046082567320189364
1197,QUALITY CARE PHARMACY #7002 (NJ),retailer,0.20733060672452225,0.0,0.004225352112676056,0.0004608057705623112
1198,PUBLIX PHARMACY #4345 (NM),retailer,0.20733041934233093,0.0,0.004225352112676056,0.0004608045767828177
1199,MAIN STREET PHARMACY #7184 (NH),retailer,0.20732714298935578,0.0,0.004225352112676056,0.0004607837037053512
1200,KROGER PHARMACY #1010 (TX),retailer,0.20732243837156586,0.0,0.004225352112676056,0.00046075373140007055
1201,WALGREENS #4384 (NY),retailer,0.20732075602397843,0.0,0.004225352112676056,0.000460743013454909
1202,WINN-DIXIE PHARMACY #9562 (MN),retailer,0.20732051617161068,0.0,0.004225352112676056,0.00046074148539700734
1203,QUALITY CARE PHARMACY #7874 (CO),retailer,0.20731701632193988,0.0,0.004225352112676056,0.0004607191884607939
1204,SUNRISE PHARMACY #8246 (MA),retailer,0.20731535365251752,0.0,0.004225352112676056,0.00046070859588181437
1205,WINN-DIXIE PHARMACY #5663 (MD),retailer,0.20731477698647555,0.0,0.004225352112676056,0.0004607049220423176
1206,HEALTH MART PHARMACY #6564 (NV),retailer,0.207313141233605,0.0,0.004225352112676056,0.0004606945009440286
1207,HARRIS TEETER PHARMACY #5940 (NM),retailer,0.20731289677632064,0.0,0.004225352112676056,0.00046069294354900077
1208,HEALTH MART PHARMACY #7969 (NV),retailer,0.20731152624235763,0.0,0.004225352112676056,0.00046068421211444607
1209,RITE AID #2387 (TX),retailer,0.20731123819236613,0.0,0.004225352112676056,0.00046068237699782935
1210,KROGER PHARMACY #1627 (WY),retailer,0.2073110255746034,0.0,0.004225352112676056,0.00046068102244688035
1211,QUALITY CARE PHARMACY #8648 (GA),retailer,0.20731033092320944,0.0,0.004225352112676056,0.0004606765969431364
1212,CORNER DRUG STORE #4271 (CA),retailer,0.2073071755109914,0.0,0.004225352112676056,0.0004606564943582912
1213,WALGREENS #7611 (WA),retailer,0.20730256081138432,0.0,0.004225352112676056,0.00046062709490618314
1214,WALGREENS #7782 (CO),retailer,0.20729921414338962,0.0,0.004225352112676056,0.0004606057738639029
1215,MEDICO PHARMACY #1111 (SC),retailer,0.20729862940262828,0.0,0.004225352112676056,0.00046060204858176714
1216,MEDICO PHARMACY #3535 (ID),retailer,0.2072984933170793,0.0,0.004225352112676056,0.00046060118160429935
1217,WALGREENS #2979 (FL),retailer,0.20729774283081626,0.0,0.004225352112676056,0.0004605964003862729
1218,WALGREENS #7870 (SD),retailer,0.20729528455190113,0.0,0.004225352112676056,0.00046058073911698396
1219,COMMUNITY PHARMACY #6880 (VT),retailer,0.20729451586256992,0.0,0.004225352112676056,0.0004605758419303622
1220,GOOD NEIGHBOR PHARMACY #6877 (MS),retailer,0.20729337531750336,0.0,0.004225352112676056,0.00046056857571524166
1221,HOMETOWN PHARMACY #1893 (NH),retailer,0.20729177757572115,0.0,0.004225352112676056,0.00046055839677901477
1222,HARRIS TEETER PHARMACY #2154 (SC),retailer,0.20729092804756313,0.0,0.004225352112676056,0.0004605529845822256
1223,HARRIS TEETER PHARMACY #3834 (MN),retailer,0.20728817795193005,0.0,0.004225352112676056,0.000460535464199158
1224,CVS PHARMACY #3583 (NM),retailer,0.20728805843680465,0.0,0.004225352112676056,0.0004605347027889895
1225,HEALTH MART PHARMACY #4870 (AR),retailer,0.20728425121973892,0.0,0.004225352112676056,0.00046051044766832745
1226,VILLAGE PHARMACY #5841 (AL),retailer,0.207282659651151,0.0,0.004225352112676056,0.0004605003080604523
1227,MAIN STREET PHARMACY #3359 (NH),retailer,0.20727897643406928,0.0,0.004225352112676056,0.00046047684292221605
1228,WINN-DIXIE PHARMACY #7794 (AZ),retailer,0.20727753785007708,0.0,0.004225352112676056,0.0004604676779527092
1229,WINN-DIXIE PHARMACY #7956 (DE),retailer,0.20727690935032142,0.0,0.004225352112676056,0.0004604636738895979
1230,PUBLIX PHARMACY #1146 (CO),retailer,0.20727648985483466,0.0,0.004225352112676056,0.00046046100135649235
1231,FAMILY CARE PHARMACY #9198 (MS),retailer,0.2072754819740174,0.0,0.004225352112676056,0.00046045458032233175
1232,MAIN STREET PHARMACY #7936 (WY),retailer,0.2072742612563405,0.0,0.004225352112676056,0.00046044680334139345
1233,WALMART PHARMACY #9301 (NH),retailer,0.2072734858519169,0.0,0.004225352112676056,0.000460441863374081
1234,GOOD NEIGHBOR PHARMACY #7166 (WA),retailer,0.20727233673601114,0.0,0.004225352112676056,0.00046043454255562815
1235,SUNRISE PHARMACY #1031 (MS),retailer,0.20727208870100935,0.0,0.004225352112676056,0.0004604329623675818
1236,SUNRISE PHARMACY #3493 (MS),retailer,0.207271964621369,0.0,0.004225352112676056,0.0004604321718776788
1237,HOMETOWN PHARMACY #6032 (SC),retailer,0.2072713462007894,0.0,0.004225352112676056,0.0004604282320272531
1238,QUALITY CARE PHARMACY #6423 (MN),retailer,0.2072651068227238,0.0,0.004225352112676056,0.00046038848203001757
1239,QUALITY CARE PHARMACY #1232 (AZ),retailer,0.20726493286406858,0.0,0.004225352112676056,0.0004603873737695479
1240,WALMART PHARMACY #5307 (MS),retailer,0.20726481255785503,0.0,0.004225352112676056,0.0004603866073194938
1241,CVS PHARMACY #7158 (NE),retailer,0.20726188594249428,0.0,0.004225352112676056,0.0004603679623598078
1242,HEALTH MART PHARMACY #5047 (TX),retailer,0.20726112259803403,0.0,0.004225352112676056,0.0004603630992244334
1243,HOMETOWN PHARMACY #3177 (NH),retailer,0.2072605388315123,0.0,0.004225352112676056,0.0004603593801490092
1244,HOMETOWN PHARMACY #8711 (MA),retailer,0.20725932174123768,0.0,0.004225352112676056,0.000460351626277623
1245,HARRIS TEETER PHARMACY #6538 (IA),retailer,0.2072592370369587,0.0,0.004225352112676056,0.0004603510866413291
1246,RITE AID #6631 (TX),retailer,0.20725622474330863,0.0,0.004225352112676056,0.0004603318958400978
1247,CORNER DRUG STORE #1296 (AK),retailer,0.2072560496448565,0.0,0.004225352112676056,0.00046033078031817987
1248,PEOPLES PHARMACY #1777 (OR),retailer,0.2072552110905196,0.0,0.004225352112676056,0.0004603254380337046
1249,MAIN STREET PHARMACY #9676 (MN),retailer,0.20725516095422075,0.0,0.004225352112676056,0.00046032511862402644
1250,QUALITY CARE PHARMACY #5504 (AZ),retailer,0.20725422458481377,0.0,0.004225352112676056,0.0004603191531766777
1251,PUBLIX PHARMACY #9681 (MD),retailer,0.20725357117518484,0.0,0.004225352112676056,0.0004603149904170773
1252,MAIN STREET PHARMACY #9305 (AZ),retailer,0.20725354104908728,0.0,0.004225352112676056,0.0004603147984889262
1253,WALGREENS #7531 (NY),retailer,0.20725191603685927,0.0,0.004225352112676056,0.00046030444581741145
1254,FAMILY CARE PHARMACY #6322 (RI),retailer,0.20725107821946714,0.0,0.004225352112676056,0.00046029910822788385
1255,COMMUNITY PHARMACY #4316 (MA),retailer,0.20724960207125676,0.0,0.004225352112676056,0.00046028970394324756
1256,HARRIS TEETER PHARMACY #4341 (MD),retailer,0.20724913462794342,0.0,0.004225352112676056,0.00046028672594284145
1257,KROGER PHARMACY #2788 (ID),retailer,0.20724783841084082,0.0,0.004225352112676056,0.0004602784679681357
1258,QUALITY CARE PHARMACY #1416 (WY),retailer,0.20724641396726265,0.0,0.004225352112676056,0.0004602693930847581
1259,CVS PHARMACY #1738 (DE),retailer,0.20724553463113582,0.0,0.004225352112676056,0.0004602637909865614
1260,SUNRISE PHARMACY #9786 (ID),retailer,0.20724323235498876,0.0,0.004225352112676056,0.000460249123583894
1261,MAIN STREET PHARMACY #5871 (OR),retailer,0.20724293924242543,0.0,0.004225352112676056,0.000460247256214509
1262,COMMUNITY PHARMACY #6124 (CA),retailer,0.2072390972579261,0.0,0.004225352112676056,0.0004602227795965478
1263,VILLAGE PHARMACY #5606 (RI),retailer,0.20723761855027736,0.0,0.004225352112676056,0.0004602133590061729
1264,COMMUNITY PHARMACY #8076 (MA),retailer,0.20723752658151434,0.0,0.004225352112676056,0.00046021277308910905
1265,QUALITY CARE PHARMACY #3132 (HI),retailer,0.2072351932800086,0.0,0.004225352112676056,0.00046019790802925424
1266,PEOPLES PHARMACY #1040 (WA),retailer,0.20723500233545342,0.0,0.004225352112676056,0.00046019669155455734
1267,QUALITY CARE PHARMACY #4473 (GA),retailer,0.20723464346633844,0.0,0.004225352112676056,0.0004601944052615681
1268,MEDICO PHARMACY #9929 (VT),retailer,0.20723168005773163,0.0,0.004225352112676056,0.0004601755258984825
1269,HEALTH MART PHARMACY #1873 (IA),retailer,0.20722447910570818,0.0,0.004225352112676056,0.00046012964988006923
1270,HARRIS TEETER PHARMACY #1935 (MT),retailer,0.20722363816609535,0.0,0.004225352112676056,0.00046012429239941405
1271,WINN-DIXIE PHARMACY #5364 (SD),retailer,0.2072235244495182,0.0,0.004225352112676056,0.0004601235679307924
1272,MEDICO PHARMACY #1779 (CO),retailer,0.20722151555213897,0.0,0.004225352112676056,0.0004601107695934531
1273,MEDICO PHARMACY #5950 (CA),retailer,0.207220913890462,0.0,0.004225352112676056,0.00046010693651109383
1274,FAMILY CARE PHARMACY #2747 (SD),retailer,0.20722010542366337,0.0,0.004225352112676056,0.0004601017859091152
1275,VILLAGE PHARMACY #2851 (TX),retailer,0.2072195962296515,0.0,0.004225352112676056,0.00046009854192223835
1276,PUBLIX PHARMACY #6810 (WA),retailer,0.20721872207319053,0.0,0.004225352112676056,0.00046009297282279573
1277,SUNRISE PHARMACY #2348 (RI),retailer,0.20721856242787812,0.0,0.004225352112676056,0.000460091955750155
1278,WALMART PHARMACY #8109 (AK),retailer,0.20721825550616632,0.0,0.004225352112676056,0.00046009000040507606
1279,COMMUNITY PHARMACY #9756 (AR),retailer,0.2072137271429556,0.0,0.004225352112676056,0.0004600611509871991
1280,HEALTH MART PHARMACY #4191 (NV),retailer,0.2072123511432356,0.0,0.004225352112676056,0.0004600523847312531
1281,FAMILY CARE PHARMACY #4875 (WY),retailer,0.20721204755784972,0.0,0.004225352112676056,0.0004600504506413288
1282,QUALITY CARE PHARMACY #6321 (TX),retailer,0.20721130405097563,0.0,0.004225352112676056,0.0004600457138877809
1283,SUNRISE PHARMACY #5547 (MT),retailer,0.20721058034825474,0.0,0.004225352112676056,0.00046004110330306354
1284,QUALITY CARE PHARMACY #9889 (WY),retailer,0.20720959053865792,0.0,0.004225352112676056,0.0004600347973975192
1285,RITE AID #9925 (TX),retailer,0.20720936970454953,0.0,0.004225352112676056,0.00046003339050165466
1286,COMMUNITY PHARMACY #5874 (ME),retailer,0.20720832110722306,0.0,0.004225352112676056,0.0004600267100696644
1287,GOOD NEIGHBOR PHARMACY #9048 (MD),retailer,0.20720486784549957,0.0,0.004225352112676056,0.0004600047099371962
1288,MEDICO PHARMACY #8247 (MN),retailer,0.2072046840865147,0.0,0.004225352112676056,0.00046000353924052355
1289,HEALTH MART PHARMACY #2342 (HI),retailer,0.20720429083561553,0.0,0.004225352112676056,0.00046000103390714085
1290,GOOD NEIGHBOR PHARMACY #5491 (MO),retailer,0.20720383305797674,0.0,0.004225352112676056,0.0004599981174850737
1291,PUBLIX PHARMACY #5703 (RI),retailer,0.2072021348798218,0.0,0.004225352112676056,0.0004599872986861077
1292,HOMETOWN PHARMACY #5222 (UT),retailer,0.2072020672669168,0.0,0.004225352112676056,0.0004599868679359979
1293,QUALITY CARE PHARMACY #6890 (SC),retailer,0.20720141339189108,0.0,0.004225352112676056,0.00045998270221143505
1294,SUNRISE PHARMACY #6475 (MA),retailer,0.20720025900440447,0.0,0.004225352112676056,0.0004599753478086533
1295,QUALITY CARE PHARMACY #6447 (GA),retailer,0.20719722441930466,0.0,0.004225352112676056,0.0004599560149924558
1296,WINN-DIXIE PHARMACY #6589 (GA),retailer,0.20719666494533506,0.0,0.004225352112676056,0.00045995245068067487
1297,CORNER DRUG STORE #8278 (OR),retailer,0.20719495132112203,0.0,0.004225352112676056,0.00045994153347754757
1298,SUNRISE PHARMACY #4372 (TX),retailer,0.20719138408551824,0.0,0.004225352112676056,0.000459918807237224
1299,QUALITY CARE PHARMACY #6036 (HI),retailer,0.2071853523928512,0.0,0.004225352112676056,0.00045988038036769944
1300,HARRIS TEETER PHARMACY #7994 (CT),retailer,0.20718527583597912,0.0,0.004225352112676056,0.00045987989263712395
1301,FAMILY CARE PHARMACY #3742 (MS),retailer,0.20718180854070894,0.0,0.004225352112676056,0.0004598578030993599
1302,HEALTH MART PHARMACY #5897 (AL),retailer,0.20717718354988776,0.0,0.004225352112676056,0.0004598283380837088
1303,WALGREENS #6871 (NV),retailer,0.20717310361739394,0.0,0.004225352112676056,0.0004598023455402779
1304,COMMUNITY PHARMACY #6115 (TX),retailer,0.2071711790041823,0.0,0.004225352112676056,0.00045979008416277583
1305,PUBLIX PHARMACY #1912 (NH),retailer,0.20717053515911985,0.0,0.004225352112676056,0.00045978598233737197
1306,PEOPLES PHARMACY #6894 (WA),retailer,0.20716813925570735,0.0,0.004225352112676056,0.00045977071845160926
1307,MEDICO PHARMACY #9569 (MS),retailer,0.20716520282339052,0.0,0.004225352112676056,0.000459752010949796
1308,WALMART PHARMACY #5238 (AR),retailer,0.2071639755806864,0.0,0.004225352112676056,0.0004597441923990392
1309,CVS PHARMACY #3745 (AZ),retailer,0.20716384910530866,0.0,0.004225352112676056,0.0004597433866463083
1310,HEALTH MART PHARMACY #7845 (MO),retailer,0.2071611373652032,0.0,0.004225352112676056,0.0004597261106196655
1311,RITE AID #8560 (HI),retailer,0.20716107198658867,0.0,0.004225352112676056,0.00045972569410383335
1312,HEALTH MART PHARMACY #9940 (GA),retailer,0.20715669029857792,0.0,0.004225352112676056,0.0004596977791282567
1313,WALGREENS #6424 (DE),retailer,0.2071558676733767,0.0,0.004225352112676056,0.00045969253832554694
1314,CORNER DRUG STORE #1668 (CO),retailer,0.20715580070472855,0.0,0.004225352112676056,0.0004596921116798861
1315,SUNRISE PHARMACY #4698 (WA),retailer,0.2071549430208955,0.0,0.004225352112676056,0.00045968664752470324
1316,VILLAGE PHARMACY #9199 (TX),retailer,0.20715222509963394,0.0,0.004225352112676056,0.00045966933211898537
1317,RITE AID #8832 (DE),retailer,0.20714891464569626,0.0,0.004225352112676056,0.0004596482417901919
1318,PEOPLES PHARMACY #4050 (HI),retailer,0.20714427744024985,0.0,0.004225352112676056,0.00045961869895727847
1319,SUNRISE PHARMACY #8803 (VT),retailer,0.20714418674513474,0.0,0.004225352112676056,0.00045961812115440483
1320,CVS PHARMACY #5217 (GA),retailer,0.20714185341669952,0.0,0.004225352112676056,0.00045960325592298696
1321,HARRIS TEETER PHARMACY #6004 (OK),retailer,0.20714081128300876,0.0,0.004225352112676056,0.0004595966166697005
1322,KROGER PHARMACY #4496 (MD),retailer,0.20713587979107184,0.0,0.004225352112676056,0.0004595651989885153
1323,FAMILY CARE PHARMACY #5859 (GA),retailer,0.20712866046423,0.0,0.004225352112676056,0.00045951920590731564
1324,COMMUNITY PHARMACY #3798 (AK),retailer,0.20711609023944522,0.0,0.004225352112676056,0.00045943912318189146
1325,RITE AID #1519 (NM),retailer,0.20710746918163825,0.0,0.004225352112676056,0.0004593841999154388
1326,WALMART PHARMACY #5569 (MS),retailer,0.20710376720767115,0.0,0.004225352112676056,0.0004593606152803339
1327,WALGREENS #9879 (MD),retailer,0.1943487670249044,0.0,0.003755868544600939,0.00047366312036828986
1328,PUBLIX PHARMACY #7202 (CT),retailer,0.19420159533967127,0.0,0.003755868544600939,0.00047272551504614593
1329,CORNER DRUG STORE #9454 (NM),retailer,0.19372765745574824,0.0,0.003755868544600939,0.0004697061388554886
1330,PEOPLES PHARMACY #6489 (NJ),retailer,0.19368577987308783,0.0,0.003755868544600939,0.0004694393440279461
1331,QUALITY CARE PHARMACY #9423 (NM),retailer,0.1936710559281098,0.0,0.003755868544600939,0.00046934554032411203
1332,KROGER PHARMACY #8452 (WA),retailer,0.1934572112117997,0.0,0.003755868544600939,0.0004679831726661821
1333,WALGREENS #2651 (GA),retailer,0.19340540622053615,0.0,0.003755868544600939,0.00046765313203747416
1334,WINN-DIXIE PHARMACY #3574 (OR),retailer,0.1933604989205964,0.0,0.003755868544600939,0.0004673670354057755
1335,PEOPLES PHARMACY #4568 (WA),retailer,0.19335896717686235,0.0,0.003755868544600939,0.000467357276931685
1336,SUNRISE PHARMACY #3108 (NM),retailer,0.19334847944214476,0.0,0.003755868544600939,0.00046729046138987155
1337,KROGER PHARMACY #7238 (CO),retailer,0.19333114875007482,0.0,0.003755868544600939,0.00046718005055170343
1338,HOMETOWN PHARMACY #2774 (SC),retailer,0.19327056351548982,0.0,0.003755868544600939,0.0004667940725131952
1339,HARRIS TEETER PHARMACY #5423 (HI),retailer,0.19321301716804426,0.0,0.003755868544600939,0.00046642745469843396
1340,WALMART PHARMACY #5027 (SD),retailer,0.1932005235573235,0.0,0.003755868544600939,0.000466347860067945
1341,RITE AID #9329 (MN),retailer,0.19318897946903058,0.0,0.003755868544600939,0.00046627431468042286
1342,WALGREENS #7869 (VT),retailer,0.19317847666575538,0.0,0.003755868544600939,0.00046620740313943834
1343,CVS PHARMACY #9401 (NY),retailer,0.19316630563596993,0.0,0.003755868544600939,0.00046612986361622955
1344,PEOPLES PHARMACY #6398 (AR),retailer,0.19315012309211899,0.0,0.003755868544600939,0.00046602676743154943
1345,COMMUNITY PHARMACY #4828 (AR),retailer,0.19314457363685775,0.0,0.003755868544600939,0.00046599141281303226
1346,QUALITY CARE PHARMACY #5311 (NM),retailer,0.1931415469768023,0.0,0.003755868544600939,0.0004659721304859203
1347,GOOD NEIGHBOR PHARMACY #6303 (MD),retailer,0.19312931569346334,0.0,0.003755868544600939,0.00046589420709775557
1348,FAMILY CARE PHARMACY #7641 (AL),retailer,0.1931218222703829,0.0,0.003755868544600939,0.00046584646779688284
1349,HARRIS TEETER PHARMACY #1358 (CA),retailer,0.19311358007735924,0.0,0.003755868544600939,0.00046579395821236
1350,VILLAGE PHARMACY #3392 (NY),retailer,0.19308348753653304,0.0,0.003755868544600939,0.00046560224384562703
1351,MAIN STREET PHARMACY #6741 (AZ),retailer,0.19307891964947277,0.0,0.003755868544600939,0.00046557314262814855
1352,QUALITY CARE PHARMACY #8047 (TX),retailer,0.1930782415498551,0.0,0.003755868544600939,0.00046556882257290505
1353,QUALITY CARE PHARMACY #8594 (CO),retailer,0.1930435217032673,0.0,0.003755868544600939,0.0004653476284424365
1354,FAMILY CARE PHARMACY #2866 (NM),retailer,0.1927689722074398,0.0,0.003755868544600939,0.0004635985211459344
1355,KROGER PHARMACY #8353 (AL),retailer,0.19269116876820186,0.0,0.003755868544600939,0.0004631028489071133
1356,MAIN STREET PHARMACY #5037 (UT),retailer,0.1926566118587763,0.0,0.003755868544600939,0.00046288269282109093
1357,MAIN STREET PHARMACY #2532 (MN),retailer,0.19263829955016543,0.0,0.003755868544600939,0.0004627660282739186
1358,GOOD NEIGHBOR PHARMACY #2241 (AZ),retailer,0.19263769864309072,0.0,0.003755868544600939,0.00046276219999899965
1359,HARRIS TEETER PHARMACY #1323 (ND),retailer,0.1926227427581725,0.0,0.003755868544600939,0.00046266691864597
1360,WALGREENS #6629 (WY),retailer,0.19256053264715295,0.0,0.003755868544600939,0.0004622705888010633
1361,WALGREENS #3709 (RI),retailer,0.19255715679785773,0.0,0.003755868544600939,0.00046224908184977075
1362,MEDICO PHARMACY #3471 (AK),retailer,0.1925481291050958,0.0,0.003755868544600939,0.0004621915679824337
1363,VILLAGE PHARMACY #3724 (MS),retailer,0.19254732584482037,0.0,0.003755868544600939,0.00046218645055031267
1364,COMMUNITY PHARMACY #9405 (MN),retailer,0.1925348504453123,0.0,0.003755868544600939,0.0004621069719403062
1365,QUALITY CARE PHARMACY #7120 (DE),retailer,0.19252653260718963,0.0,0.003755868544600939,0.00046205398043395644
1366,FAMILY CARE PHARMACY #7793 (MO),retailer,0.19252429790074974,0.0,0.003755868544600939,0.00046203974350619305
1367,MAIN STREET PHARMACY #1044 (MO),retailer,0.1924902881512848,0.0,0.003755868544600939,0.00046182307328153274
1368,MEDICO PHARMACY #7647 (CO),retailer,0.19246645114043612,0.0,0.003755868544600939,0.0004616712118130694
1369,WINN-DIXIE PHARMACY #5772 (NH),retailer,0.19245191580708304,0.0,0.003755868544600939,0.0004615786097212376
1370,PEOPLES PHARMACY #2207 (MD),retailer,0.19244710845726765,0.0,0.003755868544600939,0.00046154798292801196
1371,COMMUNITY PHARMACY #9741 (SC),retailer,0.19244290427908653,0.0,0.003755868544600939,0.0004615211988368221
1372,PEOPLES PHARMACY #1278 (SD),retailer,0.1924345063498831,0.0,0.003755868544600939,0.0004614676970840654
1373,VILLAGE PHARMACY #8014 (WY),retailer,0.19243399289169547,0.0,0.003755868544600939,0.00046146442593086314
1374,GOOD NEIGHBOR PHARMACY #5019 (OR),retailer,0.19242301041879686,0.0,0.003755868544600939,0.00046139445849776813
1375,HARRIS TEETER PHARMACY #4182 (WY),retailer,0.19240662841313777,0.0,0.003755868544600939,0.0004612900915764476
1376,RITE AID #3760 (TX),retailer,0.1924043802405805,0.0,0.003755868544600939,0.00046127576885838227
1377,QUALITY CARE PHARMACY #8576 (VT),retailer,0.19240190955765263,0.0,0.003755868544600939,0.00046126002856527597
1378,KROGER PHARMACY #8702 (CA),retailer,0.1924017747259072,0.0,0.003755868544600939,0.0004612591695755735
1379,WINN-DIXIE PHARMACY #7409 (MO),retailer,0.1924011775205609,0.0,0.003755868544600939,0.00046125536488372527
1380,QUALITY CARE PHARMACY #1509 (MO),retailer,0.19238727482704732,0.0,0.003755868544600939,0.00046116679323076205
1381,WINN-DIXIE PHARMACY #7110 (AR),retailer,0.19238590419469667,0.0,0.003755868544600939,0.00046115806116939695
1382,HARRIS TEETER PHARMACY #6432 (MA),retailer,0.19238265385340514,0.0,0.003755868544600939,0.00046113735380786275
1383,HEALTH MART PHARMACY #3835 (WA),retailer,0.19238013692492792,0.0,0.003755868544600939,0.00046112131889236964
1384,RITE AID #1211 (AZ),retailer,0.1923767616097175,0.0,0.003755868544600939,0.00046109981534363877
1385,VILLAGE PHARMACY #7032 (NM),retailer,0.1923732259580105,0.0,0.003755868544600939,0.0004610772903188525
1386,CVS PHARMACY #3742 (SD),retailer,0.19236734148929335,0.0,0.003755868544600939,0.00046103980138761914
1387,FAMILY CARE PHARMACY #1713 (MD),retailer,0.19236695944824625,0.0,0.003755868544600939,0.0004610373674702629
1388,PEOPLES PHARMACY #5452 (MT),retailer,0.19236382358760357,0.0,0.003755868544600939,0.0004610173894451189
1389,VILLAGE PHARMACY #7192 (SC),retailer,0.192361241578083,0.0,0.003755868544600939,0.00046100093990956797
1390,GOOD NEIGHBOR PHARMACY #5220 (IA),retailer,0.19235967627697786,0.0,0.003755868544600939,0.00046099096764727724
1391,PEOPLES PHARMACY #3960 (WY),retailer,0.192359149352164,0.0,0.003755868544600939,0.0004609876107005312
1392,HOMETOWN PHARMACY #5252 (IA),retailer,0.19235819208906071,0.0,0.003755868544600939,0.0004609815121430613
1393,CVS PHARMACY #2027 (MA),retailer,0.1923579403022692,0.0,0.003755868544600939,0.0004609799080530123
1394,CVS PHARMACY #9337 (AZ),retailer,0.19234967950828086,0.0,0.003755868544600939,0.0004609272799649644
1395,WINN-DIXIE PHARMACY #2251 (AK),retailer,0.19234945181424898,0.0,0.003755868544600939,0.0004609258293657152
1396,PUBLIX PHARMACY #5778 (SC),retailer,0.19234315576350414,0.0,0.003755868544600939,0.0004608857183166537
1397,CVS PHARMACY #1951 (MO),retailer,0.19234196226728803,0.0,0.003755868544600939,0.0004608781147589286
1398,GOOD NEIGHBOR PHARMACY #8055 (DE),retailer,0.19234031917859012,0.0,0.003755868544600939,0.000460867646925354
1399,WINN-DIXIE PHARMACY #4027 (MA),retailer,0.19233939661121965,0.0,0.003755868544600939,0.0004608617694083899
1400,GOOD NEIGHBOR PHARMACY #3848 (DE),retailer,0.1923367597490848,0.0,0.003755868544600939,0.00046084497041633173
1401,PEOPLES PHARMACY #2417 (GA),retailer,0.1923361449795458,0.0,0.003755868544600939,0.0004608410538260533
1402,HARRIS TEETER PHARMACY #6596 (GA),retailer,0.1923327118465259,0.0,0.003755868544600939,0.0004608191819300702
1403,HARRIS TEETER PHARMACY #4595 (MS),retailer,0.19233146032736884,0.0,0.003755868544600939,0.0004608112087182355
1404,GOOD NEIGHBOR PHARMACY #5937 (WY),retailer,0.1923312567992452,0.0,0.003755868544600939,0.00046080991207580313
1405,GOOD NEIGHBOR PHARMACY #4647 (MO),retailer,0.1923308777909038,0.0,0.003755868544600939,0.00046080749747928957
1406,CVS PHARMACY #2418 (CO),retailer,0.19232650697202247,0.0,0.003755868544600939,0.0004607796517490545
1407,WALMART PHARMACY #8666 (MS),retailer,0.19231996849113195,0.0,0.003755868544600939,0.00046073799621951445
1408,PUBLIX PHARMACY #8657 (GA),retailer,0.1923196003258077,0.0,0.003755868544600939,0.00046073565070198566
1409,QUALITY CARE PHARMACY #4887 (UT),retailer,0.19231956264387592,0.0,0.003755868544600939,0.00046073541063692343
1410,MAIN STREET PHARMACY #8826 (MA),retailer,0.1923179293177042,0.0,0.003755868544600939,0.0004607250049987126
1411,CORNER DRUG STORE #8976 (MS),retailer,0.19231628700592768,0.0,0.003755868544600939,0.0004607145421147696
1412,GOOD NEIGHBOR PHARMACY #9168 (WA),retailer,0.19231612408341686,0.0,0.003755868544600939,0.0004607135041636651
1413,CORNER DRUG STORE #5081 (AZ),retailer,0.19231412485308128,0.0,0.003755868544600939,0.00046070076741338694
1414,MAIN STREET PHARMACY #7080 (MN),retailer,0.19231189307259117,0.0,0.003755868544600939,0.00046068654912634306
1415,VILLAGE PHARMACY #1378 (CT),retailer,0.1923088429655637,0.0,0.003755868544600939,0.0004606671174226322
1416,FAMILY CARE PHARMACY #6205 (CA),retailer,0.19230799446916977,0.0,0.003755868544600939,0.00046066171179903347
1417,PEOPLES PHARMACY #4637 (MA),retailer,0.19230693553261682,0.0,0.003755868544600939,0.00046065496549762175
1418,HOMETOWN PHARMACY #5854 (NH),retailer,0.19230592493199203,0.0,0.003755868544600939,0.00046064852713603835
1419,MAIN STREET PHARMACY #1614 (MS),retailer,0.19230360693846002,0.0,0.003755868544600939,0.0004606337596006333
1420,PEOPLES PHARMACY #9183 (OR),retailer,0.1923013415514432,0.0,0.003755868544600939,0.00046061932721222715
1421,VILLAGE PHARMACY #8858 (AZ),retailer,0.1922980374721718,0.0,0.003755868544600939,0.0004605982774953285
1422,RITE AID #3103 (CO),retailer,0.19229626292560678,0.0,0.003755868544600939,0.00046058697216644595
1423,WINN-DIXIE PHARMACY #3113 (CO),retailer,0.1922887296285274,0.0,0.003755868544600939,0.0004605389788352304
1424,CVS PHARMACY #7858 (TX),retailer,0.19228860529928,0.0,0.003755868544600939,0.00046053818675512436
1425,PEOPLES PHARMACY #4773 (CA),retailer,0.19228542260844364,0.0,0.003755868544600939,0.0004605179103829256
1426,PEOPLES PHARMACY #7605 (AZ),retailer,0.1922831523059025,0.0,0.003755868544600939,0.00046050344667856525
1427,PUBLIX PHARMACY #9580 (AK),retailer,0.19228137728045175,0.0,0.003755868544600939,0.00046049213829878454
1428,HEALTH MART PHARMACY #1807 (HI),retailer,0.19227944061718305,0.0,0.003755868544600939,0.00046047980015245533
1429,COMMUNITY PHARMACY #5644 (RI),retailer,0.1922787127844437,0.0,0.003755868544600939,0.0004604751632561055
1430,MAIN STREET PHARMACY #8140 (WA),retailer,0.19227820132458473,0.0,0.003755868544600939,0.00046047190483390914
1431,QUALITY CARE PHARMACY #5967 (AL),retailer,0.19227779762703656,0.0,0.003755868544600939,0.00046046933294673466
1432,VILLAGE PHARMACY #5361 (OR),retailer,0.1922773199048723,0.0,0.003755868544600939,0.00046046628946154916
1433,MAIN STREET PHARMACY #5622 (ID),retailer,0.1922767382688953,0.0,0.003755868544600939,0.00046046258395945677
1434,COMMUNITY PHARMACY #3088 (VT),retailer,0.1922726321047348,0.0,0.003755868544600939,0.00046043642429861994
1435,HOMETOWN PHARMACY #8392 (NM),retailer,0.1922725817557045,0.0,0.003755868544600939,0.00046043610353366644
1436,GOOD NEIGHBOR PHARMACY #6915 (NH),retailer,0.19227205200278508,0.0,0.003755868544600939,0.0004604327285695497
1437,HARRIS TEETER PHARMACY #8771 (MT),retailer,0.19227142697794208,0.0,0.003755868544600939,0.00046042874664450526
1438,COMMUNITY PHARMACY #3492 (AR),retailer,0.19227065672780227,0.0,0.003755868544600939,0.00046042383951424226
1439,VILLAGE PHARMACY #1494 (NM),retailer,0.19226720338335218,0.0,0.003755868544600939,0.000460401838854737
1440,MAIN STREET PHARMACY #5483 (HI),retailer,0.19226717841672816,0.0,0.003755868544600939,0.00046040167979669874
1441,QUALITY CARE PHARMACY #3657 (CO),retailer,0.19226570979506682,0.0,0.003755868544600939,0.0004603923234624032
1442,RITE AID #7159 (DE),retailer,0.19226527342084962,0.0,0.003755868544600939,0.0004603895433978286
1443,CVS PHARMACY #3462 (VT),retailer,0.19226412265617696,0.0,0.003755868544600939,0.00046038221207536715
1444,KROGER PHARMACY #7504 (MN),retailer,0.1922603588270611,0.0,0.003755868544600939,0.0004603582333718206
1445,SUNRISE PHARMACY #2063 (SD),retailer,0.19225963285997877,0.0,0.003755868544600939,0.0004603536083612486
1446,HEALTH MART PHARMACY #2149 (CA),retailer,0.1922558780312726,0.0,0.003755868544600939,0.00046032968699775343
1447,MAIN STREET PHARMACY #7456 (MD),retailer,0.19225463568739473,0.0,0.003755868544600939,0.0004603217722400338
1448,GOOD NEIGHBOR PHARMACY #4280 (AL),retailer,0.19225447890940867,0.0,0.003755868544600939,0.00046032077343463254
1449,CORNER DRUG STORE #9066 (DE),retailer,0.19224990417222693,0.0,0.003755868544600939,0.0004602916285762163
1450,SUNRISE PHARMACY #7190 (WA),retailer,0.19224884117980195,0.0,0.003755868544600939,0.0004602848564355461
1451,HEALTH MART PHARMACY #9934 (OR),retailer,0.19224853317033092,0.0,0.003755868544600939,0.00046028289416054157
1452,HEALTH MART PHARMACY #6733 (MO),retailer,0.19224445621790492,0.0,0.003755868544600939,0.0004602569206026069
1453,PEOPLES PHARMACY #7655 (TX),retailer,0.19224338388750273,0.0,0.003755868544600939,0.00046025008897130086
1454,SUNRISE PHARMACY #9511 (IA),retailer,0.19224011102946476,0.0,0.003755868544600939,0.00046022923815947417
1455,HEALTH MART PHARMACY #3051 (MA),retailer,0.19223797822523148,0.0,0.003755868544600939,0.0004602156504330236
1456,QUALITY CARE PHARMACY #6630 (SD),retailer,0.1922376120482553,0.0,0.003755868544600939,0.000460213317582916
1457,RITE AID #5067 (NM),retailer,0.19223756498938654,0.0,0.003755868544600939,0.00046021301777901216
1458,COMMUNITY PHARMACY #4777 (AR),retailer,0.19223719088172064,0.0,0.003755868544600939,0.0004602106344038537
1459,KROGER PHARMACY #2209 (MA),retailer,0.19223676276131815,0.0,0.003755868544600939,0.00046020790692290344
1460,RITE AID #3756 (ID),retailer,0.19223675271244844,0.0,0.003755868544600939,0.0004602078429032947
1461,QUALITY CARE PHARMACY #7985 (AK),retailer,0.19223399171784966,0.0,0.003755868544600939,0.00046019025308480384
1462,WALGREENS #4891 (IA),retailer,0.19223285787446415,0.0,0.003755868544600939,0.0004601830295649329
1463,WINN-DIXIE PHARMACY #8251 (MN),retailer,0.19223008544427364,0.0,0.003755868544600939,0.00046016536689226734
1464,PUBLIX PHARMACY #6658 (DE),retailer,0.19222952527727272,0.0,0.003755868544600939,0.0004601617981653038
1465,CVS PHARMACY #4032 (NM),retailer,0.19222868065504917,0.0,0.003755868544600939,0.00046015641722337366
1466,HARRIS TEETER PHARMACY #7622 (RI),retailer,0.1922267499420095,0.0,0.003755868544600939,0.0004601441169849232
1467,HEALTH MART PHARMACY #2027 (VT),retailer,0.19222662348763214,0.0,0.003755868544600939,0.00046014331136598225
1468,WINN-DIXIE PHARMACY #7921 (CA),retailer,0.19222173572787976,0.0,0.003755868544600939,0.00046011217229497174
1469,GOOD NEIGHBOR PHARMACY #2549 (SC),retailer,0.1922211197143653,0.0,0.003755868544600939,0.0004601082477795411
1470,VILLAGE PHARMACY #3549 (UT),retailer,0.19221961040199925,0.0,0.003755868544600939,0.0004600986322118118
1471,WINN-DIXIE PHARMACY #1823 (NE),retailer,0.192218263883751,0.0,0.003755868544600939,0.00046009005377721724
1472,WALGREENS #3936 (MN),retailer,0.19221671715394525,0.0,0.003755868544600939,0.00046008019982945905
1473,VILLAGE PHARMACY #9368 (VT),retailer,0.1922153817935438,0.0,0.003755868544600939,0.0004600716924795745
1474,HOMETOWN PHARMACY #6982 (NM),retailer,0.1922148184508471,0.0,0.003755868544600939,0.00046006810352080304
1475,MAIN STREET PHARMACY #2440 (AZ),retailer,0.19221392805342583,0.0,0.003755868544600939,0.00046006243095301477
1476,PUBLIX PHARMACY #2516 (UT),retailer,0.192211573817745,0.0,0.003755868544600939,0.0004600474325251554
1477,HEALTH MART PHARMACY #4238 (WY),retailer,0.19220886025608178,0.0,0.003755868544600939,0.0004600301448936834
1478,CORNER DRUG STORE #1362 (ME),retailer,0.19220784755565565,0.0,0.003755868544600939,0.00046002369315462934
1479,MAIN STREET PHARMACY #2672 (WY),retailer,0.19220731049601153,0.0,0.003755868544600939,0.00046002027164063474
1480,SUNRISE PHARMACY #1142 (MA),retailer,0.1922058801836533,0.0,0.003755868544600939,0.00046001115936827565
1481,PUBLIX PHARMACY #1430 (ID),retailer,0.19220507411531723,0.0,0.003755868544600939,0.00046000602404648643
1482,WALMART PHARMACY #3506 (WY),retailer,0.19220467583329462,0.0,0.003755868544600939,0.0004600034866606875
1483,HEALTH MART PHARMACY #1220 (IA),retailer,0.19220435935714597,0.0,0.003755868544600939,0.000460001470445946
1484,QUALITY CARE PHARMACY #6709 (MD),retailer,0.19220271311034492,0.0,0.003755868544600939,0.00045999098249264325
1485,HARRIS TEETER PHARMACY #9336 (HI),retailer,0.19220055797454091,0.0,0.003755868544600939,0.00045997725249562253
1486,VILLAGE PHARMACY #2264 (SD),retailer,0.19220040705879743,0.0,0.003755868544600939,0.00045997629103755345
1487,VILLAGE PHARMACY #1999 (AZ),retailer,0.19219978409664032,0.0,0.003755868544600939,0.0004599723222535237
1488,WALGREENS #9787 (UT),retailer,0.19219940766975538,0.0,0.003755868544600939,0.0004599699241030224
1489,KROGER PHARMACY #8125 (MN),retailer,0.1921989528673463,0.0,0.003755868544600939,0.00045996702663562847
1490,WALGREENS #6633 (WY),retailer,0.19219857996442968,0.0,0.003755868544600939,0.0004599646509357192
1491,MAIN STREET PHARMACY #4431 (CO),retailer,0.19219784799325154,0.0,0.003755868544600939,0.0004599599876740925
1492,WALMART PHARMACY #3747 (NH),retailer,0.19219604385625097,0.0,0.003755868544600939,0.000459948493829669
1493,COMMUNITY PHARMACY #8059 (OR),retailer,0.19219001883953235,0.0,0.003755868544600939,0.00045991010949145584
1494,SUNRISE PHARMACY #4386 (VT),retailer,0.1921871488923231,0.0,0.003755868544600939,0.0004598918255547503
1495,KROGER PHARMACY #9640 (HI),retailer,0.19218579287473234,0.0,0.003755868544600939,0.0004598831866014896
1496,KROGER PHARMACY #6438 (KS),retailer,0.19218555094280154,0.0,0.003755868544600939,0.0004598816452950517
1497,VILLAGE PHARMACY #4574 (ID),retailer,0.192185396167426,0.0,0.003755868544600939,0.00045988065924793524
1498,MAIN STREET PHARMACY #5756 (WY),retailer,0.1921852690873873,0.0,0.003755868544600939,0.00045987984964301415
1499,CVS PHARMACY #6632 (MA),retailer,0.19218421851463136,0.0,0.003755868544600939,0.00045987315662590487
1500,WALMART PHARMACY #3189 (ID),retailer,0.19218349319835332,0.0,0.003755868544600939,0.0004598685357614944
1501,VILLAGE PHARMACY #7556 (AK),retailer,0.19218273639470548,0.0,0.003755868544600939,0.00045986371429650326
1502,WINN-DIXIE PHARMACY #3205 (WA),retailer,0.19218258329803656,0.0,0.003755868544600939,0.00045986273894413603
1503,VILLAGE PHARMACY #8072 (ME),retailer,0.19217096906006925,0.0,0.003755868544600939,0.00045978874664518577
1504,CVS PHARMACY #3495 (GA),retailer,0.19216896810428163,0.0,0.003755868544600939,0.00045977599890235135
1505,MAIN STREET PHARMACY #7611 (NM),retailer,0.1921682911882437,0.0,0.003755868544600939,0.00045977168638748953
1506,CVS PHARMACY #7874 (MN),retailer,0.19216232954675688,0.0,0.003755868544600939,0.00045973370580190394
1507,FAMILY CARE PHARMACY #5978 (AR),retailer,0.1921597347106423,0.0,0.003755868544600939,0.0004597171745503439
1508,PUBLIX PHARMACY #4058 (WA),retailer,0.1921596927216332,0.0,0.003755868544600939,0.00045971690704563775
1509,PEOPLES PHARMACY #4114 (MN),retailer,0.19215439173659185,0.0,0.003755868544600939,0.00045968313538786613
1510,COMMUNITY PHARMACY #2018 (MT),retailer,0.19215388971442987,0.0,0.003755868544600939,0.00045967993709160316
1511,MEDICO PHARMACY #8944 (WY),retailer,0.19215371771111894,0.0,0.003755868544600939,0.0004596788412882935
1512,CVS PHARMACY #8517 (NV),retailer,0.19215350359327604,0.0,0.003755868544600939,0.0004596774771805934
1513,WALMART PHARMACY #2428 (AK),retailer,0.19215323567091927,0.0,0.003755868544600939,0.00045967577029365215
1514,MEDICO PHARMACY #2284 (GA),retailer,0.19215157710395697,0.0,0.003755868544600939,0.00045966520385073544
1515,HEALTH MART PHARMACY #1381 (MS),retailer,0.19214929676772194,0.0,0.003755868544600939,0.0004596506762234485
1516,MAIN STREET PHARMACY #2251 (SC),retailer,0.19214599533843887,0.0,0.003755868544600939,0.0004596296433891668
1517,VILLAGE PHARMACY #6788 (NE),retailer,0.19214208381238077,0.0,0.003755868544600939,0.0004596047237339764
1518,PUBLIX PHARMACY #4755 (GA),retailer,0.19214083730072282,0.0,0.003755868544600939,0.0004595967824240516
1519,CORNER DRUG STORE #7338 (MO),retailer,0.19214075706950887,0.0,0.003755868544600939,0.00045959627128488046
1520,MEDICO PHARMACY #4917 (OR),retailer,0.19214001987655788,0.0,0.003755868544600939,0.00045959157475624317
1521,PUBLIX PHARMACY #1829 (VT),retailer,0.19213959563451505,0.0,0.003755868544600939,0.0004595888719836508
1522,WALGREENS #8524 (OR),retailer,0.1921386133821386,0.0,0.003755868544600939,0.0004595826142238488
1523,HEALTH MART PHARMACY #9106 (CO),retailer,0.19213459362387364,0.0,0.003755868544600939,0.00045955700504001027
1524,QUALITY CARE PHARMACY #6283 (MS),retailer,0.19213305149704257,0.0,0.003755868544600939,0.0004595471804170064
1525,FAMILY CARE PHARMACY #8587 (ID),retailer,0.1921325107827302,0.0,0.003755868544600939,0.0004595437356197532
1526,PUBLIX PHARMACY #3500 (IA),retailer,0.19213219448278515,0.0,0.003755868544600939,0.00045954172052757445
1527,HOMETOWN PHARMACY #4010 (CA),retailer,0.19213107882567257,0.0,0.003755868544600939,0.000459534612869299
1528,WALGREENS #5840 (WY),retailer,0.19212959217478473,0.0,0.003755868544600939,0.00045952514167392337
1529,HOMETOWN PHARMACY #5185 (UT),retailer,0.19212649516247443,0.0,0.003755868544600939,0.00045950541114477797
1530,GOOD NEIGHBOR PHARMACY #8313 (AZ),retailer,0.19212636525198584,0.0,0.003755868544600939,0.0004595045835075506
1531,COMMUNITY PHARMACY #3871 (NH),retailer,0.19212261733952207,0.0,0.003755868544600939,0.00045948070620623825
1532,HOMETOWN PHARMACY #1587 (ID),retailer,0.19212195750352448,0.0,0.003755868544600939,0.00045947650250535574
1533,MAIN STREET PHARMACY #2913 (WY),retailer,0.19211952065114613,0.0,0.003755868544600939,0.0004594609777408224
1534,CVS PHARMACY #2372 (MO),retailer,0.1921193869573529,0.0,0.003755868544600939,0.00045946012600081636
1535,WINN-DIXIE PHARMACY #5154 (MD),retailer,0.1921191690855099,0.0,0.003755868544600939,0.0004594587379770318
1536,HEALTH MART PHARMACY #7295 (SD),retailer,0.19211718749735102,0.0,0.003755868544600939,0.00045944611362200635
1537,WALGREENS #2338 (MS),retailer,0.19211392931295662,0.0,0.003755868544600939,0.00045942535629342175
1538,HARRIS TEETER PHARMACY #7725 (HI),retailer,0.19211305675376156,0.0,0.003755868544600939,0.00045941979736988374
1539,HARRIS TEETER PHARMACY #1501 (MO),retailer,0.19210912354313073,0.0,0.003755868544600939,0.00045939473956603554
1540,HOMETOWN PHARMACY #2581 (TX),retailer,0.19210872061156864,0.0,0.003755868544600939,0.0004593921725588259
1541,WALMART PHARMACY #1973 (MO),retailer,0.19210735051499991,0.0,0.003755868544600939,0.0004593834439108344
1542,CORNER DRUG STORE #3755 (NH),retailer,0.19210491869125862,0.0,0.003755868544600939,0.000459367951182877
1543,RITE AID #9426 (WY),retailer,0.192098785934915,0.0,0.003755868544600939,0.0004593288804541695
1544,FAMILY CARE PHARMACY #6098 (NV),retailer,0.19209811574819488,0.0,0.003755868544600939,0.0004593246108106261
1545,QUALITY CARE PHARMACY #3039 (IA),retailer,0.19209713488775385,0.0,0.003755868544600939,0.0004593183619186036
1546,RITE AID #7444 (MS),retailer,0.19209697199026454,0.0,0.003755868544600939,0.00045931732412690684
1547,SUNRISE PHARMACY #7025 (MN),retailer,0.19208880229592037,0.0,0.003755868544600939,0.000459265276418917
1548,KROGER PHARMACY #2159 (MD),retailer,0.19208307979601194,0.0,0.003755868544600939,0.00045922881936291725
1549,KROGER PHARMACY #7322 (NM),retailer,0.1920654210917124,0.0,0.003755868544600939,0.0004591163188156335
1550,TUG VALLEY PHARMACY #1 (WV),retailer,0.18255302511578947,0.0,0.00046948356807511736,0.0010674513092719753
1551,KROGER PHARMACY #9282 (UT),retailer,0.17926020231893922,0.0,0.0032863849765258214,0.0004730988899625869
1552,WALGREENS #8411 (IA),retailer,0.17898940489102064,0.0,0.0032863849765258214,0.00047137368644101864
1553,MEDICO PHARMACY #5137 (MN),retailer,0.17881404443919796,0.0,0.0032863849765258214,0.0004702564953681431
1554,HARRIS TEETER PHARMACY #1284 (MN),retailer,0.17876529178344513,0.0,0.0032863849765258214,0.00046994590064042724
1555,GOOD NEIGHBOR PHARMACY #2130 (MS),retailer,0.1786968156673739,0.0,0.0032863849765258214,0.00046950965116236736
1556,VILLAGE PHARMACY #3656 (WA),retailer,0.17836985373572595,0.0,0.0032863849765258214,0.00046742663331307164
1557,HARRIS TEETER PHARMACY #8577 (SD),retailer,0.17836239020642514,0.0,0.0032863849765258214,0.0004673790844602922
1558,GOOD NEIGHBOR PHARMACY #6889 (TX),retailer,0.17831000633098804,0.0,0.0032863849765258214,0.0004670453558607553
1559,GOOD NEIGHBOR PHARMACY #9827 (AZ),retailer,0.17828799850375254,0.0,0.0032863849765258214,0.0004669051478043473
1560,PEOPLES PHARMACY #2188 (IA),retailer,0.17826337978933798,0.0,0.0032863849765258214,0.0004667483062378269
1561,SUNRISE PHARMACY #6972 (NM),retailer,0.17825439675735466,0.0,0.0032863849765258214,0.0004666910768965767
1562,MAIN STREET PHARMACY #1955 (GA),retailer,0.17823705274666068,0.0,0.0032863849765258214,0.0004665805812077612
1563,VILLAGE PHARMACY #4459 (DE),retailer,0.17822783237177997,0.0,0.0032863849765258214,0.00046652183979601063
1564,CORNER DRUG STORE #7916 (MO),retailer,0.17822515733881322,0.0,0.0032863849765258214,0.0004665047976241923
1565,PEOPLES PHARMACY #9356 (IA),retailer,0.17820446292685171,0.0,0.0032863849765258214,0.00046637295710906176
1566,VILLAGE PHARMACY #2453 (AK),retailer,0.17820411039429918,0.0,0.0032863849765258214,0.00046637071118521453
1567,CVS PHARMACY #1671 (HI),retailer,0.17819641948919432,0.0,0.0032863849765258214,0.0004663217137605606
1568,GOOD NEIGHBOR PHARMACY #7042 (MT),retailer,0.17818054159199953,0.0,0.0032863849765258214,0.0004662205584269739
1569,MEDICO PHARMACY #4239 (VT),retailer,0.17817793762481599,0.0,0.0032863849765258214,0.00046620396900295437
1570,HOMETOWN PHARMACY #1142 (NE),retailer,0.1781739144912292,0.0,0.0032863849765258214,0.0004661783383155252
1571,HOMETOWN PHARMACY #6366 (WA),retailer,0.17815599553772377,0.0,0.0032863849765258214,0.0004660641797656156
1572,SUNRISE PHARMACY #6929 (SC),retailer,0.17815207070016426,0.0,0.0032863849765258214,0.00046603917530515496
1573,HARRIS TEETER PHARMACY #1338 (NH),retailer,0.17814526067559208,0.0,0.0032863849765258214,0.00046599578981783995
1574,HARRIS TEETER PHARMACY #1609 (WY),retailer,0.1781445720061549,0.0,0.0032863849765258214,0.0004659914024241068
1575,CORNER DRUG STORE #9828 (AR),retailer,0.17813105780430455,0.0,0.0032863849765258214,0.00046590530578425823
1576,PEOPLES PHARMACY #4323 (WY),retailer,0.1781250193254997,0.0,0.0032863849765258214,0.0004658668356814249
1577,RITE AID #8098 (HI),retailer,0.17810553129946452,0.0,0.0032863849765258214,0.0004657426808421315
1578,HEALTH MART PHARMACY #9423 (WY),retailer,0.17810004313053934,0.0,0.0032863849765258214,0.00046570771666824904
1579,WINN-DIXIE PHARMACY #4662 (VT),retailer,0.17809652217061073,0.0,0.0032863849765258214,0.00046568528524223865
1580,VILLAGE PHARMACY #1824 (WA),retailer,0.17808533336628507,0.0,0.0032863849765258214,0.00046561400330735053
1581,FAMILY CARE PHARMACY #9927 (AK),retailer,0.17807025876608737,0.0,0.0032863849765258214,0.000465517965639832
1582,HOMETOWN PHARMACY #6803 (CA),retailer,0.17804268658040973,0.0,0.0032863849765258214,0.000465342308019322
1583,KROGER PHARMACY #7324 (ID),retailer,0.17788283400074079,0.0,0.0032863849765258214,0.0004643239149145709
1584,QUALITY CARE PHARMACY #7711 (IA),retailer,0.17779063700614092,0.0,0.0032863849765258214,0.0004637365438269492
1585,SUNRISE PHARMACY #5636 (TX),retailer,0.17773862905400512,0.0,0.0032863849765258214,0.0004634052101696694
1586,MEDICO PHARMACY #3872 (CT),retailer,0.17764146034569733,0.0,0.0032863849765258214,0.0004627861651549241
1587,CORNER DRUG STORE #8392 (NM),retailer,0.1776392247066968,0.0,0.0032863849765258214,0.0004627719222859784
1588,MEDICO PHARMACY #2444 (MN),retailer,0.1776049614661328,0.0,0.0032863849765258214,0.0004625536371134208
1589,PEOPLES PHARMACY #3168 (MT),retailer,0.17757951221288548,0.0,0.0032863849765258214,0.00046239150432781425
1590,RITE AID #9075 (AR),retailer,0.17754839134714578,0.0,0.0032863849765258214,0.00046219323868112387
1591,VILLAGE PHARMACY #3551 (WY),retailer,0.17754477505818062,0.0,0.0032863849765258214,0.0004621701999303289
1592,HOMETOWN PHARMACY #5957 (IA),retailer,0.17752030516890765,0.0,0.0032863849765258214,0.0004620143065030147
1593,HARRIS TEETER PHARMACY #6415 (MD),retailer,0.1774681316906029,0.0,0.0032863849765258214,0.0004616819183071753
1594,HOMETOWN PHARMACY #4042 (MN),retailer,0.17746540928132717,0.0,0.0032863849765258214,0.00046166457430909613
1595,GOOD NEIGHBOR PHARMACY #6452 (TX),retailer,0.17745089491549293,0.0,0.0032863849765258214,0.00046157210579769617
1596,GOOD NEIGHBOR PHARMACY #7650 (AL),retailer,0.17743360953375192,0.0,0.0032863849765258214,0.00046146198362378765
1597,HEALTH MART PHARMACY #5407 (IA),retailer,0.17743344502402947,0.0,0.0032863849765258214,0.0004614609355608327
1598,WALGREENS #1562 (NH),retailer,0.17742949382158485,0.0,0.0032863849765258214,0.0004614357631342542
1599,SUNRISE PHARMACY #5493 (IA),retailer,0.17741962277787743,0.0,0.0032863849765258214,0.0004613728764240795
1600,QUALITY CARE PHARMACY #6273 (HI),retailer,0.17741282337609082,0.0,0.0032863849765258214,0.0004613295586126921
1601,QUALITY CARE PHARMACY #3730 (WA),retailer,0.17740936336083973,0.0,0.0032863849765258214,0.0004613075154546689
1602,QUALITY CARE PHARMACY #9369 (SD),retailer,0.17739727972484914,0.0,0.0032863849765258214,0.00046123053270219385
1603,QUALITY CARE PHARMACY #9387 (IA),retailer,0.1773855666779893,0.0,0.0032863849765258214,0.00046115591090889913
1604,CVS PHARMACY #9428 (AK),retailer,0.1773844013635491,0.0,0.0032863849765258214,0.0004611484868923882
1605,KROGER PHARMACY #8886 (NH),retailer,0.17738359673201026,0.0,0.0032863849765258214,0.0004611433607241855
1606,HOMETOWN PHARMACY #9525 (SC),retailer,0.17737949248668816,0.0,0.0032863849765258214,0.000461117213287936
1607,WALMART PHARMACY #2988 (IA),retailer,0.1773694621151471,0.0,0.0032863849765258214,0.0004610533115277224
1608,PEOPLES PHARMACY #2691 (IA),retailer,0.17736716476435788,0.0,0.0032863849765258214,0.00046103867550365707
1609,QUALITY CARE PHARMACY #5531 (MN),retailer,0.1773587306202064,0.0,0.0032863849765258214,0.0004609849430317376
1610,WALMART PHARMACY #5415 (IA),retailer,0.17735705473668012,0.0,0.0032863849765258214,0.00046097426626799025
1611,COMMUNITY PHARMACY #6495 (IA),retailer,0.17735595634679086,0.0,0.0032863849765258214,0.0004609672686162046
1612,CORNER DRUG STORE #1371 (NM),retailer,0.17735277884547715,0.0,0.0032863849765258214,0.00046094702530555595
1613,VILLAGE PHARMACY #3493 (AK),retailer,0.17735052897205508,0.0,0.0032863849765258214,0.0004609326917515755
1614,WALGREENS #6189 (OK),retailer,0.17735021537978096,0.0,0.0032863849765258214,0.0004609306939094993
1615,RITE AID #9212 (MO),retailer,0.1773495770187758,0.0,0.0032863849765258214,0.000460926627022075
1616,WALGREENS #4548 (IA),retailer,0.17734724268023072,0.0,0.0032863849765258214,0.00046091175535542176
1617,MAIN STREET PHARMACY #3493 (MD),retailer,0.17734176609133329,0.0,0.0032863849765258214,0.0004608768649558909
1618,MAIN STREET PHARMACY #4380 (MN),retailer,0.17733784825890825,0.0,0.0032863849765258214,0.0004608519051239289
1619,MEDICO PHARMACY #7839 (AR),retailer,0.17733377523458632,0.0,0.0032863849765258214,0.00046082595659126507
1620,MEDICO PHARMACY #8540 (DE),retailer,0.17732388647627695,0.0,0.0032863849765258214,0.00046076295702442876
1621,PEOPLES PHARMACY #4802 (SD),retailer,0.17732271655515444,0.0,0.0032863849765258214,0.0004607555036595426
1622,CVS PHARMACY #1434 (NV),retailer,0.17732191155572447,0.0,0.0032863849765258214,0.00046075037514756905
1623,PEOPLES PHARMACY #6983 (AZ),retailer,0.1773200048131735,0.0,0.0032863849765258214,0.0004607382276209514
1624,MEDICO PHARMACY #9746 (VT),retailer,0.1773122204940748,0.0,0.0032863849765258214,0.00046068863507191845
1625,WINN-DIXIE PHARMACY #1778 (OK),retailer,0.17731010763131416,0.0,0.0032863849765258214,0.00046067517438913683
1626,CVS PHARMACY #9041 (MS),retailer,0.17729887353052948,0.0,0.0032863849765258214,0.0004606036038783521
1627,HARRIS TEETER PHARMACY #8263 (GA),retailer,0.1772890137036686,0.0,0.0032863849765258214,0.0004605407886287641
1628,CVS PHARMACY #2572 (VT),retailer,0.17728696908295627,0.0,0.0032863849765258214,0.0004605277627042555
1629,CVS PHARMACY #7210 (MO),retailer,0.17728694703665177,0.0,0.0032863849765258214,0.00046052762225106726
1630,VILLAGE PHARMACY #2732 (TX),retailer,0.17728668581675386,0.0,0.0032863849765258214,0.0004605259580643308
1631,HARRIS TEETER PHARMACY #3466 (ND),retailer,0.17728277744676707,0.0,0.0032863849765258214,0.0004605010585159243
1632,QUALITY CARE PHARMACY #5118 (MD),retailer,0.1772803846968172,0.0,0.0032863849765258214,0.00046048581472032604
1633,HEALTH MART PHARMACY #4598 (NV),retailer,0.17727694054350568,0.0,0.0032863849765258214,0.0004604638726159734
1634,HOMETOWN PHARMACY #9978 (MA),retailer,0.17727534519088356,0.0,0.0032863849765258214,0.00046045370890067145
1635,WALMART PHARMACY #6565 (SC),retailer,0.17727052926205503,0.0,0.0032863849765258214,0.00046042302745203853
1636,WALMART PHARMACY #6210 (MT),retailer,0.1772643245165288,0.0,0.0032863849765258214,0.0004603834980927143
1637,QUALITY CARE PHARMACY #5940 (HI),retailer,0.17726357042451946,0.0,0.0032863849765258214,0.0004603786939031024
1638,GOOD NEIGHBOR PHARMACY #9997 (IA),retailer,0.17726181850959372,0.0,0.0032863849765258214,0.0004603675327564749
1639,PUBLIX PHARMACY #7790 (VT),retailer,0.1772614338888902,0.0,0.0032863849765258214,0.00046036508240457434
1640,PUBLIX PHARMACY #9531 (IA),retailer,0.1772609885568893,0.0,0.0032863849765258214,0.0004603622452715109
1641,COMMUNITY PHARMACY #9030 (GA),retailer,0.17725826024846847,0.0,0.0032863849765258214,0.0004603448636910001
1642,RITE AID #1688 (CO),retailer,0.17725715954735288,0.0,0.0032863849765258214,0.00046033785131479156
1643,CORNER DRUG STORE #6039 (NH),retailer,0.177256278603656,0.0,0.0032863849765258214,0.0004603322389750445
1644,GOOD NEIGHBOR PHARMACY #3185 (WY),retailer,0.1772559732410426,0.0,0.0032863849765258214,0.0004603302935627116
1645,MAIN STREET PHARMACY #9253 (MO),retailer,0.17725322982504116,0.0,0.0032863849765258214,0.00046031281573442043
1646,QUALITY CARE PHARMACY #3505 (MN),retailer,0.17725078840655678,0.0,0.0032863849765258214,0.0004602972618800164
1647,VILLAGE PHARMACY #3118 (WA),retailer,0.17724535592211452,0.0,0.0032863849765258214,0.000460262652462332
1648,PUBLIX PHARMACY #8593 (NM),retailer,0.17724356337772926,0.0,0.0032863849765258214,0.0004602512324724533
1649,CVS PHARMACY #7950 (GA),retailer,0.17724308248572418,0.0,0.0032863849765258214,0.0004602481687927608
1650,WINN-DIXIE PHARMACY #8641 (RI),retailer,0.1772411853762407,0.0,0.0032863849765258214,0.0004602360826367481
1651,PUBLIX PHARMACY #4110 (AL),retailer,0.17723893197166976,0.0,0.0032863849765258214,0.0004602217265864296
1652,CVS PHARMACY #7614 (TX),retailer,0.17723715808662338,0.0,0.0032863849765258214,0.00046021042547196784
1653,SUNRISE PHARMACY #8780 (OR),retailer,0.1772354367426526,0.0,0.0032863849765258214,0.00046019945908760057
1654,QUALITY CARE PHARMACY #4967 (SD),retailer,0.1772350777967016,0.0,0.0032863849765258214,0.0004601971723051024
1655,WALGREENS #1336 (ID),retailer,0.17723462893979475,0.0,0.0032863849765258214,0.0004601943127154736
1656,FAMILY CARE PHARMACY #3692 (MD),retailer,0.17723298517872277,0.0,0.0032863849765258214,0.0004601838405983202
1657,VILLAGE PHARMACY #9805 (MO),retailer,0.1772329622651324,0.0,0.0032863849765258214,0.0004601836946198038
1658,PUBLIX PHARMACY #5797 (OR),retailer,0.17723238134239494,0.0,0.0032863849765258214,0.0004601799936616367
1659,CORNER DRUG STORE #5761 (HI),retailer,0.1772301505906569,0.0,0.0032863849765258214,0.00046016578192859426
1660,KROGER PHARMACY #7625 (MD),retailer,0.17722800255124838,0.0,0.0032863849765258214,0.0004601520971414804
1661,VILLAGE PHARMACY #5864 (MD),retailer,0.1772254134576657,0.0,0.0032863849765258214,0.0004601356024745966
1662,QUALITY CARE PHARMACY #5859 (MN),retailer,0.17722438097613885,0.0,0.0032863849765258214,0.00046012902471357503
1663,WINN-DIXIE PHARMACY #4030 (MO),retailer,0.17722403533557068,0.0,0.0032863849765258214,0.00046012682269736693
1664,COMMUNITY PHARMACY #3304 (VT),retailer,0.17722281617270508,0.0,0.0032863849765258214,0.00046011905562186225
1665,FAMILY CARE PHARMACY #8648 (HI),retailer,0.17722148044945993,0.0,0.0032863849765258214,0.00046011054596036336
1666,PEOPLES PHARMACY #5509 (MN),retailer,0.17722104495503024,0.0,0.0032863849765258214,0.0004601077715007627
1667,WALMART PHARMACY #1902 (AR),retailer,0.17722028485146463,0.0,0.0032863849765258214,0.0004601029290125668
1668,WALMART PHARMACY #1775 (WY),retailer,0.1772184883833015,0.0,0.0032863849765258214,0.0004600914840249788
1669,SUNRISE PHARMACY #7353 (GA),retailer,0.17721771152645982,0.0,0.0032863849765258214,0.0004600865348045621
1670,GOOD NEIGHBOR PHARMACY #1123 (MD),retailer,0.17721724180692594,0.0,0.0032863849765258214,0.00046008354230274933
1671,WINN-DIXIE PHARMACY #4497 (AZ),retailer,0.17721364952547708,0.0,0.0032863849765258214,0.00046006065649968343
1672,FAMILY CARE PHARMACY #8150 (UT),retailer,0.17721256277060293,0.0,0.0032863849765258214,0.00046005373297256446
1673,RITE AID #6858 (AK),retailer,0.1772120777089215,0.0,0.0032863849765258214,0.000460050642728586
1674,HEALTH MART PHARMACY #9522 (AZ),retailer,0.17720987649258674,0.0,0.0032863849765258214,0.00046003661916048323
1675,WINN-DIXIE PHARMACY #3650 (MT),retailer,0.17720777423813688,0.0,0.0032863849765258214,0.00046002322606141286
1676,HOMETOWN PHARMACY #3982 (MO),retailer,0.17720769982608298,0.0,0.0032863849765258214,0.0004600227519951027
1677,WALMART PHARMACY #1998 (VT),retailer,0.1772049793241251,0.0,0.0032863849765258214,0.00046000542014821547
1678,RITE AID #7348 (UT),retailer,0.1772043856637085,0.0,0.0032863849765258214,0.0004600016380405004
1679,WALMART PHARMACY #8865 (HI),retailer,0.1772029002309014,0.0,0.0032863849765258214,0.00045999217460530634
1680,PEOPLES PHARMACY #5301 (NH),retailer,0.1771977800357887,0.0,0.0032863849765258214,0.0004599595547288642
1681,KROGER PHARMACY #5584 (MN),retailer,0.17719701527380766,0.0,0.0032863849765258214,0.0004599546825627104
1682,CORNER DRUG STORE #6467 (NY),retailer,0.1771962710705571,0.0,0.0032863849765258214,0.0004599499413726685
1683,CORNER DRUG STORE #5189 (WY),retailer,0.17719619937625175,0.0,0.0032863849765258214,0.0004599494846206639
1684,MAIN STREET PHARMACY #5887 (SC),retailer,0.17719616160838553,0.0,0.0032863849765258214,0.0004599492440081279
1685,PEOPLES PHARMACY #1530 (NM),retailer,0.17719556444970325,0.0,0.0032863849765258214,0.0004599454396135682
1686,MEDICO PHARMACY #5268 (VT),retailer,0.1771946685764516,0.0,0.0032863849765258214,0.00045993973216021264
1687,COMMUNITY PHARMACY #9371 (TX),retailer,0.17718883600238902,0.0,0.0032863849765258214,0.0004599025738408375
1688,CORNER DRUG STORE #5475 (IA),retailer,0.17718706249213267,0.0,0.0032863849765258214,0.00045989127511409804
1689,HARRIS TEETER PHARMACY #8462 (AZ),retailer,0.17718624453665674,0.0,0.0032863849765258214,0.0004598860640613993
1690,CORNER DRUG STORE #8519 (AK),retailer,0.1771858064332354,0.0,0.0032863849765258214,0.00045988327298036456
1691,COMMUNITY PHARMACY #4319 (AR),retailer,0.17718458801897063,0.0,0.0032863849765258214,0.00045987551067406624
1692,PEOPLES PHARMACY #9692 (CO),retailer,0.1771845358834778,0.0,0.0032863849765258214,0.0004598751785278693
1693,HEALTH MART PHARMACY #4339 (AZ),retailer,0.17718453223035024,0.0,0.0032863849765258214,0.00045987515525442623
1694,MAIN STREET PHARMACY #6920 (MO),retailer,0.1771824459312316,0.0,0.0032863849765258214,0.0004598618638040083
1695,VILLAGE PHARMACY #3562 (IA),retailer,0.1771814329878099,0.0,0.0032863849765258214,0.0004598554105168713
1696,WALGREENS #3305 (IA),retailer,0.17717902132016394,0.0,0.0032863849765258214,0.00045984004619990717
1697,VILLAGE PHARMACY #6857 (IA),retailer,0.1771785427490996,0.0,0.0032863849765258214,0.00045983699730652635
1698,GOOD NEIGHBOR PHARMACY #9924 (IA),retailer,0.1771784270522645,0.0,0.0032863849765258214,0.00045983626022202403
1699,MAIN STREET PHARMACY #7953 (AZ),retailer,0.17717788369301113,0.0,0.0032863849765258214,0.00045983279857430973
1700,WINN-DIXIE PHARMACY #6539 (NH),retailer,0.17717746147049052,0.0,0.0032863849765258214,0.0004598301086677436
1701,PUBLIX PHARMACY #7801 (ME),retailer,0.17717694568577064,0.0,0.0032863849765258214,0.00045982682269260744
1702,HOMETOWN PHARMACY #6267 (ME),retailer,0.1771763646927747,0.0,0.0032863849765258214,0.0004598231212868359
1703,KROGER PHARMACY #6432 (NH),retailer,0.17717445145097643,0.0,0.0032863849765258214,0.000459810932354639
1704,WALMART PHARMACY #6498 (AK),retailer,0.1771739353353285,0.0,0.0032863849765258214,0.0004598076442712173
1705,COMMUNITY PHARMACY #3509 (MD),retailer,0.1771737505025256,0.0,0.0032863849765258214,0.0004598064667334362
1706,WALGREENS #3744 (MD),retailer,0.17717351999695458,0.0,0.0032863849765258214,0.0004598049982223578
1707,KROGER PHARMACY #9976 (WY),retailer,0.17717349690072431,0.0,0.0032863849765258214,0.00045980485108027414
1708,MAIN STREET PHARMACY #7706 (AK),retailer,0.17717313469059626,0.0,0.0032863849765258214,0.0004598025435022691
1709,WALGREENS #1527 (SD),retailer,0.17717050067277823,0.0,0.0032863849765258214,0.0004597857626308613
1710,MEDICO PHARMACY #2378 (MD),retailer,0.1771704425318309,0.0,0.0032863849765258214,0.0004597853922249534
1711,VILLAGE PHARMACY #7028 (AR),retailer,0.17716998215073224,0.0,0.0032863849765258214,0.0004597824592166942
1712,SUNRISE PHARMACY #1626 (MN),retailer,0.17716734972045978,0.0,0.0032863849765258214,0.0004597656884592641
1713,COMMUNITY PHARMACY #4168 (ME),retailer,0.1771667265662413,0.0,0.0032863849765258214,0.0004597617184516445
1714,WALMART PHARMACY #6813 (SD),retailer,0.17716592739866382,0.0,0.0032863849765258214,0.00045975662709339356
1715,HEALTH MART PHARMACY #9064 (MN),retailer,0.17716467038078032,0.0,0.0032863849765258214,0.0004597486188501249
1716,FAMILY CARE PHARMACY #6476 (AR),retailer,0.17716379950470104,0.0,0.0032863849765258214,0.000459743070649426
1717,HARRIS TEETER PHARMACY #2205 (IA),retailer,0.17716355008114976,0.0,0.0032863849765258214,0.00045974148161517136
1718,QUALITY CARE PHARMACY #6882 (CA),retailer,0.1771630701627831,0.0,0.0032863849765258214,0.0004597384241383608
1719,CVS PHARMACY #2118 (GA),retailer,0.17716306563400036,0.0,0.0032863849765258214,0.00045973839528627003
1720,WALGREENS #7396 (VT),retailer,0.177161424210655,0.0,0.0032863849765258214,0.00045972793806236834
1721,QUALITY CARE PHARMACY #7585 (ID),retailer,0.17715922221246444,0.0,0.0032863849765258214,0.0004597139095131976
1722,RITE AID #8853 (MD),retailer,0.1771554810364484,0.0,0.0032863849765258214,0.0004596900751286271
1723,WALMART PHARMACY #5916 (AK),retailer,0.1771512218703591,0.0,0.0032863849765258214,0.000459662940718996
1724,SUNRISE PHARMACY #6210 (NH),retailer,0.1771496767762282,0.0,0.0032863849765258214,0.000459653097191839
1725,GOOD NEIGHBOR PHARMACY #1568 (VT),retailer,0.17714804435479076,0.0,0.0032863849765258214,0.0004596426973175337
1726,WALGREENS #6001 (TX),retailer,0.17714803029068416,0.0,0.0032863849765258214,0.0004596426077175459
1727,QUALITY CARE PHARMACY #8571 (NV),retailer,0.17714749545112785,0.0,0.0032863849765258214,0.0004596392003473464
1728,WALMART PHARMACY #9083 (WA),retailer,0.17714525037118828,0.0,0.0032863849765258214,0.00045962489733181275
1729,WALGREENS #6321 (HI),retailer,0.17714373718121773,0.0,0.0032863849765258214,0.0004596152570605368
1730,WINN-DIXIE PHARMACY #3428 (NH),retailer,0.17714104419059704,0.0,0.0032863849765258214,0.00045959810048361473
1731,CVS PHARMACY #2813 (CO),retailer,0.17713987954579632,0.0,0.0032863849765258214,0.0004595906807332611
1732,RITE AID #2662 (GA),retailer,0.17713856161773417,0.0,0.0032863849765258214,0.00045958228444179146
1733,HARRIS TEETER PHARMACY #2715 (SD),retailer,0.1771384457797861,0.0,0.0032863849765258214,0.000459581546458283
1734,WALGREENS #1879 (VT),retailer,0.17713653642878469,0.0,0.0032863849765258214,0.0004595693823136793
1735,HOMETOWN PHARMACY #7940 (AK),retailer,0.1771358312006891,0.0,0.0032863849765258214,0.00045956488942760067
1736,KROGER PHARMACY #2810 (MT),retailer,0.17713031898351506,0.0,0.0032863849765258214,0.0004595297720464888
1737,WALMART PHARMACY #3050 (MD),retailer,0.17712904164924426,0.0,0.0032863849765258214,0.0004595216343710349
1738,CORNER DRUG STORE #1737 (MS),retailer,0.17712881784808915,0.0,0.0032863849765258214,0.00045952020857262927
1739,CVS PHARMACY #3117 (AZ),retailer,0.1771273464284403,0.0,0.0032863849765258214,0.0004595108344128399
1740,GOOD NEIGHBOR PHARMACY #6959 (AZ),retailer,0.1771240846815061,0.0,0.0032863849765258214,0.00045949005438793107
1741,KROGER PHARMACY #4294 (TX),retailer,0.17712331414895752,0.0,0.0032863849765258214,0.0004594851454584908
1742,FAMILY CARE PHARMACY #8858 (NH),retailer,0.17712036371510065,0.0,0.0032863849765258214,0.0004594663487552903
1743,GOOD NEIGHBOR PHARMACY #9998 (DE),retailer,0.17711957260594924,0.0,0.0032863849765258214,0.0004594613087358764
1744,GOOD NEIGHBOR PHARMACY #5885 (GA),retailer,0.17711631477484008,0.0,0.0032863849765258214,0.00045944055365801096
1745,WALGREENS #2534 (AK),retailer,0.1771130978484048,0.0,0.0032863849765258214,0.00045942005917673983
1746,HOMETOWN PHARMACY #7107 (WY),retailer,0.1771123500700535,0.0,0.0032863849765258214,0.00045941529521035005
1747,PEOPLES PHARMACY #3486 (MS),retailer,0.17711212167046697,0.0,0.0032863849765258214,0.00045941384011613425
1748,CORNER DRUG STORE #7798 (VT),retailer,0.17711201821828518,0.0,0.0032863849765258214,0.00045941318104019807
1749,MEDICO PHARMACY #6344 (MA),retailer,0.177111359317136,0.0,0.0032863849765258214,0.00045940898329507304
1750,GOOD NEIGHBOR PHARMACY #4408 (IA),retailer,0.17710985665617823,0.0,0.0032863849765258214,0.0004593994101023141
1751,FAMILY CARE PHARMACY #3933 (MO),retailer,0.17710821208231808,0.0,0.0032863849765258214,0.0004593889328070281
1752,MAIN STREET PHARMACY #8562 (MO),retailer,0.17710745040894402,0.0,0.0032863849765258214,0.0004593840803178545
1753,CVS PHARMACY #8191 (VT),retailer,0.1771063307395118,0.0,0.0032863849765258214,0.00045937694709778545
1754,WALGREENS #8803 (MD),retailer,0.17710593242857764,0.0,0.0032863849765258214,0.00045937440952779603
1755,SUNRISE PHARMACY #6582 (GA),retailer,0.17710585932078365,0.0,0.0032863849765258214,0.00045937394377070005
1756,WALGREENS #8516 (MO),retailer,0.17710560477945936,0.0,0.0032863849765258214,0.0004593723221319998
1757,KROGER PHARMACY #2134 (MD),retailer,0.17710379821571903,0.0,0.0032863849765258214,0.0004593608128272375
1758,RITE AID #4531 (AK),retailer,0.17710281215119744,0.0,0.0032863849765258214,0.000459354530780919
1759,MEDICO PHARMACY #7458 (TX),retailer,0.17709736945622517,0.0,0.0032863849765258214,0.00045931985631371614
1760,PEOPLES PHARMACY #3971 (AK),retailer,0.1770953459168898,0.0,0.0032863849765258214,0.0004593069646950097
1761,QUALITY CARE PHARMACY #9181 (NM),retailer,0.1770929395717497,0.0,0.0032863849765258214,0.00045929163428680864
1762,FAMILY CARE PHARMACY #9533 (UT),retailer,0.17709282899311002,0.0,0.0032863849765258214,0.00045929092980944293
1763,PUBLIX PHARMACY #6344 (VT),retailer,0.17709244852648587,0.0,0.0032863849765258214,0.00045928850592246286
1764,PEOPLES PHARMACY #1060 (VT),retailer,0.17709160061082835,0.0,0.0032863849765258214,0.00045928310399863506
1765,RITE AID #9599 (MO),retailer,0.17707192752257175,0.0,0.0032863849765258214,0.00045915777015997466
1766,GOOD NEIGHBOR PHARMACY #2517 (AK),retailer,0.17705129678345882,0.0,0.0032863849765258214,0.00045902633529353677
1767,PEOPLES PHARMACY #3065 (MT),retailer,0.17705091391476313,0.0,0.0032863849765258214,0.0004590238961033747
1768,GOOD NEIGHBOR PHARMACY #2219 (NM),retailer,0.1646808213770513,0.0,0.002816901408450704,0.000475778581146773
1769,RITE AID #7819 (CA),retailer,0.16406581983285995,0.0,0.002816901408450704,0.00047186051280334753
1770,WALGREENS #8617 (GA),retailer,0.1635264824908752,0.0,0.002816901408450704,0.0004684244879900501
1771,VILLAGE PHARMACY #8600 (HI),retailer,0.1633842004692457,0.0,0.002816901408450704,0.0004675180338680234
1772,KROGER PHARMACY #7026 (MS),retailer,0.16326561181802193,0.0,0.002816901408450704,0.0004667625261060708
1773,WALGREENS #4628 (WA),retailer,0.16325907755584995,0.0,0.002816901408450704,0.000466720897453256
1774,HARRIS TEETER PHARMACY #6503 (MO),retailer,0.16324916559488872,0.0,0.002816901408450704,0.0004666577500663425
1775,PUBLIX PHARMACY #6189 (IA),retailer,0.16323334614674861,0.0,0.002816901408450704,0.0004665569671015619
1776,WALGREENS #9103 (IA),retailer,0.16318362891161342,0.0,0.002816901408450704,0.00046624022720562897
1777,FAMILY CARE PHARMACY #3942 (NM),retailer,0.16315584646184045,0.0,0.002816901408450704,0.0004660632300289771
1778,WINN-DIXIE PHARMACY #2750 (NM),retailer,0.1631445867586923,0.0,0.002816901408450704,0.00046599149640996795
1779,MAIN STREET PHARMACY #6568 (HI),retailer,0.16313039165739518,0.0,0.002816901408450704,0.00046590106187764966
1780,SUNRISE PHARMACY #4396 (HI),retailer,0.16311908143084222,0.0,0.002816901408450704,0.00046582900638277713
1781,WALMART PHARMACY #7726 (SD),retailer,0.163115545796809,0.0,0.002816901408450704,0.0004658064814705874
1782,PEOPLES PHARMACY #6526 (WA),retailer,0.1631048942507375,0.0,0.002816901408450704,0.00046573862231500383
1783,VILLAGE PHARMACY #3294 (MD),retailer,0.16308622700595954,0.0,0.002816901408450704,0.0004656196965309724
1784,CORNER DRUG STORE #1973 (TX),retailer,0.16308459459515423,0.0,0.002816901408450704,0.00046560929672440256
1785,HOMETOWN PHARMACY #5447 (MD),retailer,0.16305021305778233,0.0,0.002816901408450704,0.00046539025790336635
1786,MEDICO PHARMACY #4957 (HI),retailer,0.16303737828611503,0.0,0.002816901408450704,0.00046530848979556283
1787,QUALITY CARE PHARMACY #5456 (WA),retailer,0.16303541312019237,0.0,0.002816901408450704,0.0004652959700637608
1788,MEDICO PHARMACY #6092 (NY),retailer,0.16275770435131215,0.0,0.002816901408450704,0.00046352673558570446
1789,WINN-DIXIE PHARMACY #6849 (MD),retailer,0.1626877542211662,0.0,0.002816901408450704,0.0004630810954192172
1790,FAMILY CARE PHARMACY #4495 (MO),retailer,0.16261912797412714,0.0,0.002816901408450704,0.0004626438894827583
1791,SUNRISE PHARMACY #3285 (MN),retailer,0.16260975425770274,0.0,0.002816901408450704,0.0004625841711585858
1792,MEDICO PHARMACY #1923 (IA),retailer,0.16252092611890698,0.0,0.002816901408450704,0.0004620182624679357
1793,MAIN STREET PHARMACY #9107 (MO),retailer,0.16247695558934844,0.0,0.002816901408450704,0.00046173813383812304
1794,GOOD NEIGHBOR PHARMACY #7898 (NM),retailer,0.16246982315369496,0.0,0.002816901408450704,0.0004616926943256384
1795,WALMART PHARMACY #9392 (NM),retailer,0.1624440091236823,0.0,0.002816901408450704,0.00046152823761042505
1796,MAIN STREET PHARMACY #4451 (TX),retailer,0.1623742526970462,0.0,0.002816901408450704,0.000461083831495457
1797,CVS PHARMACY #5592 (MT),retailer,0.16236178028832937,0.0,0.002816901408450704,0.0004610043719392637
1798,WALMART PHARMACY #7964 (GA),retailer,0.1623564787520042,0.0,0.002816901408450704,0.0004609705967693583
1799,HARRIS TEETER PHARMACY #3530 (HI),retailer,0.1623557875821312,0.0,0.002816901408450704,0.00046096619344578147
1800,COMMUNITY PHARMACY #8157 (GA),retailer,0.16235163376032674,0.0,0.002816901408450704,0.0004609397301663475
1801,SUNRISE PHARMACY #6286 (AZ),retailer,0.16233737439778137,0.0,0.002816901408450704,0.0004608488862367441
1802,QUALITY CARE PHARMACY #8443 (AZ),retailer,0.162336995153875,0.0,0.002816901408450704,0.0004608464701394872
1803,COMMUNITY PHARMACY #4456 (HI),retailer,0.16232824792513645,0.0,0.002816901408450704,0.00046079074305987745
1804,WALMART PHARMACY #6144 (GA),retailer,0.1623256234164343,0.0,0.002816901408450704,0.0004607740227694001
1805,GOOD NEIGHBOR PHARMACY #2829 (IA),retailer,0.16232406201048744,0.0,0.002816901408450704,0.00046076407532248795
1806,CORNER DRUG STORE #7557 (TX),retailer,0.1623213971552085,0.0,0.002816901408450704,0.0004607470979909563
1807,PUBLIX PHARMACY #4778 (AK),retailer,0.16232013763049624,0.0,0.002816901408450704,0.00046073907377711576
1808,VILLAGE PHARMACY #4422 (MS),retailer,0.1623147223999794,0.0,0.002816901408450704,0.0004607045742812027
1809,RITE AID #6846 (TX),retailer,0.16230560895999593,0.0,0.002816901408450704,0.0004606465141331654
1810,WALGREENS #1766 (IA),retailer,0.16229929820466876,0.0,0.002816901408450704,0.00046060630940375616
1811,QUALITY CARE PHARMACY #4971 (AZ),retailer,0.1622982518852154,0.0,0.002816901408450704,0.0004605996434837012
1812,KROGER PHARMACY #4127 (WY),retailer,0.16228826695440218,0.0,0.002816901408450704,0.000460536031218496
1813,COMMUNITY PHARMACY #6367 (UT),retailer,0.16228687959492838,0.0,0.002816901408450704,0.0004605271925915259
1814,PEOPLES PHARMACY #2132 (MO),retailer,0.1622836089966544,0.0,0.002816901408450704,0.00046050635617626395
1815,MAIN STREET PHARMACY #9957 (MN),retailer,0.16228236571479093,0.0,0.002816901408450704,0.0004604984354428005
1816,HARRIS TEETER PHARMACY #6352 (IA),retailer,0.16227735964452922,0.0,0.002816901408450704,0.0004604665426360219
1817,WALMART PHARMACY #3675 (TX),retailer,0.16226298103477652,0.0,0.002816901408450704,0.00046037493900310985
1818,WINN-DIXIE PHARMACY #2725 (MO),retailer,0.16226258970568735,0.0,0.002816901408450704,0.00046037244591324607
1819,CORNER DRUG STORE #6481 (MD),retailer,0.16225728341931744,0.0,0.002816901408450704,0.00046033864048162804
1820,WINN-DIXIE PHARMACY #8102 (GA),retailer,0.16225668742908572,0.0,0.002816901408450704,0.0004603348435310642
1821,VILLAGE PHARMACY #3411 (VT),retailer,0.16225355577162687,0.0,0.002816901408450704,0.00046031489228367666
1822,MAIN STREET PHARMACY #4342 (VT),retailer,0.16225189516053704,0.0,0.002816901408450704,0.0004603043128179772
1823,WALMART PHARMACY #9893 (RI),retailer,0.16225127300943892,0.0,0.002816901408450704,0.0004603003492010638
1824,HOMETOWN PHARMACY #9978 (FL),retailer,0.16225094880713498,0.0,0.002816901408450704,0.00046029828376432485
1825,MAIN STREET PHARMACY #1922 (VT),retailer,0.16224743318387297,0.0,0.002816901408450704,0.00046027588633729317
1826,KROGER PHARMACY #4602 (WY),retailer,0.16224574841534134,0.0,0.002816901408450704,0.00046026515296871524
1827,CORNER DRUG STORE #8030 (TX),retailer,0.16224503072654217,0.0,0.002816901408450704,0.00046026058069765206
1828,WINN-DIXIE PHARMACY #3929 (HI),retailer,0.16224095118978799,0.0,0.002816901408450704,0.0004602345906754099
1829,GOOD NEIGHBOR PHARMACY #3166 (NH),retailer,0.1622391265353273,0.0,0.002816901408450704,0.000460222966117801
1830,WALGREENS #4605 (IA),retailer,0.1622365923869694,0.0,0.002816901408450704,0.0004602068214974297
1831,QUALITY CARE PHARMACY #5369 (AK),retailer,0.16223558456690879,0.0,0.002816901408450704,0.0004602004008503393
1832,CVS PHARMACY #2048 (GA),retailer,0.16223520309675782,0.0,0.002816901408450704,0.0004601979705700634
1833,KROGER PHARMACY #5346 (MA),retailer,0.16222960465697805,0.0,0.002816901408450704,0.00046016230387966114
1834,CORNER DRUG STORE #8413 (MA),retailer,0.16222700327563044,0.0,0.002816901408450704,0.00046014573092955453
1835,HOMETOWN PHARMACY #5351 (TX),retailer,0.16222528258240174,0.0,0.002816901408450704,0.0004601347686909524
1836,HOMETOWN PHARMACY #3383 (VT),retailer,0.1622242969467914,0.0,0.002816901408450704,0.00046012848937715314
1837,VILLAGE PHARMACY #3423 (AK),retailer,0.1622238813052997,0.0,0.002816901408450704,0.00046012584139718253
1838,PEOPLES PHARMACY #7819 (AK),retailer,0.16222009558555714,0.0,0.002816901408450704,0.0004601017232322439
1839,HEALTH MART PHARMACY #9633 (FL),retailer,0.16221959455079282,0.0,0.002816901408450704,0.00046009853122652033
1840,SUNRISE PHARMACY #6167 (AZ),retailer,0.16221586738522797,0.0,0.002816901408450704,0.00046007478610010855
1841,FAMILY CARE PHARMACY #4054 (MO),retailer,0.16221449157946122,0.0,0.002816901408450704,0.0004600660210798051
1842,CVS PHARMACY #2402 (NV),retailer,0.16221356319301244,0.0,0.002816901408450704,0.0004600601064905007
1843,SUNRISE PHARMACY #4395 (WA),retailer,0.16221156640455037,0.0,0.002816901408450704,0.00046004738529697585
1844,HEALTH MART PHARMACY #4887 (IA),retailer,0.1622076915841044,0.0,0.002816901408450704,0.00046002269948688447
1845,PEOPLES PHARMACY #7931 (CA),retailer,0.16220442741686394,0.0,0.002816901408450704,0.00046000190404262383
1846,WALMART PHARMACY #1514 (HI),retailer,0.16219828982550222,0.0,0.002816901408450704,0.0004599628025108531
1847,MEDICO PHARMACY #7007 (WY),retailer,0.16219600910482698,0.0,0.002816901408450704,0.00045994827243436425
1848,HARRIS TEETER PHARMACY #1274 (WA),retailer,0.1621948270094974,0.0,0.002816901408450704,0.00045994074150971294
1849,RITE AID #4586 (MO),retailer,0.16219478627515296,0.0,0.002816901408450704,0.0004599404819982582
1850,WINN-DIXIE PHARMACY #9579 (CO),retailer,0.16219169778901688,0.0,0.002816901408450704,0.0004599208057878923
1851,SUNRISE PHARMACY #8418 (IA),retailer,0.1621909916296078,0.0,0.002816901408450704,0.0004599163069685765
1852,WINN-DIXIE PHARMACY #7481 (NV),retailer,0.16219072445767052,0.0,0.002816901408450704,0.000459914604862428
1853,PUBLIX PHARMACY #1683 (WA),retailer,0.16218869476537398,0.0,0.002816901408450704,0.0004599016740442715
1854,HARRIS TEETER PHARMACY #4515 (HI),retailer,0.16218359855549985,0.0,0.002816901408450704,0.0004598692069736309
1855,KROGER PHARMACY #1528 (NY),retailer,0.1621834059282513,0.0,0.002816901408450704,0.0004598679797787863
1856,HOMETOWN PHARMACY #1799 (WA),retailer,0.1621828493903672,0.0,0.002816901408450704,0.00045986443417229755
1857,WALMART PHARMACY #8760 (TX),retailer,0.16218235031228795,0.0,0.002816901408450704,0.0004598612546322758
1858,SUNRISE PHARMACY #4273 (OR),retailer,0.16218137597465815,0.0,0.002816901408450704,0.0004598550472959541
1859,QUALITY CARE PHARMACY #9347 (UT),retailer,0.1621800789375448,0.0,0.002816901408450704,0.00045984678409710184
1860,CVS PHARMACY #2875 (GA),retailer,0.16217899619933354,0.0,0.002816901408450704,0.0004598398861594466
1861,KROGER PHARMACY #2883 (MA),retailer,0.16217464524342845,0.0,0.002816901408450704,0.0004598121669727936
1862,RITE AID #9460 (WA),retailer,0.162170530954787,0.0,0.002816901408450704,0.00045978595555229543
1863,MEDICO PHARMACY #4569 (IA),retailer,0.1621693357508352,0.0,0.002816901408450704,0.0004597783411148819
1864,RITE AID #5935 (WA),retailer,0.16216895312510377,0.0,0.002816901408450704,0.00045977590347260277
1865,KROGER PHARMACY #6796 (MS),retailer,0.16216886859196844,0.0,0.002816901408450704,0.0004597753649266356
1866,WALMART PHARMACY #8317 (MO),retailer,0.1621683997233111,0.0,0.002816901408450704,0.00045977237784560984
1867,RITE AID #6273 (NE),retailer,0.16216742932035982,0.0,0.002816901408450704,0.0004597661955764437
1868,PUBLIX PHARMACY #3479 (AR),retailer,0.1621665308162799,0.0,0.002816901408450704,0.0004597604713625368
1869,SUNRISE PHARMACY #2370 (AZ),retailer,0.16216534609089828,0.0,0.002816901408450704,0.0004597529236822793
1870,MAIN STREET PHARMACY #1915 (AZ),retailer,0.16216524676337302,0.0,0.002816901408450704,0.0004597522908838157
1871,VILLAGE PHARMACY #8476 (MD),retailer,0.1621644218833794,0.0,0.002816901408450704,0.0004597470357162138
1872,PEOPLES PHARMACY #3633 (VT),retailer,0.16216214458010447,0.0,0.002816901408450704,0.0004597325274113906
1873,WINN-DIXIE PHARMACY #5871 (CO),retailer,0.16216075477252712,0.0,0.002816901408450704,0.0004597236731879763
1874,VILLAGE PHARMACY #8656 (TX),retailer,0.1621581635286612,0.0,0.002816901408450704,0.0004597071648220103
1875,KROGER PHARMACY #7522 (GA),retailer,0.1621575595933106,0.0,0.002816901408450704,0.0004597033172544702
1876,VILLAGE PHARMACY #9558 (MS),retailer,0.1621572435798549,0.0,0.002816901408450704,0.00045970130398746527
1877,VILLAGE PHARMACY #4138 (MN),retailer,0.16215698196864908,0.0,0.002816901408450704,0.00045969963730777393
1878,HEALTH MART PHARMACY #3463 (TX),retailer,0.16215654026550658,0.0,0.002816901408450704,0.00045969682329353913
1879,HARRIS TEETER PHARMACY #8035 (WY),retailer,0.1621539504998295,0.0,0.002816901408450704,0.0004596803243448584
1880,QUALITY CARE PHARMACY #9563 (GA),retailer,0.16215354359889875,0.0,0.002816901408450704,0.0004596777320494881
1881,HARRIS TEETER PHARMACY #9075 (MD),retailer,0.16215268971908114,0.0,0.002816901408450704,0.0004596722921290292
1882,PEOPLES PHARMACY #4981 (WY),retailer,0.16215208005751225,0.0,0.002816901408450704,0.00045966840808074383
1883,WINN-DIXIE PHARMACY #7362 (HI),retailer,0.16215154413070254,0.0,0.002816901408450704,0.0004596649937838411
1884,MEDICO PHARMACY #4572 (WA),retailer,0.1621509775104748,0.0,0.002816901408450704,0.00045966138394448703
1885,SUNRISE PHARMACY #9064 (MN),retailer,0.16214972272374845,0.0,0.002816901408450704,0.00045965338991553424
1886,WINN-DIXIE PHARMACY #5755 (MN),retailer,0.16214939008754223,0.0,0.002816901408450704,0.00045965127074786417
1887,WINN-DIXIE PHARMACY #7920 (WA),retailer,0.16214888817306866,0.0,0.002816901408450704,0.00045964807313766536
1888,WALGREENS #2542 (OR),retailer,0.16214802302508635,0.0,0.002816901408450704,0.0004596425614296805
1889,CVS PHARMACY #9946 (WY),retailer,0.16214666066488378,0.0,0.002816901408450704,0.0004596338820687383
1890,GOOD NEIGHBOR PHARMACY #9148 (MO),retailer,0.16214397727854926,0.0,0.002816901408450704,0.0004596167866790603
1891,VILLAGE PHARMACY #4822 (WA),retailer,0.1621427834984307,0.0,0.002816901408450704,0.00045960918131264164
1892,RITE AID #2098 (HI),retailer,0.16214277677412425,0.0,0.002816901408450704,0.0004596091384732498
1893,MEDICO PHARMACY #6805 (MO),retailer,0.16214244133791383,0.0,0.002816901408450704,0.000459607001467238
1894,COMMUNITY PHARMACY #6996 (MO),retailer,0.1621416738737616,0.0,0.002816901408450704,0.00045960211208601943
1895,CVS PHARMACY #2363 (AZ),retailer,0.1621402161050134,0.0,0.002816901408450704,0.000459592824893754
1896,RITE AID #9216 (HI),retailer,0.1621401994463446,0.0,0.002816901408450704,0.0004595927187642598
1897,RITE AID #9003 (WA),retailer,0.16213653644385218,0.0,0.002816901408450704,0.0004595693824096716
1898,WINN-DIXIE PHARMACY #8787 (DE),retailer,0.16213632328404184,0.0,0.002816901408450704,0.00045956802440543106
1899,COMMUNITY PHARMACY #3057 (VT),retailer,0.16213539370931934,0.0,0.002816901408450704,0.00045956210224584054
1900,CORNER DRUG STORE #6992 (CA),retailer,0.16213394138576576,0.0,0.002816901408450704,0.00045955284974396736
1901,MEDICO PHARMACY #9758 (NM),retailer,0.16213082893057706,0.0,0.002816901408450704,0.00045953302083091764
1902,KROGER PHARMACY #9281 (GA),retailer,0.16212913073456175,0.0,0.002816901408450704,0.00045952220191816656
1903,WALMART PHARMACY #5438 (AK),retailer,0.16212863082744677,0.0,0.002816901408450704,0.00045951901709650154
1904,CORNER DRUG STORE #9046 (AZ),retailer,0.16212722726578754,0.0,0.002816901408450704,0.0004595100752482135
1905,MEDICO PHARMACY #3359 (WY),retailer,0.16212651390951743,0.0,0.002816901408450704,0.00045950553057894246
1906,CORNER DRUG STORE #5511 (VT),retailer,0.16212485233974913,0.0,0.002816901408450704,0.0004594949450056686
1907,KROGER PHARMACY #3014 (VT),retailer,0.16212361590508922,0.0,0.002816901408450704,0.00045948706789455333
1908,CVS PHARMACY #3011 (GA),retailer,0.1621228560458377,0.0,0.002816901408450704,0.0004594822269628403
1909,HOMETOWN PHARMACY #1595 (SD),retailer,0.16212184562036208,0.0,0.002816901408450704,0.0004594757897171018
1910,WALMART PHARMACY #2304 (CA),retailer,0.16212082390306565,0.0,0.002816901408450704,0.0004594692805331284
1911,MAIN STREET PHARMACY #5225 (WA),retailer,0.16212047935747853,0.0,0.002816901408450704,0.0004594670854928551
1912,WINN-DIXIE PHARMACY #8098 (AZ),retailer,0.16211971931515098,0.0,0.002816901408450704,0.00045946224339479634
1913,HOMETOWN PHARMACY #7685 (GA),retailer,0.16211899338954183,0.0,0.002816901408450704,0.00045945761864844283
1914,RITE AID #4521 (MD),retailer,0.16211818011163537,0.0,0.002816901408450704,0.00045945243739572934
1915,VILLAGE PHARMACY #7380 (MS),retailer,0.16211539078676923,0.0,0.002816901408450704,0.0004594346670900109
1916,PEOPLES PHARMACY #6908 (AK),retailer,0.1621131459465803,0.0,0.002816901408450704,0.00045942036560188713
1917,WALMART PHARMACY #6000 (VT),retailer,0.16211217943846218,0.0,0.002816901408450704,0.0004594142081460287
1918,MEDICO PHARMACY #7617 (AK),retailer,0.16211212274435313,0.0,0.002816901408450704,0.00045941384695767716
1919,RITE AID #2024 (CO),retailer,0.16211092430564195,0.0,0.002816901408450704,0.00045940621191217166
1920,PEOPLES PHARMACY #3259 (MA),retailer,0.16211030726126907,0.0,0.002816901408450704,0.00045940228082932044
1921,PUBLIX PHARMACY #3384 (MT),retailer,0.16211026231108178,0.0,0.002816901408450704,0.0004594019944594609
1922,RITE AID #1051 (HI),retailer,0.1621032649065131,0.0,0.002816901408450704,0.0004593574152066354
1923,MAIN STREET PHARMACY #9320 (GA),retailer,0.16209982551335086,0.0,0.002816901408450704,0.0004593355034283692
1924,WINN-DIXIE PHARMACY #8116 (AK),retailer,0.16209980952786462,0.0,0.002816901408450704,0.0004593354015876046
1925,WALGREENS #3378 (GA),retailer,0.1620986656740167,0.0,0.002816901408450704,0.0004593281142928108
1926,WALMART PHARMACY #7336 (CO),retailer,0.16209860022941153,0.0,0.002816901408450704,0.00045932769735656365
1927,PUBLIX PHARMACY #7128 (GA),retailer,0.16209617832851986,0.0,0.002816901408450704,0.00045931226784536315
1928,WALMART PHARMACY #6539 (CO),retailer,0.16209363736802068,0.0,0.002816901408450704,0.0004592960798260195
1929,SUNRISE PHARMACY #9416 (VT),retailer,0.1620932591155026,0.0,0.002816901408450704,0.00045929367004472564
1930,HARRIS TEETER PHARMACY #2691 (TX),retailer,0.1620926883983513,0.0,0.002816901408450704,0.0004592900341045809
1931,CVS PHARMACY #5811 (MT),retailer,0.16209104364056925,0.0,0.002816901408450704,0.00045927955563756037
1932,HOMETOWN PHARMACY #4538 (AZ),retailer,0.16208687617657674,0.0,0.002816901408450704,0.0004592530054461086
1933,SUNRISE PHARMACY #8459 (GA),retailer,0.16208214255712391,0.0,0.002816901408450704,0.00045922284837625533
1934,HOMETOWN PHARMACY #8980 (OR),retailer,0.16207927315020748,0.0,0.002816901408450704,0.00045920456788166157
1935,MAIN STREET PHARMACY #1180 (AK),retailer,0.16207893898213216,0.0,0.002816901408450704,0.0004592024389547189
1936,MAIN STREET PHARMACY #4485 (HI),retailer,0.1620751045972114,0.0,0.002816901408450704,0.00045917801075235666
1937,HEALTH MART PHARMACY #1584 (GA),retailer,0.1620724549133536,0.0,0.002816901408450704,0.00045916113007532207
1938,MAIN STREET PHARMACY #3730 (AZ),retailer,0.16207138347285147,0.0,0.002816901408450704,0.00045915430411341525
1939,CORNER DRUG STORE #6778 (SC),retailer,0.1620707055607848,0.0,0.002816901408450704,0.0004591499852530267
1940,VILLAGE PHARMACY #8237 (VT),retailer,0.1620688521078413,0.0,0.002816901408450704,0.0004591381772252706
1941,KROGER PHARMACY #1033 (MS),retailer,0.16205377974034024,0.0,0.002816901408450704,0.0004590421537818758
1942,RITE AID #1037 (WA),retailer,0.14900980250417495,0.0,0.002347417840375587,0.0004715036361023425
1943,WINN-DIXIE PHARMACY #6261 (VT),retailer,0.14831156565638806,0.0,0.002347417840375587,0.00046705529005286375
1944,HOMETOWN PHARMACY #6892 (WY),retailer,0.14822519037039356,0.0,0.002347417840375587,0.0004665050080626707
1945,KROGER PHARMACY #5224 (NH),retailer,0.148183629404892,0.0,0.002347417840375587,0.0004662402303482212
1946,SUNRISE PHARMACY #4284 (TX),retailer,0.148163412452994,0.0,0.002347417840375587,0.0004661114316484778
1947,PEOPLES PHARMACY #1799 (VT),retailer,0.14753038656809148,0.0,0.002347417840375587,0.0004620785333515042
1948,HARRIS TEETER PHARMACY #9419 (IA),retailer,0.14751470341188094,0.0,0.002347417840375587,0.00046197861867900634
1949,CVS PHARMACY #1417 (IA),retailer,0.14747403011538057,0.0,0.002347417840375587,0.00046171949615005347
1950,CVS PHARMACY #1614 (UT),retailer,0.14742743872102856,0.0,0.002347417840375587,0.0004614226704444746
1951,PEOPLES PHARMACY #6415 (WY),retailer,0.14741087500543185,0.0,0.002347417840375587,0.0004613171458806064
1952,WINN-DIXIE PHARMACY #1725 (NM),retailer,0.14740869995886252,0.0,0.002347417840375587,0.0004613032890355478
1953,HARRIS TEETER PHARMACY #9121 (AK),retailer,0.14740512129468203,0.0,0.002347417840375587,0.0004612804899857408
1954,HEALTH MART PHARMACY #8461 (GA),retailer,0.14740451942961807,0.0,0.002347417840375587,0.0004612766556076382
1955,CVS PHARMACY #3168 (CO),retailer,0.14739366169767082,0.0,0.002347417840375587,0.000461207482877544
1956,WALMART PHARMACY #3253 (WY),retailer,0.14738877403558284,0.0,0.002347417840375587,0.00046117634442873655
1957,QUALITY CARE PHARMACY #5421 (WA),retailer,0.14735166174633865,0.0,0.002347417840375587,0.00046093990846038315
1958,RITE AID #5277 (TX),retailer,0.1473481447419881,0.0,0.002347417840375587,0.00046091750223467576
1959,RITE AID #2497 (VT),retailer,0.1473167629305976,0.0,0.002347417840375587,0.0004607175741484297
1960,CVS PHARMACY #5901 (GA),retailer,0.1473123284801481,0.0,0.002347417840375587,0.0004606893230324923
1961,HEALTH MART PHARMACY #3683 (MO),retailer,0.14730923835700385,0.0,0.002347417840375587,0.00046066963639303075
1962,KROGER PHARMACY #7125 (AK),retailer,0.14729194031292728,0.0,0.002347417840375587,0.000460559433549575
1963,MAIN STREET PHARMACY #4716 (MS),retailer,0.14729125954180225,0.0,0.002347417840375587,0.00046055509647462085
1964,QUALITY CARE PHARMACY #8747 (MN),retailer,0.1472833818864078,0.0,0.002347417840375587,0.0004605049092962098
1965,FAMILY CARE PHARMACY #4016 (NH),retailer,0.14727522559779996,0.0,0.002347417840375587,0.0004604529469938447
1966,WALMART PHARMACY #6480 (NM),retailer,0.1472724356457674,0.0,0.002347417840375587,0.0004604351726925576
1967,PEOPLES PHARMACY #1635 (SD),retailer,0.1472656143935968,0.0,0.002347417840375587,0.0004603917156761575
1968,GOOD NEIGHBOR PHARMACY #9173 (MA),retailer,0.14726499702177132,0.0,0.002347417840375587,0.00046038778250716235
1969,CVS PHARMACY #8908 (HI),retailer,0.14725443763106097,0.0,0.002347417840375587,0.0004603205104574271
1970,HOMETOWN PHARMACY #2775 (ID),retailer,0.14725431951942675,0.0,0.002347417840375587,0.00046031975798865795
1971,HOMETOWN PHARMACY #9727 (AK),retailer,0.14724409771247612,0.0,0.002347417840375587,0.00046025463662659937
1972,WALGREENS #2968 (NH),retailer,0.1472426531189122,0.0,0.002347417840375587,0.00046024543337115154
1973,CORNER DRUG STORE #4161 (MN),retailer,0.14723911872300724,0.0,0.002347417840375587,0.0004602229163468626
1974,GOOD NEIGHBOR PHARMACY #6661 (MS),retailer,0.14723873363448026,0.0,0.002347417840375587,0.00046022046301453964
1975,MAIN STREET PHARMACY #2760 (CA),retailer,0.14723032037358538,0.0,0.002347417840375587,0.00046016686358623174
1976,VILLAGE PHARMACY #1474 (RI),retailer,0.14722686608904104,0.0,0.002347417840375587,0.00046014485693754887
1977,CVS PHARMACY #8013 (MD),retailer,0.14721360245476026,0.0,0.002347417840375587,0.0004600603566202975
1978,HARRIS TEETER PHARMACY #2691 (WY),retailer,0.1471982803568312,0.0,0.002347417840375587,0.0004599627421875896
1979,PEOPLES PHARMACY #9817 (GA),retailer,0.14718532459875605,0.0,0.002347417840375587,0.00045988020329633194
1980,CVS PHARMACY #1577 (AR),retailer,0.14717977319312953,0.0,0.002347417840375587,0.00045984483625237523
1981,CORNER DRUG STORE #9365 (IA),retailer,0.14717438194314086,0.0,0.002347417840375587,0.0004598104895322548
1982,CVS PHARMACY #6846 (NH),retailer,0.1471655515119897,0.0,0.002347417840375587,0.00045975423238448176
1983,CORNER DRUG STORE #3499 (SD),retailer,0.14716547219896087,0.0,0.002347417840375587,0.00045975372709490894
1984,MEDICO PHARMACY #7495 (VT),retailer,0.14716281441939136,0.0,0.002347417840375587,0.00045973679484149696
1985,CVS PHARMACY #5479 (WA),retailer,0.14715829245329806,0.0,0.002347417840375587,0.0004597079861785472
1986,SUNRISE PHARMACY #6324 (HI),retailer,0.1471570226093195,0.0,0.002347417840375587,0.00045969989622244786
1987,WINN-DIXIE PHARMACY #1894 (WA),retailer,0.14715531865087134,0.0,0.002347417840375587,0.0004596890405982347
1988,MEDICO PHARMACY #6788 (TX),retailer,0.14715379105616394,0.0,0.002347417840375587,0.00045967930855687444
1989,WALMART PHARMACY #9226 (MS),retailer,0.1471534585012809,0.0,0.002347417840375587,0.0004596771899073003
1990,HARRIS TEETER PHARMACY #2772 (OR),retailer,0.14715274135151196,0.0,0.002347417840375587,0.0004596726210703052
1991,CVS PHARMACY #9632 (HI),retailer,0.14714116385424875,0.0,0.002347417840375587,0.0004595988628400186
1992,HARRIS TEETER PHARMACY #3996 (HI),retailer,0.14714082825466765,0.0,0.002347417840375587,0.00045959672479320033
1993,QUALITY CARE PHARMACY #6762 (GA),retailer,0.14713945763441996,0.0,0.002347417840375587,0.0004595879928089411
1994,WINN-DIXIE PHARMACY #9620 (WA),retailer,0.1471387816154933,0.0,0.002347417840375587,0.0004595836860094198
1995,WALMART PHARMACY #3667 (AK),retailer,0.14713858544029687,0.0,0.002347417840375587,0.00045958243621121336
1996,RITE AID #6586 (RI),retailer,0.14713786174194962,0.0,0.002347417840375587,0.0004595778256543598
1997,COMMUNITY PHARMACY #4559 (VT),retailer,0.14713737884465689,0.0,0.002347417840375587,0.000459574749199327
1998,GOOD NEIGHBOR PHARMACY #8856 (IA),retailer,0.14713529487318397,0.0,0.002347417840375587,0.00045956147257793673
1999,PEOPLES PHARMACY #7683 (AK),retailer,0.1471352445297392,0.0,0.002347417840375587,0.0004595611518485676
2000,CVS PHARMACY #5439 (SD),retailer,0.14713343675910223,0.0,0.002347417840375587,0.0004595496348548758
2001,HEALTH MART PHARMACY #5534 (VT),retailer,0.14712881995113736,0.0,0.002347417840375587,0.00045952022197078533
2002,HOMETOWN PHARMACY #4200 (VT),retailer,0.14712737177787444,0.0,0.002347417840375587,0.0004595109959096951
2003,KROGER PHARMACY #6848 (HI),retailer,0.14712692498583843,0.0,0.002347417840375587,0.0004595081494750009
2004,COMMUNITY PHARMACY #1313 (NH),retailer,0.147125242159008,0.0,0.002347417840375587,0.00045949742847666513
2005,CVS PHARMACY #5795 (HI),retailer,0.14711630124941172,0.0,0.002347417840375587,0.000459440467489849
2006,QUALITY CARE PHARMACY #1459 (NH),retailer,0.14711556579213197,0.0,0.002347417840375587,0.0004594357820188726
2007,MAIN STREET PHARMACY #7262 (MO),retailer,0.14711390686118406,0.0,0.002347417840375587,0.0004594252132570665
2008,KROGER PHARMACY #4710 (NH),retailer,0.14711082524742358,0.0,0.002347417840375587,0.0004594055808294155
2009,KROGER PHARMACY #5987 (NM),retailer,0.14710967427605953,0.0,0.002347417840375587,0.00045939824819015915
2010,PEOPLES PHARMACY #3058 (DE),retailer,0.14710549150146843,0.0,0.002347417840375587,0.00045937160045753496
2011,CORNER DRUG STORE #3405 (VT),retailer,0.1471036331986461,0.0,0.002347417840375587,0.00045935976153204045
2012,COMMUNITY PHARMACY #9193 (MD),retailer,0.14710343883922078,0.0,0.002347417840375587,0.00045935852330179745
2013,WALGREENS #4290 (MD),retailer,0.14710294677704958,0.0,0.002347417840375587,0.0004593553884589109
2014,HOMETOWN PHARMACY #8828 (WY),retailer,0.14710286460781852,0.0,0.002347417840375587,0.00045935486497296834
2015,KROGER PHARMACY #6480 (MD),retailer,0.1471025948836754,0.0,0.002347417840375587,0.00045935314660715845
2016,WALMART PHARMACY #6144 (AZ),retailer,0.1471013276623723,0.0,0.002347417840375587,0.0004593450733596703
2017,WALMART PHARMACY #6353 (HI),retailer,0.14710110785144176,0.0,0.002347417840375587,0.0004593436729822946
2018,MAIN STREET PHARMACY #7321 (WY),retailer,0.14710055866487134,0.0,0.002347417840375587,0.0004593401742097525
2019,HARRIS TEETER PHARMACY #1401 (HI),retailer,0.1471000393917577,0.0,0.002347417840375587,0.0004593368660106636
2020,GOOD NEIGHBOR PHARMACY #1581 (OR),retailer,0.14709924861311446,0.0,0.002347417840375587,0.0004593318280968601
2021,FAMILY CARE PHARMACY #9324 (MD),retailer,0.1470987153057201,0.0,0.002347417840375587,0.00045932843048779884
2022,GOOD NEIGHBOR PHARMACY #2493 (HI),retailer,0.14709697373394187,0.0,0.002347417840375587,0.000459317335235573
2023,QUALITY CARE PHARMACY #2945 (MO),retailer,0.1470940564159395,0.0,0.002347417840375587,0.00045929874950774723
2024,HARRIS TEETER PHARMACY #3659 (AK),retailer,0.1470902114259619,0.0,0.002347417840375587,0.00045927425374240444
2025,FAMILY CARE PHARMACY #5262 (AZ),retailer,0.14708730697275224,0.0,0.002347417840375587,0.0004592557499739453
2026,SUNRISE PHARMACY #3953 (MN),retailer,0.14708431502160485,0.0,0.002347417840375587,0.0004592366887712761
2027,HEALTH MART PHARMACY #5354 (WA),retailer,0.14708201021120054,0.0,0.002347417840375587,0.00045922200522329474
2028,PEOPLES PHARMACY #2281 (TX),retailer,0.14707927815296143,0.0,0.002347417840375587,0.00045920459975334085
2029,MEDICO PHARMACY #9904 (TX),retailer,0.1470724172914502,0.0,0.002347417840375587,0.00045916089039269015
2030,WALGREENS #8149 (HI),retailer,0.14707164801459888,0.0,0.002347417840375587,0.00045915598946307955
2031,HEALTH MART PHARMACY #6276 (WY),retailer,0.14706948054460442,0.0,0.002347417840375587,0.0004591421808870673
2032,HEALTH MART PHARMACY #8822 (AR),retailer,0.14706854817564174,0.0,0.002347417840375587,0.00045913624092585654
2033,KROGER PHARMACY #2600 (VT),retailer,0.14706792876255148,0.0,0.002347417840375587,0.00045913229475231707
2034,HOMETOWN PHARMACY #6572 (WA),retailer,0.14706661129347415,0.0,0.002347417840375587,0.00045912390138496035
2035,PUBLIX PHARMACY #7037 (AK),retailer,0.14706470928454615,0.0,0.002347417840375587,0.0004591117840154349
2036,KROGER PHARMACY #8362 (MO),retailer,0.14705841466714015,0.0,0.002347417840375587,0.0004590716820979268
2037,MEDICO PHARMACY #6108 (SC),retailer,0.13368842829512992,0.0,0.0018779342723004694,0.00046945621666617137
2038,CORNER DRUG STORE #3580 (SD),retailer,0.13245417467278375,0.0,0.0018779342723004694,0.0004615930005634682
2039,HEALTH MART PHARMACY #6466 (NM),retailer,0.13233500935363174,0.0,0.0018779342723004694,0.0004608338189500016
2040,HARRIS TEETER PHARMACY #5905 (MO),retailer,0.13227479190257543,0.0,0.0018779342723004694,0.00046045018399666876
2041,MEDICO PHARMACY #1782 (MN),retailer,0.13226998325897196,0.0,0.0018779342723004694,0.00046041954896094316
2042,HARRIS TEETER PHARMACY #2529 (HI),retailer,0.13226826875303602,0.0,0.0018779342723004694,0.00046040862614051177
2043,WALGREENS #3665 (WY),retailer,0.13223608070317755,0.0,0.0018779342723004694,0.0004602035616485959
2044,RITE AID #9871 (MO),retailer,0.13222906872454385,0.0,0.0018779342723004694,0.00046015888954692555
2045,KROGER PHARMACY #6532 (TX),retailer,0.1322155025165826,0.0,0.0018779342723004694,0.00046007246158514994
2046,HEALTH MART PHARMACY #8816 (AR),retailer,0.13221332042564904,0.0,0.0018779342723004694,0.0004600585598616666
2047,COMMUNITY PHARMACY #4144 (GA),retailer,0.13220908871946382,0.0,0.0018779342723004694,0.0004600316003943293
2048,WALGREENS #7433 (SD),retailer,0.1321928919746083,0.0,0.0018779342723004694,0.00045992841373750803
2049,CORNER DRUG STORE #3383 (OR),retailer,0.1321910923800949,0.0,0.0018779342723004694,0.0004599169488324839
2050,QUALITY CARE PHARMACY #2449 (MD),retailer,0.13218766785319638,0.0,0.0018779342723004694,0.00045989513176460974
2051,COMMUNITY PHARMACY #1653 (HI),retailer,0.13218678496064737,0.0,0.0018779342723004694,0.0004598895070090631
2052,MAIN STREET PHARMACY #1103 (AK),retailer,0.13218610431788305,0.0,0.0018779342723004694,0.0004598851707518727
2053,VILLAGE PHARMACY #1823 (TX),retailer,0.1321817546856139,0.0,0.0018779342723004694,0.00045985745999787517
2054,MEDICO PHARMACY #8884 (GA),retailer,0.13217258307880989,0.0,0.0018779342723004694,0.0004597990292790963
2055,HARRIS TEETER PHARMACY #3549 (MO),retailer,0.13217106493508565,0.0,0.0018779342723004694,0.0004597893574483133
2056,FAMILY CARE PHARMACY #1314 (MO),retailer,0.1321693841464807,0.0,0.0018779342723004694,0.0004597786494351589
2057,FAMILY CARE PHARMACY #2266 (CO),retailer,0.1321682495919574,0.0,0.0018779342723004694,0.0004597714213847522
2058,WALGREENS #8194 (VT),retailer,0.13216034190693465,0.0,0.0018779342723004694,0.0004597210428927794
2059,CORNER DRUG STORE #7186 (NM),retailer,0.13215919440230667,0.0,0.0018779342723004694,0.0004597137323394981
2060,MAIN STREET PHARMACY #6506 (GA),retailer,0.13215277060903655,0.0,0.0018779342723004694,0.0004596728074649282
2061,QUALITY CARE PHARMACY #3743 (DE),retailer,0.13215061499068856,0.0,0.0018779342723004694,0.0004596590743937033
2062,MAIN STREET PHARMACY #9801 (GA),retailer,0.13213768003574447,0.0,0.0018779342723004694,0.00045957666803559126
2063,QUALITY CARE PHARMACY #1376 (GA),retailer,0.13212918471590807,0.0,0.0018779342723004694,0.00045952254582397637
2064,QUALITY CARE PHARMACY #6888 (MO),retailer,0.1321205071902777,0.0,0.0018779342723004694,0.00045946726281079913
2065,CORNER DRUG STORE #2806 (IA),retailer,0.13211729140066045,0.0,0.0018779342723004694,0.0004594467755719986
2066,PEOPLES PHARMACY #4886 (MD),retailer,0.13211710836478877,0.0,0.0018779342723004694,0.00045944560948215496
2067,HOMETOWN PHARMACY #2625 (KS),retailer,0.13211536100515914,0.0,0.0018779342723004694,0.00045943447735653006
2068,FAMILY CARE PHARMACY #3071 (GA),retailer,0.1321146229289194,0.0,0.0018779342723004694,0.0004594297752006131
2069,PEOPLES PHARMACY #4074 (HI),retailer,0.13211444964567345,0.0,0.0018779342723004694,0.0004594286712430592
2070,HEALTH MART PHARMACY #7050 (UT),retailer,0.13210520392819816,0.0,0.0018779342723004694,0.0004593697683780268
2071,PUBLIX PHARMACY #4758 (VT),retailer,0.13209995645406888,0.0,0.0018779342723004694,0.00045933633762900984
2072,KROGER PHARMACY #2920 (MT),retailer,0.13209222551838473,0.0,0.0018779342723004694,0.00045928708517646696
2073,SUNRISE PHARMACY #4061 (MN),retailer,0.13209012617562776,0.0,0.0018779342723004694,0.00045927371062728765
2074,HARRIS TEETER PHARMACY #9763 (MN),retailer,0.13208867391937368,0.0,0.0018779342723004694,0.00045926445855416786
2075,PEOPLES PHARMACY #5036 (IA),retailer,0.13208805876779542,0.0,0.0018779342723004694,0.0004592605395299833
2076,GOOD NEIGHBOR PHARMACY #1038 (OR),retailer,0.13208018183739748,0.0,0.0018779342723004694,0.0004592103569703994
2077,PUBLIX PHARMACY #9368 (GA),retailer,0.13207743869406832,0.0,0.0018779342723004694,0.00045919288087925634
2078,CORNER DRUG STORE #4176 (MO),retailer,0.13207147476459347,0.0,0.0018779342723004694,0.0004591548857172953
2079,PUBLIX PHARMACY #3388 (WA),retailer,0.1320696500440794,0.0,0.0018779342723004694,0.00045914326073887154
2080,COMMUNITY PHARMACY #2840 (VT),retailer,0.13205968322546618,0.0,0.0018779342723004694,0.0004590797638633565
2081,VILLAGE PHARMACY #8732 (AK),retailer,0.13205588565546056,0.0,0.0018779342723004694,0.0004590555702024438
2082,CORNER DRUG STORE #5006 (NH),retailer,0.1320507990677638,0.0,0.0018779342723004694,0.000459023164433029
2083,WALMART PHARMACY #6731 (MD),retailer,0.13204854816419,0.0,0.0018779342723004694,0.00045900882431613055
2084,MEDICO PHARMACY #9464 (WA),retailer,0.1320481193111406,0.0,0.0018779342723004694,0.0004590060921676136
2085,PUBLIX PHARMACY #2736 (ME),retailer,0.13204586903639792,0.0,0.0018779342723004694,0.0004589917560568889
2086,PEOPLES PHARMACY #1277 (WY),retailer,0.1320448287945692,0.0,0.0018779342723004694,0.0004589851288563281
2087,CORNER DRUG STORE #2658 (AK),retailer,0.11734040323406782,0.0,0.001408450704225352,0.00046086818242824706
2088,WINN-DIXIE PHARMACY #6825 (IA),retailer,0.11726242416858618,0.0,0.001408450704225352,0.000460371391305039
2089,FAMILY CARE PHARMACY #4323 (MN),retailer,0.11716179895040998,0.0,0.001408450704225352,0.0004597303254644567
2090,WALMART PHARMACY #2686 (MN),retailer,0.11716065998092495,0.0,0.001408450704225352,0.00045972306928709336
2091,KROGER PHARMACY #6620 (WA),retailer,0.11711444380042757,0.0,0.001408450704225352,0.00045942863400400967
2092,SUNRISE PHARMACY #1866 (GA),retailer,0.11710521988017242,0.0,0.001408450704225352,0.0004593698700052924
2093,VILLAGE PHARMACY #5123 (IA),retailer,0.11709942167559546,0.0,0.001408450704225352,0.0004593329306479587
2094,VILLAGE PHARMACY #9734 (MT),retailer,0.11709783807599394,0.0,0.001408450704225352,0.00045932284180911603
2095,GOOD NEIGHBOR PHARMACY #2962 (NM),retailer,0.11709529057060118,0.0,0.001408450704225352,0.00045930661209338865
2096,WINN-DIXIE PHARMACY #9398 (MS),retailer,0.11709032363847882,0.0,0.001408450704225352,0.00045927496862891874
2097,HEALTH MART PHARMACY #3485 (MD),retailer,0.11707277570087384,0.0,0.001408450704225352,0.0004591631737570654
2098,PUBLIX PHARMACY #2623 (MD),retailer,0.11706585799693323,0.0,0.001408450704225352,0.00045911910226314003
2099,MAIN STREET PHARMACY #1302 (GA),retailer,0.11705977599584763,0.0,0.001408450704225352,0.0004590803548873924
2100,FAMILY CARE PHARMACY #3405 (WA),retailer,0.11705226884319134,0.0,0.001408450704225352,0.0004590325281177693
2101,HEALTH MART PHARMACY #5956 (HI),retailer,0.11704272823402764,0.0,0.001408450704225352,0.00045897174654885406
2102,MEDICO PHARMACY #6616 (WY),retailer,0.11704191780518605,0.0,0.001408450704225352,0.0004589665834470394
2103,CORNER DRUG STORE #6008 (HI),retailer,0.11703509222759659,0.0,0.001408450704225352,0.0004589230988741445
2104,HEALTH MART PHARMACY #8164 (MO),retailer,0.1030838433861428,0.0,0.0009389671361502347,0.0004656045109018713
2105,HEALTH MART PHARMACY #4578 (MN),retailer,0.10206218016422164,0.0,0.0009389671361502347,0.0004590956714277937
2106,HOMETOWN PHARMACY #5099 (MD),retailer,0.10206181640623459,0.0,0.0009389671361502347,0.00045909335398864714
2107,HOMETOWN PHARMACY #2224 (MN),retailer,0.10204825367739774,0.0,0.0009389671361502347,0.0004590069481917706
2108,PUBLIX PHARMACY #4907 (MD),retailer,0.10204540864410795,0.0,0.0009389671361502347,0.0004589888229773317
2109,WINN-DIXIE PHARMACY #1542 (VT),retailer,0.10203728763559042,0.0,0.0009389671361502347,0.000458937085438313
2110,MAIN STREET PHARMACY #2648 (MO),retailer,0.08704056325584932,0.0,0.00046948356807511736,0.0004589579538477709
2111,HARRIS TEETER PHARMACY #5982 (VT),retailer,0.08702672975553644,0.0,0.00046948356807511736,0.00045886982301270783
2112,MALLINCKRODT LLC,manufacturer,0.07201785230790397,0.0,0.0,0.000458813266331074
2113,ACTAVIS PHARMA INC,manufacturer,0.07201785230790397,0.0,0.0,0.000458813266331074
2114,AMNEAL PHARMACEUTICALS LLC,manufacturer,0.07201785230790397,0.0,0.0,0.000458813266331074
2115,CADISTA PHARMACEUTICALS INC,manufacturer,0.07201785230790397,0.0,0.0,0.000458813266331074
2116,ENDO PHARMACEUTICALS INC,manufacturer,0.07201785230790397,0.0,0.0,0.000458813266331074
2117,HIKMA PHARMACEUTICALS,manufacturer,0.07201785230790397,0.0,0.0,0.000458813266331074
2118,IMPAX LABORATORIES INC,manufacturer,0.07201785230790397,0.0,0.0,0.000458813266331074
2119,JANSSEN PHARMACEUTICALS INC,manufacturer,0.07201785230790397,0.0,0.0,0.000458813266331074
2120,LANNETT COMPANY INC,manufacturer,0.07201785230790397,0.0,0.0,0.000458813266331074
2121,MYLAN PHARMACEUTICALS INC,manufacturer,0.07201785230790397,0.0,0.0,0.000458813266331074
2122,WATSON LABORATORIES INC,manufacturer,0.07201785230790397,0.0,0.0,0.000458813266331074
2123,PAR PHARMACEUTICAL INC,manufacturer,0.07201785230790397,0.0,0.0,0.000458813266331074
2124,PURDUE PHARMA LP,manufacturer,0.07201785230790397,0.0,0.0,0.000458813266331074
2125,QUALITEST PHARMACEUTICALS,manufacturer,0.07201785230790397,0.0,0.0,0.000458813266331074
2126,RHODES TECHNOLOGIES,manufacturer,0.07201785230790397,0.0,0.0,0.000458813266331074
2127,SANDOZ INC,manufacturer,0.07201785230790397,0.0,0.0,0.000458813266331074
2128,SUN PHARMA GLOBAL INC,manufacturer,0.07201785230790397,0.0,0.0,0.000458813266331074
2129,TEVA PHARMACEUTICALS USA INC,manufacturer,0.07201785230790397,0.0,0.0,0.000458813266331074
2130,VINTAGE PHARMACEUTICALS LLC,manufacturer,0.07201785230790397,0.0,0.0,0.000458813266331074
2131,ABBOTT LABORATORIES,manufacturer,0.07201785230790397,0.0,0.0,0.000458813266331074
