src,dst,product
Fitness,Indonesia,Sporting Goods
Fitness,India,Sporting Goods
Fitness,Australia,Sporting Goods
Fitness,China,Sporting Goods
Fitness,Japón,Sporting Goods
Fitness,Corea del Sur,Sporting Goods
Fitness,Singapur,Sporting Goods
Apparel,India,Cleats
Golf,Turquía,Shop By Sport
Golf,Australia,Women's Apparel
Golf,Mongolia,Women's Apparel
Golf,Turquía,Women's Apparel
Golf,India,Women's Apparel
Footwear,Estados Unidos,Electronics
Footwear,Estados Unidos,Boxing & MMA
Apparel,Estados Unidos,Cleats
Footwear,Nigeria,Cardio Equipment
Golf,República Democrática del Congo,Shop By Sport
Outdoors,Senegal,Trade-In
Outdoors,Marruecos,Electronics
Footwear,Alemania,Cardio Equipment
Footwear,Francia,Cardio Equipment
Apparel,Países Bajos,Cleats
Apparel,Reino Unido,Cleats
Apparel,Francia,Cleats
Golf,Francia,Women's Apparel
Golf,Reino Unido,Shop By Sport
Golf,Alemania,Women's Apparel
Outdoors,Francia,Trade-In
Footwear,Guatemala,Cardio Equipment
Apparel,El Salvador,Cleats
Apparel,Panamá,Cleats
Apparel,República Dominicana,Cleats
Apparel,Venezuela,Cleats
Apparel,Colombia,Cleats
Golf,El Salvador,Women's Apparel
Golf,Honduras,Shop By Sport
Golf,Brasil,Women's Apparel
Golf,República Dominicana,Women's Apparel
Golf,México,Women's Apparel
Golf,Brasil,Shop By Sport
Golf,Uruguay,Women's Apparel
Golf,Argentina,Shop By Sport
Golf,Cuba,Shop By Sport
Golf,Panamá,Shop By Sport
Golf,Honduras,Women's Apparel
Golf,Perú,Women's Apparel
Golf,Cuba,Women's Apparel
Golf,Nicaragua,Shop By Sport
Golf,Argentina,Women's Apparel
Outdoors,El Salvador,Electronics
Outdoors,México,Electronics
Outdoors,Guatemala,Kids' Golf Clubs
Fan Shop,Cuba,Hunting & Shooting
Fitness,Argentina,Baseball & Softball
Footwear,Ecuador,Cardio Equipment
Footwear,Nicaragua,Cardio Equipment
Footwear,Venezuela,Cardio Equipment
Footwear,Panamá,Cardio Equipment
Footwear,Brasil,Cardio Equipment
Footwear,Brasil,Boxing & MMA
Apparel,Nicaragua,Cleats
Apparel,México,Cleats
Apparel,Argentina,Cleats
Apparel,Honduras,Cleats
Footwear,Angola,Cardio Equipment
Apparel,Sudán,Men's Footwear
Apparel,Somalia,Men's Footwear
Apparel,Marruecos,Men's Footwear
Apparel,Sudán,Cleats
Apparel,Costa de Marfil,Men's Footwear
Fan Shop,Egipto,Camping & Hiking
Fan Shop,Marruecos,Camping & Hiking
Technology,Italia,Consumer Electronics
Technology,Alemania,Cameras
Technology,Francia,Consumer Electronics
Technology,Alemania,Consumer Electronics
Technology,Italia,Cameras
Technology,Reino Unido,Computers
Technology,Francia,Cameras
Technology,Reino Unido,Consumer Electronics
Technology,España,Consumer Electronics
Technology,Francia,Computers
Technology,España,Cameras
Technology,Reino Unido,Cameras
Fitness,Francia,Basketball
Fitness,España,Soccer
Fitness,Suecia,Baseball & Softball
Footwear,Reino Unido,Electronics
Footwear,Reino Unido,Cardio Equipment
Footwear,Países Bajos,Electronics
Footwear,Austria,Cardio Equipment
Footwear,Estados Unidos,Cardio Equipment
Golf,Estados Unidos,Shop By Sport
Golf,Estados Unidos,Girls' Apparel
Golf,Canada,Women's Apparel
Golf,Estados Unidos,Women's Apparel
Golf,Canada,Shop By Sport
Outdoors,Estados Unidos,Accessories
Outdoors,Estados Unidos,Trade-In
Apparel,Madagascar,Cleats
Apparel,Argelia,Cleats
Golf,Liberia,Women's Apparel
Golf,Liberia,Shop By Sport
Golf,Sudán,Women's Apparel
Outdoors,Costa de Marfil,Accessories
Footwear,Zambia,Cardio Equipment
Apparel,Marruecos,Cleats
Apparel,Egipto,Cleats
Apparel,Senegal,Cleats
Golf,Costa de Marfil,Women's Apparel
Golf,Egipto,Women's Apparel
Golf,Níger,Shop By Sport
Golf,Marruecos,Shop By Sport
Golf,SudAfrica,Girls' Apparel
Golf,Marruecos,Women's Apparel
Golf,Nigeria,Women's Apparel
Outdoors,Nigeria,Accessories
Footwear,Mozambique,Cardio Equipment
Footwear,SudAfrica,Cardio Equipment
Footwear,Tanzania,Cardio Equipment
Footwear,Somalia,Cardio Equipment
Footwear,Ruanda,Cardio Equipment
Footwear,Egipto,Cardio Equipment
Apparel,Turquía,Men's Footwear
Apparel,Israel,Men's Footwear
Apparel,Australia,Cleats
Apparel,Australia,Men's Footwear
Apparel,Nueva Zelanda,Men's Footwear
Apparel,Australia,Women's Clothing
Apparel,Bangladés,Men's Footwear
Apparel,India,Men's Footwear
Apparel,Tailandia,Men's Footwear
Apparel,Irak,Cleats
Apparel,Arabia Saudí,Men's Footwear
Apparel,China,Crafts
Apparel,China,Men's Footwear
Apparel,Filipinas,Men's Footwear
Apparel,Kazajistán,Men's Footwear
Apparel,China,Women's Clothing
Apparel,Irán,Men's Footwear
Apparel,India,Women's Clothing
Apparel,Indonesia,Crafts
Apparel,Indonesia,Men's Footwear
Apparel,Myanmar (Birmania),Women's Clothing
Apparel,Irak,Men's Footwear
Apparel,Uzbekistán,Men's Footwear
Apparel,China,Cleats
Apparel,China,Men's Clothing
Golf,Benín,Women's Apparel
Golf,Nigeria,Shop By Sport
Golf,Camerún,Women's Apparel
Golf,Angola,Women's Apparel
Golf,Kenia,Women's Apparel
Golf,Zambia,Women's Apparel
Golf,Togo,Women's Apparel
Outdoors,SudAfrica,Accessories
Outdoors,Senegal,Accessories
Outdoors,Madagascar,Accessories
Outdoors,Togo,Trade-In
Outdoors,Nigeria,Trade-In
Outdoors,Argelia,Electronics
Fan Shop,Marruecos,Hunting & Shooting
Fitness,Benín,Tennis & Racquet
Footwear,Sudán,Cardio Equipment
Apparel,Tanzania,Cleats
Golf,Egipto,Shop By Sport
Golf,SudAfrica,Women's Apparel
Outdoors,SudAfrica,Electronics
Fitness,Francia,Baseball & Softball
Footwear,Ucrania,Fitness Accessories
Footwear,España,Electronics
Footwear,Alemania,Electronics
Footwear,Italia,Cardio Equipment
Footwear,Polonia,Cardio Equipment
Footwear,España,Cardio Equipment
Footwear,Francia,Fitness Accessories
Footwear,Portugal,Fitness Accessories
Footwear,Reino Unido,As Seen on  TV!
Footwear,Rumania,Cardio Equipment
Apparel,Brasil,Cleats
Golf,Colombia,Shop By Sport
Golf,México,Shop By Sport
Golf,Trinidad y Tobago,Shop By Sport
Golf,Guatemala,Shop By Sport
Golf,México,Girls' Apparel
Golf,Panamá,Girls' Apparel
Golf,Venezuela,Shop By Sport
Golf,Guatemala,Women's Apparel
Golf,El Salvador,Girls' Apparel
Outdoors,Guatemala,Electronics
Outdoors,Brasil,Accessories
Outdoors,Brasil,Golf Balls
Outdoors,Colombia,Electronics
Fitness,Afganistán,Sporting Goods
Fitness,Pakistán,Sporting Goods
Fitness,Vietnam,Sporting Goods
Fitness,Filipinas,Sporting Goods
Fitness,Tailandia,Sporting Goods
Fitness,Bangladés,Sporting Goods
Fitness,Malasia,Sporting Goods
Golf,Nicaragua,Women's Apparel
Footwear,Arabia Saudí,Cardio Equipment
Golf,Nueva Zelanda,Shop By Sport
Footwear,Turquía,Cardio Equipment
Apparel,Indonesia,Cleats
Apparel,Mongolia,Cleats
Golf,Indonesia,Women's Apparel
Golf,Australia,Shop By Sport
Outdoors,Australia,Trade-In
Outdoors,India,Trade-In
Fitness,Estados Unidos,Tennis & Racquet
Footwear,Francia,Electronics
Apparel,Alemania,Cleats
Golf,Francia,Shop By Sport
Golf,Rumania,Women's Apparel
Golf,Reino Unido,Women's Apparel
Golf,Ucrania,Shop By Sport
Outdoors,Ucrania,Accessories
Footwear,República Dominicana,Cardio Equipment
Footwear,México,Cardio Equipment
Outdoors,Brasil,Electronics
Outdoors,China,Accessories
Apparel,Nueva Zelanda,Cleats
Apparel,Irán,Cleats
Golf,Vietnam,Shop By Sport
Golf,Myanmar (Birmania),Women's Apparel
Golf,Japón,Shop By Sport
Outdoors,Australia,Accessories
Footwear,República Democrática del Congo,Cardio Equipment
Apparel,Austria,Cleats
Golf,Italia,Girls' Apparel
Golf,Países Bajos,Women's Apparel
Golf,Francia,Girls' Apparel
Outdoors,Rumania,Golf Balls
Footwear,México,Electronics
Footwear,Países Bajos,Strength Training
Footwear,Finlandia,Electronics
Apparel,Italia,Crafts
Apparel,Italia,Men's Footwear
Apparel,Francia,Men's Footwear
Apparel,Alemania,Men's Footwear
Apparel,Rusia,Cleats
Apparel,Reino Unido,Crafts
Apparel,Reino Unido,Men's Footwear
Apparel,Finlandia,Men's Footwear
Apparel,España,Men's Footwear
Apparel,Francia,Crafts
Apparel,Italia,Cleats
Apparel,Países Bajos,Men's Footwear
Apparel,Polonia,Men's Footwear
Apparel,Suecia,Cleats
Apparel,Irlanda,Men's Footwear
Apparel,Suecia,Men's Footwear
Apparel,Noruega,Men's Footwear
Apparel,Eslovaquia,Men's Footwear
Apparel,España,Cleats
Apparel,Bélgica,Men's Footwear
Apparel,Ucrania,Cleats
Apparel,Alemania,Children's Clothing
Apparel,Ecuador,Cleats
Apparel,Guatemala,Cleats
Golf,Perú,Girls' Apparel
Golf,Bolivia,Women's Apparel
Golf,Nicaragua,Girls' Apparel
Golf,El Salvador,Shop By Sport
Golf,Venezuela,Women's Apparel
Golf,Chile,Girls' Apparel
Outdoors,Honduras,Electronics
Outdoors,Jamaica,Electronics
Outdoors,México,Accessories
Outdoors,El Salvador,Accessories
Outdoors,México,Trade-In
Apparel,Cuba,Cleats
Apparel,Perú,Cleats
Golf,Brasil,Girls' Apparel
Golf,Guatemala,Girls' Apparel
Footwear,India,Cardio Equipment
Footwear,China,Cardio Equipment
Footwear,Nueva Zelanda,Cardio Equipment
Fitness,Nueva Zelanda,Baseball & Softball
Footwear,China,Electronics
Footwear,Australia,Cardio Equipment
Footwear,Filipinas,Cardio Equipment
Footwear,Irak,Cardio Equipment
Footwear,Irán,Electronics
Apparel,Vietnam,Cleats
Apparel,Turquía,Cleats
Apparel,Bangladés,Cleats
Apparel,Filipinas,Cleats
Golf,Irak,Women's Apparel
Golf,China,Shop By Sport
Golf,Yemen,Women's Apparel
Golf,China,Women's Apparel
Golf,Japón,Women's Apparel
Golf,Filipinas,Women's Apparel
Footwear,Marruecos,Cardio Equipment
Apparel,Ghana,Cleats
Apparel,Costa de Marfil,Cleats
Apparel,Kenia,Cleats
Golf,Sudán,Shop By Sport
Golf,Argelia,Women's Apparel
Golf,República Democrática del Congo,Women's Apparel
Golf,Costa de Marfil,Shop By Sport
Outdoors,Somalia,Golf Balls
Fitness,Angola,Tennis & Racquet
Golf,Guinea,Shop By Sport
Golf,Marruecos,Girls' Apparel
Golf,Etiopía,Shop By Sport
Outdoors,Tanzania,Electronics
Footwear,Países Bajos,Cardio Equipment
Golf,Bélgica,Women's Apparel
Golf,Italia,Shop By Sport
Golf,Italia,Women's Apparel
Golf,Finlandia,Shop By Sport
Outdoors,Bulgaria,Accessories
Fitness,España,Lacrosse
Footwear,Ucrania,Electronics
Footwear,Bélgica,Cardio Equipment
Apparel,Japón,Men's Footwear
Apparel,Corea del Sur,Men's Footwear
Apparel,India,Children's Clothing
Apparel,Vietnam,Men's Footwear
Apparel,Kirguistán,Men's Footwear
Apparel,Australia,Men's Clothing
Apparel,India,Men's Clothing
Apparel,Pakistán,Women's Clothing
Apparel,Arabia Saudí,Cleats
Apparel,Georgia,Men's Footwear
Apparel,Japón,Cleats
Apparel,India,Baby
Apparel,Nepal,Men's Clothing
Apparel,Indonesia,Children's Clothing
Footwear,Irlanda,Cardio Equipment
Footwear,Ucrania,Cardio Equipment
Apparel,Bélgica,Cleats
Apparel,Polonia,Cleats
Outdoors,Chile,Accessories
Outdoors,Cuba,Trade-In
Footwear,Honduras,Cardio Equipment
Outdoors,Israel,Accessories
Footwear,Kazajistán,Cardio Equipment
Footwear,Indonesia,Boxing & MMA
Footwear,Indonesia,Cardio Equipment
Footwear,Vietnam,Cardio Equipment
Footwear,China,Boxing & MMA
Apparel,Corea del Sur,Cleats
Golf,Tailandia,Women's Apparel
Golf,Corea del Sur,Women's Apparel
Golf,Turquía,Girls' Apparel
Outdoors,Pakistán,Electronics
Outdoors,Turquía,Electronics
Outdoors,Pakistán,Golf Balls
Outdoors,China,Golf Balls
Outdoors,India,Electronics
Fitness,Indonesia,Baseball & Softball
Footwear,Mongolia,Cardio Equipment
Footwear,Nueva Zelanda,Electronics
Footwear,Japón,Cardio Equipment
Apparel,Pakistán,Cleats
Golf,Kazajistán,Shop By Sport
Golf,Emiratos Árabes Unidos,Women's Apparel
Golf,Corea del Sur,Shop By Sport
Golf,Filipinas,Girls' Apparel
Golf,Kazajistán,Women's Apparel
Golf,Nueva Zelanda,Women's Apparel
Golf,Pakistán,Women's Apparel
Fitness,Myanmar (Birmania),Sporting Goods
Fitness,Camboya,Sporting Goods
Fitness,Mongolia,Sporting Goods
Golf,República Dominicana,Shop By Sport
Golf,Afganistán,Women's Apparel
Apparel,Angola,Men's Footwear
Apparel,Uganda,Men's Footwear
Apparel,Nigeria,Men's Footwear
Apparel,SudAfrica,Men's Footwear
Apparel,Nigeria,Cleats
Apparel,República Democrática del Congo,Men's Footwear
Apparel,SudAfrica,Cleats
Apparel,Lesoto,Cleats
Golf,Senegal,Women's Apparel
Fan Shop,Nigeria,Camping & Hiking
Fan Shop,Senegal,Camping & Hiking
Fan Shop,Madagascar,Camping & Hiking
Fan Shop,Tanzania,Camping & Hiking
Fan Shop,SudAfrica,Camping & Hiking
Fan Shop,Uganda,Camping & Hiking
Golf,Suecia,Women's Apparel
Outdoors,Reino Unido,Kids' Golf Clubs
Fan Shop,Alemania,Fishing
Fan Shop,Alemania,Camping & Hiking
Book Shop,Finlandia,Books
Technology,Suecia,Cameras
Technology,Países Bajos,Cameras
Technology,España,Computers
Technology,Países Bajos,Computers
Fitness,Reino Unido,Basketball
Fitness,Reino Unido,Soccer
Footwear,Italia,Boxing & MMA
Apparel,Finlandia,Children's Clothing
Apparel,Ucrania,Men's Footwear
Apparel,Lituania,Men's Footwear
Apparel,Alemania,Crafts
Apparel,Rumania,Cleats
Apparel,Suiza,Men's Footwear
Apparel,Italia,Children's Clothing
Apparel,Bélgica,Children's Clothing
Apparel,Francia,Children's Clothing
Golf,Países Bajos,Shop By Sport
Golf,Hungría,Women's Apparel
Golf,Austria,Women's Apparel
Golf,España,Shop By Sport
Golf,Alemania,Girls' Apparel
Outdoors,Eslovaquia,Golf Balls
Outdoors,Francia,Accessories
Outdoors,Dinamarca,Kids' Golf Clubs
Outdoors,Francia,Golf Balls
Outdoors,Francia,Kids' Golf Clubs
Fan Shop,Reino Unido,Camping & Hiking
Fan Shop,Francia,Fishing
Fan Shop,Francia,Camping & Hiking
Fan Shop,España,Fishing
Fan Shop,Polonia,Camping & Hiking
Fan Shop,Reino Unido,Fishing
Fan Shop,España,Camping & Hiking
Fan Shop,Suecia,Camping & Hiking
Fan Shop,Eslovaquia,Camping & Hiking
Fan Shop,Suecia,Fishing
Fan Shop,Italia,Camping & Hiking
Fan Shop,Portugal,Fishing
Fan Shop,Dinamarca,Camping & Hiking
Fan Shop,Portugal,Camping & Hiking
Fan Shop,Países Bajos,Fishing
Fan Shop,Italia,Fishing
Fan Shop,Países Bajos,Camping & Hiking
Fan Shop,Austria,Fishing
Fan Shop,Rusia,Camping & Hiking
Book Shop,Francia,Books
Book Shop,Italia,Books
Book Shop,Alemania,Books
Discs Shop,Francia,DVDs
Discs Shop,Reino Unido,CDs
Discs Shop,Suecia,CDs
Discs Shop,Irlanda,DVDs
Technology,Austria,Computers
Apparel,Austria,Men's Footwear
Outdoors,Reino Unido,Accessories
Fan Shop,Finlandia,Camping & Hiking
Fan Shop,Finlandia,Fishing
Footwear,Haití,Cardio Equipment
Footwear,Argentina,Cardio Equipment
Golf,Alemania,Shop By Sport
Golf,España,Women's Apparel
Golf,Noruega,Shop By Sport
Golf,Austria,Shop By Sport
Outdoors,Alemania,Golf Balls
Outdoors,Alemania,Trade-In
Outdoors,Reino Unido,Electronics
Outdoors,Francia,Electronics
Outdoors,Ucrania,Electronics
Outdoors,Alemania,Accessories
Outdoors,Italia,Golf Balls
Fitness,Suecia,Soccer
Fitness,Francia,Soccer
Fitness,Italia,Lacrosse
Fitness,Rumania,Lacrosse
Footwear,Finlandia,Fitness Accessories
Footwear,Suecia,Cardio Equipment
Footwear,Francia,As Seen on  TV!
Footwear,Alemania,Boxing & MMA
Footwear,Alemania,Fitness Accessories
Apparel,Irlanda,Cleats
Apparel,Bielorrusia,Cleats
Apparel,Noruega,Cleats
Apparel,Croacia,Cleats
Golf,Lituania,Shop By Sport
Golf,Ucrania,Women's Apparel
Golf,Rusia,Women's Apparel
Golf,Polonia,Women's Apparel
Golf,Suiza,Women's Apparel
Outdoors,Noruega,Golf Balls
Outdoors,España,Electronics
Outdoors,Italia,Electronics
Fitness,Panamá,Baseball & Softball
Golf,Indonesia,Shop By Sport
Golf,Nepal,Women's Apparel
Outdoors,Irak,Trade-In
Outdoors,India,Golf Balls
Outdoors,Japón,Trade-In
Footwear,Pakistán,Cardio Equipment
Footwear,Tailandia,Cardio Equipment
Apparel,Laos,Cleats
Golf,India,Shop By Sport
Golf,Tailandia,Shop By Sport
Golf,Uzbekistán,Women's Apparel
Golf,Irán,Women's Apparel
Golf,Malasia,Shop By Sport
Golf,Arabia Saudí,Women's Apparel
Outdoors,Australia,Electronics
Outdoors,Camboya,Golf Balls
Outdoors,Turquía,Trade-In
Outdoors,Filipinas,Accessories
Outdoors,Baréin,Trade-In
Outdoors,China,Electronics
Outdoors,Estados Unidos,Electronics
Apparel,Canada,Cleats
Outdoors,Canada,Electronics
Fitness,Estados Unidos,Baseball & Softball
Fitness,Estados Unidos,Lacrosse
Footwear,Canada,Cardio Equipment
Outdoors,Estados Unidos,Golf Balls
Apparel,Egipto,Men's Footwear
Golf,Macedonia,Women's Apparel
Golf,Dinamarca,Women's Apparel
Golf,Bélgica,Shop By Sport
Golf,Rusia,Shop By Sport
Golf,Portugal,Women's Apparel
Golf,Suecia,Shop By Sport
Golf,Suecia,Girls' Apparel
Golf,Irlanda,Shop By Sport
Golf,Dinamarca,Shop By Sport
Golf,Croacia,Women's Apparel
Golf,Noruega,Women's Apparel
Golf,Bulgaria,Women's Apparel
Outdoors,Austria,Accessories
Outdoors,República Checa,Accessories
Outdoors,República Checa,Electronics
Outdoors,Suiza,Golf Balls
Outdoors,Italia,Accessories
Fan Shop,Rusia,Hunting & Shooting
Fan Shop,Alemania,Hunting & Shooting
Fan Shop,España,Hunting & Shooting
Footwear,Rusia,Electronics
Apparel,Hungría,Cleats
Apparel,Suiza,Cleats
Apparel,Singapur,Men's Footwear
Apparel,Malasia,Men's Footwear
Apparel,Indonesia,Women's Clothing
Apparel,Filipinas,Children's Clothing
Apparel,Malasia,Cleats
Apparel,Australia,Crafts
Apparel,Pakistán,Crafts
Apparel,Myanmar (Birmania),Children's Clothing
Apparel,Israel,Cleats
Apparel,Bangladés,Crafts
Apparel,Camboya,Cleats
Apparel,China,Baby
Apparel,Filipinas,Crafts
Golf,Irán,Shop By Sport
Golf,Arabia Saudí,Shop By Sport
Golf,Afganistán,Shop By Sport
Golf,Malasia,Women's Apparel
Golf,Georgia,Girls' Apparel
Golf,Vietnam,Women's Apparel
Golf,Bangladés,Women's Apparel
Outdoors,China,Trade-In
Outdoors,Australia,Garden
Outdoors,Corea del Sur,Garden
Outdoors,Afganistán,Accessories
Outdoors,Filipinas,Garden
Outdoors,Myanmar (Birmania),Garden
Outdoors,China,Garden
Outdoors,India,Garden
Outdoors,Indonesia,Garden
Outdoors,Irak,Accessories
Outdoors,Irak,Electronics
Outdoors,Nueva Zelanda,Accessories
Outdoors,Tailandia,Garden
Outdoors,Irak,Golf Balls
Outdoors,Sri Lanka,Garden
Outdoors,Japón,Accessories
Outdoors,Australia,Golf Balls
Fan Shop,China,Fishing
Fan Shop,Australia,Fishing
Fan Shop,Filipinas,Camping & Hiking
Fan Shop,Filipinas,Fishing
Fan Shop,Tailandia,Fishing
Fan Shop,Turquía,Camping & Hiking
Outdoors,Indonesia,Golf Balls
Outdoors,Vietnam,Trade-In
Footwear,Irán,Cardio Equipment
Footwear,Estados Unidos,Fitness Accessories
Apparel,Camerún,Cleats
Apparel,Somalia,Cleats
Apparel,Zimbabue,Cleats
Golf,SudAfrica,Shop By Sport
Footwear,Argelia,Cardio Equipment
Footwear,Benín,Cardio Equipment
Apparel,Eritrea,Cleats
Apparel,República Democrática del Congo,Cleats
Golf,Burkina Faso,Women's Apparel
Golf,Zimbabue,Women's Apparel
Outdoors,República Democrática del Congo,Trade-In
Apparel,Dinamarca,Cleats
Golf,Bielorrusia,Women's Apparel
Fitness,Brasil,Hockey
Fitness,El Salvador,Hockey
Fitness,Honduras,Hockey
Fitness,Panamá,Hockey
Fitness,Argentina,Hockey
Fitness,República Dominicana,Hockey
Fitness,Nicaragua,Hockey
Fitness,México,Hockey
Fitness,Cuba,Hockey
Fitness,Colombia,Hockey
Fitness,Costa Rica,Hockey
Fitness,Perú,Hockey
Fitness,Bolivia,Hockey
Fitness,Guatemala,Hockey
Fitness,Costa de Marfil,Hockey
Fitness,Turquía,Hockey
Fitness,Togo,Hockey
Fitness,Benín,Hockey
Fitness,Irak,Hockey
Fitness,Nigeria,Hockey
Fitness,Egipto,Hockey
Fitness,Angola,Hockey
Fitness,Uganda,Hockey
Fitness,Rusia,Hockey
Fitness,Tanzania,Hockey
Fitness,República Democrática del Congo,Hockey
Fitness,Polonia,Hockey
Fitness,Ucrania,Hockey
Fitness,Ghana,Hockey
Fitness,Israel,Hockey
Fitness,Croacia,Hockey
Fitness,Canada,Hockey
Fitness,Marruecos,Hockey
Fitness,Senegal,Hockey
Fitness,Irán,Hockey
Fitness,Argelia,Hockey
Fitness,Estados Unidos,Hockey
Fitness,Nueva Zelanda,Hockey
Fitness,Australia,Hockey
Fitness,China,Hockey
Fitness,Vietnam,Hockey
Fitness,Filipinas,Hockey
Fitness,Tailandia,Hockey
Fitness,India,Hockey
Fitness,Myanmar (Birmania),Hockey
Fitness,Indonesia,Hockey
Fitness,Singapur,Hockey
Fitness,Malasia,Hockey
Fitness,Pakistán,Hockey
Fitness,Austria,Hockey
Fitness,Francia,Hockey
Fitness,Italia,Hockey
Fitness,España,Hockey
Fitness,Alemania,Hockey
Fitness,Portugal,Hockey
Fitness,Reino Unido,Hockey
Fitness,Países Bajos,Hockey
Fitness,Suiza,Hockey
Fitness,Haití,Hockey
Fitness,Jamaica,Hockey
Fitness,Chile,Hockey
Fitness,Venezuela,Hockey
Fitness,Ecuador,Hockey
Fitness,Lituania,Hockey
Fitness,Arabia Saudí,Hockey
Fitness,SudAfrica,Hockey
Fitness,Somalia,Hockey
Fitness,Libia,Hockey
Golf,Suiza,Girls' Apparel
Outdoors,Polonia,Accessories
Fan Shop,Bélgica,Camping & Hiking
Fan Shop,Lituania,Camping & Hiking
Fan Shop,Noruega,Hunting & Shooting
Fan Shop,Ucrania,Camping & Hiking
Book Shop,Reino Unido,Books
Book Shop,Dinamarca,Books
Discs Shop,Alemania,DVDs
Fan Shop,México,Camping & Hiking
Fan Shop,Argentina,Fishing
Fan Shop,República Dominicana,Fishing
Fan Shop,República Dominicana,Camping & Hiking
Fitness,Brasil,Baseball & Softball
Footwear,El Salvador,Cardio Equipment
Footwear,Cuba,Cardio Equipment
Apparel,República Dominicana,Men's Footwear
Apparel,México,Men's Footwear
Apparel,Honduras,Men's Footwear
Apparel,El Salvador,Men's Footwear
Apparel,Brasil,Men's Footwear
Apparel,Argentina,Men's Footwear
Apparel,Guatemala,Men's Footwear
Apparel,Bolivia,Men's Footwear
Apparel,Haití,Men's Footwear
Apparel,Cuba,Men's Footwear
Apparel,Nicaragua,Men's Footwear
Apparel,Colombia,Men's Footwear
Apparel,Panamá,Men's Footwear
Golf,Haití,Women's Apparel
Golf,Trinidad y Tobago,Women's Apparel
Golf,Colombia,Women's Apparel
Outdoors,México,Golf Balls
Fan Shop,Haití,Camping & Hiking
Fan Shop,Panamá,Camping & Hiking
Fan Shop,México,Fishing
Fan Shop,Brasil,Fishing
Fan Shop,El Salvador,Fishing
Fan Shop,Argentina,Camping & Hiking
Fan Shop,Cuba,Camping & Hiking
Fan Shop,Honduras,Camping & Hiking
Fan Shop,Perú,Fishing
Fan Shop,Colombia,Fishing
Fan Shop,Nicaragua,Camping & Hiking
Fan Shop,Cuba,Fishing
Fan Shop,Honduras,Fishing
Fan Shop,El Salvador,Camping & Hiking
Fan Shop,Brasil,Camping & Hiking
Fan Shop,Guatemala,Camping & Hiking
Fan Shop,Guatemala,Fishing
Fan Shop,Uruguay,Camping & Hiking
Fan Shop,Colombia,Camping & Hiking
Golf,Bangladés,Shop By Sport
Technology,Tailandia,Computers
Pet Shop,Australia,Pet Supplies
Pet Shop,China,Pet Supplies
Health and Beauty,Corea del Sur,Health and Beauty
Health and Beauty,India,Health and Beauty
Footwear,Kazajistán,Electronics
Footwear,Bangladés,Cardio Equipment
Apparel,Pakistán,Men's Footwear
Apparel,Kazajistán,Cleats
Apparel,Afganistán,Men's Footwear
Apparel,Perú,Men's Footwear
Apparel,Venezuela,Men's Footwear
Apparel,Chile,Men's Footwear
Apparel,Barbados,Men's Footwear
Golf,Chile,Shop By Sport
Golf,Barbados,Shop By Sport
Outdoors,República Dominicana,Accessories
Outdoors,Trinidad y Tobago,Trade-In
Fan Shop,Trinidad y Tobago,Camping & Hiking
Fan Shop,Panamá,Fishing
Fan Shop,Chile,Fishing
Fan Shop,Bolivia,Camping & Hiking
Fan Shop,Nicaragua,Fishing
Fan Shop,Chile,Camping & Hiking
Fan Shop,Venezuela,Fishing
Fan Shop,Barbados,Camping & Hiking
Fitness,México,Baseball & Softball
Technology,India,Computers
Technology,China,Computers
Pet Shop,Bangladés,Pet Supplies
Pet Shop,Indonesia,Pet Supplies
Pet Shop,India,Pet Supplies
Health and Beauty,China,Health and Beauty
Health and Beauty,Japón,Health and Beauty
Health and Beauty,Tailandia,Health and Beauty
Apparel,Tayikistán,Men's Footwear
Apparel,Myanmar (Birmania),Cleats
Apparel,Tailandia,Cleats
Apparel,Siria,Cleats
Apparel,Australia,Baby
Apparel,Vietnam,Crafts
Apparel,Australia,Children's Clothing
Apparel,Indonesia,Men's Clothing
Golf,Irak,Shop By Sport
Golf,Irak,Girls' Apparel
Golf,Tayikistán,Women's Apparel
Golf,Filipinas,Shop By Sport
Outdoors,Corea del Sur,Golf Balls
Outdoors,Indonesia,Electronics
Outdoors,Vietnam,Garden
Fan Shop,Australia,Camping & Hiking
Fan Shop,India,Fishing
Fan Shop,Bangladés,Fishing
Fan Shop,India,Camping & Hiking
Fan Shop,Indonesia,Camping & Hiking
Fan Shop,Nueva Zelanda,Camping & Hiking
Fan Shop,China,Camping & Hiking
Discs Shop,Alemania,CDs
Apparel,Guadalupe,Cleats
Apparel,Chile,Cleats
Golf,Perú,Shop By Sport
Fan Shop,Perú,Camping & Hiking
Apparel,Papúa Nueva Guinea,Men's Footwear
Fan Shop,Tailandia,Camping & Hiking
Fan Shop,Arabia Saudí,Camping & Hiking
Fan Shop,Indonesia,Fishing
Fan Shop,Georgia,Camping & Hiking
Discs Shop,Australia,CDs
Discs Shop,Australia,Music
Apparel,Estados Unidos,Men's Footwear
Apparel,Canada,Men's Footwear
Fan Shop,Estados Unidos,Camping & Hiking
Footwear,Colombia,Cardio Equipment
Footwear,El Salvador,Boxing & MMA
Golf,Guadalupe,Women's Apparel
Fitness,China,Baseball & Softball
Golf,Papúa Nueva Guinea,Shop By Sport
Golf,Reino Unido,Girls' Apparel
Outdoors,Guatemala,Trade-In
Footwear,Egipto,Electronics
Golf,Senegal,Shop By Sport
Outdoors,Alemania,Electronics
Footwear,Malasia,Cardio Equipment
Footwear,Indonesia,Fitness Accessories
Footwear,Georgia,Cardio Equipment
Golf,Indonesia,Girls' Apparel
Golf,Georgia,Women's Apparel
Footwear,Argentina,Boxing & MMA
Footwear,Papúa Nueva Guinea,Cardio Equipment
Golf,China,Girls' Apparel
Footwear,Lituania,Cardio Equipment
Apparel,Bielorrusia,Men's Footwear
Outdoors,Nepal,Garden
Book Shop,Indonesia,Books
Discs Shop,India,Video Games
Discs Shop,India,Music
Footwear,Tanzania,Boxing & MMA
Footwear,Guatemala,As Seen on  TV!
Golf,Finlandia,Women's Apparel
Outdoors,Lituania,Accessories
Fitness,Egipto,Baseball & Softball
Apparel,Togo,Men's Footwear
Apparel,Zimbabue,Men's Footwear
Fan Shop,Togo,Camping & Hiking
Fan Shop,Angola,Camping & Hiking
Footwear,Suiza,Cardio Equipment
Apparel,Rusia,Men's Footwear
Fan Shop,Israel,Camping & Hiking
Fan Shop,Camboya,Camping & Hiking
Fan Shop,Irak,Camping & Hiking
Fan Shop,Corea del Sur,Camping & Hiking
Fan Shop,Japón,Camping & Hiking
Fan Shop,Irán,Camping & Hiking
Fan Shop,Corea del Sur,Fishing
Fan Shop,Bangladés,Camping & Hiking
Fan Shop,Azerbaiyán,Camping & Hiking
Fan Shop,Irak,Hunting & Shooting
Fan Shop,Singapur,Camping & Hiking
Fan Shop,Singapur,Fishing
Fan Shop,Malasia,Fishing
Fan Shop,Indonesia,Hunting & Shooting
Fan Shop,Kazajistán,Camping & Hiking
Book Shop,Australia,Books
Book Shop,India,Books
Discs Shop,Corea del Sur,Music
Discs Shop,Australia,DVDs
Discs Shop,Australia,Video Games
Discs Shop,Pakistán,Video Games
Discs Shop,Indonesia,Video Games
Discs Shop,Corea del Sur,Video Games
Discs Shop,Indonesia,Music
Discs Shop,Indonesia,DVDs
Discs Shop,Malasia,DVDs
Discs Shop,China,Music
Discs Shop,Filipinas,Music
Discs Shop,China,DVDs
Discs Shop,Filipinas,CDs
Discs Shop,Filipinas,DVDs
Discs Shop,Filipinas,Video Games
Discs Shop,Japón,Music
Discs Shop,Malasia,Video Games
Discs Shop,China,CDs
Discs Shop,Tailandia,DVDs
Discs Shop,Japón,Video Games
Discs Shop,China,Video Games
Discs Shop,India,DVDs
Discs Shop,Afganistán,Video Games
Fitness,Australia,Tennis & Racquet
Footwear,Afganistán,Cardio Equipment
Footwear,Filipinas,Electronics
Footwear,Turquía,Electronics
Apparel,Afganistán,Cleats
Apparel,Myanmar (Birmania),Men's Footwear
Apparel,Filipinas,Men's Clothing
Outdoors,Indonesia,Accessories
Fan Shop,Vietnam,Camping & Hiking
Fan Shop,Turkmenistán,Camping & Hiking
Fan Shop,Pakistán,Camping & Hiking
Apparel,Portugal,Cleats
Golf,Rusia,Girls' Apparel
Outdoors,Ucrania,Trade-In
Fitness,México,Soccer
Fitness,Panamá,Soccer
Fitness,Ecuador,Soccer
Fitness,Brasil,Soccer
Fitness,Guatemala,Baseball & Softball
Fitness,Chile,Baseball & Softball
Footwear,Perú,Cardio Equipment
Footwear,Chile,Cardio Equipment
Footwear,Honduras,Fitness Accessories
Footwear,El Salvador,Electronics
Footwear,Nicaragua,Electronics
Footwear,Trinidad y Tobago,Cardio Equipment
Footwear,Guatemala,Electronics
Footwear,Argentina,Electronics
Footwear,Colombia,Electronics
Footwear,Brasil,Fitness Accessories
Footwear,Guatemala,Fitness Accessories
Apparel,Haití,Cleats
Apparel,Uruguay,Cleats
Apparel,Barbados,Cleats
Golf,Ecuador,Shop By Sport
Golf,Cuba,Girls' Apparel
Golf,Uruguay,Shop By Sport
Golf,Ecuador,Women's Apparel
Golf,República Dominicana,Girls' Apparel
Golf,Honduras,Girls' Apparel
Golf,Panamá,Women's Apparel
Golf,Bolivia,Shop By Sport
Outdoors,México,Kids' Golf Clubs
Outdoors,República Dominicana,Electronics
Outdoors,Argentina,Accessories
Outdoors,Perú,Trade-In
Outdoors,Guatemala,Accessories
Outdoors,Brasil,Kids' Golf Clubs
Outdoors,Nicaragua,Golf Balls
Outdoors,Honduras,Accessories
Fan Shop,Paraguay,Hunting & Shooting
Fan Shop,Perú,Hunting & Shooting
Fitness,Cuba,Baseball & Softball
Golf,Jamaica,Women's Apparel
Golf,Jamaica,Shop By Sport
Golf,Chile,Women's Apparel
Outdoors,Colombia,Accessories
Outdoors,Cuba,Electronics
Outdoors,República Dominicana,Trade-In
Fitness,Colombia,Tennis & Racquet
Footwear,Cuba,Electronics
Apparel,Jamaica,Cleats
Outdoors,República Dominicana,Golf Balls
Apparel,Trinidad y Tobago,Cleats
Apparel,Bolivia,Cleats
Fitness,China,Lacrosse
Footwear,Myanmar (Birmania),Cardio Equipment
Footwear,Turkmenistán,Cardio Equipment
Apparel,Singapur,Cleats
Golf,Pakistán,Girls' Apparel
Golf,Irán,Girls' Apparel
Golf,India,Girls' Apparel
Golf,Jordania,Women's Apparel
Outdoors,Indonesia,Trade-In
Outdoors,Jordania,Accessories
Outdoors,Arabia Saudí,Trade-In
Fitness,India,Lacrosse
Footwear,Singapur,Cardio Equipment
Footwear,India,Boxing & MMA
Footwear,Hong Kong,Electronics
Footwear,Kazajistán,Boxing & MMA
Outdoors,Italia,Trade-In
Outdoors,Rumania,Trade-In
Fitness,Italia,Tennis & Racquet
Footwear,Rusia,Cardio Equipment
Outdoors,Bélgica,Electronics
Outdoors,Cuba,Golf Balls
Fitness,Nicaragua,Baseball & Softball
Footwear,Haití,Fitness Accessories
Outdoors,Haití,Accessories
Outdoors,Honduras,Trade-In
Apparel,Nepal,Cleats
Outdoors,Vietnam,Accessories
Outdoors,Nueva Zelanda,Trade-In
Footwear,Canada,Boxing & MMA
Fitness,Guinea,Hockey
Fitness,Afganistán,Hockey
Fitness,Japón,Hockey
Fitness,Finlandia,Hockey
Fitness,Irlanda,Hockey
Fitness,Dinamarca,Hockey
Fitness,Suecia,Hockey
Fitness,Trinidad y Tobago,Hockey
Fitness,Cuba,Tennis & Racquet
Fitness,México,Tennis & Racquet
Fitness,Honduras,Tennis & Racquet
Fitness,Nicaragua,Tennis & Racquet
Fitness,Guatemala,Tennis & Racquet
Fitness,Perú,Tennis & Racquet
Fitness,Brasil,Tennis & Racquet
Fitness,Argentina,Tennis & Racquet
Fitness,República Dominicana,Tennis & Racquet
Fitness,Costa Rica,Tennis & Racquet
Fitness,Panamá,Tennis & Racquet
Apparel,Kenia,Men's Footwear
Apparel,Níger,Men's Footwear
Apparel,Angola,Cleats
Outdoors,SudAfrica,Trade-In
Fan Shop,Zimbabue,Camping & Hiking
Fitness,Alemania,Basketball
Fitness,Italia,Baseball & Softball
Footwear,Portugal,Cardio Equipment
Apparel,Suecia,Children's Clothing
Apparel,Reino Unido,Children's Clothing
Outdoors,Alemania,Kids' Golf Clubs
Fan Shop,Irlanda,Fishing
Book Shop,Irlanda,Books
Apparel,Martinica,Men's Footwear
Outdoors,Nicaragua,Accessories
Fan Shop,Venezuela,Camping & Hiking
Fan Shop,Nicaragua,Hunting & Shooting
Technology,Singapur,Consumer Electronics
Technology,India,Cameras
Pet Shop,Corea del Sur,Pet Supplies
Footwear,Filipinas,Boxing & MMA
Footwear,Corea del Sur,Electronics
Apparel,India,Crafts
Apparel,Malasia,Men's Clothing
Outdoors,Turquía,Accessories
Outdoors,India,Accessories
Outdoors,Filipinas,Electronics
Fan Shop,Afganistán,Camping & Hiking
Fan Shop,Japón,Fishing
Book Shop,China,Books
Discs Shop,Myanmar (Birmania),Music
Discs Shop,Camboya,Music
Fitness,Polonia,Tennis & Racquet
Footwear,Moldavia,Electronics
Golf,Suiza,Shop By Sport
Golf,Polonia,Girls' Apparel
Fitness,México,Lacrosse
Footwear,Martinica,Cardio Equipment
Apparel,Paraguay,Cleats
Footwear,Australia,Electronics
Footwear,India,Electronics
Golf,Australia,Girls' Apparel
Fan Shop,Estados Unidos,Hunting & Shooting
Fitness,Nigeria,Tennis & Racquet
Footwear,Zimbabue,Cardio Equipment
Apparel,Filipinas,Women's Clothing
Fan Shop,Kirguistán,Camping & Hiking
Book Shop,Malasia,Books
Discs Shop,Singapur,Music
Discs Shop,Pakistán,DVDs
Discs Shop,Tailandia,Video Games
Golf,Mozambique,Women's Apparel
Outdoors,Mozambique,Trade-In
Outdoors,Nigeria,Golf Balls
Apparel,Lituania,Cleats
Golf,Irlanda,Women's Apparel
Outdoors,Honduras,Kids' Golf Clubs
Outdoors,Brasil,Trade-In
Outdoors,Colombia,Trade-In
Fitness,Australia,Baseball & Softball
Footwear,Bangladés,Electronics
Footwear,Pakistán,Electronics
Golf,España,Girls' Apparel
Fitness,Guatemala,Lacrosse
Footwear,México,Boxing & MMA
Footwear,Perú,Electronics
Footwear,Uruguay,Cardio Equipment
Golf,Colombia,Girls' Apparel
Outdoors,Panamá,Accessories
Footwear,Vietnam,Electronics
Footwear,Indonesia,Electronics
Golf,Singapur,Women's Apparel
Fan Shop,Bangladés,Hunting & Shooting
Outdoors,Mozambique,Golf Balls
Footwear,Argelia,Fitness Accessories
Golf,Argelia,Shop By Sport
Footwear,Polonia,Electronics
Outdoors,Rusia,Electronics
Outdoors,Nicaragua,Trade-In
Fan Shop,México,Hunting & Shooting
Golf,Singapur,Shop By Sport
Outdoors,Filipinas,Golf Balls
Outdoors,Irán,Trade-In
Outdoors,Irán,Electronics
Apparel,Mozambique,Cleats
Outdoors,Senegal,Electronics
Fan Shop,Pakistán,Fishing
Fan Shop,Siria,Camping & Hiking
Discs Shop,Vietnam,Video Games
Discs Shop,India,CDs
Apparel,Qatar,Men's Footwear
Apparel,Jordania,Men's Footwear
Apparel,Etiopía,Cleats
Golf,Etiopía,Women's Apparel
Golf,Angola,Shop By Sport
Golf,Irlanda,Girls' Apparel
Outdoors,Noruega,Electronics
Footwear,Alemania,As Seen on  TV!
Golf,Paraguay,Girls' Apparel
Outdoors,Perú,Electronics
Fitness,Turquía,Baseball & Softball
Footwear,Tailandia,Electronics
Footwear,Irán,Fitness Accessories
Golf,Jordania,Shop By Sport
Golf,Pakistán,Shop By Sport
Golf,Kenia,Girls' Apparel
Outdoors,Mali,Trade-In
Fitness,Marruecos,Tennis & Racquet
Fitness,Finlandia,Tennis & Racquet
Footwear,Italia,Electronics
Apparel,Finlandia,Cleats
Golf,Albania,Women's Apparel
Outdoors,Argentina,Electronics
Fan Shop,Japón,Hunting & Shooting
Golf,Somalia,Shop By Sport
Golf,Portugal,Shop By Sport
Footwear,Cuba,Fitness Accessories
Fan Shop,Noruega,Camping & Hiking
Book Shop,España,Books
Health and Beauty,Pakistán,Health and Beauty
Footwear,Nueva Zelanda,Fitness Accessories
Fan Shop,Malasia,Camping & Hiking
Fitness,España,Baseball & Softball
Outdoors,República Democrática del Congo,Golf Balls
Apparel,Togo,Cleats
Golf,Venezuela,Girls' Apparel
Fitness,Turkmenistán,Tennis & Racquet
Fitness,Qatar,Tennis & Racquet
Footwear,Qatar,Cardio Equipment
Golf,Turkmenistán,Shop By Sport
Apparel,Camerún,Men's Footwear
Apparel,Benín,Men's Footwear
Apparel,Argelia,Men's Footwear
Outdoors,Zambia,Electronics
Outdoors,República Democrática del Congo,Accessories
Fan Shop,Argelia,Camping & Hiking
Fan Shop,Mozambique,Camping & Hiking
Technology,Alemania,Computers
Technology,Irlanda,Consumer Electronics
Apparel,Países Bajos,Children's Clothing
Golf,República Checa,Shop By Sport
Fan Shop,Irlanda,Camping & Hiking
Fan Shop,Bélgica,Fishing
Fan Shop,Austria,Camping & Hiking
Book Shop,Bélgica,Books
Discs Shop,Países Bajos,DVDs
Discs Shop,Reino Unido,DVDs
Fan Shop,Haití,Fishing
Technology,Australia,Computers
Technology,China,Consumer Electronics
Pet Shop,Singapur,Pet Supplies
Apparel,Vietnam,Baby
Apparel,Vietnam,Men's Clothing
Fan Shop,Afganistán,Fishing
Fan Shop,Myanmar (Birmania),Camping & Hiking
Fan Shop,Canada,Camping & Hiking
Fitness,Marruecos,Baseball & Softball
Footwear,Angola,Boxing & MMA
Golf,Sudán,Girls' Apparel
Outdoors,Burkina Faso,Electronics
Outdoors,República del Congo,Accessories
Outdoors,Egipto,Trade-In
Fitness,Países Bajos,Lacrosse
Fitness,Austria,Tennis & Racquet
Fitness,Italia,Soccer
Footwear,República Checa,Boxing & MMA
Apparel,República Checa,Cleats
Apparel,Bosnia y Herzegovina,Cleats
Golf,Lituania,Women's Apparel
Outdoors,Rusia,Golf Balls
Outdoors,Polonia,Golf Balls
Outdoors,Finlandia,Electronics
Outdoors,Italia,Kids' Golf Clubs
Fan Shop,Francia,Hunting & Shooting
Golf,Croacia,Shop By Sport
Outdoors,Suecia,Electronics
Fitness,Argentina,Lacrosse
Fitness,Honduras,Baseball & Softball
Fitness,Bolivia,Lacrosse
Footwear,México,As Seen on  TV!
Footwear,Argentina,Fitness Accessories
Footwear,Perú,Boxing & MMA
Outdoors,Nicaragua,Electronics
Outdoors,El Salvador,Trade-In
Outdoors,Cuba,Accessories
Fan Shop,Chile,Hunting & Shooting
Fitness,Indonesia,Tennis & Racquet
Footwear,Turquía,Fitness Accessories
Footwear,Japón,Electronics
Footwear,Papúa Nueva Guinea,Electronics
Footwear,Camboya,Cardio Equipment
Footwear,Australia,Boxing & MMA
Apparel,Omán,Cleats
Apparel,Turkmenistán,Cleats
Golf,Myanmar (Birmania),Shop By Sport
Golf,Tailandia,Girls' Apparel
Outdoors,Pakistán,Accessories
Outdoors,Japón,Golf Balls
Outdoors,Turquía,Golf Balls
Fan Shop,Kazajistán,Hunting & Shooting
Fitness,República del Congo,Baseball & Softball
Apparel,Tanzania,Men's Footwear
Apparel,Túnez,Men's Footwear
Apparel,Mozambique,Men's Footwear
Golf,Tanzania,Shop By Sport
Fan Shop,República del Congo,Camping & Hiking
Technology,Bélgica,Consumer Electronics
Technology,Noruega,Cameras
Technology,Bélgica,Computers
Fitness,Italia,Basketball
Footwear,Reino Unido,Strength Training
Apparel,Rumania,Men's Footwear
Apparel,Hungría,Men's Footwear
Apparel,Alemania,Baby
Apparel,Reino Unido,Baby
Fan Shop,Austria,Hunting & Shooting
Fan Shop,Suiza,Fishing
Fan Shop,Hungría,Camping & Hiking
Outdoors,Canada,Trade-In
Golf,Somalia,Women's Apparel
Fan Shop,Camerún,Hunting & Shooting
Fitness,Sierra Leona,Baseball & Softball
Golf,Ghana,Women's Apparel
Golf,Tanzania,Women's Apparel
Outdoors,Ghana,Trade-In
Apparel,Benín,Cleats
Golf,Yibuti,Shop By Sport
Outdoors,Egipto,Electronics
Outdoors,Ucrania,Golf Balls
Golf,Ucrania,Girls' Apparel
Golf,Moldavia,Women's Apparel
Outdoors,Rusia,Accessories
Fitness,Venezuela,Tennis & Racquet
Footwear,Barbados,Cardio Equipment
Footwear,Cuba,Boxing & MMA
Footwear,Panamá,Electronics
Outdoors,Colombia,Kids' Golf Clubs
Outdoors,Irán,Accessories
Fitness,India,Baseball & Softball
Golf,Mongolia,Shop By Sport
Golf,Malasia,Girls' Apparel
Golf,Canada,Girls' Apparel
Footwear,Camerún,Cardio Equipment
Footwear,SudAfrica,Electronics
Apparel,Burundi,Cleats
Outdoors,República Democrática del Congo,Electronics
Outdoors,SudAfrica,Golf Balls
Golf,Rumania,Shop By Sport
Outdoors,España,Accessories
Outdoors,Montenegro,Golf Balls
Outdoors,Bosnia y Herzegovina,Accessories
Footwear,Brasil,Electronics
Outdoors,Haití,Trade-In
Fitness,El Salvador,Lacrosse
Golf,Israel,Shop By Sport
Golf,Nueva Zelanda,Girls' Apparel
Footwear,Senegal,Cardio Equipment
Apparel,Senegal,Men's Footwear
Fan Shop,Gabón,Camping & Hiking
Apparel,Albania,Men's Footwear
Golf,Albania,Shop By Sport
Fan Shop,Croacia,Camping & Hiking
Fan Shop,Albania,Camping & Hiking
Discs Shop,Francia,CDs
Fitness,Honduras,Lacrosse
Footwear,República Dominicana,Electronics
Apparel,Singapur,Women's Clothing
Technology,Singapur,Cameras
Technology,Tailandia,Consumer Electronics
Technology,Bangladés,Computers
Golf,Uzbekistán,Girls' Apparel
Outdoors,Myanmar (Birmania),Electronics
Golf,Gabón,Shop By Sport
Outdoors,Panamá,Electronics
Outdoors,Pakistán,Trade-In
Footwear,Austria,Electronics
Apparel,Albania,Cleats
Outdoors,Uzbekistán,Electronics
Golf,Nigeria,Girls' Apparel
Apparel,Italia,Baby
Fan Shop,Ecuador,Fishing
Apparel,Uganda,Cleats
Apparel,Azerbaiyán,Cleats
Outdoors,Azerbaiyán,Accessories
Footwear,Reino Unido,Boxing & MMA
Golf,Ruanda,Women's Apparel
Fan Shop,Costa de Marfil,Camping & Hiking
Apparel,Sudán del Sur,Men's Footwear
Fan Shop,Sudán del Sur,Camping & Hiking
Fitness,República Checa,Baseball & Softball
Apparel,Luxemburgo,Men's Footwear
Apparel,República Checa,Men's Footwear
Fan Shop,Bielorrusia,Camping & Hiking
Footwear,España,Boxing & MMA
Fitness,Honduras,Soccer
Apparel,Paraguay,Men's Footwear
Fitness,Cuba,Soccer
Technology,Indonesia,Consumer Electronics
Health and Beauty,Filipinas,Health and Beauty
Apparel,Mongolia,Men's Footwear
Outdoors,Arabia Saudí,Electronics
Fan Shop,Mongolia,Camping & Hiking
Footwear,Angola,Fitness Accessories
Footwear,Israel,Cardio Equipment
Fitness,Países Bajos,Baseball & Softball
Footwear,Irlanda,Electronics
Apparel,Luxemburgo,Cleats
Outdoors,Luxemburgo,Accessories
Outdoors,Austria,Electronics
Outdoors,Panamá,Trade-In
Outdoors,Perú,Accessories
Golf,Sudán del Sur,Women's Apparel
Fitness,Francia,Tennis & Racquet
Footwear,Paraguay,Electronics
Footwear,Arabia Saudí,Boxing & MMA
Outdoors,Nigeria,Electronics
Outdoors,Angola,Accessories
Golf,Luxemburgo,Shop By Sport
Apparel,Zambia,Men's Footwear
Fan Shop,Sudán,Camping & Hiking
Apparel,Ghana,Men's Footwear
Golf,Ghana,Girls' Apparel
Fan Shop,República Democrática del Congo,Camping & Hiking
Fan Shop,Ghana,Camping & Hiking
Fitness,Rusia,Baseball & Softball
Apparel,España,Children's Clothing
Technology,Italia,Computers
Footwear,Suecia,Strength Training
Footwear,Francia,Strength Training
Apparel,Portugal,Men's Footwear
Apparel,Bulgaria,Men's Footwear
Golf,Bulgaria,Girls' Apparel
Outdoors,Suecia,Trade-In
Fan Shop,Suecia,Hunting & Shooting
Discs Shop,Italia,DVDs
Discs Shop,Austria,DVDs
Technology,Finlandia,Computers
Technology,Austria,Cameras
Footwear,Hungría,Cardio Equipment
Golf,Polonia,Shop By Sport
Outdoors,Reino Unido,Trade-In
Outdoors,Países Bajos,Accessories
Fan Shop,Rumania,Camping & Hiking
Apparel,Kirguistán,Cleats
Apparel,Yemen,Cleats
Golf,Siria,Women's Apparel
Golf,Qatar,Shop By Sport
Footwear,Kenia,Cardio Equipment
Golf,Ruanda,Shop By Sport
Outdoors,Madagascar,Electronics
Golf,República Checa,Women's Apparel
Outdoors,Portugal,Electronics
Fan Shop,Hungría,Hunting & Shooting
Golf,Argentina,Girls' Apparel
Apparel,Jordania,Cleats
Footwear,Ghana,Cardio Equipment
Apparel,Mali,Men's Footwear
Apparel,Ruanda,Men's Footwear
Apparel,Madagascar,Men's Footwear
Apparel,Namibia,Cleats
Apparel,Mauritania,Men's Footwear
Golf,República Democrática del Congo,Girls' Apparel
Golf,Mozambique,Shop By Sport
Golf,Mali,Shop By Sport
Outdoors,Madagascar,Golf Balls
Fan Shop,Kenia,Camping & Hiking
Fan Shop,Zambia,Camping & Hiking
Fan Shop,Níger,Camping & Hiking
Golf,Níger,Women's Apparel
Outdoors,Benín,Accessories
Fan Shop,Sierra Leona,Camping & Hiking
Technology,Suiza,Cameras
Fitness,Ucrania,Baseball & Softball
Fitness,Francia,Lacrosse
Fitness,Alemania,Soccer
Fitness,Rusia,Lacrosse
Fitness,Bélgica,Baseball & Softball
Fitness,Rumania,Tennis & Racquet
Fitness,Alemania,Lacrosse
Footwear,Italia,Strength Training
Footwear,Alemania,Strength Training
Footwear,Francia,Boxing & MMA
Footwear,Reino Unido,Fitness Accessories
Apparel,España,Baby
Apparel,Dinamarca,Men's Footwear
Apparel,Croacia,Men's Footwear
Apparel,España,Crafts
Apparel,Suecia,Crafts
Apparel,Portugal,Children's Clothing
Apparel,Francia,Baby
Apparel,Austria,Children's Clothing
Apparel,Noruega,Children's Clothing
Golf,Hungría,Shop By Sport
Outdoors,Países Bajos,Kids' Golf Clubs
Outdoors,Dinamarca,Electronics
Outdoors,España,Kids' Golf Clubs
Outdoors,Austria,Kids' Golf Clubs
Outdoors,Suecia,Kids' Golf Clubs
Fan Shop,Dinamarca,Fishing
Fan Shop,Italia,Hunting & Shooting
Fan Shop,Suiza,Camping & Hiking
Book Shop,Suecia,Books
Discs Shop,España,DVDs
Discs Shop,Suiza,CDs
Discs Shop,Finlandia,DVDs
Discs Shop,Austria,CDs
Apparel,Grecia,Men's Footwear
Fan Shop,Jamaica,Hunting & Shooting
Fan Shop,Colombia,Hunting & Shooting
Footwear,Australia,Fitness Accessories
Footwear,Myanmar (Birmania),Electronics
Apparel,Georgia,Cleats
Golf,Bangladés,Girls' Apparel
Outdoors,Singapur,Electronics
Outdoors,Papúa Nueva Guinea,Trade-In
Outdoors,Papúa Nueva Guinea,Electronics
Footwear,Costa de Marfil,Electronics
Golf,Libia,Women's Apparel
Golf,Kenia,Shop By Sport
Fan Shop,Ghana,Hunting & Shooting
Footwear,Ghana,Fitness Accessories
Fitness,Suecia,Tennis & Racquet
Footwear,Noruega,Fitness Accessories
Footwear,Noruega,Cardio Equipment
Apparel,Bulgaria,Cleats
Golf,República Checa,Girls' Apparel
Outdoors,Bélgica,Accessories
Fitness,Reino Unido,Tennis & Racquet
Fitness,Chile,Lacrosse
Fitness,República Dominicana,Baseball & Softball
Fitness,El Salvador,Baseball & Softball
Fitness,Panamá,Lacrosse
Footwear,Venezuela,Electronics
Outdoors,Venezuela,Trade-In
Fitness,Turquía,Lacrosse
Fitness,Nueva Zelanda,Tennis & Racquet
Footwear,Arabia Saudí,Electronics
Golf,Kirguistán,Women's Apparel
Golf,Israel,Women's Apparel
Outdoors,Bangladés,Electronics
Outdoors,Nueva Zelanda,Electronics
Outdoors,Arabia Saudí,Accessories
Fan Shop,Camboya,Hunting & Shooting
Footwear,China,Fitness Accessories
Footwear,Sudán,Electronics
Outdoors,Egipto,Golf Balls
Outdoors,Kenia,Electronics
Footwear,Bielorrusia,Cardio Equipment
Golf,Bosnia y Herzegovina,Shop By Sport
Golf,Lituania,Girls' Apparel
Outdoors,Reino Unido,Golf Balls
Outdoors,Bulgaria,Electronics
Footwear,Honduras,Boxing & MMA
Footwear,México,Fitness Accessories
Footwear,Jamaica,Cardio Equipment
Golf,Martinica,Women's Apparel
Outdoors,Panamá,Golf Balls
Fan Shop,República Dominicana,Hunting & Shooting
Fan Shop,Brasil,Hunting & Shooting
Fan Shop,Honduras,Hunting & Shooting
Golf,Martinica,Shop By Sport
Fitness,Australia,Lacrosse
Footwear,Irak,Boxing & MMA
Golf,Camboya,Women's Apparel
Golf,Hong Kong,Women's Apparel
Fitness,Tanzania,Tennis & Racquet
Footwear,Tanzania,Electronics
Footwear,Madagascar,Cardio Equipment
Footwear,Libia,Cardio Equipment
Footwear,Nigeria,Fitness Accessories
Footwear,Mali,Cardio Equipment
Apparel,Zambia,Cleats
Apparel,Libia,Cleats
Golf,Túnez,Women's Apparel
Outdoors,Marruecos,Accessories
Outdoors,Ghana,Electronics
Golf,Camerún,Shop By Sport
Golf,Guinea,Women's Apparel
Footwear,Lituania,Boxing & MMA
Footwear,Suecia,As Seen on  TV!
Golf,Moldavia,Shop By Sport
Fitness,Reino Unido,Lacrosse
Fitness,Reino Unido,Baseball & Softball
Footwear,Rumania,Boxing & MMA
Footwear,Países Bajos,Boxing & MMA
Golf,Grecia,Women's Apparel
Outdoors,Argentina,Golf Balls
Outdoors,Chile,Electronics
Fitness,El Salvador,Tennis & Racquet
Outdoors,Perú,Golf Balls
Outdoors,Chile,Golf Balls
Golf,Paraguay,Shop By Sport
Outdoors,Nicaragua,Kids' Golf Clubs
Outdoors,Japón,Electronics
Fan Shop,Nigeria,Hunting & Shooting
Footwear,Croacia,Cardio Equipment
Golf,Japón,Girls' Apparel
Technology,Irlanda,Computers
Fitness,Alemania,Baseball & Softball
Fan Shop,Países Bajos,Hunting & Shooting
Health and Beauty,Australia,Health and Beauty
Fitness,Portugal,Baseball & Softball
Fan Shop,El Salvador,Hunting & Shooting
Footwear,Nigeria,Electronics
Apparel,Gabón,Cleats
Fitness,Chile,Tennis & Racquet
Footwear,Bolivia,Cardio Equipment
Golf,Mali,Women's Apparel
Outdoors,Costa de Marfil,Electronics
Fan Shop,Mali,Camping & Hiking
Fitness,Irlanda,Soccer
Outdoors,Irlanda,Accessories
Footwear,Brasil,Strength Training
Fan Shop,Guadalupe,Camping & Hiking
Pet Shop,Pakistán,Pet Supplies
Apparel,Vietnam,Children's Clothing
Apparel,Corea del Sur,Women's Clothing
Apparel,Siria,Men's Footwear
Apparel,Singapur,Men's Clothing
Apparel,Tailandia,Children's Clothing
Outdoors,Afganistán,Garden
Discs Shop,Japón,DVDs
Outdoors,Países Bajos,Electronics
Fan Shop,Reino Unido,Hunting & Shooting
Fitness,Uganda,Baseball & Softball
Golf,Zambia,Shop By Sport
Outdoors,Argelia,Trade-In
Footwear,Irlanda,Boxing & MMA
Fitness,Colombia,Baseball & Softball
Apparel,Sierra Leona,Men's Footwear
Outdoors,Argelia,Accessories
Outdoors,Níger,Accessories
Fan Shop,Benín,Camping & Hiking
Fan Shop,Suazilandia,Camping & Hiking
Fan Shop,Egipto,Hunting & Shooting
Footwear,Rumania,Electronics
Apparel,Moldavia,Cleats
Fitness,Turquía,Tennis & Racquet
Fitness,Irán,Baseball & Softball
Footwear,Siria,Cardio Equipment
Footwear,Uzbekistán,Cardio Equipment
Fan Shop,Pakistán,Hunting & Shooting
Outdoors,Mongolia,Accessories
Footwear,Hong Kong,Cardio Equipment
Golf,Sierra Leona,Women's Apparel
Apparel,Países Bajos,Crafts
Apparel,Jamaica,Men's Footwear
Golf,Guyana,Women's Apparel
Technology,Australia,Consumer Electronics
Apparel,Tailandia,Crafts
Fan Shop,Vietnam,Fishing
Apparel,Guyana,Cleats
Fan Shop,China,Hunting & Shooting
Outdoors,Canada,Accessories
Footwear,Marruecos,Electronics
Apparel,Sierra Leona,Cleats
Fitness,Nigeria,Baseball & Softball
Footwear,Polonia,Boxing & MMA
Outdoors,Marruecos,Golf Balls
Fan Shop,Bulgaria,Camping & Hiking
Technology,India,Consumer Electronics
Outdoors,España,Golf Balls
Fitness,Bulgaria,Baseball & Softball
Golf,Bulgaria,Shop By Sport
Technology,Países Bajos,Consumer Electronics
Technology,Austria,Consumer Electronics
Fitness,Noruega,Lacrosse
Footwear,Dinamarca,Cardio Equipment
Fan Shop,Bosnia y Herzegovina,Camping & Hiking
Discs Shop,Dinamarca,CDs
Fitness,Venezuela,Baseball & Softball
Technology,Vietnam,Computers
Apparel,Malasia,Women's Clothing
Apparel,Bangladés,Women's Clothing
Outdoors,Tailandia,Accessories
Outdoors,Japón,Garden
Discs Shop,Malasia,Music
Golf,Haití,Shop By Sport
Apparel,Martinica,Cleats
Footwear,Corea del Sur,Cardio Equipment
Footwear,Portugal,Boxing & MMA
Apparel,Mali,Cleats
Apparel,Libia,Men's Footwear
Book Shop,Austria,Books
Fan Shop,Martinica,Camping & Hiking
Footwear,Guayana Francesa,Cardio Equipment
Apparel,Ecuador,Men's Footwear
Fan Shop,Guayana Francesa,Fishing
Fan Shop,Myanmar (Birmania),Fishing
Discs Shop,Camboya,Video Games
Technology,Myanmar (Birmania),Consumer Electronics
Pet Shop,Tailandia,Pet Supplies
Pet Shop,Myanmar (Birmania),Pet Supplies
Health and Beauty,Indonesia,Health and Beauty
Health and Beauty,Myanmar (Birmania),Health and Beauty
Apparel,Indonesia,Baby
Apparel,Hong Kong,Men's Footwear
Apparel,Vietnam,Women's Clothing
Fan Shop,Camboya,Fishing
Discs Shop,Pakistán,Music
Outdoors,Rusia,Trade-In
Fitness,Arabia Saudí,Tennis & Racquet
Fitness,Arabia Saudí,Lacrosse
Outdoors,Kazajistán,Electronics
Golf,Uganda,Shop By Sport
Golf,Madagascar,Women's Apparel
Outdoors,Tanzania,Golf Balls
Footwear,República Dominicana,Fitness Accessories
Outdoors,Jamaica,Accessories
Fitness,China,Tennis & Racquet
Outdoors,Egipto,Accessories
Fitness,Brasil,Lacrosse
Footwear,Hong Kong,Fitness Accessories
Golf,República Centroafricana,Shop By Sport
Footwear,Uganda,Cardio Equipment
Outdoors,El Salvador,Golf Balls
Fitness,Nicaragua,Lacrosse
Golf,Camboya,Shop By Sport
Fitness,Canada,Lacrosse
Fan Shop,Noruega,Fishing
Outdoors,Cuba,Kids' Golf Clubs
Fan Shop,Paraguay,Camping & Hiking
Pet Shop,Japón,Pet Supplies
Fitness,República Dominicana,Soccer
Footwear,México,Strength Training
Footwear,Perú,Strength Training
Footwear,Haití,Boxing & MMA
Footwear,Panamá,Strength Training
Apparel,Uruguay,Men's Footwear
Golf,Barbados,Women's Apparel
Outdoors,Bolivia,Electronics
Outdoors,Guatemala,Golf Balls
Outdoors,Perú,Kids' Golf Clubs
Fan Shop,Ecuador,Camping & Hiking
Fan Shop,Jamaica,Fishing
Fitness,Nicaragua,Soccer
Fitness,El Salvador,Soccer
Fitness,Haití,Soccer
Fitness,República Dominicana,Lacrosse
Fan Shop,Trinidad y Tobago,Fishing
Technology,Japón,Computers
Pet Shop,Filipinas,Pet Supplies
Fitness,Filipinas,Baseball & Softball
Footwear,Filipinas,Fitness Accessories
Apparel,Myanmar (Birmania),Crafts
Apparel,Tailandia,Women's Clothing
Apparel,China,Children's Clothing
Apparel,Tailandia,Men's Clothing
Apparel,Omán,Men's Footwear
Apparel,Turkmenistán,Men's Footwear
Apparel,Corea del Sur,Men's Clothing
Apparel,Nepal,Women's Clothing
Golf,Arabia Saudí,Girls' Apparel
Outdoors,Turkmenistán,Electronics
Discs Shop,Corea del Sur,DVDs
Discs Shop,Singapur,Video Games
Technology,Indonesia,Computers
Health and Beauty,Malasia,Health and Beauty
Apparel,Malasia,Children's Clothing
Apparel,Azerbaiyán,Men's Footwear
Fitness,Argelia,Baseball & Softball
Fitness,Madagascar,Baseball & Softball
Footwear,Togo,Cardio Equipment
Apparel,Níger,Cleats
Golf,Zimbabue,Shop By Sport
Golf,Togo,Shop By Sport
Fitness,SudAfrica,Tennis & Racquet
Footwear,SudAfrica,Fitness Accessories
Footwear,Croacia,Electronics
Footwear,Bulgaria,Cardio Equipment
Golf,Eslovaquia,Shop By Sport
Outdoors,Polonia,Electronics
Outdoors,España,Trade-In
Outdoors,Bélgica,Kids' Golf Clubs
Footwear,Guatemala,Boxing & MMA
Fitness,Irak,Baseball & Softball
Footwear,Kirguistán,Cardio Equipment
Footwear,Irak,Electronics
Apparel,Uzbekistán,Cleats
Outdoors,Irán,Golf Balls
Fan Shop,Filipinas,Hunting & Shooting
Golf,Siria,Shop By Sport
Golf,Taiwán,Women's Apparel
Footwear,Etiopía,Cardio Equipment
Golf,Mauritania,Shop By Sport
Outdoors,Camerún,Accessories
Fitness,Lituania,Baseball & Softball
Apparel,Noruega,Crafts
Golf,Eslovaquia,Women's Apparel
Outdoors,Estonia,Golf Balls
Discs Shop,España,CDs
Discs Shop,Italia,CDs
Discs Shop,Bélgica,DVDs
Footwear,Nicaragua,Strength Training
Apparel,Guadalupe,Men's Footwear
Technology,Corea del Sur,Computers
Health and Beauty,Hong Kong,Health and Beauty
Apparel,Bangladés,Children's Clothing
Fitness,SudAfrica,Baseball & Softball
Golf,Uganda,Women's Apparel
Footwear,Haití,Electronics
Outdoors,Trinidad y Tobago,Golf Balls
Fan Shop,Guatemala,Hunting & Shooting
Outdoors,Vietnam,Electronics
Outdoors,Azerbaiyán,Electronics
Fitness,Alemania,Tennis & Racquet
Footwear,Barbados,Electronics
Golf,Kirguistán,Shop By Sport
Footwear,Israel,Boxing & MMA
Fan Shop,Turquía,Hunting & Shooting
Golf,Túnez,Shop By Sport
Apparel,Estonia,Cleats
Apparel,Estonia,Men's Footwear
Outdoors,Estonia,Electronics
Fan Shop,República Checa,Camping & Hiking
Book Shop,Países Bajos,Books
Fan Shop,Uruguay,Fishing
Fan Shop,Guyana,Fishing
Fan Shop,Costa Rica,Fishing
Fan Shop,Jamaica,Camping & Hiking
Health and Beauty,Singapur,Health and Beauty
Fitness,Filipinas,Lacrosse
Footwear,Sri Lanka,Cardio Equipment
Apparel,Sri Lanka,Cleats
Apparel,Líbano,Men's Footwear
Fan Shop,Jordania,Camping & Hiking
Fan Shop,Papúa Nueva Guinea,Camping & Hiking
Footwear,India,Fitness Accessories
Outdoors,Túnez,Electronics
Outdoors,Países Bajos,Golf Balls
Apparel,Chipre,Cleats
Outdoors,Venezuela,Accessories
Outdoors,Jordania,Golf Balls
Golf,Chipre,Shop By Sport
Golf,Hungría,Girls' Apparel
Footwear,Costa de Marfil,Cardio Equipment
Footwear,Guyana,Cardio Equipment
Footwear,Austria,As Seen on  TV!
Footwear,Corea del Sur,Fitness Accessories
Fan Shop,Kenia,Hunting & Shooting
Footwear,Turkmenistán,Boxing & MMA
Fitness,Argelia,Lacrosse
Golf,Bélgica,Girls' Apparel
Footwear,República Dominicana,Boxing & MMA
Outdoors,Singapur,Accessories
Fitness,Rusia,Tennis & Racquet
Footwear,República Dominicana,Strength Training
Footwear,Honduras,Electronics
Technology,Camboya,Consumer Electronics
Fitness,India,Tennis & Racquet
Fitness,Vietnam,Baseball & Softball
Outdoors,Bangladés,Garden
Outdoors,Tailandia,Electronics
Outdoors,Mozambique,Accessories
Fitness,Filipinas,Tennis & Racquet
Fitness,Angola,Lacrosse
Footwear,República Democrática del Congo,Electronics
Outdoors,Ruanda,Accessories
Outdoors,Moldavia,Accessories
Fan Shop,Bielorrusia,Hunting & Shooting
Fitness,Jamaica,Lacrosse
Footwear,Venezuela,Boxing & MMA
Fitness,Bangladés,Baseball & Softball
Footwear,Azerbaiyán,Cardio Equipment
Footwear,Irán,Boxing & MMA
Outdoors,Vietnam,Golf Balls
Fan Shop,Israel,Hunting & Shooting
Apparel,República del Congo,Men's Footwear
Outdoors,Angola,Golf Balls
Fan Shop,Libia,Camping & Hiking
Fitness,Bosnia y Herzegovina,Tennis & Racquet
Outdoors,Colombia,Golf Balls
Apparel,Corea del Sur,Crafts
Apparel,Camboya,Crafts
Apparel,Emiratos Árabes Unidos,Men's Footwear
Fitness,Irak,Tennis & Racquet
Golf,Gabón,Women's Apparel
Fitness,Marruecos,Lacrosse
Footwear,Angola,Electronics
Footwear,Gabón,Cardio Equipment
Outdoors,Ecuador,Trade-In
Apparel,Emiratos Árabes Unidos,Cleats
Fan Shop,Somalia,Camping & Hiking
Outdoors,Singapur,Trade-In
Fitness,Ghana,Tennis & Racquet
Apparel,Ruanda,Cleats
Outdoors,Liberia,Electronics
Footwear,Liberia,Cardio Equipment
Outdoors,Costa de Marfil,Golf Balls
Outdoors,Georgia,Electronics
Footwear,Finlandia,Cardio Equipment
Golf,Costa Rica,Women's Apparel
Footwear,Malasia,Electronics
Footwear,República Democrática del Congo,Boxing & MMA
Footwear,Libia,Boxing & MMA
Footwear,Suecia,Electronics
Footwear,Barbados,Fitness Accessories
Outdoors,Malasia,Electronics
Fan Shop,Nueva Zelanda,Hunting & Shooting
Fitness,República Democrática del Congo,Baseball & Softball
Fitness,Ucrania,Lacrosse
Outdoors,Irlanda,Trade-In
Fitness,Colombia,Lacrosse
Outdoors,Bangladés,Golf Balls
Outdoors,Ghana,Golf Balls
Apparel,Japón,Women's Clothing
Apparel,Bangladés,Men's Clothing
Apparel,Japón,Crafts
Outdoors,Corea del Sur,Electronics
Outdoors,Singapur,Garden
Fan Shop,Papúa Nueva Guinea,Fishing
Book Shop,Filipinas,Books
Discs Shop,Myanmar (Birmania),CDs
Footwear,Arabia Saudí,Fitness Accessories
Fitness,Egipto,Lacrosse
Outdoors,Filipinas,Trade-In
Footwear,Bulgaria,Electronics
Fan Shop,Venezuela,Hunting & Shooting
Outdoors,Marruecos,Trade-In
Outdoors,Singapur,Golf Balls
Outdoors,Irlanda,Golf Balls
Outdoors,Austria,Golf Balls
Outdoors,Suecia,Golf Balls
Outdoors,Bolivia,Golf Balls
Outdoors,Jamaica,Golf Balls
Outdoors,Haití,Golf Balls
Outdoors,Honduras,Golf Balls
Outdoors,Canada,Golf Balls
Outdoors,Togo,Golf Balls
Outdoors,Guinea,Golf Balls
Outdoors,Bielorrusia,Golf Balls
Outdoors,Argelia,Golf Balls
Outdoors,Moldavia,Golf Balls
Outdoors,Croacia,Golf Balls
Outdoors,Bosnia y Herzegovina,Golf Balls
Outdoors,República Checa,Golf Balls
Outdoors,Nueva Zelanda,Golf Balls
Outdoors,Malasia,Golf Balls
Outdoors,Tailandia,Golf Balls
Outdoors,Myanmar (Birmania),Golf Balls
Outdoors,Portugal,Golf Balls
Outdoors,Bélgica,Golf Balls
Outdoors,Venezuela,Golf Balls
Outdoors,Ecuador,Golf Balls
Outdoors,Uruguay,Golf Balls
Outdoors,Israel,Golf Balls
Outdoors,Kenia,Golf Balls
Outdoors,Bulgaria,Golf Balls
Outdoors,Sudán,Golf Balls
Outdoors,Lituania,Golf Balls
Outdoors,Kirguistán,Golf Balls
Outdoors,Arabia Saudí,Golf Balls
Outdoors,Uzbekistán,Golf Balls
Outdoors,Papúa Nueva Guinea,Golf Balls
Outdoors,Guyana,Golf Balls
Outdoors,Guadalupe,Golf Balls
Outdoors,Alemania,Golf Gloves
Outdoors,Francia,Golf Gloves
Outdoors,Bélgica,Golf Gloves
Outdoors,Italia,Golf Gloves
Outdoors,Reino Unido,Golf Gloves
Outdoors,España,Golf Gloves
Outdoors,Irlanda,Golf Gloves
Outdoors,Brasil,Golf Gloves
Outdoors,Honduras,Golf Gloves
Outdoors,México,Golf Gloves
Outdoors,Cuba,Golf Gloves
Outdoors,Chile,Golf Gloves
Outdoors,Nicaragua,Golf Gloves
Outdoors,Guatemala,Golf Gloves
Outdoors,Bolivia,Golf Gloves
Outdoors,Perú,Golf Gloves
Outdoors,Jamaica,Golf Gloves
Outdoors,República Dominicana,Golf Gloves
Outdoors,Panamá,Golf Gloves
Outdoors,El Salvador,Golf Gloves
Outdoors,Venezuela,Golf Gloves
Outdoors,Argentina,Golf Gloves
Outdoors,Colombia,Golf Gloves
Outdoors,Irak,Golf Gloves
Outdoors,Irán,Golf Gloves
Outdoors,Marruecos,Golf Gloves
Outdoors,Ucrania,Golf Gloves
Outdoors,Kenia,Golf Gloves
Outdoors,Ghana,Golf Gloves
Outdoors,SudAfrica,Golf Gloves
Outdoors,Madagascar,Golf Gloves
Outdoors,Nigeria,Golf Gloves
Outdoors,Bielorrusia,Golf Gloves
Outdoors,República Democrática del Congo,Golf Gloves
Outdoors,Turquía,Golf Gloves
Outdoors,Rumania,Golf Gloves
Outdoors,Austria,Golf Gloves
Outdoors,Egipto,Golf Gloves
Outdoors,Angola,Golf Gloves
Outdoors,Kazajistán,Golf Gloves
Outdoors,República Checa,Golf Gloves
Outdoors,Israel,Golf Gloves
Outdoors,Gabón,Golf Gloves
Outdoors,Zambia,Golf Gloves
Outdoors,Mozambique,Golf Gloves
Outdoors,Costa de Marfil,Golf Gloves
Outdoors,Estados Unidos,Golf Gloves
Outdoors,Nueva Zelanda,Golf Gloves
Outdoors,Australia,Golf Gloves
Outdoors,China,Golf Gloves
Outdoors,Filipinas,Golf Gloves
Outdoors,India,Golf Gloves
Outdoors,Indonesia,Golf Gloves
Outdoors,Japón,Golf Gloves
Outdoors,Singapur,Golf Gloves
Outdoors,Myanmar (Birmania),Golf Gloves
Outdoors,Tailandia,Golf Gloves
Outdoors,Grecia,Golf Gloves
Outdoors,Suiza,Golf Gloves
Outdoors,Países Bajos,Golf Gloves
Outdoors,Haití,Golf Gloves
Outdoors,Guadalupe,Golf Gloves
Outdoors,Suecia,Golf Gloves
Outdoors,Argelia,Golf Gloves
Outdoors,Estonia,Golf Gloves
Outdoors,Rusia,Golf Gloves
Outdoors,Yemen,Golf Gloves
Outdoors,Arabia Saudí,Golf Gloves
Outdoors,Canada,Golf Gloves
Outdoors,Níger,Golf Gloves
Outdoors,Guinea-Bissau,Golf Gloves
Outdoors,Uzbekistán,Golf Gloves
Outdoors,Somalia,Golf Gloves
Outdoors,Emiratos Árabes Unidos,Golf Gloves
Outdoors,Vietnam,Golf Gloves
Outdoors,Corea del Sur,Golf Gloves
Outdoors,Afganistán,Golf Gloves
Outdoors,Pakistán,Golf Gloves
Outdoors,Noruega,Golf Gloves
Outdoors,Ecuador,Golf Gloves
Outdoors,Barbados,Golf Gloves
Outdoors,Jordania,Golf Gloves
Outdoors,Togo,Golf Gloves
Outdoors,Mali,Golf Gloves
Outdoors,Siria,Golf Gloves
Outdoors,Bulgaria,Golf Gloves
Outdoors,Polonia,Golf Gloves
Outdoors,Taiwán,Golf Gloves
Outdoors,Bangladés,Golf Gloves
Apparel,Moldavia,Men's Footwear
Fitness,Haití,Tennis & Racquet
Apparel,Trinidad y Tobago,Men's Footwear
Outdoors,República Dominicana,Kids' Golf Clubs
Fan Shop,Martinica,Fishing
Fan Shop,Panamá,Hunting & Shooting
Technology,Afganistán,Computers
Golf,Vietnam,Girls' Apparel
Outdoors,Malasia,Garden
Footwear,Eslovaquia,Cardio Equipment
Outdoors,Rumania,Electronics
Footwear,Brasil,As Seen on  TV!
Footwear,Georgia,Boxing & MMA
Golf,Georgia,Shop By Sport
Golf,Papúa Nueva Guinea,Women's Apparel
Fitness,Senegal,Baseball & Softball
Footwear,Marruecos,Fitness Accessories
Footwear,Moldavia,Cardio Equipment
Outdoors,Países Bajos,Trade-In
Apparel,Papúa Nueva Guinea,Cleats
Golf,Corea del Sur,Girls' Apparel
Golf,Suazilandia,Women's Apparel
Golf,Suazilandia,Shop By Sport
Golf,Angola,Girls' Apparel
Fitness,Austria,Baseball & Softball
Fitness,Camerún,Baseball & Softball
Fitness,Sudán,Baseball & Softball
Apparel,Guinea-Bissau,Men's Footwear
Golf,Benín,Shop By Sport
Golf,Guinea-Bissau,Women's Apparel
Fan Shop,Camerún,Camping & Hiking
Fan Shop,Guinea,Camping & Hiking
Apparel,Montenegro,Men's Footwear
Discs Shop,Países Bajos,CDs
Technology,Bélgica,Cameras
Fitness,España,Tennis & Racquet
Footwear,Paraguay,Cardio Equipment
Footwear,Colombia,Boxing & MMA
Golf,Azerbaiyán,Women's Apparel
Apparel,Gabón,Men's Footwear
Golf,Libia,Shop By Sport
Fan Shop,República Centroafricana,Camping & Hiking
Technology,Dinamarca,Computers
Fitness,Países Bajos,Basketball
Footwear,Bolivia,Electronics
Outdoors,Venezuela,Electronics
Technology,Australia,Cameras
Footwear,Mongolia,Fitness Accessories
Apparel,Camboya,Men's Footwear
Outdoors,Papúa Nueva Guinea,Garden
Discs Shop,Indonesia,CDs
Discs Shop,Bangladés,Video Games
Apparel,República Centroafricana,Cleats
Fan Shop,Kirguistán,Hunting & Shooting
Footwear,Zimbabue,Electronics
Footwear,Senegal,Fitness Accessories
Golf,Gabón,Girls' Apparel
Footwear,Austria,Boxing & MMA
Golf,Yemen,Shop By Sport
Golf,Moldavia,Girls' Apparel
Golf,Noruega,Girls' Apparel
Outdoors,Haití,Electronics
Fan Shop,Irán,Hunting & Shooting
Fitness,Ghana,Baseball & Softball
Footwear,Yibuti,Cardio Equipment
Apparel,Namibia,Men's Footwear
Apparel,Yibuti,Men's Footwear
Golf,Namibia,Women's Apparel
Outdoors,Angola,Electronics
Outdoors,Camerún,Golf Balls
Outdoors,Yibuti,Golf Balls
Fan Shop,Túnez,Camping & Hiking
Fan Shop,Yibuti,Camping & Hiking
Footwear,Dinamarca,Electronics
Footwear,Austria,Strength Training
Fitness,Guatemala,Soccer
Apparel,Singapur,Children's Clothing
Fan Shop,Barbados,Fishing
Apparel,Yemen,Men's Footwear
Footwear,Luxemburgo,Cardio Equipment
Footwear,Marruecos,Boxing & MMA
Footwear,Suiza,Fitness Accessories
Fitness,Países Bajos,Soccer
Outdoors,Myanmar (Birmania),Trade-In
Fitness,Tanzania,Baseball & Softball
Footwear,Namibia,Cardio Equipment
Apparel,Lesoto,Men's Footwear
Fan Shop,Ruanda,Camping & Hiking
Technology,Dinamarca,Consumer Electronics
Footwear,Bélgica,Strength Training
Golf,Chipre,Women's Apparel
Technology,Bangladés,Consumer Electronics
Apparel,Qatar,Cleats
Apparel,Papúa Nueva Guinea,Women's Clothing
Apparel,Nepal,Men's Footwear
Apparel,Camboya,Men's Clothing
Apparel,Japón,Men's Clothing
Outdoors,Hong Kong,Garden
Outdoors,Pakistán,Garden
Discs Shop,Vietnam,DVDs
Apparel,Myanmar (Birmania),Men's Clothing
Fan Shop,Uzbekistán,Camping & Hiking
Outdoors,El Salvador,Kids' Golf Clubs
Fan Shop,Bolivia,Fishing
Apparel,Costa Rica,Men's Footwear
Apparel,Costa Rica,Cleats
Fan Shop,Costa Rica,Camping & Hiking
Apparel,Tailandia,Baby
Apparel,Japón,Baby
Technology,Pakistán,Consumer Electronics
Fan Shop,Nepal,Fishing
Apparel,Guinea,Cleats
Outdoors,Kenia,Accessories
Outdoors,Mali,Electronics
Outdoors,Mozambique,Electronics
Footwear,Albania,Cardio Equipment
Outdoors,Irlanda,Electronics
Outdoors,Corea del Sur,Accessories
Outdoors,Mongolia,Electronics
Footwear,Guinea,Cardio Equipment
Outdoors,Somalia,Electronics
Footwear,Panamá,Boxing & MMA
Footwear,Nepal,Cardio Equipment
Fitness,Nigeria,Lacrosse
Fitness,Costa de Marfil,Lacrosse
Golf,Países Bajos,Girls' Apparel
Outdoors,Polonia,Trade-In
Footwear,Ecuador,Electronics
Outdoors,Camboya,Trade-In
Outdoors,Túnez,Accessories
Footwear,Bielorrusia,Electronics
Footwear,Ecuador,Fitness Accessories
Fitness,Indonesia,Lacrosse
Golf,Nepal,Shop By Sport
Fan Shop,Namibia,Camping & Hiking
Apparel,Suiza,Crafts
Golf,Líbano,Women's Apparel
Fan Shop,Nepal,Camping & Hiking
Apparel,Grecia,Cleats
Footwear,Turquía,Boxing & MMA
Outdoors,Líbano,Trade-In
Outdoors,Ghana,Accessories
Outdoors,Costa Rica,Accessories
Fan Shop,India,Hunting & Shooting
Fan Shop,Guinea-Bissau,Camping & Hiking
Technology,Suecia,Consumer Electronics
Apparel,Irlanda,Baby
Apparel,Chipre,Men's Footwear
Fan Shop,Chipre,Camping & Hiking
Footwear,Cuba,As Seen on  TV!
Footwear,Uruguay,As Seen on  TV!
Footwear,Costa Rica,Cardio Equipment
Apparel,Surinam,Men's Footwear
Golf,Surinam,Women's Apparel
Outdoors,Barbados,Golf Balls
Footwear,Myanmar (Birmania),Fitness Accessories
Apparel,Hong Kong,Cleats
Golf,Qatar,Women's Apparel
Outdoors,Myanmar (Birmania),Accessories
Fan Shop,Arabia Saudí,Hunting & Shooting
Fan Shop,Hong Kong,Camping & Hiking
Fitness,Canada,Tennis & Racquet
Footwear,Canada,Electronics
Outdoors,Somalia,Accessories
Outdoors,Hungría,Electronics
Fitness,Hong Kong,Lacrosse
Fitness,Malasia,Baseball & Softball
Fan Shop,Qatar,Hunting & Shooting
Footwear,Ghana,Electronics
Golf,Surinam,Shop By Sport
Fitness,Vietnam,Lacrosse
Footwear,Taiwán,Cardio Equipment
Footwear,Pakistán,Fitness Accessories
Golf,Myanmar (Birmania),Girls' Apparel
Outdoors,Taiwán,Golf Balls
Fan Shop,Tailandia,Hunting & Shooting
Footwear,Camerún,Electronics
Footwear,Guinea,Boxing & MMA
Footwear,Zambia,Boxing & MMA
Golf,Madagascar,Shop By Sport
Golf,Senegal,Girls' Apparel
Golf,Austria,Girls' Apparel
Outdoors,Bélgica,Trade-In
Book Shop,Pakistán,Books
Outdoors,Kazajistán,Accessories
Outdoors,Tanzania,Accessories
Outdoors,Bangladés,Trade-In
Footwear,Noruega,Electronics
Fitness,Venezuela,Soccer
Fan Shop,Paraguay,Fishing
Fan Shop,Argentina,Hunting & Shooting
Fitness,Belice,Soccer
Fitness,Pakistán,Baseball & Softball
Golf,Costa de Marfil,Girls' Apparel
Footwear,Italia,As Seen on  TV!
Golf,Eslovenia,Women's Apparel
Fan Shop,Ucrania,Hunting & Shooting
Golf,Mongolia,Girls' Apparel
Golf,Turkmenistán,Women's Apparel
Golf,Emiratos Árabes Unidos,Girls' Apparel
Fan Shop,Angola,Hunting & Shooting
Footwear,Bélgica,Electronics
Outdoors,Hungría,Accessories
Golf,Azerbaiyán,Shop By Sport
Fan Shop,Emiratos Árabes Unidos,Hunting & Shooting
Golf,Ghana,Shop By Sport
Outdoors,Camerún,Trade-In
Golf,Eslovenia,Shop By Sport
Outdoors,Eslovenia,Electronics
Footwear,Camerún,Boxing & MMA
Apparel,Liberia,Men's Footwear
Outdoors,Liberia,Accessories
Technology,Portugal,Consumer Electronics
Technology,Portugal,Computers
Footwear,Suecia,Boxing & MMA
Apparel,Austria,Crafts
Outdoors,Trinidad y Tobago,Golf Gloves
Outdoors,Dinamarca,Golf Gloves
Outdoors,Francia,Golf Bags & Carts
Outdoors,Alemania,Golf Bags & Carts
Outdoors,Italia,Golf Bags & Carts
Outdoors,Reino Unido,Golf Bags & Carts
Outdoors,Irlanda,Golf Bags & Carts
Outdoors,Austria,Golf Bags & Carts
Outdoors,España,Golf Bags & Carts
Outdoors,Países Bajos,Golf Bags & Carts
Outdoors,Portugal,Golf Bags & Carts
Outdoors,Brasil,Golf Bags & Carts
Outdoors,El Salvador,Golf Bags & Carts
Outdoors,Bolivia,Golf Bags & Carts
Outdoors,Uruguay,Golf Bags & Carts
Outdoors,Nicaragua,Golf Bags & Carts
Outdoors,México,Golf Bags & Carts
Outdoors,Colombia,Golf Bags & Carts
Outdoors,Guatemala,Golf Bags & Carts
Outdoors,República Dominicana,Golf Bags & Carts
Outdoors,Reino Unido,Golf Shoes
Outdoors,Italia,Golf Shoes
Outdoors,Francia,Golf Shoes
Outdoors,España,Golf Shoes
Outdoors,Suecia,Golf Shoes
Outdoors,Alemania,Golf Shoes
Outdoors,Países Bajos,Golf Shoes
Outdoors,Bélgica,Golf Shoes
Outdoors,Dinamarca,Golf Shoes
Outdoors,Brasil,Golf Shoes
Outdoors,Honduras,Golf Shoes
Outdoors,Cuba,Golf Shoes
Outdoors,Argentina,Golf Shoes
Outdoors,Colombia,Golf Shoes
Outdoors,México,Golf Shoes
Outdoors,Guatemala,Golf Shoes
Outdoors,República Dominicana,Golf Shoes
Outdoors,Perú,Golf Shoes
Outdoors,El Salvador,Golf Shoes
Outdoors,Panamá,Golf Shoes
Outdoors,Venezuela,Golf Shoes
Outdoors,Haití,Golf Shoes
Outdoors,Nicaragua,Golf Shoes
Outdoors,Egipto,Golf Shoes
Outdoors,Argelia,Golf Shoes
Outdoors,República Democrática del Congo,Golf Shoes
Outdoors,Ghana,Golf Shoes
Outdoors,Israel,Golf Shoes
Outdoors,Irán,Golf Shoes
Outdoors,Canada,Golf Shoes
Outdoors,Turquía,Golf Shoes
Outdoors,Polonia,Golf Shoes
Outdoors,Rusia,Golf Shoes
Outdoors,Hungría,Golf Shoes
Outdoors,Irak,Golf Shoes
Outdoors,Arabia Saudí,Golf Shoes
Outdoors,Marruecos,Golf Shoes
Outdoors,Senegal,Golf Shoes
Outdoors,Angola,Golf Shoes
Outdoors,Nigeria,Golf Shoes
Outdoors,Costa de Marfil,Golf Shoes
Outdoors,SudAfrica,Golf Shoes
Outdoors,Ucrania,Golf Shoes
Outdoors,Camerún,Golf Shoes
Outdoors,Tanzania,Golf Shoes
Outdoors,Estados Unidos,Golf Shoes
Outdoors,Australia,Golf Shoes
Outdoors,Nueva Zelanda,Golf Shoes
Outdoors,Nepal,Golf Shoes
Outdoors,Japón,Golf Shoes
Outdoors,Indonesia,Golf Shoes
Outdoors,Filipinas,Golf Shoes
Outdoors,Tailandia,Golf Shoes
Outdoors,Malasia,Golf Shoes
Outdoors,China,Golf Shoes
Outdoors,India,Golf Shoes
Outdoors,Vietnam,Golf Shoes
Outdoors,Austria,Golf Shoes
Outdoors,Portugal,Golf Shoes
Outdoors,Suiza,Golf Shoes
Outdoors,Irlanda,Golf Shoes
Outdoors,Martinica,Golf Shoes
Outdoors,Barbados,Golf Shoes
Outdoors,Chile,Golf Shoes
Outdoors,Noruega,Golf Shoes
Outdoors,Ecuador,Golf Shoes
Outdoors,Alemania,Golf Apparel
Outdoors,Francia,Golf Apparel
Outdoors,Finlandia,Golf Apparel
Outdoors,Países Bajos,Golf Apparel
Outdoors,Portugal,Golf Apparel
Outdoors,Reino Unido,Golf Apparel
Outdoors,Italia,Golf Apparel
Outdoors,España,Golf Apparel
Outdoors,Dinamarca,Golf Apparel
Outdoors,Noruega,Golf Apparel
Outdoors,Austria,Golf Apparel
Outdoors,Brasil,Golf Apparel
Outdoors,Honduras,Golf Apparel
Outdoors,República Dominicana,Golf Apparel
Outdoors,México,Golf Apparel
Outdoors,Colombia,Golf Apparel
Outdoors,Cuba,Golf Apparel
Outdoors,El Salvador,Golf Apparel
Outdoors,Venezuela,Golf Apparel
Outdoors,Nicaragua,Golf Apparel
Outdoors,Guatemala,Golf Apparel
Outdoors,Suecia,Golf Apparel
Outdoors,Bélgica,Golf Apparel
Outdoors,Chile,Golf Apparel
Outdoors,Perú,Golf Apparel
Outdoors,Jamaica,Golf Apparel
Outdoors,Argentina,Golf Apparel
Outdoors,Panamá,Golf Apparel
Outdoors,Kirguistán,Golf Apparel
Outdoors,Mongolia,Golf Apparel
Outdoors,República Democrática del Congo,Golf Apparel
Outdoors,Irán,Golf Apparel
Outdoors,SudAfrica,Golf Apparel
Outdoors,Zambia,Golf Apparel
Outdoors,Túnez,Golf Apparel
Outdoors,Bulgaria,Golf Apparel
Outdoors,Costa de Marfil,Golf Apparel
Outdoors,Canada,Golf Apparel
Outdoors,Argelia,Golf Apparel
Outdoors,Nigeria,Golf Apparel
Outdoors,Somalia,Golf Apparel
Outdoors,Irak,Golf Apparel
Outdoors,Benín,Golf Apparel
Outdoors,Marruecos,Golf Apparel
Outdoors,Uganda,Golf Apparel
Outdoors,Rusia,Golf Apparel
Outdoors,Polonia,Golf Apparel
Outdoors,Arabia Saudí,Golf Apparel
Outdoors,Turquía,Golf Apparel
Outdoors,Mali,Golf Apparel
Outdoors,Ghana,Golf Apparel
Outdoors,Israel,Golf Apparel
Outdoors,Egipto,Golf Apparel
Outdoors,Burkina Faso,Golf Apparel
Outdoors,Angola,Golf Apparel
Outdoors,Ucrania,Golf Apparel
Outdoors,Azerbaiyán,Golf Apparel
Outdoors,Estados Unidos,Golf Apparel
Outdoors,Australia,Golf Apparel
Outdoors,China,Golf Apparel
Outdoors,India,Golf Apparel
Outdoors,Indonesia,Golf Apparel
Outdoors,Malasia,Golf Apparel
Outdoors,Pakistán,Golf Apparel
Outdoors,Myanmar (Birmania),Golf Apparel
Outdoors,Filipinas,Golf Apparel
Outdoors,Japón,Golf Apparel
Outdoors,Corea del Sur,Golf Apparel
Outdoors,Bangladés,Golf Apparel
Outdoors,Vietnam,Golf Apparel
Outdoors,Suiza,Golf Apparel
Outdoors,Chipre,Golf Apparel
Outdoors,Barbados,Golf Apparel
Outdoors,Haití,Golf Apparel
Outdoors,Uruguay,Golf Apparel
Outdoors,Italia,Women's Golf Clubs
Outdoors,Irlanda,Women's Golf Clubs
Outdoors,España,Women's Golf Clubs
Outdoors,Francia,Women's Golf Clubs
Outdoors,Alemania,Women's Golf Clubs
Outdoors,Austria,Women's Golf Clubs
Outdoors,Reino Unido,Women's Golf Clubs
Outdoors,Suecia,Women's Golf Clubs
Outdoors,Dinamarca,Women's Golf Clubs
Outdoors,Brasil,Women's Golf Clubs
Outdoors,República Dominicana,Women's Golf Clubs
Outdoors,México,Women's Golf Clubs
Outdoors,Venezuela,Women's Golf Clubs
Outdoors,Chile,Women's Golf Clubs
Outdoors,Guatemala,Women's Golf Clubs
Outdoors,Nicaragua,Women's Golf Clubs
Outdoors,Cuba,Women's Golf Clubs
Outdoors,El Salvador,Women's Golf Clubs
Outdoors,Honduras,Women's Golf Clubs
Outdoors,Países Bajos,Women's Golf Clubs
Outdoors,Noruega,Women's Golf Clubs
Outdoors,Panamá,Women's Golf Clubs
Outdoors,Argentina,Women's Golf Clubs
Outdoors,Trinidad y Tobago,Women's Golf Clubs
Outdoors,Bélgica,Women's Golf Clubs
Outdoors,Belice,Women's Golf Clubs
Outdoors,Reino Unido,Men's Golf Clubs
Outdoors,Austria,Men's Golf Clubs
Outdoors,Italia,Men's Golf Clubs
Outdoors,Alemania,Men's Golf Clubs
Outdoors,Países Bajos,Men's Golf Clubs
Outdoors,Francia,Men's Golf Clubs
Outdoors,Bélgica,Men's Golf Clubs
Outdoors,España,Men's Golf Clubs
Outdoors,Brasil,Men's Golf Clubs
Outdoors,México,Men's Golf Clubs
Outdoors,Colombia,Men's Golf Clubs
Outdoors,Guatemala,Men's Golf Clubs
Outdoors,Honduras,Men's Golf Clubs
Outdoors,Chile,Men's Golf Clubs
Outdoors,Venezuela,Men's Golf Clubs
Outdoors,República Dominicana,Men's Golf Clubs
Outdoors,Cuba,Men's Golf Clubs
Outdoors,Panamá,Men's Golf Clubs
Outdoors,Nicaragua,Men's Golf Clubs
Outdoors,Irlanda,Men's Golf Clubs
Outdoors,Trinidad y Tobago,Men's Golf Clubs
Outdoors,El Salvador,Men's Golf Clubs
Outdoors,Argentina,Men's Golf Clubs
Outdoors,Noruega,Men's Golf Clubs
Outdoors,Perú,Men's Golf Clubs
Outdoors,Suecia,Men's Golf Clubs
Outdoors,Portugal,Men's Golf Clubs
Fan Shop,Indonesia,Toys
Fan Shop,Australia,Toys
Fan Shop,India,Toys
Fan Shop,Tailandia,Toys
Fan Shop,Malasia,Toys
Fan Shop,Corea del Sur,Toys
Fan Shop,Afganistán,Toys
Fan Shop,Papúa Nueva Guinea,Toys
Fan Shop,China,Toys
Fan Shop,Filipinas,Toys
Fan Shop,Camboya,Toys
Fan Shop,Hong Kong,Toys
Fan Shop,Pakistán,Toys
Fan Shop,Vietnam,Toys
Fan Shop,Japón,Toys
Fan Shop,Singapur,Toys
Fan Shop,Laos,Toys
Fan Shop,Bangladés,Toys
Fan Shop,Myanmar (Birmania),Toys
Fan Shop,Francia,Water Sports
Fan Shop,Alemania,Water Sports
Fan Shop,España,Water Sports
Fan Shop,Irlanda,Water Sports
Fan Shop,Finlandia,Water Sports
Fan Shop,Italia,Water Sports
Fan Shop,Países Bajos,Water Sports
Fan Shop,Austria,Water Sports
Fan Shop,Portugal,Water Sports
Fan Shop,Reino Unido,Water Sports
Fan Shop,Dinamarca,Water Sports
Fan Shop,Suiza,Water Sports
Fan Shop,Suecia,Water Sports
Fan Shop,Bélgica,Water Sports
Fan Shop,Noruega,Water Sports
Fan Shop,Chipre,Water Sports
Fan Shop,Brasil,Water Sports
Fan Shop,Nicaragua,Water Sports
Fan Shop,México,Water Sports
Fan Shop,El Salvador,Water Sports
Fan Shop,Honduras,Water Sports
Fan Shop,Chile,Water Sports
Fan Shop,Colombia,Water Sports
Fan Shop,República Dominicana,Water Sports
Fan Shop,Guatemala,Water Sports
Fan Shop,Argentina,Water Sports
Fan Shop,Bolivia,Water Sports
Fan Shop,Panamá,Water Sports
Fan Shop,Venezuela,Water Sports
Fan Shop,Cuba,Water Sports
Fan Shop,Haití,Water Sports
Fan Shop,Perú,Water Sports
Fan Shop,Ecuador,Water Sports
Fan Shop,Uruguay,Water Sports
Fan Shop,Barbados,Water Sports
Fan Shop,Martinica,Water Sports
Fan Shop,Paraguay,Water Sports
Fan Shop,Trinidad y Tobago,Water Sports
Fan Shop,Guyana,Water Sports
Fan Shop,Jamaica,Water Sports
Fan Shop,Surinam,Water Sports
Footwear,Israel,Fitness Accessories
Fitness,Etiopía,Lacrosse
Footwear,Argelia,Electronics
Outdoors,Libia,Accessories
Golf,Bielorrusia,Shop By Sport
Fitness,Irán,Lacrosse
Outdoors,Malasia,Trade-In
Footwear,Mauritania,Cardio Equipment
Footwear,Hungría,Electronics
Footwear,Italia,Fitness Accessories
Golf,Uzbekistán,Shop By Sport
Fan Shop,Australia,Hunting & Shooting
Fan Shop,Etiopía,Camping & Hiking
Technology,Portugal,Cameras
Footwear,Venezuela,Fitness Accessories
Fan Shop,Jordania,Hunting & Shooting
Footwear,Benín,Fitness Accessories
Fan Shop,Mali,Hunting & Shooting
Fitness,Tailandia,Lacrosse
Golf,Singapur,Girls' Apparel
Fan Shop,Polonia,Hunting & Shooting
Footwear,Tailandia,Fitness Accessories
Outdoors,Zimbabue,Trade-In
Outdoors,Etiopía,Trade-In
Fitness,Países Bajos,Tennis & Racquet
Fitness,Pakistán,Tennis & Racquet
Book Shop,Suiza,Books
Fitness,Cuba,Lacrosse
Footwear,Surinam,Cardio Equipment
Outdoors,Panamá,Kids' Golf Clubs
Pet Shop,Afganistán,Pet Supplies
Health and Beauty,Vietnam,Health and Beauty
Footwear,Singapur,Electronics
Apparel,Pakistán,Men's Clothing
Fan Shop,Belice,Water Sports
Outdoors,Kenia,Trade-In
Footwear,Japón,Fitness Accessories
Outdoors,Camboya,Accessories
Outdoors,Bielorrusia,Accessories
Golf,Tanzania,Girls' Apparel
Footwear,El Salvador,Fitness Accessories
Golf,Paraguay,Women's Apparel
Outdoors,Bolivia,Trade-In
Technology,Filipinas,Consumer Electronics
Footwear,Yemen,Cardio Equipment
Fan Shop,Yemen,Camping & Hiking
Discs Shop,Sri Lanka,Video Games
Apparel,Guayana Francesa,Cleats
Outdoors,Grecia,Accessories
Fitness,Corea del Sur,Tennis & Racquet
Outdoors,Uganda,Electronics
Fan Shop,República de Gambia,Camping & Hiking
Apparel,Países Bajos,Baby
Technology,Grecia,Cameras
Outdoors,Argentina,Trade-In
Apparel,Tayikistán,Cleats
Discs Shop,Myanmar (Birmania),Video Games
Discs Shop,Afganistán,Music
Fitness,Sudán,Lacrosse
Golf,Egipto,Girls' Apparel
Outdoors,Uganda,Trade-In
Footwear,Rusia,Boxing & MMA
Footwear,Irlanda,Fitness Accessories
Outdoors,Austria,Trade-In
Footwear,Nicaragua,Fitness Accessories
Golf,Líbano,Shop By Sport
Footwear,Nigeria,Boxing & MMA
Footwear,República de Gambia,Cardio Equipment
Golf,República de Gambia,Women's Apparel
Outdoors,Uruguay,Trade-In
Golf,Tayikistán,Shop By Sport
Outdoors,Yemen,Accessories
Footwear,Lesoto,Cardio Equipment
Golf,Namibia,Shop By Sport
Outdoors,Lesoto,Accessories
Fan Shop,Ecuador,Hunting & Shooting
Footwear,Guinea-Bissau,Cardio Equipment
Outdoors,Camerún,Electronics
Outdoors,Senegal,Golf Balls
Outdoors,Barbados,Trade-In
Footwear,Georgia,Electronics
Fitness,Senegal,Tennis & Racquet
Fitness,Hungría,Baseball & Softball
Outdoors,Martinica,Electronics
Outdoors,Qatar,Electronics
Outdoors,Mauritania,Electronics
Fitness,Tailandia,Baseball & Softball
Apparel,Botsuana,Men's Footwear
Fan Shop,Estonia,Camping & Hiking
Outdoors,Chile,Trade-In
Golf,Botsuana,Shop By Sport
Footwear,Nicaragua,Boxing & MMA
Golf,Haití,Girls' Apparel
Golf,Botsuana,Women's Apparel
Outdoors,Hong Kong,Trade-In
Fan Shop,Liberia,Camping & Hiking
Technology,Singapur,Computers
Apparel,Taiwán,Crafts
Discs Shop,Vietnam,CDs
Discs Shop,Papúa Nueva Guinea,Music
Golf,Portugal,Girls' Apparel
Apparel,Surinam,Cleats
Footwear,Japón,Boxing & MMA
Apparel,Guinea-Bissau,Cleats
Golf,Burkina Faso,Shop By Sport
Fan Shop,SudAfrica,Hunting & Shooting
Fitness,Myanmar (Birmania),Lacrosse
Apparel,Armenia,Cleats
Fitness,Austria,Lacrosse
Footwear,Armenia,Cardio Equipment
Outdoors,Armenia,Golf Balls
Outdoors,Tanzania,Trade-In
Footwear,Bangladés,Boxing & MMA
Fitness,Irlanda,Baseball & Softball
Technology,Irlanda,Cameras
Apparel,Finlandia,Crafts
Fitness,Uruguay,Lacrosse
Fan Shop,Hong Kong,Fishing
Technology,Vietnam,Consumer Electronics
Apparel,Corea del Sur,Children's Clothing
Fan Shop,Rusia,Water Sports
Fan Shop,Turquía,Water Sports
Fan Shop,Estonia,Water Sports
Fan Shop,Moldavia,Water Sports
Fan Shop,Costa de Marfil,Water Sports
Fan Shop,Marruecos,Water Sports
Fan Shop,Nigeria,Water Sports
Fan Shop,Rumania,Water Sports
Fan Shop,Irak,Water Sports
Fan Shop,Georgia,Water Sports
Fan Shop,Irán,Water Sports
Fan Shop,Argelia,Water Sports
Fan Shop,Liberia,Water Sports
Fan Shop,SudAfrica,Water Sports
Fan Shop,Kenia,Water Sports
Fan Shop,Israel,Water Sports
Fan Shop,Ucrania,Water Sports
Fan Shop,Mozambique,Water Sports
Fan Shop,Zambia,Water Sports
Fan Shop,Tanzania,Water Sports
Fan Shop,Croacia,Water Sports
Fan Shop,Ghana,Water Sports
Fan Shop,Bielorrusia,Water Sports
Fan Shop,Angola,Water Sports
Fan Shop,Kirguistán,Water Sports
Fan Shop,Albania,Water Sports
Fan Shop,Canada,Water Sports
Fan Shop,República Checa,Water Sports
Fan Shop,Egipto,Water Sports
Fan Shop,Lituania,Water Sports
Fan Shop,Níger,Water Sports
Fan Shop,Jordania,Water Sports
Fan Shop,Arabia Saudí,Water Sports
Fan Shop,Qatar,Water Sports
Fan Shop,República Democrática del Congo,Water Sports
Fan Shop,Uganda,Water Sports
Fan Shop,Benín,Water Sports
Fan Shop,Togo,Water Sports
Fan Shop,Líbano,Water Sports
Fan Shop,Uzbekistán,Water Sports
Fan Shop,Madagascar,Water Sports
Fan Shop,Senegal,Water Sports
Fan Shop,Somalia,Water Sports
Fan Shop,Yemen,Water Sports
Fan Shop,Polonia,Water Sports
Fan Shop,Túnez,Water Sports
Fan Shop,Lesoto,Water Sports
Fan Shop,Mali,Water Sports
Fan Shop,República del Congo,Water Sports
Fan Shop,Hungría,Water Sports
Fan Shop,Turkmenistán,Water Sports
Fan Shop,Kazajistán,Water Sports
Fan Shop,Libia,Water Sports
Fan Shop,Ruanda,Water Sports
Fan Shop,Guinea-Bissau,Water Sports
Fan Shop,Sudán del Sur,Water Sports
Fan Shop,Camerún,Water Sports
Fan Shop,Eslovaquia,Water Sports
Fan Shop,Azerbaiyán,Water Sports
Fan Shop,Siria,Water Sports
Fan Shop,Namibia,Water Sports
Fan Shop,Bulgaria,Water Sports
Fan Shop,Sierra Leona,Water Sports
Fan Shop,Sudán,Water Sports
Fan Shop,Guinea,Water Sports
Fan Shop,Mongolia,Water Sports
Fan Shop,Zimbabue,Water Sports
Fan Shop,Gabón,Water Sports
Fan Shop,Mauritania,Water Sports
Fan Shop,Yibuti,Water Sports
Fan Shop,Guinea Ecuatorial,Water Sports
Fan Shop,República Centroafricana,Water Sports
Fan Shop,Suazilandia,Water Sports
Fan Shop,Bosnia y Herzegovina,Water Sports
Fan Shop,Emiratos Árabes Unidos,Water Sports
Fan Shop,Montenegro,Water Sports
Fan Shop,Eslovenia,Water Sports
Fan Shop,Kuwait,Water Sports
Fan Shop,Estados Unidos,Water Sports
Fan Shop,Costa Rica,Water Sports
Fan Shop,Guayana Francesa,Water Sports
Fan Shop,Francia,Indoor/Outdoor Games
Fan Shop,Reino Unido,Indoor/Outdoor Games
Fan Shop,Alemania,Indoor/Outdoor Games
Fan Shop,España,Indoor/Outdoor Games
Fan Shop,Italia,Indoor/Outdoor Games
Fan Shop,Irlanda,Indoor/Outdoor Games
Fan Shop,Países Bajos,Indoor/Outdoor Games
Fan Shop,Portugal,Indoor/Outdoor Games
Fan Shop,Austria,Indoor/Outdoor Games
Fan Shop,Bélgica,Indoor/Outdoor Games
Fan Shop,Finlandia,Indoor/Outdoor Games
Fan Shop,Suecia,Indoor/Outdoor Games
Fan Shop,Suiza,Indoor/Outdoor Games
Fan Shop,Dinamarca,Indoor/Outdoor Games
Fan Shop,Grecia,Indoor/Outdoor Games
Fan Shop,Luxemburgo,Indoor/Outdoor Games
Fan Shop,Noruega,Indoor/Outdoor Games
Fan Shop,Nueva Zelanda,Water Sports
Fan Shop,Australia,Water Sports
Fan Shop,Pakistán,Water Sports
Fan Shop,Indonesia,Water Sports
Fan Shop,Vietnam,Water Sports
Fan Shop,China,Water Sports
Fan Shop,Papúa Nueva Guinea,Water Sports
Fan Shop,Malasia,Water Sports
Fan Shop,Tailandia,Water Sports
Fan Shop,India,Water Sports
Fan Shop,Taiwán,Water Sports
Fan Shop,Bangladés,Water Sports
Fan Shop,Filipinas,Water Sports
Fan Shop,Corea del Sur,Water Sports
Fan Shop,Nepal,Water Sports
Fan Shop,Singapur,Water Sports
Fan Shop,Japón,Water Sports
Fan Shop,Myanmar (Birmania),Water Sports
Fan Shop,Afganistán,Water Sports
Fan Shop,Sri Lanka,Water Sports
Fan Shop,Camboya,Water Sports
Fan Shop,Hong Kong,Water Sports
Outdoors,Hungría,Trade-In
Golf,Estonia,Women's Apparel
Outdoors,Paraguay,Electronics
Fitness,Nueva Zelanda,Lacrosse
Footwear,Mozambique,Boxing & MMA
Footwear,Kenia,Electronics
Footwear,Libia,Fitness Accessories
Fan Shop,República Democrática del Congo,Hunting & Shooting
Fan Shop,Lesoto,Camping & Hiking
Footwear,República Checa,Cardio Equipment
Footwear,España,Strength Training
Footwear,Dinamarca,Strength Training
Footwear,Bélgica,As Seen on  TV!
Apparel,Bosnia y Herzegovina,Men's Footwear
Outdoors,Suiza,Electronics
Fan Shop,Grecia,Camping & Hiking
Outdoors,Martinica,Golf Balls
Outdoors,Noruega,Accessories
Footwear,Dinamarca,Boxing & MMA
Fitness,Irlanda,Tennis & Racquet
Footwear,Níger,Cardio Equipment
Apparel,Burkina Faso,Men's Footwear
Apparel,Eritrea,Men's Footwear
Apparel,Burkina Faso,Cleats
Golf,Yibuti,Women's Apparel
Outdoors,Portugal,Accessories
Fitness,España,Basketball
Technology,Suecia,Computers
Fitness,Rumania,Baseball & Softball
Outdoors,Ecuador,Electronics
Apparel,Singapur,Baby
Outdoors,Camboya,Electronics
Discs Shop,Bután,Video Games
Health and Beauty,Afganistán,Health and Beauty
Golf,Somalia,Girls' Apparel
Fitness,Austria,Soccer
Footwear,Noruega,Boxing & MMA
Footwear,Polonia,Fitness Accessories
Footwear,Chile,As Seen on  TV!
Fan Shop,Camerún,Indoor/Outdoor Games
Fan Shop,Zimbabue,Indoor/Outdoor Games
Fan Shop,Nigeria,Indoor/Outdoor Games
Fan Shop,Turquía,Indoor/Outdoor Games
Fan Shop,Egipto,Indoor/Outdoor Games
Fan Shop,Mozambique,Indoor/Outdoor Games
Fan Shop,Irán,Indoor/Outdoor Games
Fan Shop,República Democrática del Congo,Indoor/Outdoor Games
Fan Shop,Argelia,Indoor/Outdoor Games
Fan Shop,Tanzania,Indoor/Outdoor Games
Fan Shop,SudAfrica,Indoor/Outdoor Games
Fan Shop,Rusia,Indoor/Outdoor Games
Fan Shop,Marruecos,Indoor/Outdoor Games
Fan Shop,Ucrania,Indoor/Outdoor Games
Fan Shop,Rumania,Indoor/Outdoor Games
Fan Shop,Irak,Indoor/Outdoor Games
Fan Shop,Polonia,Indoor/Outdoor Games
Fan Shop,Hungría,Indoor/Outdoor Games
Fan Shop,Canada,Indoor/Outdoor Games
Fan Shop,Angola,Indoor/Outdoor Games
Fan Shop,Bosnia y Herzegovina,Indoor/Outdoor Games
Fan Shop,Zambia,Indoor/Outdoor Games
Fan Shop,Bielorrusia,Indoor/Outdoor Games
Fan Shop,República Centroafricana,Indoor/Outdoor Games
Fan Shop,Ghana,Indoor/Outdoor Games
Fan Shop,Jordania,Indoor/Outdoor Games
Fan Shop,Madagascar,Indoor/Outdoor Games
Outdoors,Dinamarca,Golf Balls
Fan Shop,Guadalupe,Fishing
Fitness,Japón,Tennis & Racquet
Footwear,Camboya,Boxing & MMA
Apparel,Pakistán,Baby
Golf,Hong Kong,Girls' Apparel
Discs Shop,Vietnam,Music
Discs Shop,Papúa Nueva Guinea,DVDs
Apparel,Yibuti,Cleats
Golf,Madagascar,Girls' Apparel
Fitness,Bélgica,Soccer
Golf,Bosnia y Herzegovina,Women's Apparel
Outdoors,Rumania,Accessories
Outdoors,Israel,Electronics
Footwear,Camboya,Electronics
Footwear,Chile,Fitness Accessories
Footwear,Somalia,Electronics
Fan Shop,Mauritania,Camping & Hiking
Technology,Suiza,Computers
Apparel,Irlanda,Crafts
Fitness,Perú,Baseball & Softball
Fitness,Bolivia,Baseball & Softball
Apparel,Filipinas,Baby
Apparel,Hong Kong,Women's Clothing
Discs Shop,Camboya,DVDs
Footwear,España,Fitness Accessories
Fitness,Argentina,Soccer
Footwear,Singapur,Fitness Accessories
Fan Shop,Canada,Hunting & Shooting
Fitness,Togo,Lacrosse
Fitness,Haití,Baseball & Softball
Fitness,Egipto,Tennis & Racquet
Fitness,Bulgaria,Tennis & Racquet
Fitness,Finlandia,Lacrosse
Fitness,Líbano,Baseball & Softball
Fan Shop,Botsuana,Camping & Hiking
Apparel,Belice,Cleats
Discs Shop,Bangladés,CDs
Fitness,Botsuana,Baseball & Softball
Fitness,Somalia,Baseball & Softball
Footwear,Panamá,Fitness Accessories
Golf,Belice,Women's Apparel
Technology,Filipinas,Computers
Apparel,Taiwán,Men's Footwear
Apparel,Myanmar (Birmania),Baby
Apparel,Taiwán,Cleats
Fan Shop,Taiwán,Camping & Hiking
Discs Shop,Tailandia,Music
Discs Shop,Myanmar (Birmania),DVDs
Fan Shop,Taiwán,Fishing
Fitness,SudAfrica,Lacrosse
Footwear,Sierra Leona,Cardio Equipment
Golf,Mauritania,Women's Apparel
Golf,Mali,Girls' Apparel
Footwear,Bielorrusia,Boxing & MMA
Fitness,Ecuador,Baseball & Softball
Fitness,Guayana Francesa,Baseball & Softball
Outdoors,Guayana Francesa,Accessories
Fitness,Ecuador,Lacrosse
Outdoors,Chad,Accessories
Golf,Chad,Women's Apparel
Outdoors,Zambia,Accessories
Outdoors,Suecia,Accessories
Fan Shop,Moldavia,Camping & Hiking
Footwear,Guadalupe,Cardio Equipment
Golf,Guadalupe,Shop By Sport
Book Shop,Tailandia,Books
Fitness,Portugal,Lacrosse
Outdoors,Siria,Trade-In
Fitness,Mali,Lacrosse
Footwear,Montenegro,Cardio Equipment
Apparel,Dinamarca,Children's Clothing
Fan Shop,Senegal,Indoor/Outdoor Games
Fan Shop,Libia,Indoor/Outdoor Games
Fan Shop,Kenia,Indoor/Outdoor Games
Fan Shop,República Checa,Indoor/Outdoor Games
Fan Shop,Togo,Indoor/Outdoor Games
Fan Shop,Costa de Marfil,Indoor/Outdoor Games
Fan Shop,Sudán,Indoor/Outdoor Games
Fan Shop,Arabia Saudí,Indoor/Outdoor Games
Fan Shop,Liberia,Indoor/Outdoor Games
Fan Shop,Mongolia,Indoor/Outdoor Games
Fan Shop,Kazajistán,Indoor/Outdoor Games
Fan Shop,Uzbekistán,Indoor/Outdoor Games
Fan Shop,Macedonia,Indoor/Outdoor Games
Fan Shop,Armenia,Indoor/Outdoor Games
Fan Shop,Níger,Indoor/Outdoor Games
Fan Shop,Israel,Indoor/Outdoor Games
Fan Shop,República del Congo,Indoor/Outdoor Games
Fan Shop,Namibia,Indoor/Outdoor Games
Fan Shop,Georgia,Indoor/Outdoor Games
Fan Shop,Somalia,Indoor/Outdoor Games
Fan Shop,Mali,Indoor/Outdoor Games
Fan Shop,Mauritania,Indoor/Outdoor Games
Fan Shop,República de Gambia,Indoor/Outdoor Games
Fan Shop,Qatar,Indoor/Outdoor Games
Fan Shop,Moldavia,Indoor/Outdoor Games
Fan Shop,Lituania,Indoor/Outdoor Games
Fan Shop,Yemen,Indoor/Outdoor Games
Fan Shop,Túnez,Indoor/Outdoor Games
Fan Shop,Estados Unidos,Indoor/Outdoor Games
Fan Shop,Luxemburgo,Water Sports
Fan Shop,México,Indoor/Outdoor Games
Fan Shop,Guatemala,Indoor/Outdoor Games
Fan Shop,Bolivia,Indoor/Outdoor Games
Fan Shop,Argentina,Indoor/Outdoor Games
Fan Shop,Nicaragua,Indoor/Outdoor Games
Fan Shop,El Salvador,Indoor/Outdoor Games
Fan Shop,República Dominicana,Indoor/Outdoor Games
Fan Shop,Brasil,Indoor/Outdoor Games
Fan Shop,Cuba,Indoor/Outdoor Games
Fan Shop,Venezuela,Indoor/Outdoor Games
Fan Shop,Honduras,Indoor/Outdoor Games
Fan Shop,Panamá,Indoor/Outdoor Games
Fan Shop,Colombia,Indoor/Outdoor Games
Fan Shop,Barbados,Indoor/Outdoor Games
Fan Shop,Trinidad y Tobago,Indoor/Outdoor Games
Fan Shop,Guadalupe,Indoor/Outdoor Games
Fan Shop,Chile,Indoor/Outdoor Games
Fan Shop,Costa Rica,Indoor/Outdoor Games
Fan Shop,Haití,Indoor/Outdoor Games
Fan Shop,Perú,Indoor/Outdoor Games
Fan Shop,Jamaica,Indoor/Outdoor Games
Fan Shop,Ecuador,Indoor/Outdoor Games
Fan Shop,Uruguay,Indoor/Outdoor Games
Fan Shop,Martinica,Indoor/Outdoor Games
Fan Shop,Paraguay,Indoor/Outdoor Games
Fan Shop,Guayana Francesa,Indoor/Outdoor Games
Fan Shop,Argelia,Hunting & Shooting
Fitness,Togo,Tennis & Racquet
Footwear,SudAfrica,Boxing & MMA
Outdoors,Guinea-Bissau,Golf Balls
Footwear,Bosnia y Herzegovina,Cardio Equipment
Golf,Serbia,Shop By Sport
Outdoors,República Checa,Trade-In
Fitness,Tailandia,Tennis & Racquet
Fitness,Vietnam,Tennis & Racquet
Footwear,Azerbaiyán,Electronics
Footwear,Jordania,Cardio Equipment
Outdoors,Kirguistán,Electronics
Outdoors,Zimbabue,Accessories
Golf,Rumania,Girls' Apparel
Health and Beauty,Camboya,Health and Beauty
Fan Shop,Estonia,Indoor/Outdoor Games
Fan Shop,Azerbaiyán,Indoor/Outdoor Games
Fan Shop,Croacia,Indoor/Outdoor Games
Fan Shop,Bulgaria,Indoor/Outdoor Games
Fan Shop,Kirguistán,Indoor/Outdoor Games
Fan Shop,Benín,Indoor/Outdoor Games
Fan Shop,Ruanda,Indoor/Outdoor Games
Fan Shop,Turkmenistán,Indoor/Outdoor Games
Fan Shop,Lesoto,Indoor/Outdoor Games
Fan Shop,Sudán del Sur,Indoor/Outdoor Games
Fan Shop,Eslovaquia,Indoor/Outdoor Games
Fan Shop,Líbano,Indoor/Outdoor Games
Fan Shop,Albania,Indoor/Outdoor Games
Fan Shop,Sierra Leona,Indoor/Outdoor Games
Fan Shop,Guinea,Indoor/Outdoor Games
Fan Shop,Uganda,Indoor/Outdoor Games
Fan Shop,Etiopía,Indoor/Outdoor Games
Fan Shop,Gabón,Indoor/Outdoor Games
Fan Shop,Yibuti,Indoor/Outdoor Games
Fan Shop,Siria,Indoor/Outdoor Games
Fan Shop,Emiratos Árabes Unidos,Indoor/Outdoor Games
Fan Shop,Guinea-Bissau,Indoor/Outdoor Games
Fan Shop,Botsuana,Indoor/Outdoor Games
Fan Shop,Omán,Indoor/Outdoor Games
Fan Shop,Montenegro,Indoor/Outdoor Games
Fan Shop,Guyana,Indoor/Outdoor Games
Fan Shop,Surinam,Indoor/Outdoor Games
Fan Shop,Grecia,Fishing
Fan Shop,Luxemburgo,Fishing
Fan Shop,Chipre,Fishing
Outdoors,Argentina,Kids' Golf Clubs
Footwear,Colombia,Fitness Accessories
Outdoors,Zambia,Golf Balls
Footwear,Portugal,As Seen on  TV!
Fitness,Angola,Baseball & Softball
Fan Shop,Mozambique,Hunting & Shooting
Footwear,Chile,Electronics
Outdoors,Suiza,Trade-In
Apparel,Guyana,Men's Footwear
Golf,Guyana,Shop By Sport
Technology,Indonesia,Cameras
Fitness,Arabia Saudí,Baseball & Softball
Outdoors,Mauritania,Trade-In
Footwear,Georgia,Fitness Accessories
Fitness,Bangladés,Lacrosse
Outdoors,Croacia,Accessories
Outdoors,Venezuela,Kids' Golf Clubs
Footwear,Bolivia,Boxing & MMA
Footwear,Venezuela,As Seen on  TV!
Apparel,Etiopía,Men's Footwear
Golf,Camerún,Girls' Apparel
Apparel,Túnez,Cleats
Apparel,Guinea,Men's Footwear
Fitness,Suiza,Baseball & Softball
Footwear,Irlanda,Strength Training
Apparel,Irlanda,Children's Clothing
Outdoors,Finlandia,Kids' Golf Clubs
Fan Shop,Finlandia,Hunting & Shooting
Apparel,Belice,Men's Footwear
Fan Shop,Belice,Fishing
Footwear,Honduras,Strength Training
Golf,Kazajistán,Girls' Apparel
Footwear,República Checa,Electronics
Technology,Corea del Sur,Consumer Electronics
Health and Beauty,Bangladés,Health and Beauty
Outdoors,Noruega,Kids' Golf Clubs
Footwear,Emiratos Árabes Unidos,Fitness Accessories
Footwear,Zambia,Electronics
Apparel,Suiza,Children's Clothing
Discs Shop,Bélgica,CDs
Apparel,Guayana Francesa,Men's Footwear
Discs Shop,Bangladés,Music
Footwear,Sáhara Occidental,Cardio Equipment
Golf,Hong Kong,Shop By Sport
Fitness,República Democrática del Congo,Tennis & Racquet
Golf,Emiratos Árabes Unidos,Shop By Sport
Outdoors,Afganistán,Electronics
Outdoors,Georgia,Trade-In
Outdoors,Yemen,Electronics
Footwear,Moldavia,Boxing & MMA
Outdoors,Portugal,Kids' Golf Clubs
Fitness,Jamaica,Soccer
Technology,Malasia,Consumer Electronics
Fitness,Kazajistán,Lacrosse
Outdoors,Trinidad y Tobago,Electronics
Outdoors,Belice,Accessories
Outdoors,Kazajistán,Trade-In
Outdoors,Israel,Trade-In
Golf,Lesoto,Women's Apparel
Fan Shop,Uganda,Hunting & Shooting
Footwear,Hungría,Fitness Accessories
Outdoors,Bielorrusia,Trade-In
Fitness,Chile,Soccer
Fitness,Omán,Baseball & Softball
Outdoors,Uzbekistán,Accessories
Footwear,Tayikistán,Electronics
Fitness,Canada,Baseball & Softball
Footwear,Canada,Fitness Accessories
Fitness,Benín,Baseball & Softball
Footwear,Egipto,Boxing & MMA
Golf,Guinea-Bissau,Shop By Sport
Footwear,Suecia,Fitness Accessories
Golf,Finlandia,Girls' Apparel
Footwear,El Salvador,As Seen on  TV!
Fitness,Turkmenistán,Lacrosse
Footwear,Irak,Fitness Accessories
Golf,Taiwán,Shop By Sport
Outdoors,Tailandia,Trade-In
Outdoors,Bangladés,Accessories
Fan Shop,Indonesia,Indoor/Outdoor Games
Fan Shop,Australia,Indoor/Outdoor Games
Fan Shop,Nueva Zelanda,Indoor/Outdoor Games
Fan Shop,Bangladés,Indoor/Outdoor Games
Fan Shop,China,Indoor/Outdoor Games
Fan Shop,Vietnam,Indoor/Outdoor Games
Fan Shop,India,Indoor/Outdoor Games
Fan Shop,Filipinas,Indoor/Outdoor Games
Fan Shop,Taiwán,Indoor/Outdoor Games
Fan Shop,Pakistán,Indoor/Outdoor Games
Fan Shop,Singapur,Indoor/Outdoor Games
Fan Shop,Tailandia,Indoor/Outdoor Games
Fan Shop,Afganistán,Indoor/Outdoor Games
Fan Shop,Corea del Sur,Indoor/Outdoor Games
Fan Shop,Japón,Indoor/Outdoor Games
Fan Shop,Malasia,Indoor/Outdoor Games
Fan Shop,Hong Kong,Indoor/Outdoor Games
Fan Shop,Myanmar (Birmania),Indoor/Outdoor Games
Fan Shop,Camboya,Indoor/Outdoor Games
Fan Shop,Nepal,Indoor/Outdoor Games
Fan Shop,Papúa Nueva Guinea,Indoor/Outdoor Games
Fan Shop,Sri Lanka,Indoor/Outdoor Games
Fan Shop,Bután,Indoor/Outdoor Games
Footwear,Camboya,Fitness Accessories
Outdoors,Malasia,Accessories
Book Shop,Singapur,Books
Fan Shop,Qatar,Camping & Hiking
Discs Shop,Japón,CDs
Footwear,Afganistán,Boxing & MMA
Footwear,Grecia,Cardio Equipment
Footwear,Jordania,Fitness Accessories
Fitness,Argelia,Tennis & Racquet
Footwear,Liberia,Electronics
Footwear,Botsuana,Cardio Equipment
Apparel,Botsuana,Cleats
Golf,Grecia,Shop By Sport
Footwear,Perú,Fitness Accessories
Outdoors,Costa Rica,Trade-In
Fitness,Irán,Tennis & Racquet
Fan Shop,Surinam,Fishing
Golf,Jamaica,Girls' Apparel
Golf,Kirguistán,Girls' Apparel
Golf,Guayana Francesa,Women's Apparel
Outdoors,Benín,Electronics
Outdoors,Uruguay,Electronics
Footwear,España,As Seen on  TV!
Outdoors,Martinica,Accessories
Fan Shop,Hungría,Fishing
Fan Shop,Turquía,Fishing
Fan Shop,Nigeria,Fishing
Fan Shop,Marruecos,Fishing
Fan Shop,Bielorrusia,Fishing
Fan Shop,Zambia,Fishing
Fan Shop,Rumania,Fishing
Fan Shop,Georgia,Fishing
Fan Shop,Argelia,Fishing
Fan Shop,Bosnia y Herzegovina,Fishing
Fan Shop,SudAfrica,Fishing
Fan Shop,Irán,Fishing
Fan Shop,Israel,Fishing
Fan Shop,Polonia,Fishing
Fan Shop,Ucrania,Fishing
Fan Shop,Tanzania,Fishing
Fan Shop,Rusia,Fishing
Fan Shop,Canada,Fishing
Fan Shop,Irak,Fishing
Fan Shop,Ruanda,Fishing
Fan Shop,Kirguistán,Fishing
Fan Shop,Albania,Fishing
Fan Shop,Gabón,Fishing
Fan Shop,Kazajistán,Fishing
Fan Shop,Angola,Fishing
Fan Shop,Ghana,Fishing
Fan Shop,República Checa,Fishing
Fan Shop,Egipto,Fishing
Fan Shop,República Democrática del Congo,Fishing
Fan Shop,Lituania,Fishing
Fan Shop,Liberia,Fishing
Fan Shop,Costa de Marfil,Fishing
Fan Shop,Kenia,Fishing
Fan Shop,Mozambique,Fishing
Fan Shop,Arabia Saudí,Fishing
Fan Shop,Qatar,Fishing
Fan Shop,Uganda,Fishing
Fan Shop,Madagascar,Fishing
Fan Shop,Senegal,Fishing
Fan Shop,Togo,Fishing
Fan Shop,Azerbaiyán,Fishing
Fan Shop,Somalia,Fishing
Fan Shop,Turkmenistán,Fishing
Fan Shop,Macedonia,Fishing
Fan Shop,Jordania,Fishing
Fan Shop,Siria,Fishing
Fan Shop,Camerún,Fishing
Fan Shop,Mali,Fishing
Fan Shop,Uzbekistán,Fishing
Fan Shop,Libia,Fishing
Fan Shop,Guinea-Bissau,Fishing
Fan Shop,Zimbabue,Fishing
Fan Shop,Eslovaquia,Fishing
Fan Shop,Estonia,Fishing
Fan Shop,Croacia,Fishing
Fan Shop,Bulgaria,Fishing
Fan Shop,Namibia,Fishing
Fan Shop,Sierra Leona,Fishing
Fan Shop,Yibuti,Fishing
Fan Shop,Guinea,Fishing
Fan Shop,Emiratos Árabes Unidos,Fishing
Fan Shop,Chad,Fishing
Fan Shop,Benín,Fishing
Fan Shop,Etiopía,Fishing
Fan Shop,Mongolia,Fishing
Fan Shop,Sudán,Fishing
Fan Shop,Níger,Fishing
Fan Shop,Yemen,Fishing
Fan Shop,Moldavia,Fishing
Fan Shop,Mauritania,Fishing
Fan Shop,Túnez,Fishing
Fan Shop,República Centroafricana,Fishing
Fan Shop,Botsuana,Fishing
Fan Shop,Sáhara Occidental,Fishing
Fan Shop,Montenegro,Fishing
Fan Shop,Suazilandia,Fishing
Fan Shop,República de Gambia,Fishing
Fan Shop,Estados Unidos,Fishing
Golf,Argelia,Girls' Apparel
Fitness,Lituania,Lacrosse
Fitness,Dinamarca,Baseball & Softball
Apparel,Singapur,Crafts
Discs Shop,Nepal,Video Games
Fitness,Sudán,Tennis & Racquet
Apparel,Liberia,Cleats
Outdoors,Sudán,Electronics
Footwear,Noruega,As Seen on  TV!
Golf,Costa Rica,Shop By Sport
Fitness,Israel,Baseball & Softball
Apparel,Malasia,Crafts
Outdoors,Costa de Marfil,Trade-In
Footwear,Azerbaiyán,Fitness Accessories
Fan Shop,Nueva Zelanda,Fishing
Footwear,Jordania,Boxing & MMA
Outdoors,Paraguay,Accessories
Golf,Sri Lanka,Women's Apparel
Footwear,Bangladés,Fitness Accessories
Footwear,Túnez,Cardio Equipment
Golf,Estonia,Shop By Sport
Fitness,Polonia,Baseball & Softball
Outdoors,Benín,Golf Balls
Outdoors,Suiza,Accessories
Fitness,Barbados,Baseball & Softball
Fitness,Jamaica,Tennis & Racquet
Fan Shop,Haití,Hunting & Shooting
Golf,Barbados,Girls' Apparel
Footwear,Togo,Boxing & MMA
Apparel,Líbano,Cleats
Fitness,Haití,Lacrosse
Footwear,Estonia,Cardio Equipment
Golf,Estonia,Girls' Apparel
Fan Shop,Singapur,Hunting & Shooting
Fitness,Venezuela,Lacrosse
Apparel,Bélgica,Crafts
Apparel,Suiza,Baby
Footwear,Trinidad y Tobago,Electronics
Pet Shop,Vietnam,Pet Supplies
Health and Beauty,Sri Lanka,Health and Beauty
Apparel,Laos,Men's Footwear
Apparel,Baréin,Men's Footwear
Golf,Laos,Women's Apparel
Golf,Siria,Girls' Apparel
Footwear,Costa de Marfil,Fitness Accessories
Footwear,Kuwait,Electronics
Footwear,Tanzania,Fitness Accessories
Fan Shop,Irlanda,Hunting & Shooting
Fitness,Irlanda,Lacrosse
Footwear,Nueva Zelanda,Boxing & MMA
Golf,Baréin,Shop By Sport
Fan Shop,Montenegro,Camping & Hiking
Fitness,Japón,Baseball & Softball
Fan Shop,Emiratos Árabes Unidos,Camping & Hiking
Discs Shop,Pakistán,CDs
Discs Shop,Corea del Sur,CDs
Footwear,Honduras,As Seen on  TV!
Footwear,República Centroafricana,Fitness Accessories
Footwear,República Centroafricana,Boxing & MMA
Apparel,Montenegro,Cleats
Fitness,Singapur,Baseball & Softball
Outdoors,Uganda,Golf Balls
Fitness,Singapur,Tennis & Racquet
Outdoors,Corea del Sur,Trade-In
Outdoors,Uganda,Accessories
Golf,Sierra Leona,Shop By Sport
Footwear,República del Congo,Cardio Equipment
Apparel,República del Congo,Cleats
Golf,República del Congo,Shop By Sport
Fitness,Afganistán,Lacrosse
Outdoors,Guinea,Accessories
Apparel,República Centroafricana,Men's Footwear
Outdoors,Dinamarca,Trade-In
Outdoors,Dinamarca,Accessories
Footwear,Cuba,Strength Training
Apparel,Corea del Sur,Baby
Outdoors,Níger,Electronics
Golf,República Centroafricana,Women's Apparel
Footwear,República Centroafricana,Cardio Equipment
Golf,Ecuador,Girls' Apparel
Footwear,Ucrania,Boxing & MMA
Outdoors,Finlandia,Accessories
Book Shop,Noruega,Books
Footwear,Países Bajos,Fitness Accessories
Fitness,Suiza,Soccer
Golf,Guinea Ecuatorial,Shop By Sport
Fan Shop,Suiza,Hunting & Shooting
Fitness,Bulgaria,Lacrosse
Outdoors,Zimbabue,Golf Balls
Outdoors,Portugal,Trade-In
Fan Shop,Líbano,Camping & Hiking
Apparel,Bután,Men's Footwear
Fan Shop,Bután,Camping & Hiking
Footwear,Ghana,Boxing & MMA
Footwear,Níger,Fitness Accessories
Footwear,Rusia,Fitness Accessories
Golf,Dinamarca,Girls' Apparel
Footwear,Jamaica,Electronics
Footwear,Guinea,Electronics
Outdoors,Finlandia,Trade-In
Fitness,Gabón,Baseball & Softball
Golf,Líbano,Girls' Apparel
Outdoors,Suiza,Kids' Golf Clubs
Golf,Afganistán,Girls' Apparel
Apparel,Eslovenia,Men's Footwear
Fitness,Ucrania,Tennis & Racquet
Footwear,Uruguay,Electronics
Outdoors,Grecia,Kids' Golf Clubs
Outdoors,Irlanda,Kids' Golf Clubs
Discs Shop,Suecia,DVDs
Footwear,Qatar,Electronics
Book Shop,Japón,Books
Outdoors,Mali,Accessories
Outdoors,Finlandia,Golf Balls
Golf,Sri Lanka,Shop By Sport
Outdoors,Ecuador,Accessories
Footwear,Costa de Marfil,Boxing & MMA
Fan Shop,Ruanda,Hunting & Shooting
Footwear,Irlanda,As Seen on  TV!
Fitness,Noruega,Baseball & Softball
Outdoors,Jamaica,Trade-In
Fan Shop,Eslovenia,Camping & Hiking
Outdoors,Emiratos Árabes Unidos,Electronics
Fitness,Mozambique,Baseball & Softball
Fan Shop,Burkina Faso,Indoor/Outdoor Games
